{
"type": "FeatureCollection",
"name": "sampled_points",
"crs": { "type": "name", "properties": { "name": "urn:ogc:def:crs:OGC:1.3:CRS84" } },
"features": [
{ "type": "Feature", "properties": { "lon": 77.516115750000012, "lat": 12.93816525, "highway": "residential", "point_id": 0 }, "geometry": { "type": "Point", "coordinates": [ 77.516115750000012, 12.93816525 ] } },
{ "type": "Feature", "properties": { "lon": 77.5938573, "lat": 12.99456305, "highway": "tertiary", "point_id": 1 }, "geometry": { "type": "Point", "coordinates": [ 77.5938573, 12.99456305 ] } },
{ "type": "Feature", "properties": { "lon": 77.5585755, "lat": 12.8244463, "highway": "residential", "point_id": 2 }, "geometry": { "type": "Point", "coordinates": [ 77.558575499999989, 12.8244463 ] } },
{ "type": "Feature", "properties": { "lon": 77.64050425, "lat": 13.12471825, "highway": "residential", "point_id": 3 }, "geometry": { "type": "Point", "coordinates": [ 77.64050425, 13.12471825 ] } },
{ "type": "Feature", "properties": { "lon": 77.60646915000001, "lat": 13.07958965, "highway": "residential", "point_id": 4 }, "geometry": { "type": "Point", "coordinates": [ 77.60646915, 13.07958965 ] } },
{ "type": "Feature", "properties": { "lon": 77.5082753, "lat": 13.1859996, "highway": "residential", "point_id": 5 }, "geometry": { "type": "Point", "coordinates": [ 77.5082753, 13.1859996 ] } },
{ "type": "Feature", "properties": { "lon": 77.60992995000001, "lat": 12.8900891, "highway": "residential", "point_id": 6 }, "geometry": { "type": "Point", "coordinates": [ 77.60992995, 12.8900891 ] } },
{ "type": "Feature", "properties": { "lon": 77.7316138, "lat": 13.05346955, "highway": "residential", "point_id": 7 }, "geometry": { "type": "Point", "coordinates": [ 77.7316138, 13.05346955 ] } },
{ "type": "Feature", "properties": { "lon": 77.47059965, "lat": 12.95241495, "highway": "residential", "point_id": 8 }, "geometry": { "type": "Point", "coordinates": [ 77.47059965, 12.95241495 ] } },
{ "type": "Feature", "properties": { "lon": 77.5190498, "lat": 12.90660665, "highway": "residential", "point_id": 9 }, "geometry": { "type": "Point", "coordinates": [ 77.5190498, 12.90660665 ] } },
{ "type": "Feature", "properties": { "lon": 77.67402055, "lat": 13.03574475, "highway": "residential", "point_id": 10 }, "geometry": { "type": "Point", "coordinates": [ 77.67402055, 13.03574475 ] } },
{ "type": "Feature", "properties": { "lon": 77.5601734, "lat": 13.03495765, "highway": "residential", "point_id": 11 }, "geometry": { "type": "Point", "coordinates": [ 77.5601734, 13.03495765 ] } },
{ "type": "Feature", "properties": { "lon": 77.69648945, "lat": 12.96916155, "highway": "residential", "point_id": 12 }, "geometry": { "type": "Point", "coordinates": [ 77.69648945, 12.96916155 ] } },
{ "type": "Feature", "properties": { "lon": 77.60774055, "lat": 12.90573995, "highway": "residential", "point_id": 13 }, "geometry": { "type": "Point", "coordinates": [ 77.60774055, 12.90573995 ] } },
{ "type": "Feature", "properties": { "lon": 77.69480315, "lat": 13.00691135, "highway": "residential", "point_id": 14 }, "geometry": { "type": "Point", "coordinates": [ 77.69480315, 13.00691135 ] } },
{ "type": "Feature", "properties": { "lon": 77.46709515000001, "lat": 13.0771957, "highway": "residential", "point_id": 15 }, "geometry": { "type": "Point", "coordinates": [ 77.46709515, 13.0771957 ] } },
{ "type": "Feature", "properties": { "lon": 77.6227458, "lat": 12.9990272, "highway": "residential", "point_id": 16 }, "geometry": { "type": "Point", "coordinates": [ 77.6227458, 12.9990272 ] } },
{ "type": "Feature", "properties": { "lon": 77.67503375, "lat": 13.0290021, "highway": "tertiary", "point_id": 17 }, "geometry": { "type": "Point", "coordinates": [ 77.67503375, 13.0290021 ] } },
{ "type": "Feature", "properties": { "lon": 77.5295761, "lat": 13.17816585, "highway": "residential", "point_id": 18 }, "geometry": { "type": "Point", "coordinates": [ 77.5295761, 13.17816585 ] } },
{ "type": "Feature", "properties": { "lon": 77.5414501, "lat": 12.87835105, "highway": "residential", "point_id": 19 }, "geometry": { "type": "Point", "coordinates": [ 77.5414501, 12.87835105 ] } },
{ "type": "Feature", "properties": { "lon": 77.580962050000011, "lat": 13.09429675, "highway": "secondary", "point_id": 20 }, "geometry": { "type": "Point", "coordinates": [ 77.580962050000011, 13.09429675 ] } },
{ "type": "Feature", "properties": { "lon": 77.48732335, "lat": 13.06587995, "highway": "residential", "point_id": 21 }, "geometry": { "type": "Point", "coordinates": [ 77.48732335, 13.06587995 ] } },
{ "type": "Feature", "properties": { "lon": 77.74299015, "lat": 12.76110655, "highway": "residential", "point_id": 22 }, "geometry": { "type": "Point", "coordinates": [ 77.74299015, 12.76110655 ] } },
{ "type": "Feature", "properties": { "lon": 77.61636915, "lat": 12.969702, "highway": "secondary", "point_id": 23 }, "geometry": { "type": "Point", "coordinates": [ 77.61636915, 12.969702 ] } },
{ "type": "Feature", "properties": { "lon": 77.567392649999988, "lat": 13.18624075, "highway": "tertiary", "point_id": 24 }, "geometry": { "type": "Point", "coordinates": [ 77.567392649999988, 13.18624075 ] } },
{ "type": "Feature", "properties": { "lon": 77.5537511, "lat": 13.082051, "highway": "residential", "point_id": 25 }, "geometry": { "type": "Point", "coordinates": [ 77.5537511, 13.082051 ] } },
{ "type": "Feature", "properties": { "lon": 77.4810877, "lat": 12.94801345, "highway": "residential", "point_id": 26 }, "geometry": { "type": "Point", "coordinates": [ 77.481087699999989, 12.94801345 ] } },
{ "type": "Feature", "properties": { "lon": 77.4912827, "lat": 12.77483625, "highway": "residential", "point_id": 27 }, "geometry": { "type": "Point", "coordinates": [ 77.4912827, 12.77483625 ] } },
{ "type": "Feature", "properties": { "lon": 77.55055015, "lat": 12.8561899, "highway": "residential", "point_id": 28 }, "geometry": { "type": "Point", "coordinates": [ 77.55055015, 12.8561899 ] } },
{ "type": "Feature", "properties": { "lon": 77.5462659, "lat": 13.00131705, "highway": "residential", "point_id": 29 }, "geometry": { "type": "Point", "coordinates": [ 77.5462659, 13.00131705 ] } },
{ "type": "Feature", "properties": { "lon": 77.65487075, "lat": 13.09324645, "highway": "residential", "point_id": 30 }, "geometry": { "type": "Point", "coordinates": [ 77.65487075, 13.09324645 ] } },
{ "type": "Feature", "properties": { "lon": 77.47118655, "lat": 13.0985935, "highway": "tertiary", "point_id": 31 }, "geometry": { "type": "Point", "coordinates": [ 77.47118655, 13.0985935 ] } },
{ "type": "Feature", "properties": { "lon": 77.48941745, "lat": 12.927496, "highway": "residential", "point_id": 32 }, "geometry": { "type": "Point", "coordinates": [ 77.48941745, 12.927496 ] } },
{ "type": "Feature", "properties": { "lon": 77.66945705000001, "lat": 13.00300725, "highway": "residential", "point_id": 33 }, "geometry": { "type": "Point", "coordinates": [ 77.66945705, 13.00300725 ] } },
{ "type": "Feature", "properties": { "lon": 77.61797685000001, "lat": 12.7267406, "highway": "secondary", "point_id": 34 }, "geometry": { "type": "Point", "coordinates": [ 77.61797685, 12.7267406 ] } },
{ "type": "Feature", "properties": { "lon": 77.6495366, "lat": 13.0376615, "highway": "residential", "point_id": 35 }, "geometry": { "type": "Point", "coordinates": [ 77.6495366, 13.0376615 ] } },
{ "type": "Feature", "properties": { "lon": 77.5152733, "lat": 12.79449415, "highway": "residential", "point_id": 36 }, "geometry": { "type": "Point", "coordinates": [ 77.5152733, 12.79449415 ] } },
{ "type": "Feature", "properties": { "lon": 77.7339795, "lat": 12.9327077, "highway": "residential", "point_id": 37 }, "geometry": { "type": "Point", "coordinates": [ 77.7339795, 12.9327077 ] } },
{ "type": "Feature", "properties": { "lon": 77.61907515, "lat": 12.95672095, "highway": "tertiary", "point_id": 38 }, "geometry": { "type": "Point", "coordinates": [ 77.61907515, 12.95672095 ] } },
{ "type": "Feature", "properties": { "lon": 77.692284, "lat": 12.7743362, "highway": "residential", "point_id": 39 }, "geometry": { "type": "Point", "coordinates": [ 77.692284, 12.7743362 ] } },
{ "type": "Feature", "properties": { "lon": 77.51920355, "lat": 13.1881798, "highway": "tertiary", "point_id": 40 }, "geometry": { "type": "Point", "coordinates": [ 77.51920355, 13.1881798 ] } },
{ "type": "Feature", "properties": { "lon": 77.6928385, "lat": 12.7088484, "highway": "tertiary", "point_id": 41 }, "geometry": { "type": "Point", "coordinates": [ 77.6928385, 12.7088484 ] } },
{ "type": "Feature", "properties": { "lon": 77.54549685000001, "lat": 13.04196445, "highway": "residential", "point_id": 42 }, "geometry": { "type": "Point", "coordinates": [ 77.54549685, 13.04196445 ] } },
{ "type": "Feature", "properties": { "lon": 77.51888, "lat": 13.00889285, "highway": "residential", "point_id": 43 }, "geometry": { "type": "Point", "coordinates": [ 77.51888, 13.00889285 ] } },
{ "type": "Feature", "properties": { "lon": 77.66807225, "lat": 13.0196857, "highway": "residential", "point_id": 44 }, "geometry": { "type": "Point", "coordinates": [ 77.66807225, 13.0196857 ] } },
{ "type": "Feature", "properties": { "lon": 77.76290285, "lat": 12.7782691, "highway": "residential", "point_id": 45 }, "geometry": { "type": "Point", "coordinates": [ 77.76290285, 12.7782691 ] } },
{ "type": "Feature", "properties": { "lon": 77.47746005, "lat": 12.9210319, "highway": "residential", "point_id": 46 }, "geometry": { "type": "Point", "coordinates": [ 77.47746005, 12.9210319 ] } },
{ "type": "Feature", "properties": { "lon": 77.6216436, "lat": 12.9067364, "highway": "residential", "point_id": 47 }, "geometry": { "type": "Point", "coordinates": [ 77.6216436, 12.9067364 ] } },
{ "type": "Feature", "properties": { "lon": 77.5116432, "lat": 12.97050955, "highway": "residential", "point_id": 48 }, "geometry": { "type": "Point", "coordinates": [ 77.5116432, 12.97050955 ] } },
{ "type": "Feature", "properties": { "lon": 77.71494245, "lat": 12.6798842, "highway": "tertiary", "point_id": 49 }, "geometry": { "type": "Point", "coordinates": [ 77.71494245, 12.6798842 ] } },
{ "type": "Feature", "properties": { "lon": 77.70184715, "lat": 13.12971235, "highway": "residential", "point_id": 50 }, "geometry": { "type": "Point", "coordinates": [ 77.70184715, 13.12971235 ] } },
{ "type": "Feature", "properties": { "lon": 77.4338876, "lat": 13.0443817, "highway": "residential", "point_id": 51 }, "geometry": { "type": "Point", "coordinates": [ 77.4338876, 13.0443817 ] } },
{ "type": "Feature", "properties": { "lon": 77.70870335000001, "lat": 13.0151386, "highway": "residential", "point_id": 52 }, "geometry": { "type": "Point", "coordinates": [ 77.70870335, 13.0151386 ] } },
{ "type": "Feature", "properties": { "lon": 77.70160685, "lat": 13.00510415, "highway": "residential", "point_id": 53 }, "geometry": { "type": "Point", "coordinates": [ 77.70160685, 13.00510415 ] } },
{ "type": "Feature", "properties": { "lon": 77.6033805, "lat": 12.9657038, "highway": "primary", "point_id": 54 }, "geometry": { "type": "Point", "coordinates": [ 77.6033805, 12.9657038 ] } },
{ "type": "Feature", "properties": { "lon": 77.64812405000001, "lat": 13.0070207, "highway": "tertiary", "point_id": 55 }, "geometry": { "type": "Point", "coordinates": [ 77.64812405, 13.0070207 ] } },
{ "type": "Feature", "properties": { "lon": 77.72822785, "lat": 12.86263945, "highway": "residential", "point_id": 56 }, "geometry": { "type": "Point", "coordinates": [ 77.72822785, 12.86263945 ] } },
{ "type": "Feature", "properties": { "lon": 77.685149849999988, "lat": 12.7716047, "highway": "residential", "point_id": 57 }, "geometry": { "type": "Point", "coordinates": [ 77.685149849999988, 12.7716047 ] } },
{ "type": "Feature", "properties": { "lon": 77.6321198, "lat": 12.8416091, "highway": "secondary", "point_id": 58 }, "geometry": { "type": "Point", "coordinates": [ 77.6321198, 12.8416091 ] } },
{ "type": "Feature", "properties": { "lon": 77.5096686, "lat": 12.76756415, "highway": "residential", "point_id": 59 }, "geometry": { "type": "Point", "coordinates": [ 77.5096686, 12.76756415 ] } },
{ "type": "Feature", "properties": { "lon": 77.45327005, "lat": 12.89718055, "highway": "residential", "point_id": 60 }, "geometry": { "type": "Point", "coordinates": [ 77.45327005, 12.89718055 ] } },
{ "type": "Feature", "properties": { "lon": 77.63198525, "lat": 12.88190675, "highway": "residential", "point_id": 61 }, "geometry": { "type": "Point", "coordinates": [ 77.63198525, 12.88190675 ] } },
{ "type": "Feature", "properties": { "lon": 77.4631938, "lat": 12.9943835, "highway": "residential", "point_id": 62 }, "geometry": { "type": "Point", "coordinates": [ 77.4631938, 12.9943835 ] } },
{ "type": "Feature", "properties": { "lon": 77.47833115, "lat": 12.85932675, "highway": "residential", "point_id": 63 }, "geometry": { "type": "Point", "coordinates": [ 77.47833115, 12.85932675 ] } },
{ "type": "Feature", "properties": { "lon": 77.52363105000001, "lat": 12.9761807, "highway": "residential", "point_id": 64 }, "geometry": { "type": "Point", "coordinates": [ 77.52363105, 12.9761807 ] } },
{ "type": "Feature", "properties": { "lon": 77.55171395, "lat": 12.9372945, "highway": "residential", "point_id": 65 }, "geometry": { "type": "Point", "coordinates": [ 77.55171395, 12.9372945 ] } },
{ "type": "Feature", "properties": { "lon": 77.4707459, "lat": 12.99187215, "highway": "residential", "point_id": 66 }, "geometry": { "type": "Point", "coordinates": [ 77.4707459, 12.99187215 ] } },
{ "type": "Feature", "properties": { "lon": 77.6978863, "lat": 13.00463745, "highway": "residential", "point_id": 67 }, "geometry": { "type": "Point", "coordinates": [ 77.6978863, 13.00463745 ] } },
{ "type": "Feature", "properties": { "lon": 77.4124919, "lat": 12.8916992, "highway": "residential", "point_id": 68 }, "geometry": { "type": "Point", "coordinates": [ 77.4124919, 12.8916992 ] } },
{ "type": "Feature", "properties": { "lon": 77.71377805, "lat": 12.76350955, "highway": "secondary", "point_id": 69 }, "geometry": { "type": "Point", "coordinates": [ 77.71377805, 12.76350955 ] } },
{ "type": "Feature", "properties": { "lon": 77.598478050000011, "lat": 13.02686535, "highway": "residential", "point_id": 70 }, "geometry": { "type": "Point", "coordinates": [ 77.598478050000011, 13.02686535 ] } },
{ "type": "Feature", "properties": { "lon": 77.6797102, "lat": 13.07222075, "highway": "residential", "point_id": 71 }, "geometry": { "type": "Point", "coordinates": [ 77.6797102, 13.07222075 ] } },
{ "type": "Feature", "properties": { "lon": 77.59743175, "lat": 12.84635165, "highway": "residential", "point_id": 72 }, "geometry": { "type": "Point", "coordinates": [ 77.59743175, 12.84635165 ] } },
{ "type": "Feature", "properties": { "lon": 77.57169675, "lat": 13.10282215, "highway": "residential", "point_id": 73 }, "geometry": { "type": "Point", "coordinates": [ 77.57169675, 13.10282215 ] } },
{ "type": "Feature", "properties": { "lon": 77.62299615000001, "lat": 13.06538135, "highway": "residential", "point_id": 74 }, "geometry": { "type": "Point", "coordinates": [ 77.62299615, 13.06538135 ] } },
{ "type": "Feature", "properties": { "lon": 77.63492005000001, "lat": 12.90461965, "highway": "residential", "point_id": 75 }, "geometry": { "type": "Point", "coordinates": [ 77.63492005, 12.90461965 ] } },
{ "type": "Feature", "properties": { "lon": 77.667801, "lat": 12.8246336, "highway": "residential", "point_id": 76 }, "geometry": { "type": "Point", "coordinates": [ 77.667801, 12.8246336 ] } },
{ "type": "Feature", "properties": { "lon": 77.625197, "lat": 13.09849895, "highway": "residential", "point_id": 77 }, "geometry": { "type": "Point", "coordinates": [ 77.625197, 13.09849895 ] } },
{ "type": "Feature", "properties": { "lon": 77.56338405, "lat": 12.83062645, "highway": "residential", "point_id": 78 }, "geometry": { "type": "Point", "coordinates": [ 77.56338405, 12.83062645 ] } },
{ "type": "Feature", "properties": { "lon": 77.5493119, "lat": 13.04325275, "highway": "residential", "point_id": 79 }, "geometry": { "type": "Point", "coordinates": [ 77.5493119, 13.04325275 ] } },
{ "type": "Feature", "properties": { "lon": 77.63162015, "lat": 12.84301955, "highway": "residential", "point_id": 80 }, "geometry": { "type": "Point", "coordinates": [ 77.63162015, 12.84301955 ] } },
{ "type": "Feature", "properties": { "lon": 77.5574561, "lat": 12.9702708, "highway": "residential", "point_id": 81 }, "geometry": { "type": "Point", "coordinates": [ 77.5574561, 12.9702708 ] } },
{ "type": "Feature", "properties": { "lon": 77.46471625000001, "lat": 13.0112164, "highway": "tertiary", "point_id": 82 }, "geometry": { "type": "Point", "coordinates": [ 77.46471625, 13.0112164 ] } },
{ "type": "Feature", "properties": { "lon": 77.38306795, "lat": 12.93179495, "highway": "residential", "point_id": 83 }, "geometry": { "type": "Point", "coordinates": [ 77.38306795, 12.93179495 ] } },
{ "type": "Feature", "properties": { "lon": 77.6668955, "lat": 12.96972995, "highway": "residential", "point_id": 84 }, "geometry": { "type": "Point", "coordinates": [ 77.66689550000001, 12.96972995 ] } },
{ "type": "Feature", "properties": { "lon": 77.4511495, "lat": 12.8567697, "highway": "residential", "point_id": 85 }, "geometry": { "type": "Point", "coordinates": [ 77.4511495, 12.8567697 ] } },
{ "type": "Feature", "properties": { "lon": 77.61380285, "lat": 12.77453105, "highway": "residential", "point_id": 86 }, "geometry": { "type": "Point", "coordinates": [ 77.61380285, 12.77453105 ] } },
{ "type": "Feature", "properties": { "lon": 77.7461404, "lat": 12.8140608, "highway": "residential", "point_id": 87 }, "geometry": { "type": "Point", "coordinates": [ 77.7461404, 12.8140608 ] } },
{ "type": "Feature", "properties": { "lon": 77.53204305, "lat": 13.08006825, "highway": "residential", "point_id": 88 }, "geometry": { "type": "Point", "coordinates": [ 77.53204305, 13.08006825 ] } },
{ "type": "Feature", "properties": { "lon": 77.6936579, "lat": 13.0093358, "highway": "residential", "point_id": 89 }, "geometry": { "type": "Point", "coordinates": [ 77.6936579, 13.0093358 ] } },
{ "type": "Feature", "properties": { "lon": 77.5407841, "lat": 13.18602665, "highway": "residential", "point_id": 90 }, "geometry": { "type": "Point", "coordinates": [ 77.5407841, 13.18602665 ] } },
{ "type": "Feature", "properties": { "lon": 77.48248125000001, "lat": 12.9920738, "highway": "residential", "point_id": 91 }, "geometry": { "type": "Point", "coordinates": [ 77.48248125, 12.9920738 ] } },
{ "type": "Feature", "properties": { "lon": 77.3777265, "lat": 12.9153975, "highway": "residential", "point_id": 92 }, "geometry": { "type": "Point", "coordinates": [ 77.3777265, 12.9153975 ] } },
{ "type": "Feature", "properties": { "lon": 77.62669045, "lat": 13.0462711, "highway": "residential", "point_id": 93 }, "geometry": { "type": "Point", "coordinates": [ 77.62669045, 13.0462711 ] } },
{ "type": "Feature", "properties": { "lon": 77.6706886, "lat": 12.87625465, "highway": "residential", "point_id": 94 }, "geometry": { "type": "Point", "coordinates": [ 77.6706886, 12.87625465 ] } },
{ "type": "Feature", "properties": { "lon": 77.67238525, "lat": 13.0174219, "highway": "residential", "point_id": 95 }, "geometry": { "type": "Point", "coordinates": [ 77.67238525, 13.0174219 ] } },
{ "type": "Feature", "properties": { "lon": 77.4735245, "lat": 12.9184344, "highway": "residential", "point_id": 96 }, "geometry": { "type": "Point", "coordinates": [ 77.4735245, 12.9184344 ] } },
{ "type": "Feature", "properties": { "lon": 77.59282955, "lat": 13.10626195, "highway": "residential", "point_id": 97 }, "geometry": { "type": "Point", "coordinates": [ 77.59282955, 13.10626195 ] } },
{ "type": "Feature", "properties": { "lon": 77.53553365, "lat": 13.1301919, "highway": "residential", "point_id": 98 }, "geometry": { "type": "Point", "coordinates": [ 77.53553365, 13.1301919 ] } },
{ "type": "Feature", "properties": { "lon": 77.5426236, "lat": 13.17437065, "highway": "unclassified", "point_id": 99 }, "geometry": { "type": "Point", "coordinates": [ 77.5426236, 13.17437065 ] } },
{ "type": "Feature", "properties": { "lon": 77.7280005, "lat": 13.07013905, "highway": "residential", "point_id": 100 }, "geometry": { "type": "Point", "coordinates": [ 77.7280005, 13.07013905 ] } },
{ "type": "Feature", "properties": { "lon": 77.49635625000001, "lat": 12.9433894, "highway": "residential", "point_id": 101 }, "geometry": { "type": "Point", "coordinates": [ 77.49635625, 12.9433894 ] } },
{ "type": "Feature", "properties": { "lon": 77.5710594, "lat": 12.8996739, "highway": "residential", "point_id": 102 }, "geometry": { "type": "Point", "coordinates": [ 77.5710594, 12.8996739 ] } },
{ "type": "Feature", "properties": { "lon": 77.5543132, "lat": 12.94757845, "highway": "residential", "point_id": 103 }, "geometry": { "type": "Point", "coordinates": [ 77.5543132, 12.94757845 ] } },
{ "type": "Feature", "properties": { "lon": 77.51312475, "lat": 12.8688636, "highway": "residential", "point_id": 104 }, "geometry": { "type": "Point", "coordinates": [ 77.51312475, 12.8688636 ] } },
{ "type": "Feature", "properties": { "lon": 77.55844485, "lat": 12.90390565, "highway": "residential", "point_id": 105 }, "geometry": { "type": "Point", "coordinates": [ 77.55844485, 12.90390565 ] } },
{ "type": "Feature", "properties": { "lon": 77.5526928, "lat": 12.89202615, "highway": "tertiary", "point_id": 106 }, "geometry": { "type": "Point", "coordinates": [ 77.552692799999988, 12.89202615 ] } },
{ "type": "Feature", "properties": { "lon": 77.53096765000001, "lat": 12.96363035, "highway": "residential", "point_id": 107 }, "geometry": { "type": "Point", "coordinates": [ 77.53096765, 12.96363035 ] } },
{ "type": "Feature", "properties": { "lon": 77.4462771, "lat": 13.00623255, "highway": "residential", "point_id": 108 }, "geometry": { "type": "Point", "coordinates": [ 77.4462771, 13.00623255 ] } },
{ "type": "Feature", "properties": { "lon": 77.53037445, "lat": 12.955453, "highway": "residential", "point_id": 109 }, "geometry": { "type": "Point", "coordinates": [ 77.53037445, 12.955453 ] } },
{ "type": "Feature", "properties": { "lon": 77.45620345, "lat": 13.075003, "highway": "residential", "point_id": 110 }, "geometry": { "type": "Point", "coordinates": [ 77.45620345, 13.075003 ] } },
{ "type": "Feature", "properties": { "lon": 77.41334625, "lat": 13.01964185, "highway": "residential", "point_id": 111 }, "geometry": { "type": "Point", "coordinates": [ 77.41334625, 13.01964185 ] } },
{ "type": "Feature", "properties": { "lon": 77.6253263, "lat": 12.9096321, "highway": "residential", "point_id": 112 }, "geometry": { "type": "Point", "coordinates": [ 77.6253263, 12.9096321 ] } },
{ "type": "Feature", "properties": { "lon": 77.67433125, "lat": 13.1397117, "highway": "residential", "point_id": 113 }, "geometry": { "type": "Point", "coordinates": [ 77.67433125, 13.1397117 ] } },
{ "type": "Feature", "properties": { "lon": 77.62811235000001, "lat": 13.04892905, "highway": "residential", "point_id": 114 }, "geometry": { "type": "Point", "coordinates": [ 77.62811235, 13.04892905 ] } },
{ "type": "Feature", "properties": { "lon": 77.571065, "lat": 12.9505411, "highway": "residential", "point_id": 115 }, "geometry": { "type": "Point", "coordinates": [ 77.571065, 12.9505411 ] } },
{ "type": "Feature", "properties": { "lon": 77.55376895000001, "lat": 13.00458325, "highway": "secondary", "point_id": 116 }, "geometry": { "type": "Point", "coordinates": [ 77.55376895, 13.00458325 ] } },
{ "type": "Feature", "properties": { "lon": 77.7040572, "lat": 13.14468625, "highway": "tertiary", "point_id": 117 }, "geometry": { "type": "Point", "coordinates": [ 77.7040572, 13.14468625 ] } },
{ "type": "Feature", "properties": { "lon": 77.480447950000013, "lat": 12.94465855, "highway": "residential", "point_id": 118 }, "geometry": { "type": "Point", "coordinates": [ 77.480447950000013, 12.94465855 ] } },
{ "type": "Feature", "properties": { "lon": 77.5233108, "lat": 12.9656718, "highway": "secondary", "point_id": 119 }, "geometry": { "type": "Point", "coordinates": [ 77.5233108, 12.9656718 ] } },
{ "type": "Feature", "properties": { "lon": 77.52272105, "lat": 12.8997975, "highway": "residential", "point_id": 120 }, "geometry": { "type": "Point", "coordinates": [ 77.52272105, 12.8997975 ] } },
{ "type": "Feature", "properties": { "lon": 77.47362145, "lat": 13.0266415, "highway": "residential", "point_id": 121 }, "geometry": { "type": "Point", "coordinates": [ 77.47362145, 13.0266415 ] } },
{ "type": "Feature", "properties": { "lon": 77.3773343, "lat": 12.8964669, "highway": "residential", "point_id": 122 }, "geometry": { "type": "Point", "coordinates": [ 77.3773343, 12.8964669 ] } },
{ "type": "Feature", "properties": { "lon": 77.6216792, "lat": 12.9348421, "highway": "residential", "point_id": 123 }, "geometry": { "type": "Point", "coordinates": [ 77.6216792, 12.9348421 ] } },
{ "type": "Feature", "properties": { "lon": 77.6408145, "lat": 12.9092463, "highway": "tertiary", "point_id": 124 }, "geometry": { "type": "Point", "coordinates": [ 77.6408145, 12.9092463 ] } },
{ "type": "Feature", "properties": { "lon": 77.6868689, "lat": 13.08667565, "highway": "residential", "point_id": 125 }, "geometry": { "type": "Point", "coordinates": [ 77.6868689, 13.08667565 ] } },
{ "type": "Feature", "properties": { "lon": 77.5725723, "lat": 12.88076465, "highway": "residential", "point_id": 126 }, "geometry": { "type": "Point", "coordinates": [ 77.5725723, 12.88076465 ] } },
{ "type": "Feature", "properties": { "lon": 77.73910865, "lat": 12.89082495, "highway": "tertiary", "point_id": 127 }, "geometry": { "type": "Point", "coordinates": [ 77.73910865, 12.89082495 ] } },
{ "type": "Feature", "properties": { "lon": 77.5929376, "lat": 13.10927155, "highway": "residential", "point_id": 128 }, "geometry": { "type": "Point", "coordinates": [ 77.5929376, 13.10927155 ] } },
{ "type": "Feature", "properties": { "lon": 77.53760005000001, "lat": 12.8944624, "highway": "residential", "point_id": 129 }, "geometry": { "type": "Point", "coordinates": [ 77.53760005, 12.8944624 ] } },
{ "type": "Feature", "properties": { "lon": 77.5096607, "lat": 12.89653355, "highway": "residential", "point_id": 130 }, "geometry": { "type": "Point", "coordinates": [ 77.5096607, 12.89653355 ] } },
{ "type": "Feature", "properties": { "lon": 77.59468, "lat": 13.1069102, "highway": "residential", "point_id": 131 }, "geometry": { "type": "Point", "coordinates": [ 77.59468, 13.1069102 ] } },
{ "type": "Feature", "properties": { "lon": 77.68235485, "lat": 13.03630325, "highway": "residential", "point_id": 132 }, "geometry": { "type": "Point", "coordinates": [ 77.68235485, 13.03630325 ] } },
{ "type": "Feature", "properties": { "lon": 77.51478035, "lat": 12.86883535, "highway": "tertiary", "point_id": 133 }, "geometry": { "type": "Point", "coordinates": [ 77.51478035, 12.86883535 ] } },
{ "type": "Feature", "properties": { "lon": 77.6369208, "lat": 13.0026478, "highway": "residential", "point_id": 134 }, "geometry": { "type": "Point", "coordinates": [ 77.6369208, 13.0026478 ] } },
{ "type": "Feature", "properties": { "lon": 77.5842847, "lat": 13.13015765, "highway": "residential", "point_id": 135 }, "geometry": { "type": "Point", "coordinates": [ 77.5842847, 13.13015765 ] } },
{ "type": "Feature", "properties": { "lon": 77.3673631, "lat": 12.94058945, "highway": "residential", "point_id": 136 }, "geometry": { "type": "Point", "coordinates": [ 77.3673631, 12.94058945 ] } },
{ "type": "Feature", "properties": { "lon": 77.4225872, "lat": 13.0072733, "highway": "residential", "point_id": 137 }, "geometry": { "type": "Point", "coordinates": [ 77.4225872, 13.0072733 ] } },
{ "type": "Feature", "properties": { "lon": 77.60577395, "lat": 12.96262645, "highway": "residential", "point_id": 138 }, "geometry": { "type": "Point", "coordinates": [ 77.60577395, 12.96262645 ] } },
{ "type": "Feature", "properties": { "lon": 77.4409995, "lat": 12.8384285, "highway": "residential", "point_id": 139 }, "geometry": { "type": "Point", "coordinates": [ 77.4409995, 12.8384285 ] } },
{ "type": "Feature", "properties": { "lon": 77.4490155, "lat": 12.99805425, "highway": "residential", "point_id": 140 }, "geometry": { "type": "Point", "coordinates": [ 77.4490155, 12.99805425 ] } },
{ "type": "Feature", "properties": { "lon": 77.60778, "lat": 12.96854115, "highway": "residential", "point_id": 141 }, "geometry": { "type": "Point", "coordinates": [ 77.60778, 12.96854115 ] } },
{ "type": "Feature", "properties": { "lon": 77.52811355, "lat": 12.95050905, "highway": "residential", "point_id": 142 }, "geometry": { "type": "Point", "coordinates": [ 77.52811355, 12.95050905 ] } },
{ "type": "Feature", "properties": { "lon": 77.6947479, "lat": 12.9729692, "highway": "residential", "point_id": 143 }, "geometry": { "type": "Point", "coordinates": [ 77.69474790000001, 12.9729692 ] } },
{ "type": "Feature", "properties": { "lon": 77.71054455, "lat": 12.94818435, "highway": "residential", "point_id": 144 }, "geometry": { "type": "Point", "coordinates": [ 77.71054455, 12.94818435 ] } },
{ "type": "Feature", "properties": { "lon": 77.62335715, "lat": 13.06199925, "highway": "residential", "point_id": 145 }, "geometry": { "type": "Point", "coordinates": [ 77.62335715, 13.06199925 ] } },
{ "type": "Feature", "properties": { "lon": 77.61825005, "lat": 12.9790761, "highway": "residential", "point_id": 146 }, "geometry": { "type": "Point", "coordinates": [ 77.61825005, 12.9790761 ] } },
{ "type": "Feature", "properties": { "lon": 77.66534835, "lat": 12.9717886, "highway": "residential", "point_id": 147 }, "geometry": { "type": "Point", "coordinates": [ 77.66534835, 12.9717886 ] } },
{ "type": "Feature", "properties": { "lon": 77.56191955, "lat": 12.96778315, "highway": "residential", "point_id": 148 }, "geometry": { "type": "Point", "coordinates": [ 77.56191955, 12.96778315 ] } },
{ "type": "Feature", "properties": { "lon": 77.49244865, "lat": 12.97124465, "highway": "tertiary", "point_id": 149 }, "geometry": { "type": "Point", "coordinates": [ 77.49244865, 12.97124465 ] } },
{ "type": "Feature", "properties": { "lon": 77.4650776, "lat": 13.0204767, "highway": "residential", "point_id": 150 }, "geometry": { "type": "Point", "coordinates": [ 77.4650776, 13.0204767 ] } },
{ "type": "Feature", "properties": { "lon": 77.51861845, "lat": 12.95710205, "highway": "secondary", "point_id": 151 }, "geometry": { "type": "Point", "coordinates": [ 77.51861845, 12.95710205 ] } },
{ "type": "Feature", "properties": { "lon": 77.5006367, "lat": 13.12187505, "highway": "residential", "point_id": 152 }, "geometry": { "type": "Point", "coordinates": [ 77.5006367, 13.12187505 ] } },
{ "type": "Feature", "properties": { "lon": 77.6878747, "lat": 12.73106265, "highway": "tertiary", "point_id": 153 }, "geometry": { "type": "Point", "coordinates": [ 77.6878747, 12.73106265 ] } },
{ "type": "Feature", "properties": { "lon": 77.70663205, "lat": 12.7433996, "highway": "residential", "point_id": 154 }, "geometry": { "type": "Point", "coordinates": [ 77.70663205, 12.7433996 ] } },
{ "type": "Feature", "properties": { "lon": 77.47909365, "lat": 13.1360822, "highway": "residential", "point_id": 155 }, "geometry": { "type": "Point", "coordinates": [ 77.47909365, 13.1360822 ] } },
{ "type": "Feature", "properties": { "lon": 77.5187106, "lat": 13.0850503, "highway": "residential", "point_id": 156 }, "geometry": { "type": "Point", "coordinates": [ 77.5187106, 13.0850503 ] } },
{ "type": "Feature", "properties": { "lon": 77.43250665, "lat": 12.93470975, "highway": "secondary", "point_id": 157 }, "geometry": { "type": "Point", "coordinates": [ 77.43250665, 12.93470975 ] } },
{ "type": "Feature", "properties": { "lon": 77.5183452, "lat": 12.81790985, "highway": "tertiary", "point_id": 158 }, "geometry": { "type": "Point", "coordinates": [ 77.5183452, 12.81790985 ] } },
{ "type": "Feature", "properties": { "lon": 77.44623915, "lat": 13.1169244, "highway": "residential", "point_id": 159 }, "geometry": { "type": "Point", "coordinates": [ 77.44623915, 13.1169244 ] } },
{ "type": "Feature", "properties": { "lon": 77.6998295, "lat": 13.01324225, "highway": "tertiary", "point_id": 160 }, "geometry": { "type": "Point", "coordinates": [ 77.6998295, 13.01324225 ] } },
{ "type": "Feature", "properties": { "lon": 77.52826435, "lat": 12.9878372, "highway": "residential", "point_id": 161 }, "geometry": { "type": "Point", "coordinates": [ 77.52826435, 12.9878372 ] } },
{ "type": "Feature", "properties": { "lon": 77.3743661, "lat": 13.01264745, "highway": "residential", "point_id": 162 }, "geometry": { "type": "Point", "coordinates": [ 77.3743661, 13.01264745 ] } },
{ "type": "Feature", "properties": { "lon": 77.79933745, "lat": 12.8654923, "highway": "trunk", "point_id": 163 }, "geometry": { "type": "Point", "coordinates": [ 77.79933745, 12.8654923 ] } },
{ "type": "Feature", "properties": { "lon": 77.62903865, "lat": 13.10985435, "highway": "residential", "point_id": 164 }, "geometry": { "type": "Point", "coordinates": [ 77.62903865, 13.10985435 ] } },
{ "type": "Feature", "properties": { "lon": 77.6123245, "lat": 12.98923785, "highway": "residential", "point_id": 165 }, "geometry": { "type": "Point", "coordinates": [ 77.6123245, 12.98923785 ] } },
{ "type": "Feature", "properties": { "lon": 77.5746564, "lat": 12.92873265, "highway": "residential", "point_id": 166 }, "geometry": { "type": "Point", "coordinates": [ 77.5746564, 12.92873265 ] } },
{ "type": "Feature", "properties": { "lon": 77.46566855, "lat": 12.8692922, "highway": "residential", "point_id": 167 }, "geometry": { "type": "Point", "coordinates": [ 77.46566855, 12.8692922 ] } },
{ "type": "Feature", "properties": { "lon": 77.41988505, "lat": 13.13141705, "highway": "residential", "point_id": 168 }, "geometry": { "type": "Point", "coordinates": [ 77.41988505, 13.13141705 ] } },
{ "type": "Feature", "properties": { "lon": 77.72177905000001, "lat": 12.9532953, "highway": "tertiary", "point_id": 169 }, "geometry": { "type": "Point", "coordinates": [ 77.72177905, 12.9532953 ] } },
{ "type": "Feature", "properties": { "lon": 77.3672917, "lat": 12.8802937, "highway": "residential", "point_id": 170 }, "geometry": { "type": "Point", "coordinates": [ 77.36729170000001, 12.8802937 ] } },
{ "type": "Feature", "properties": { "lon": 77.6252206, "lat": 12.9114911, "highway": "residential", "point_id": 171 }, "geometry": { "type": "Point", "coordinates": [ 77.6252206, 12.9114911 ] } },
{ "type": "Feature", "properties": { "lon": 77.46110615000001, "lat": 13.022753, "highway": "residential", "point_id": 172 }, "geometry": { "type": "Point", "coordinates": [ 77.46110615, 13.022753 ] } },
{ "type": "Feature", "properties": { "lon": 77.5270336, "lat": 12.9495008, "highway": "residential", "point_id": 173 }, "geometry": { "type": "Point", "coordinates": [ 77.52703360000001, 12.9495008 ] } },
{ "type": "Feature", "properties": { "lon": 77.6435877, "lat": 13.0773446, "highway": "residential", "point_id": 174 }, "geometry": { "type": "Point", "coordinates": [ 77.6435877, 13.0773446 ] } },
{ "type": "Feature", "properties": { "lon": 77.6468603, "lat": 12.97351575, "highway": "residential", "point_id": 175 }, "geometry": { "type": "Point", "coordinates": [ 77.6468603, 12.97351575 ] } },
{ "type": "Feature", "properties": { "lon": 77.7205672, "lat": 13.1043542, "highway": "residential", "point_id": 176 }, "geometry": { "type": "Point", "coordinates": [ 77.7205672, 13.1043542 ] } },
{ "type": "Feature", "properties": { "lon": 77.6080683, "lat": 12.9982897, "highway": "tertiary", "point_id": 177 }, "geometry": { "type": "Point", "coordinates": [ 77.6080683, 12.9982897 ] } },
{ "type": "Feature", "properties": { "lon": 77.60267545, "lat": 13.1119206, "highway": "residential", "point_id": 178 }, "geometry": { "type": "Point", "coordinates": [ 77.60267545, 13.1119206 ] } },
{ "type": "Feature", "properties": { "lon": 77.51210535, "lat": 12.9870196, "highway": "primary", "point_id": 179 }, "geometry": { "type": "Point", "coordinates": [ 77.51210535, 12.9870196 ] } },
{ "type": "Feature", "properties": { "lon": 77.5155367, "lat": 12.9673721, "highway": "residential", "point_id": 180 }, "geometry": { "type": "Point", "coordinates": [ 77.5155367, 12.9673721 ] } },
{ "type": "Feature", "properties": { "lon": 77.60924735, "lat": 12.9316773, "highway": "residential", "point_id": 181 }, "geometry": { "type": "Point", "coordinates": [ 77.60924735, 12.9316773 ] } },
{ "type": "Feature", "properties": { "lon": 77.61381685000001, "lat": 13.0494103, "highway": "residential", "point_id": 182 }, "geometry": { "type": "Point", "coordinates": [ 77.61381685, 13.0494103 ] } },
{ "type": "Feature", "properties": { "lon": 77.5566695, "lat": 12.95871335, "highway": "residential", "point_id": 183 }, "geometry": { "type": "Point", "coordinates": [ 77.5566695, 12.95871335 ] } },
{ "type": "Feature", "properties": { "lon": 77.57089255, "lat": 13.0457936, "highway": "residential", "point_id": 184 }, "geometry": { "type": "Point", "coordinates": [ 77.57089255, 13.0457936 ] } },
{ "type": "Feature", "properties": { "lon": 77.359913049999989, "lat": 12.8905375, "highway": "residential", "point_id": 185 }, "geometry": { "type": "Point", "coordinates": [ 77.359913049999989, 12.8905375 ] } },
{ "type": "Feature", "properties": { "lon": 77.5151276, "lat": 12.96647875, "highway": "residential", "point_id": 186 }, "geometry": { "type": "Point", "coordinates": [ 77.5151276, 12.96647875 ] } },
{ "type": "Feature", "properties": { "lon": 77.54739425, "lat": 13.1876374, "highway": "residential", "point_id": 187 }, "geometry": { "type": "Point", "coordinates": [ 77.54739425, 13.1876374 ] } },
{ "type": "Feature", "properties": { "lon": 77.6378148, "lat": 13.0691714, "highway": "residential", "point_id": 188 }, "geometry": { "type": "Point", "coordinates": [ 77.6378148, 13.0691714 ] } },
{ "type": "Feature", "properties": { "lon": 77.73147265, "lat": 12.7524665, "highway": "residential", "point_id": 189 }, "geometry": { "type": "Point", "coordinates": [ 77.73147265, 12.7524665 ] } },
{ "type": "Feature", "properties": { "lon": 77.5669734, "lat": 13.0988462, "highway": "tertiary", "point_id": 190 }, "geometry": { "type": "Point", "coordinates": [ 77.5669734, 13.0988462 ] } },
{ "type": "Feature", "properties": { "lon": 77.5793574, "lat": 13.05542015, "highway": "residential", "point_id": 191 }, "geometry": { "type": "Point", "coordinates": [ 77.5793574, 13.05542015 ] } },
{ "type": "Feature", "properties": { "lon": 77.3640559, "lat": 12.9234623, "highway": "residential", "point_id": 192 }, "geometry": { "type": "Point", "coordinates": [ 77.364055900000011, 12.9234623 ] } },
{ "type": "Feature", "properties": { "lon": 77.7108514, "lat": 12.7185534, "highway": "residential", "point_id": 193 }, "geometry": { "type": "Point", "coordinates": [ 77.7108514, 12.7185534 ] } },
{ "type": "Feature", "properties": { "lon": 77.4552609, "lat": 13.02549225, "highway": "residential", "point_id": 194 }, "geometry": { "type": "Point", "coordinates": [ 77.4552609, 13.02549225 ] } },
{ "type": "Feature", "properties": { "lon": 77.5702201, "lat": 12.88794005, "highway": "residential", "point_id": 195 }, "geometry": { "type": "Point", "coordinates": [ 77.5702201, 12.88794005 ] } },
{ "type": "Feature", "properties": { "lon": 77.410883, "lat": 13.10173125, "highway": "residential", "point_id": 196 }, "geometry": { "type": "Point", "coordinates": [ 77.410883, 13.10173125 ] } },
{ "type": "Feature", "properties": { "lon": 77.5517538, "lat": 12.9095391, "highway": "residential", "point_id": 197 }, "geometry": { "type": "Point", "coordinates": [ 77.5517538, 12.9095391 ] } },
{ "type": "Feature", "properties": { "lon": 77.55085505, "lat": 12.8939221, "highway": "residential", "point_id": 198 }, "geometry": { "type": "Point", "coordinates": [ 77.55085505, 12.8939221 ] } },
{ "type": "Feature", "properties": { "lon": 77.5406532, "lat": 12.95288415, "highway": "trunk", "point_id": 199 }, "geometry": { "type": "Point", "coordinates": [ 77.5406532, 12.95288415 ] } },
{ "type": "Feature", "properties": { "lon": 77.63618555, "lat": 12.7512686, "highway": "tertiary", "point_id": 200 }, "geometry": { "type": "Point", "coordinates": [ 77.63618555, 12.7512686 ] } },
{ "type": "Feature", "properties": { "lon": 77.5490959, "lat": 12.8806392, "highway": "residential", "point_id": 201 }, "geometry": { "type": "Point", "coordinates": [ 77.5490959, 12.8806392 ] } },
{ "type": "Feature", "properties": { "lon": 77.4738208, "lat": 12.8734332, "highway": "residential", "point_id": 202 }, "geometry": { "type": "Point", "coordinates": [ 77.4738208, 12.8734332 ] } },
{ "type": "Feature", "properties": { "lon": 77.57650815, "lat": 12.90187245, "highway": "residential", "point_id": 203 }, "geometry": { "type": "Point", "coordinates": [ 77.57650815, 12.90187245 ] } },
{ "type": "Feature", "properties": { "lon": 77.4713425, "lat": 12.99878985, "highway": "secondary", "point_id": 204 }, "geometry": { "type": "Point", "coordinates": [ 77.4713425, 12.99878985 ] } },
{ "type": "Feature", "properties": { "lon": 77.61313125000001, "lat": 12.7643346, "highway": "residential", "point_id": 205 }, "geometry": { "type": "Point", "coordinates": [ 77.61313125, 12.7643346 ] } },
{ "type": "Feature", "properties": { "lon": 77.48351575, "lat": 12.92386465, "highway": "residential", "point_id": 206 }, "geometry": { "type": "Point", "coordinates": [ 77.48351575, 12.92386465 ] } },
{ "type": "Feature", "properties": { "lon": 77.5475358, "lat": 12.9492962, "highway": "tertiary", "point_id": 207 }, "geometry": { "type": "Point", "coordinates": [ 77.5475358, 12.9492962 ] } },
{ "type": "Feature", "properties": { "lon": 77.5633911, "lat": 12.9353152, "highway": "residential", "point_id": 208 }, "geometry": { "type": "Point", "coordinates": [ 77.5633911, 12.9353152 ] } },
{ "type": "Feature", "properties": { "lon": 77.52805765, "lat": 13.018157, "highway": "tertiary", "point_id": 209 }, "geometry": { "type": "Point", "coordinates": [ 77.52805765, 13.018157 ] } },
{ "type": "Feature", "properties": { "lon": 77.77778355, "lat": 12.7781342, "highway": "residential", "point_id": 210 }, "geometry": { "type": "Point", "coordinates": [ 77.77778355, 12.7781342 ] } },
{ "type": "Feature", "properties": { "lon": 77.54801555, "lat": 12.9447015, "highway": "residential", "point_id": 211 }, "geometry": { "type": "Point", "coordinates": [ 77.54801555, 12.9447015 ] } },
{ "type": "Feature", "properties": { "lon": 77.52551675000001, "lat": 12.94323655, "highway": "residential", "point_id": 212 }, "geometry": { "type": "Point", "coordinates": [ 77.52551675, 12.94323655 ] } },
{ "type": "Feature", "properties": { "lon": 77.6271147, "lat": 12.94673235, "highway": "residential", "point_id": 213 }, "geometry": { "type": "Point", "coordinates": [ 77.6271147, 12.94673235 ] } },
{ "type": "Feature", "properties": { "lon": 77.547021, "lat": 12.92392405, "highway": "residential", "point_id": 214 }, "geometry": { "type": "Point", "coordinates": [ 77.547021, 12.92392405 ] } },
{ "type": "Feature", "properties": { "lon": 77.4382234, "lat": 13.0136856, "highway": "residential", "point_id": 215 }, "geometry": { "type": "Point", "coordinates": [ 77.4382234, 13.0136856 ] } },
{ "type": "Feature", "properties": { "lon": 77.66957555, "lat": 13.13217165, "highway": "residential", "point_id": 216 }, "geometry": { "type": "Point", "coordinates": [ 77.66957555, 13.13217165 ] } },
{ "type": "Feature", "properties": { "lon": 77.70865095, "lat": 12.68679695, "highway": "residential", "point_id": 217 }, "geometry": { "type": "Point", "coordinates": [ 77.70865095, 12.68679695 ] } },
{ "type": "Feature", "properties": { "lon": 77.55175465, "lat": 12.8856017, "highway": "tertiary", "point_id": 218 }, "geometry": { "type": "Point", "coordinates": [ 77.55175465, 12.8856017 ] } },
{ "type": "Feature", "properties": { "lon": 77.60860265, "lat": 12.8968461, "highway": "residential", "point_id": 219 }, "geometry": { "type": "Point", "coordinates": [ 77.60860265, 12.8968461 ] } },
{ "type": "Feature", "properties": { "lon": 77.7287174, "lat": 12.7658512, "highway": "residential", "point_id": 220 }, "geometry": { "type": "Point", "coordinates": [ 77.7287174, 12.7658512 ] } },
{ "type": "Feature", "properties": { "lon": 77.71910155, "lat": 12.99858635, "highway": "residential", "point_id": 221 }, "geometry": { "type": "Point", "coordinates": [ 77.71910155, 12.99858635 ] } },
{ "type": "Feature", "properties": { "lon": 77.7622007, "lat": 13.00010595, "highway": "residential", "point_id": 222 }, "geometry": { "type": "Point", "coordinates": [ 77.7622007, 13.00010595 ] } },
{ "type": "Feature", "properties": { "lon": 77.5093552, "lat": 12.9931371, "highway": "residential", "point_id": 223 }, "geometry": { "type": "Point", "coordinates": [ 77.5093552, 12.9931371 ] } },
{ "type": "Feature", "properties": { "lon": 77.70445655, "lat": 12.8025562, "highway": "secondary", "point_id": 224 }, "geometry": { "type": "Point", "coordinates": [ 77.70445655, 12.8025562 ] } },
{ "type": "Feature", "properties": { "lon": 77.46800255, "lat": 13.1347511, "highway": "residential", "point_id": 225 }, "geometry": { "type": "Point", "coordinates": [ 77.46800255, 13.1347511 ] } },
{ "type": "Feature", "properties": { "lon": 77.52091505, "lat": 12.92278915, "highway": "residential", "point_id": 226 }, "geometry": { "type": "Point", "coordinates": [ 77.52091505, 12.92278915 ] } },
{ "type": "Feature", "properties": { "lon": 77.56237905, "lat": 12.9052752, "highway": "residential", "point_id": 227 }, "geometry": { "type": "Point", "coordinates": [ 77.56237905, 12.9052752 ] } },
{ "type": "Feature", "properties": { "lon": 77.6896369, "lat": 13.0822065, "highway": "residential", "point_id": 228 }, "geometry": { "type": "Point", "coordinates": [ 77.6896369, 13.0822065 ] } },
{ "type": "Feature", "properties": { "lon": 77.670474750000011, "lat": 13.05788215, "highway": "secondary", "point_id": 229 }, "geometry": { "type": "Point", "coordinates": [ 77.670474750000011, 13.05788215 ] } },
{ "type": "Feature", "properties": { "lon": 77.6120546, "lat": 12.88409995, "highway": "residential", "point_id": 230 }, "geometry": { "type": "Point", "coordinates": [ 77.6120546, 12.88409995 ] } },
{ "type": "Feature", "properties": { "lon": 77.7074852, "lat": 12.90175285, "highway": "unclassified", "point_id": 231 }, "geometry": { "type": "Point", "coordinates": [ 77.7074852, 12.90175285 ] } },
{ "type": "Feature", "properties": { "lon": 77.62702825, "lat": 12.9803559, "highway": "residential", "point_id": 232 }, "geometry": { "type": "Point", "coordinates": [ 77.62702825, 12.9803559 ] } },
{ "type": "Feature", "properties": { "lon": 77.59909415, "lat": 12.98725695, "highway": "residential", "point_id": 233 }, "geometry": { "type": "Point", "coordinates": [ 77.59909415, 12.98725695 ] } },
{ "type": "Feature", "properties": { "lon": 77.654932949999989, "lat": 12.8672479, "highway": "residential", "point_id": 234 }, "geometry": { "type": "Point", "coordinates": [ 77.654932949999989, 12.8672479 ] } },
{ "type": "Feature", "properties": { "lon": 77.5345999, "lat": 12.9691494, "highway": "residential", "point_id": 235 }, "geometry": { "type": "Point", "coordinates": [ 77.5345999, 12.9691494 ] } },
{ "type": "Feature", "properties": { "lon": 77.56772205, "lat": 13.06500315, "highway": "residential", "point_id": 236 }, "geometry": { "type": "Point", "coordinates": [ 77.56772205, 13.06500315 ] } },
{ "type": "Feature", "properties": { "lon": 77.5070083, "lat": 13.0316945, "highway": "residential", "point_id": 237 }, "geometry": { "type": "Point", "coordinates": [ 77.5070083, 13.0316945 ] } },
{ "type": "Feature", "properties": { "lon": 77.56750805, "lat": 12.93754805, "highway": "residential", "point_id": 238 }, "geometry": { "type": "Point", "coordinates": [ 77.56750805, 12.93754805 ] } },
{ "type": "Feature", "properties": { "lon": 77.43732905, "lat": 12.90468955, "highway": "residential", "point_id": 239 }, "geometry": { "type": "Point", "coordinates": [ 77.43732905, 12.90468955 ] } },
{ "type": "Feature", "properties": { "lon": 77.60171485000001, "lat": 13.00589715, "highway": "residential", "point_id": 240 }, "geometry": { "type": "Point", "coordinates": [ 77.60171485, 13.00589715 ] } },
{ "type": "Feature", "properties": { "lon": 77.57464665000001, "lat": 12.93904495, "highway": "residential", "point_id": 241 }, "geometry": { "type": "Point", "coordinates": [ 77.57464665, 12.93904495 ] } },
{ "type": "Feature", "properties": { "lon": 77.4968564, "lat": 13.00209345, "highway": "residential", "point_id": 242 }, "geometry": { "type": "Point", "coordinates": [ 77.496856400000013, 13.00209345 ] } },
{ "type": "Feature", "properties": { "lon": 77.59014155, "lat": 13.0343978, "highway": "residential", "point_id": 243 }, "geometry": { "type": "Point", "coordinates": [ 77.59014155, 13.0343978 ] } },
{ "type": "Feature", "properties": { "lon": 77.56291005, "lat": 12.968061, "highway": "residential", "point_id": 244 }, "geometry": { "type": "Point", "coordinates": [ 77.56291005, 12.968061 ] } },
{ "type": "Feature", "properties": { "lon": 77.74307395, "lat": 12.8816204, "highway": "residential", "point_id": 245 }, "geometry": { "type": "Point", "coordinates": [ 77.74307395, 12.8816204 ] } },
{ "type": "Feature", "properties": { "lon": 77.6040909, "lat": 13.03013895, "highway": "residential", "point_id": 246 }, "geometry": { "type": "Point", "coordinates": [ 77.6040909, 13.03013895 ] } },
{ "type": "Feature", "properties": { "lon": 77.59574155, "lat": 12.9434101, "highway": "residential", "point_id": 247 }, "geometry": { "type": "Point", "coordinates": [ 77.59574155, 12.9434101 ] } },
{ "type": "Feature", "properties": { "lon": 77.4350147, "lat": 12.8975917, "highway": "residential", "point_id": 248 }, "geometry": { "type": "Point", "coordinates": [ 77.4350147, 12.8975917 ] } },
{ "type": "Feature", "properties": { "lon": 77.5100746, "lat": 13.05801045, "highway": "residential", "point_id": 249 }, "geometry": { "type": "Point", "coordinates": [ 77.5100746, 13.05801045 ] } },
{ "type": "Feature", "properties": { "lon": 77.5555614, "lat": 12.90829325, "highway": "residential", "point_id": 250 }, "geometry": { "type": "Point", "coordinates": [ 77.5555614, 12.90829325 ] } },
{ "type": "Feature", "properties": { "lon": 77.75016415, "lat": 12.79457205, "highway": "residential", "point_id": 251 }, "geometry": { "type": "Point", "coordinates": [ 77.75016415, 12.79457205 ] } },
{ "type": "Feature", "properties": { "lon": 77.7042764, "lat": 13.158693, "highway": "unclassified", "point_id": 252 }, "geometry": { "type": "Point", "coordinates": [ 77.7042764, 13.158693 ] } },
{ "type": "Feature", "properties": { "lon": 77.6272237, "lat": 12.977688, "highway": "residential", "point_id": 253 }, "geometry": { "type": "Point", "coordinates": [ 77.6272237, 12.977688 ] } },
{ "type": "Feature", "properties": { "lon": 77.44046805, "lat": 13.04669985, "highway": "residential", "point_id": 254 }, "geometry": { "type": "Point", "coordinates": [ 77.44046805, 13.04669985 ] } },
{ "type": "Feature", "properties": { "lon": 77.5563148, "lat": 12.93186485, "highway": "residential", "point_id": 255 }, "geometry": { "type": "Point", "coordinates": [ 77.5563148, 12.93186485 ] } },
{ "type": "Feature", "properties": { "lon": 77.38160755, "lat": 12.95644125, "highway": "tertiary", "point_id": 256 }, "geometry": { "type": "Point", "coordinates": [ 77.38160755, 12.95644125 ] } },
{ "type": "Feature", "properties": { "lon": 77.5916949, "lat": 12.93185595, "highway": "residential", "point_id": 257 }, "geometry": { "type": "Point", "coordinates": [ 77.5916949, 12.93185595 ] } },
{ "type": "Feature", "properties": { "lon": 77.5755046, "lat": 12.88219975, "highway": "tertiary", "point_id": 258 }, "geometry": { "type": "Point", "coordinates": [ 77.5755046, 12.88219975 ] } },
{ "type": "Feature", "properties": { "lon": 77.6236427, "lat": 13.1919126, "highway": "tertiary", "point_id": 259 }, "geometry": { "type": "Point", "coordinates": [ 77.6236427, 13.1919126 ] } },
{ "type": "Feature", "properties": { "lon": 77.4836298, "lat": 13.07487025, "highway": "residential", "point_id": 260 }, "geometry": { "type": "Point", "coordinates": [ 77.4836298, 13.07487025 ] } },
{ "type": "Feature", "properties": { "lon": 77.4052032, "lat": 13.05566845, "highway": "residential", "point_id": 261 }, "geometry": { "type": "Point", "coordinates": [ 77.405203199999988, 13.05566845 ] } },
{ "type": "Feature", "properties": { "lon": 77.51762245, "lat": 13.0070271, "highway": "residential", "point_id": 262 }, "geometry": { "type": "Point", "coordinates": [ 77.51762245, 13.0070271 ] } },
{ "type": "Feature", "properties": { "lon": 77.5980359, "lat": 13.0193898, "highway": "residential", "point_id": 263 }, "geometry": { "type": "Point", "coordinates": [ 77.5980359, 13.0193898 ] } },
{ "type": "Feature", "properties": { "lon": 77.71109835, "lat": 13.0542627, "highway": "residential", "point_id": 264 }, "geometry": { "type": "Point", "coordinates": [ 77.71109835, 13.0542627 ] } },
{ "type": "Feature", "properties": { "lon": 77.72000215, "lat": 13.0248848, "highway": "residential", "point_id": 265 }, "geometry": { "type": "Point", "coordinates": [ 77.72000215, 13.0248848 ] } },
{ "type": "Feature", "properties": { "lon": 77.4870594, "lat": 12.8928989, "highway": "residential", "point_id": 266 }, "geometry": { "type": "Point", "coordinates": [ 77.4870594, 12.8928989 ] } },
{ "type": "Feature", "properties": { "lon": 77.5338243, "lat": 12.98647885, "highway": "residential", "point_id": 267 }, "geometry": { "type": "Point", "coordinates": [ 77.5338243, 12.98647885 ] } },
{ "type": "Feature", "properties": { "lon": 77.5410172, "lat": 12.98129085, "highway": "residential", "point_id": 268 }, "geometry": { "type": "Point", "coordinates": [ 77.5410172, 12.98129085 ] } },
{ "type": "Feature", "properties": { "lon": 77.5923479, "lat": 12.82995025, "highway": "residential", "point_id": 269 }, "geometry": { "type": "Point", "coordinates": [ 77.5923479, 12.82995025 ] } },
{ "type": "Feature", "properties": { "lon": 77.56047895, "lat": 12.9721464, "highway": "residential", "point_id": 270 }, "geometry": { "type": "Point", "coordinates": [ 77.56047895, 12.9721464 ] } },
{ "type": "Feature", "properties": { "lon": 77.3502737, "lat": 12.90796665, "highway": "residential", "point_id": 271 }, "geometry": { "type": "Point", "coordinates": [ 77.3502737, 12.90796665 ] } },
{ "type": "Feature", "properties": { "lon": 77.71150845, "lat": 12.93061895, "highway": "tertiary", "point_id": 272 }, "geometry": { "type": "Point", "coordinates": [ 77.71150845, 12.93061895 ] } },
{ "type": "Feature", "properties": { "lon": 77.634771, "lat": 12.8592948, "highway": "tertiary", "point_id": 273 }, "geometry": { "type": "Point", "coordinates": [ 77.634771, 12.8592948 ] } },
{ "type": "Feature", "properties": { "lon": 77.49722955, "lat": 12.9765939, "highway": "residential", "point_id": 274 }, "geometry": { "type": "Point", "coordinates": [ 77.49722955, 12.9765939 ] } },
{ "type": "Feature", "properties": { "lon": 77.48829685, "lat": 12.9044879, "highway": "residential", "point_id": 275 }, "geometry": { "type": "Point", "coordinates": [ 77.48829685, 12.9044879 ] } },
{ "type": "Feature", "properties": { "lon": 77.7520793, "lat": 12.98253695, "highway": "primary", "point_id": 276 }, "geometry": { "type": "Point", "coordinates": [ 77.7520793, 12.98253695 ] } },
{ "type": "Feature", "properties": { "lon": 77.409735250000011, "lat": 12.87826305, "highway": "tertiary", "point_id": 277 }, "geometry": { "type": "Point", "coordinates": [ 77.409735250000011, 12.87826305 ] } },
{ "type": "Feature", "properties": { "lon": 77.7187926, "lat": 13.03630015, "highway": "residential", "point_id": 278 }, "geometry": { "type": "Point", "coordinates": [ 77.7187926, 13.03630015 ] } },
{ "type": "Feature", "properties": { "lon": 77.61715015, "lat": 12.92495045, "highway": "residential", "point_id": 279 }, "geometry": { "type": "Point", "coordinates": [ 77.61715015, 12.92495045 ] } },
{ "type": "Feature", "properties": { "lon": 77.73994175, "lat": 13.0873193, "highway": "primary", "point_id": 280 }, "geometry": { "type": "Point", "coordinates": [ 77.73994175, 13.0873193 ] } },
{ "type": "Feature", "properties": { "lon": 77.659859, "lat": 13.0195629, "highway": "residential", "point_id": 281 }, "geometry": { "type": "Point", "coordinates": [ 77.659859, 13.0195629 ] } },
{ "type": "Feature", "properties": { "lon": 77.65057065, "lat": 13.0556254, "highway": "residential", "point_id": 282 }, "geometry": { "type": "Point", "coordinates": [ 77.65057065, 13.0556254 ] } },
{ "type": "Feature", "properties": { "lon": 77.4863111, "lat": 13.0661155, "highway": "residential", "point_id": 283 }, "geometry": { "type": "Point", "coordinates": [ 77.4863111, 13.0661155 ] } },
{ "type": "Feature", "properties": { "lon": 77.4313573, "lat": 12.98120655, "highway": "residential", "point_id": 284 }, "geometry": { "type": "Point", "coordinates": [ 77.4313573, 12.98120655 ] } },
{ "type": "Feature", "properties": { "lon": 77.5812745, "lat": 12.89498175, "highway": "residential", "point_id": 285 }, "geometry": { "type": "Point", "coordinates": [ 77.5812745, 12.89498175 ] } },
{ "type": "Feature", "properties": { "lon": 77.6962321, "lat": 12.7927581, "highway": "tertiary", "point_id": 286 }, "geometry": { "type": "Point", "coordinates": [ 77.6962321, 12.7927581 ] } },
{ "type": "Feature", "properties": { "lon": 77.67961175, "lat": 12.8395557, "highway": "residential", "point_id": 287 }, "geometry": { "type": "Point", "coordinates": [ 77.67961175, 12.8395557 ] } },
{ "type": "Feature", "properties": { "lon": 77.5247054, "lat": 12.98949815, "highway": "residential", "point_id": 288 }, "geometry": { "type": "Point", "coordinates": [ 77.524705399999988, 12.98949815 ] } },
{ "type": "Feature", "properties": { "lon": 77.67220725, "lat": 12.8400342, "highway": "tertiary", "point_id": 289 }, "geometry": { "type": "Point", "coordinates": [ 77.67220725, 12.8400342 ] } },
{ "type": "Feature", "properties": { "lon": 77.74787275, "lat": 12.8061949, "highway": "residential", "point_id": 290 }, "geometry": { "type": "Point", "coordinates": [ 77.74787275, 12.8061949 ] } },
{ "type": "Feature", "properties": { "lon": 77.528186, "lat": 12.97793625, "highway": "residential", "point_id": 291 }, "geometry": { "type": "Point", "coordinates": [ 77.528186, 12.97793625 ] } },
{ "type": "Feature", "properties": { "lon": 77.53465455, "lat": 12.9925276, "highway": "residential", "point_id": 292 }, "geometry": { "type": "Point", "coordinates": [ 77.53465455, 12.9925276 ] } },
{ "type": "Feature", "properties": { "lon": 77.58495855, "lat": 12.96612625, "highway": "residential", "point_id": 293 }, "geometry": { "type": "Point", "coordinates": [ 77.58495855, 12.96612625 ] } },
{ "type": "Feature", "properties": { "lon": 77.5122564, "lat": 13.026715, "highway": "residential", "point_id": 294 }, "geometry": { "type": "Point", "coordinates": [ 77.5122564, 13.026715 ] } },
{ "type": "Feature", "properties": { "lon": 77.69141315, "lat": 13.1105144, "highway": "residential", "point_id": 295 }, "geometry": { "type": "Point", "coordinates": [ 77.69141315, 13.1105144 ] } },
{ "type": "Feature", "properties": { "lon": 77.5886905, "lat": 13.03403655, "highway": "residential", "point_id": 296 }, "geometry": { "type": "Point", "coordinates": [ 77.5886905, 13.03403655 ] } },
{ "type": "Feature", "properties": { "lon": 77.3847831, "lat": 12.9611778, "highway": "residential", "point_id": 297 }, "geometry": { "type": "Point", "coordinates": [ 77.3847831, 12.9611778 ] } },
{ "type": "Feature", "properties": { "lon": 77.6050872, "lat": 12.8470265, "highway": "residential", "point_id": 298 }, "geometry": { "type": "Point", "coordinates": [ 77.6050872, 12.8470265 ] } },
{ "type": "Feature", "properties": { "lon": 77.7128322, "lat": 13.01487635, "highway": "residential", "point_id": 299 }, "geometry": { "type": "Point", "coordinates": [ 77.7128322, 13.01487635 ] } },
{ "type": "Feature", "properties": { "lon": 77.5032439, "lat": 13.06280135, "highway": "residential", "point_id": 300 }, "geometry": { "type": "Point", "coordinates": [ 77.5032439, 13.06280135 ] } },
{ "type": "Feature", "properties": { "lon": 77.6465185, "lat": 12.83090135, "highway": "residential", "point_id": 301 }, "geometry": { "type": "Point", "coordinates": [ 77.6465185, 12.83090135 ] } },
{ "type": "Feature", "properties": { "lon": 77.3843945, "lat": 12.9583873, "highway": "tertiary", "point_id": 302 }, "geometry": { "type": "Point", "coordinates": [ 77.3843945, 12.9583873 ] } },
{ "type": "Feature", "properties": { "lon": 77.3797348, "lat": 12.9141842, "highway": "residential", "point_id": 303 }, "geometry": { "type": "Point", "coordinates": [ 77.3797348, 12.9141842 ] } },
{ "type": "Feature", "properties": { "lon": 77.4769057, "lat": 12.884204, "highway": "residential", "point_id": 304 }, "geometry": { "type": "Point", "coordinates": [ 77.4769057, 12.884204 ] } },
{ "type": "Feature", "properties": { "lon": 77.43474985, "lat": 12.85957525, "highway": "residential", "point_id": 305 }, "geometry": { "type": "Point", "coordinates": [ 77.43474985, 12.85957525 ] } },
{ "type": "Feature", "properties": { "lon": 77.573972, "lat": 12.89361075, "highway": "residential", "point_id": 306 }, "geometry": { "type": "Point", "coordinates": [ 77.573972, 12.89361075 ] } },
{ "type": "Feature", "properties": { "lon": 77.4079266, "lat": 13.02247065, "highway": "residential", "point_id": 307 }, "geometry": { "type": "Point", "coordinates": [ 77.4079266, 13.02247065 ] } },
{ "type": "Feature", "properties": { "lon": 77.5782638, "lat": 13.09696235, "highway": "secondary", "point_id": 308 }, "geometry": { "type": "Point", "coordinates": [ 77.5782638, 13.09696235 ] } },
{ "type": "Feature", "properties": { "lon": 77.65653275, "lat": 12.95704685, "highway": "residential", "point_id": 309 }, "geometry": { "type": "Point", "coordinates": [ 77.65653275, 12.95704685 ] } },
{ "type": "Feature", "properties": { "lon": 77.68697865, "lat": 13.13409525, "highway": "residential", "point_id": 310 }, "geometry": { "type": "Point", "coordinates": [ 77.68697865, 13.13409525 ] } },
{ "type": "Feature", "properties": { "lon": 77.5852634, "lat": 12.9935074, "highway": "primary", "point_id": 311 }, "geometry": { "type": "Point", "coordinates": [ 77.5852634, 12.9935074 ] } },
{ "type": "Feature", "properties": { "lon": 77.375745, "lat": 12.918226, "highway": "residential", "point_id": 312 }, "geometry": { "type": "Point", "coordinates": [ 77.375745, 12.918226 ] } },
{ "type": "Feature", "properties": { "lon": 77.70288965, "lat": 13.12494735, "highway": "residential", "point_id": 313 }, "geometry": { "type": "Point", "coordinates": [ 77.70288965, 13.12494735 ] } },
{ "type": "Feature", "properties": { "lon": 77.59117735, "lat": 12.94625025, "highway": "residential", "point_id": 314 }, "geometry": { "type": "Point", "coordinates": [ 77.59117735, 12.94625025 ] } },
{ "type": "Feature", "properties": { "lon": 77.5107043, "lat": 12.88789375, "highway": "residential", "point_id": 315 }, "geometry": { "type": "Point", "coordinates": [ 77.5107043, 12.88789375 ] } },
{ "type": "Feature", "properties": { "lon": 77.6766726, "lat": 13.13917965, "highway": "residential", "point_id": 316 }, "geometry": { "type": "Point", "coordinates": [ 77.676672599999989, 13.13917965 ] } },
{ "type": "Feature", "properties": { "lon": 77.55105265, "lat": 12.85380655, "highway": "residential", "point_id": 317 }, "geometry": { "type": "Point", "coordinates": [ 77.55105265, 12.85380655 ] } },
{ "type": "Feature", "properties": { "lon": 77.46138825, "lat": 13.13534405, "highway": "residential", "point_id": 318 }, "geometry": { "type": "Point", "coordinates": [ 77.46138825, 13.13534405 ] } },
{ "type": "Feature", "properties": { "lon": 77.5984611, "lat": 12.8091725, "highway": "residential", "point_id": 319 }, "geometry": { "type": "Point", "coordinates": [ 77.5984611, 12.8091725 ] } },
{ "type": "Feature", "properties": { "lon": 77.4712694, "lat": 13.00154825, "highway": "tertiary", "point_id": 320 }, "geometry": { "type": "Point", "coordinates": [ 77.4712694, 13.00154825 ] } },
{ "type": "Feature", "properties": { "lon": 77.49602325000001, "lat": 12.93715055, "highway": "residential", "point_id": 321 }, "geometry": { "type": "Point", "coordinates": [ 77.49602325, 12.93715055 ] } },
{ "type": "Feature", "properties": { "lon": 77.48835805, "lat": 13.0381648, "highway": "residential", "point_id": 322 }, "geometry": { "type": "Point", "coordinates": [ 77.48835805, 13.0381648 ] } },
{ "type": "Feature", "properties": { "lon": 77.67888025, "lat": 12.85468295, "highway": "residential", "point_id": 323 }, "geometry": { "type": "Point", "coordinates": [ 77.67888025, 12.85468295 ] } },
{ "type": "Feature", "properties": { "lon": 77.60307645, "lat": 13.1450157, "highway": "residential", "point_id": 324 }, "geometry": { "type": "Point", "coordinates": [ 77.60307645, 13.1450157 ] } },
{ "type": "Feature", "properties": { "lon": 77.48980025, "lat": 13.065676, "highway": "residential", "point_id": 325 }, "geometry": { "type": "Point", "coordinates": [ 77.48980025, 13.065676 ] } },
{ "type": "Feature", "properties": { "lon": 77.67157525, "lat": 13.00652115, "highway": "residential", "point_id": 326 }, "geometry": { "type": "Point", "coordinates": [ 77.67157525, 13.00652115 ] } },
{ "type": "Feature", "properties": { "lon": 77.5520262, "lat": 12.89852625, "highway": "residential", "point_id": 327 }, "geometry": { "type": "Point", "coordinates": [ 77.5520262, 12.89852625 ] } },
{ "type": "Feature", "properties": { "lon": 77.48390345, "lat": 12.9308851, "highway": "residential", "point_id": 328 }, "geometry": { "type": "Point", "coordinates": [ 77.48390345, 12.9308851 ] } },
{ "type": "Feature", "properties": { "lon": 77.57643635, "lat": 12.9022501, "highway": "residential", "point_id": 329 }, "geometry": { "type": "Point", "coordinates": [ 77.57643635, 12.9022501 ] } },
{ "type": "Feature", "properties": { "lon": 77.42466855000001, "lat": 13.06957905, "highway": "residential", "point_id": 330 }, "geometry": { "type": "Point", "coordinates": [ 77.42466855, 13.06957905 ] } },
{ "type": "Feature", "properties": { "lon": 77.5890058, "lat": 13.08712945, "highway": "tertiary", "point_id": 331 }, "geometry": { "type": "Point", "coordinates": [ 77.5890058, 13.08712945 ] } },
{ "type": "Feature", "properties": { "lon": 77.6754497, "lat": 12.89791275, "highway": "secondary", "point_id": 332 }, "geometry": { "type": "Point", "coordinates": [ 77.6754497, 12.89791275 ] } },
{ "type": "Feature", "properties": { "lon": 77.6609942, "lat": 13.03030465, "highway": "residential", "point_id": 333 }, "geometry": { "type": "Point", "coordinates": [ 77.6609942, 13.03030465 ] } },
{ "type": "Feature", "properties": { "lon": 77.40476055, "lat": 12.9792501, "highway": "residential", "point_id": 334 }, "geometry": { "type": "Point", "coordinates": [ 77.40476055, 12.9792501 ] } },
{ "type": "Feature", "properties": { "lon": 77.64854455, "lat": 12.85731975, "highway": "residential", "point_id": 335 }, "geometry": { "type": "Point", "coordinates": [ 77.64854455, 12.85731975 ] } },
{ "type": "Feature", "properties": { "lon": 77.58235745, "lat": 13.13239905, "highway": "residential", "point_id": 336 }, "geometry": { "type": "Point", "coordinates": [ 77.58235745, 13.13239905 ] } },
{ "type": "Feature", "properties": { "lon": 77.6511422, "lat": 12.77546835, "highway": "residential", "point_id": 337 }, "geometry": { "type": "Point", "coordinates": [ 77.6511422, 12.77546835 ] } },
{ "type": "Feature", "properties": { "lon": 77.3622707, "lat": 12.9726917, "highway": "primary", "point_id": 338 }, "geometry": { "type": "Point", "coordinates": [ 77.36227070000001, 12.9726917 ] } },
{ "type": "Feature", "properties": { "lon": 77.63969045, "lat": 12.87631495, "highway": "residential", "point_id": 339 }, "geometry": { "type": "Point", "coordinates": [ 77.63969045, 12.87631495 ] } },
{ "type": "Feature", "properties": { "lon": 77.6181387, "lat": 12.9177807, "highway": "residential", "point_id": 340 }, "geometry": { "type": "Point", "coordinates": [ 77.6181387, 12.9177807 ] } },
{ "type": "Feature", "properties": { "lon": 77.52329745, "lat": 12.9515455, "highway": "residential", "point_id": 341 }, "geometry": { "type": "Point", "coordinates": [ 77.52329745, 12.9515455 ] } },
{ "type": "Feature", "properties": { "lon": 77.51089655, "lat": 13.00814075, "highway": "residential", "point_id": 342 }, "geometry": { "type": "Point", "coordinates": [ 77.51089655, 13.00814075 ] } },
{ "type": "Feature", "properties": { "lon": 77.5183093, "lat": 13.07908355, "highway": "residential", "point_id": 343 }, "geometry": { "type": "Point", "coordinates": [ 77.5183093, 13.07908355 ] } },
{ "type": "Feature", "properties": { "lon": 77.6374836, "lat": 12.74587795, "highway": "residential", "point_id": 344 }, "geometry": { "type": "Point", "coordinates": [ 77.6374836, 12.74587795 ] } },
{ "type": "Feature", "properties": { "lon": 77.5116475, "lat": 13.0216782, "highway": "tertiary", "point_id": 345 }, "geometry": { "type": "Point", "coordinates": [ 77.5116475, 13.0216782 ] } },
{ "type": "Feature", "properties": { "lon": 77.65913635, "lat": 12.87906295, "highway": "residential", "point_id": 346 }, "geometry": { "type": "Point", "coordinates": [ 77.65913635, 12.87906295 ] } },
{ "type": "Feature", "properties": { "lon": 77.6431729, "lat": 12.99274615, "highway": "residential", "point_id": 347 }, "geometry": { "type": "Point", "coordinates": [ 77.6431729, 12.99274615 ] } },
{ "type": "Feature", "properties": { "lon": 77.54073855, "lat": 13.0948394, "highway": "residential", "point_id": 348 }, "geometry": { "type": "Point", "coordinates": [ 77.54073855, 13.0948394 ] } },
{ "type": "Feature", "properties": { "lon": 77.5725304, "lat": 12.87776805, "highway": "residential", "point_id": 349 }, "geometry": { "type": "Point", "coordinates": [ 77.5725304, 12.87776805 ] } },
{ "type": "Feature", "properties": { "lon": 77.69764025000001, "lat": 12.70242025, "highway": "residential", "point_id": 350 }, "geometry": { "type": "Point", "coordinates": [ 77.69764025, 12.70242025 ] } },
{ "type": "Feature", "properties": { "lon": 77.63354075000001, "lat": 12.97812515, "highway": "secondary", "point_id": 351 }, "geometry": { "type": "Point", "coordinates": [ 77.63354075, 12.97812515 ] } },
{ "type": "Feature", "properties": { "lon": 77.7453784, "lat": 13.094056, "highway": "tertiary", "point_id": 352 }, "geometry": { "type": "Point", "coordinates": [ 77.7453784, 13.094056 ] } },
{ "type": "Feature", "properties": { "lon": 77.6748505, "lat": 12.89718325, "highway": "residential", "point_id": 353 }, "geometry": { "type": "Point", "coordinates": [ 77.6748505, 12.89718325 ] } },
{ "type": "Feature", "properties": { "lon": 77.5666354, "lat": 12.9740328, "highway": "unclassified", "point_id": 354 }, "geometry": { "type": "Point", "coordinates": [ 77.5666354, 12.9740328 ] } },
{ "type": "Feature", "properties": { "lon": 77.527279, "lat": 12.9446105, "highway": "tertiary", "point_id": 355 }, "geometry": { "type": "Point", "coordinates": [ 77.527279, 12.9446105 ] } },
{ "type": "Feature", "properties": { "lon": 77.4780421, "lat": 13.0034287, "highway": "residential", "point_id": 356 }, "geometry": { "type": "Point", "coordinates": [ 77.4780421, 13.0034287 ] } },
{ "type": "Feature", "properties": { "lon": 77.4642234, "lat": 12.92973955, "highway": "residential", "point_id": 357 }, "geometry": { "type": "Point", "coordinates": [ 77.4642234, 12.92973955 ] } },
{ "type": "Feature", "properties": { "lon": 77.62511575, "lat": 13.02918805, "highway": "residential", "point_id": 358 }, "geometry": { "type": "Point", "coordinates": [ 77.62511575, 13.02918805 ] } },
{ "type": "Feature", "properties": { "lon": 77.7271536, "lat": 13.04190575, "highway": "residential", "point_id": 359 }, "geometry": { "type": "Point", "coordinates": [ 77.7271536, 13.04190575 ] } },
{ "type": "Feature", "properties": { "lon": 77.80920975000001, "lat": 12.8908501, "highway": "residential", "point_id": 360 }, "geometry": { "type": "Point", "coordinates": [ 77.80920975, 12.8908501 ] } },
{ "type": "Feature", "properties": { "lon": 77.7086471, "lat": 12.9979006, "highway": "residential", "point_id": 361 }, "geometry": { "type": "Point", "coordinates": [ 77.7086471, 12.9979006 ] } },
{ "type": "Feature", "properties": { "lon": 77.5086111, "lat": 13.0546073, "highway": "residential", "point_id": 362 }, "geometry": { "type": "Point", "coordinates": [ 77.5086111, 13.0546073 ] } },
{ "type": "Feature", "properties": { "lon": 77.68310045, "lat": 12.90632625, "highway": "residential", "point_id": 363 }, "geometry": { "type": "Point", "coordinates": [ 77.68310045, 12.90632625 ] } },
{ "type": "Feature", "properties": { "lon": 77.5021108, "lat": 12.75195055, "highway": "residential", "point_id": 364 }, "geometry": { "type": "Point", "coordinates": [ 77.5021108, 12.75195055 ] } },
{ "type": "Feature", "properties": { "lon": 77.7755601, "lat": 12.78462895, "highway": "tertiary", "point_id": 365 }, "geometry": { "type": "Point", "coordinates": [ 77.7755601, 12.78462895 ] } },
{ "type": "Feature", "properties": { "lon": 77.4772339, "lat": 12.97523825, "highway": "residential", "point_id": 366 }, "geometry": { "type": "Point", "coordinates": [ 77.4772339, 12.97523825 ] } },
{ "type": "Feature", "properties": { "lon": 77.5789024, "lat": 12.99256275, "highway": "residential", "point_id": 367 }, "geometry": { "type": "Point", "coordinates": [ 77.5789024, 12.99256275 ] } },
{ "type": "Feature", "properties": { "lon": 77.6867536, "lat": 12.8288744, "highway": "residential", "point_id": 368 }, "geometry": { "type": "Point", "coordinates": [ 77.6867536, 12.8288744 ] } },
{ "type": "Feature", "properties": { "lon": 77.49616665, "lat": 12.83050765, "highway": "residential", "point_id": 369 }, "geometry": { "type": "Point", "coordinates": [ 77.49616665, 12.83050765 ] } },
{ "type": "Feature", "properties": { "lon": 77.5659855, "lat": 12.98101985, "highway": "residential", "point_id": 370 }, "geometry": { "type": "Point", "coordinates": [ 77.565985500000011, 12.98101985 ] } },
{ "type": "Feature", "properties": { "lon": 77.6368629, "lat": 13.04975255, "highway": "residential", "point_id": 371 }, "geometry": { "type": "Point", "coordinates": [ 77.6368629, 13.04975255 ] } },
{ "type": "Feature", "properties": { "lon": 77.67932645, "lat": 12.97659845, "highway": "secondary", "point_id": 372 }, "geometry": { "type": "Point", "coordinates": [ 77.67932645, 12.97659845 ] } },
{ "type": "Feature", "properties": { "lon": 77.53512455000001, "lat": 12.88999085, "highway": "secondary", "point_id": 373 }, "geometry": { "type": "Point", "coordinates": [ 77.53512455, 12.88999085 ] } },
{ "type": "Feature", "properties": { "lon": 77.6791087, "lat": 12.90181875, "highway": "residential", "point_id": 374 }, "geometry": { "type": "Point", "coordinates": [ 77.6791087, 12.90181875 ] } },
{ "type": "Feature", "properties": { "lon": 77.6133742, "lat": 13.01672675, "highway": "residential", "point_id": 375 }, "geometry": { "type": "Point", "coordinates": [ 77.61337420000001, 13.01672675 ] } },
{ "type": "Feature", "properties": { "lon": 77.35867345, "lat": 12.8865377, "highway": "secondary", "point_id": 376 }, "geometry": { "type": "Point", "coordinates": [ 77.35867345, 12.8865377 ] } },
{ "type": "Feature", "properties": { "lon": 77.43398, "lat": 13.05754405, "highway": "residential", "point_id": 377 }, "geometry": { "type": "Point", "coordinates": [ 77.43398, 13.05754405 ] } },
{ "type": "Feature", "properties": { "lon": 77.62666095, "lat": 13.08061375, "highway": "residential", "point_id": 378 }, "geometry": { "type": "Point", "coordinates": [ 77.62666095, 13.08061375 ] } },
{ "type": "Feature", "properties": { "lon": 77.5930226, "lat": 13.00608995, "highway": "primary", "point_id": 379 }, "geometry": { "type": "Point", "coordinates": [ 77.5930226, 13.00608995 ] } },
{ "type": "Feature", "properties": { "lon": 77.71363815, "lat": 12.8540647, "highway": "residential", "point_id": 380 }, "geometry": { "type": "Point", "coordinates": [ 77.71363815, 12.8540647 ] } },
{ "type": "Feature", "properties": { "lon": 77.66244525, "lat": 13.07248865, "highway": "residential", "point_id": 381 }, "geometry": { "type": "Point", "coordinates": [ 77.66244525, 13.07248865 ] } },
{ "type": "Feature", "properties": { "lon": 77.7290946, "lat": 12.88296685, "highway": "unclassified", "point_id": 382 }, "geometry": { "type": "Point", "coordinates": [ 77.7290946, 12.88296685 ] } },
{ "type": "Feature", "properties": { "lon": 77.42897545, "lat": 13.0527431, "highway": "residential", "point_id": 383 }, "geometry": { "type": "Point", "coordinates": [ 77.42897545, 13.0527431 ] } },
{ "type": "Feature", "properties": { "lon": 77.6079092, "lat": 13.07016085, "highway": "residential", "point_id": 384 }, "geometry": { "type": "Point", "coordinates": [ 77.6079092, 13.07016085 ] } },
{ "type": "Feature", "properties": { "lon": 77.61916315, "lat": 12.9618376, "highway": "secondary", "point_id": 385 }, "geometry": { "type": "Point", "coordinates": [ 77.61916315, 12.9618376 ] } },
{ "type": "Feature", "properties": { "lon": 77.66031625, "lat": 12.86001245, "highway": "unclassified", "point_id": 386 }, "geometry": { "type": "Point", "coordinates": [ 77.66031625, 12.86001245 ] } },
{ "type": "Feature", "properties": { "lon": 77.7321617, "lat": 12.73696805, "highway": "primary", "point_id": 387 }, "geometry": { "type": "Point", "coordinates": [ 77.7321617, 12.73696805 ] } },
{ "type": "Feature", "properties": { "lon": 77.51392305, "lat": 12.8745475, "highway": "residential", "point_id": 388 }, "geometry": { "type": "Point", "coordinates": [ 77.51392305, 12.8745475 ] } },
{ "type": "Feature", "properties": { "lon": 77.7245177, "lat": 12.76351645, "highway": "residential", "point_id": 389 }, "geometry": { "type": "Point", "coordinates": [ 77.7245177, 12.76351645 ] } },
{ "type": "Feature", "properties": { "lon": 77.50999875, "lat": 12.9581189, "highway": "tertiary", "point_id": 390 }, "geometry": { "type": "Point", "coordinates": [ 77.50999875, 12.9581189 ] } },
{ "type": "Feature", "properties": { "lon": 77.51921485, "lat": 12.849824, "highway": "residential", "point_id": 391 }, "geometry": { "type": "Point", "coordinates": [ 77.51921485, 12.849824 ] } },
{ "type": "Feature", "properties": { "lon": 77.6060518, "lat": 12.8390703, "highway": "residential", "point_id": 392 }, "geometry": { "type": "Point", "coordinates": [ 77.606051799999989, 12.8390703 ] } },
{ "type": "Feature", "properties": { "lon": 77.50406555000001, "lat": 13.14886065, "highway": "residential", "point_id": 393 }, "geometry": { "type": "Point", "coordinates": [ 77.50406555, 13.14886065 ] } },
{ "type": "Feature", "properties": { "lon": 77.4819552, "lat": 12.9772744, "highway": "residential", "point_id": 394 }, "geometry": { "type": "Point", "coordinates": [ 77.4819552, 12.9772744 ] } },
{ "type": "Feature", "properties": { "lon": 77.45142815, "lat": 13.0496724, "highway": "residential", "point_id": 395 }, "geometry": { "type": "Point", "coordinates": [ 77.45142815, 13.0496724 ] } },
{ "type": "Feature", "properties": { "lon": 77.4999193, "lat": 12.8424819, "highway": "residential", "point_id": 396 }, "geometry": { "type": "Point", "coordinates": [ 77.4999193, 12.8424819 ] } },
{ "type": "Feature", "properties": { "lon": 77.60054535, "lat": 12.9150688, "highway": "residential", "point_id": 397 }, "geometry": { "type": "Point", "coordinates": [ 77.60054535, 12.9150688 ] } },
{ "type": "Feature", "properties": { "lon": 77.613759, "lat": 12.74964165, "highway": "tertiary", "point_id": 398 }, "geometry": { "type": "Point", "coordinates": [ 77.613759, 12.74964165 ] } },
{ "type": "Feature", "properties": { "lon": 77.6841077, "lat": 12.90609915, "highway": "residential", "point_id": 399 }, "geometry": { "type": "Point", "coordinates": [ 77.6841077, 12.90609915 ] } },
{ "type": "Feature", "properties": { "lon": 77.677449, "lat": 13.0366434, "highway": "residential", "point_id": 400 }, "geometry": { "type": "Point", "coordinates": [ 77.677449, 13.0366434 ] } },
{ "type": "Feature", "properties": { "lon": 77.690026749999987, "lat": 13.03194785, "highway": "residential", "point_id": 401 }, "geometry": { "type": "Point", "coordinates": [ 77.690026749999987, 13.03194785 ] } },
{ "type": "Feature", "properties": { "lon": 77.5605009, "lat": 12.97453175, "highway": "tertiary", "point_id": 402 }, "geometry": { "type": "Point", "coordinates": [ 77.5605009, 12.97453175 ] } },
{ "type": "Feature", "properties": { "lon": 77.56130385, "lat": 12.94253955, "highway": "residential", "point_id": 403 }, "geometry": { "type": "Point", "coordinates": [ 77.56130385, 12.94253955 ] } },
{ "type": "Feature", "properties": { "lon": 77.4680525, "lat": 13.03012, "highway": "residential", "point_id": 404 }, "geometry": { "type": "Point", "coordinates": [ 77.4680525, 13.03012 ] } },
{ "type": "Feature", "properties": { "lon": 77.61110405, "lat": 12.83173845, "highway": "residential", "point_id": 405 }, "geometry": { "type": "Point", "coordinates": [ 77.61110405, 12.83173845 ] } },
{ "type": "Feature", "properties": { "lon": 77.69183195, "lat": 13.08992745, "highway": "residential", "point_id": 406 }, "geometry": { "type": "Point", "coordinates": [ 77.69183195, 13.08992745 ] } },
{ "type": "Feature", "properties": { "lon": 77.4638406, "lat": 13.05284295, "highway": "residential", "point_id": 407 }, "geometry": { "type": "Point", "coordinates": [ 77.4638406, 13.05284295 ] } },
{ "type": "Feature", "properties": { "lon": 77.65219905000001, "lat": 13.0203519, "highway": "trunk", "point_id": 408 }, "geometry": { "type": "Point", "coordinates": [ 77.65219905, 13.0203519 ] } },
{ "type": "Feature", "properties": { "lon": 77.6012734, "lat": 12.9458788, "highway": "residential", "point_id": 409 }, "geometry": { "type": "Point", "coordinates": [ 77.6012734, 12.9458788 ] } },
{ "type": "Feature", "properties": { "lon": 77.4647912, "lat": 12.98977875, "highway": "residential", "point_id": 410 }, "geometry": { "type": "Point", "coordinates": [ 77.4647912, 12.98977875 ] } },
{ "type": "Feature", "properties": { "lon": 77.54514655, "lat": 12.91857465, "highway": "residential", "point_id": 411 }, "geometry": { "type": "Point", "coordinates": [ 77.54514655, 12.91857465 ] } },
{ "type": "Feature", "properties": { "lon": 77.64891425, "lat": 13.0338844, "highway": "residential", "point_id": 412 }, "geometry": { "type": "Point", "coordinates": [ 77.64891425, 13.0338844 ] } },
{ "type": "Feature", "properties": { "lon": 77.58295585, "lat": 13.0873793, "highway": "residential", "point_id": 413 }, "geometry": { "type": "Point", "coordinates": [ 77.58295585, 13.0873793 ] } },
{ "type": "Feature", "properties": { "lon": 77.47368265, "lat": 13.0489322, "highway": "residential", "point_id": 414 }, "geometry": { "type": "Point", "coordinates": [ 77.47368265, 13.0489322 ] } },
{ "type": "Feature", "properties": { "lon": 77.5879863, "lat": 12.9461557, "highway": "residential", "point_id": 415 }, "geometry": { "type": "Point", "coordinates": [ 77.587986300000011, 12.9461557 ] } },
{ "type": "Feature", "properties": { "lon": 77.50561155, "lat": 13.0970788, "highway": "residential", "point_id": 416 }, "geometry": { "type": "Point", "coordinates": [ 77.50561155, 13.0970788 ] } },
{ "type": "Feature", "properties": { "lon": 77.42110305, "lat": 13.12271185, "highway": "tertiary", "point_id": 417 }, "geometry": { "type": "Point", "coordinates": [ 77.42110305, 13.12271185 ] } },
{ "type": "Feature", "properties": { "lon": 77.475894649999987, "lat": 12.92955475, "highway": "residential", "point_id": 418 }, "geometry": { "type": "Point", "coordinates": [ 77.475894649999987, 12.92955475 ] } },
{ "type": "Feature", "properties": { "lon": 77.44834445000001, "lat": 12.86204755, "highway": "residential", "point_id": 419 }, "geometry": { "type": "Point", "coordinates": [ 77.44834445, 12.86204755 ] } },
{ "type": "Feature", "properties": { "lon": 77.6188872, "lat": 12.9494439, "highway": "residential", "point_id": 420 }, "geometry": { "type": "Point", "coordinates": [ 77.6188872, 12.9494439 ] } },
{ "type": "Feature", "properties": { "lon": 77.66695955, "lat": 12.9814033, "highway": "residential", "point_id": 421 }, "geometry": { "type": "Point", "coordinates": [ 77.66695955, 12.9814033 ] } },
{ "type": "Feature", "properties": { "lon": 77.7524851, "lat": 13.00263455, "highway": "residential", "point_id": 422 }, "geometry": { "type": "Point", "coordinates": [ 77.7524851, 13.00263455 ] } },
{ "type": "Feature", "properties": { "lon": 77.48374595, "lat": 12.89755545, "highway": "residential", "point_id": 423 }, "geometry": { "type": "Point", "coordinates": [ 77.48374595, 12.89755545 ] } },
{ "type": "Feature", "properties": { "lon": 77.6867557, "lat": 12.70258555, "highway": "residential", "point_id": 424 }, "geometry": { "type": "Point", "coordinates": [ 77.6867557, 12.70258555 ] } },
{ "type": "Feature", "properties": { "lon": 77.58370975, "lat": 12.92239215, "highway": "residential", "point_id": 425 }, "geometry": { "type": "Point", "coordinates": [ 77.58370975, 12.92239215 ] } },
{ "type": "Feature", "properties": { "lon": 77.6621859, "lat": 13.1468595, "highway": "residential", "point_id": 426 }, "geometry": { "type": "Point", "coordinates": [ 77.6621859, 13.1468595 ] } },
{ "type": "Feature", "properties": { "lon": 77.47217025, "lat": 12.74766635, "highway": "residential", "point_id": 427 }, "geometry": { "type": "Point", "coordinates": [ 77.47217025, 12.74766635 ] } },
{ "type": "Feature", "properties": { "lon": 77.5256952, "lat": 12.94355995, "highway": "residential", "point_id": 428 }, "geometry": { "type": "Point", "coordinates": [ 77.5256952, 12.94355995 ] } },
{ "type": "Feature", "properties": { "lon": 77.48256635, "lat": 12.77134255, "highway": "residential", "point_id": 429 }, "geometry": { "type": "Point", "coordinates": [ 77.48256635, 12.77134255 ] } },
{ "type": "Feature", "properties": { "lon": 77.5615584, "lat": 12.97129055, "highway": "residential", "point_id": 430 }, "geometry": { "type": "Point", "coordinates": [ 77.5615584, 12.97129055 ] } },
{ "type": "Feature", "properties": { "lon": 77.6873034, "lat": 13.1746476, "highway": "residential", "point_id": 431 }, "geometry": { "type": "Point", "coordinates": [ 77.6873034, 13.1746476 ] } },
{ "type": "Feature", "properties": { "lon": 77.52801905, "lat": 12.8010124, "highway": "tertiary", "point_id": 432 }, "geometry": { "type": "Point", "coordinates": [ 77.52801905, 12.8010124 ] } },
{ "type": "Feature", "properties": { "lon": 77.70805735, "lat": 12.725711, "highway": "residential", "point_id": 433 }, "geometry": { "type": "Point", "coordinates": [ 77.70805735, 12.725711 ] } },
{ "type": "Feature", "properties": { "lon": 77.63656105, "lat": 12.9245198, "highway": "residential", "point_id": 434 }, "geometry": { "type": "Point", "coordinates": [ 77.63656105, 12.9245198 ] } },
{ "type": "Feature", "properties": { "lon": 77.5561226, "lat": 12.94933725, "highway": "residential", "point_id": 435 }, "geometry": { "type": "Point", "coordinates": [ 77.5561226, 12.94933725 ] } },
{ "type": "Feature", "properties": { "lon": 77.6094306, "lat": 13.01645265, "highway": "residential", "point_id": 436 }, "geometry": { "type": "Point", "coordinates": [ 77.6094306, 13.01645265 ] } },
{ "type": "Feature", "properties": { "lon": 77.58503975, "lat": 13.0729389, "highway": "residential", "point_id": 437 }, "geometry": { "type": "Point", "coordinates": [ 77.58503975, 13.0729389 ] } },
{ "type": "Feature", "properties": { "lon": 77.55133915, "lat": 12.852635, "highway": "residential", "point_id": 438 }, "geometry": { "type": "Point", "coordinates": [ 77.55133915, 12.852635 ] } },
{ "type": "Feature", "properties": { "lon": 77.5733172, "lat": 12.98697835, "highway": "residential", "point_id": 439 }, "geometry": { "type": "Point", "coordinates": [ 77.5733172, 12.98697835 ] } },
{ "type": "Feature", "properties": { "lon": 77.4955573, "lat": 12.94378295, "highway": "residential", "point_id": 440 }, "geometry": { "type": "Point", "coordinates": [ 77.4955573, 12.94378295 ] } },
{ "type": "Feature", "properties": { "lon": 77.60021085, "lat": 12.90725315, "highway": "trunk", "point_id": 441 }, "geometry": { "type": "Point", "coordinates": [ 77.60021085, 12.90725315 ] } },
{ "type": "Feature", "properties": { "lon": 77.56696145000001, "lat": 12.9041374, "highway": "residential", "point_id": 442 }, "geometry": { "type": "Point", "coordinates": [ 77.56696145, 12.9041374 ] } },
{ "type": "Feature", "properties": { "lon": 77.3888111, "lat": 12.96141955, "highway": "residential", "point_id": 443 }, "geometry": { "type": "Point", "coordinates": [ 77.3888111, 12.96141955 ] } },
{ "type": "Feature", "properties": { "lon": 77.47999985, "lat": 12.9917064, "highway": "residential", "point_id": 444 }, "geometry": { "type": "Point", "coordinates": [ 77.47999985, 12.9917064 ] } },
{ "type": "Feature", "properties": { "lon": 77.7163835, "lat": 13.00379895, "highway": "residential", "point_id": 445 }, "geometry": { "type": "Point", "coordinates": [ 77.7163835, 13.00379895 ] } },
{ "type": "Feature", "properties": { "lon": 77.71960105, "lat": 13.0724254, "highway": "residential", "point_id": 446 }, "geometry": { "type": "Point", "coordinates": [ 77.71960105, 13.0724254 ] } },
{ "type": "Feature", "properties": { "lon": 77.6763247, "lat": 12.76776305, "highway": "residential", "point_id": 447 }, "geometry": { "type": "Point", "coordinates": [ 77.6763247, 12.76776305 ] } },
{ "type": "Feature", "properties": { "lon": 77.52039685, "lat": 12.9187268, "highway": "residential", "point_id": 448 }, "geometry": { "type": "Point", "coordinates": [ 77.52039685, 12.9187268 ] } },
{ "type": "Feature", "properties": { "lon": 77.69858225, "lat": 12.7668802, "highway": "residential", "point_id": 449 }, "geometry": { "type": "Point", "coordinates": [ 77.69858225, 12.7668802 ] } },
{ "type": "Feature", "properties": { "lon": 77.56443305, "lat": 13.0684771, "highway": "residential", "point_id": 450 }, "geometry": { "type": "Point", "coordinates": [ 77.56443305, 13.0684771 ] } },
{ "type": "Feature", "properties": { "lon": 77.51906855, "lat": 12.9580493, "highway": "trunk", "point_id": 451 }, "geometry": { "type": "Point", "coordinates": [ 77.51906855, 12.9580493 ] } },
{ "type": "Feature", "properties": { "lon": 77.41078295, "lat": 13.10780775, "highway": "residential", "point_id": 452 }, "geometry": { "type": "Point", "coordinates": [ 77.41078295, 13.10780775 ] } },
{ "type": "Feature", "properties": { "lon": 77.4723378, "lat": 12.76103855, "highway": "tertiary", "point_id": 453 }, "geometry": { "type": "Point", "coordinates": [ 77.4723378, 12.76103855 ] } },
{ "type": "Feature", "properties": { "lon": 77.6836963, "lat": 13.0193864, "highway": "residential", "point_id": 454 }, "geometry": { "type": "Point", "coordinates": [ 77.6836963, 13.0193864 ] } },
{ "type": "Feature", "properties": { "lon": 77.4239936, "lat": 12.84766025, "highway": "residential", "point_id": 455 }, "geometry": { "type": "Point", "coordinates": [ 77.4239936, 12.84766025 ] } },
{ "type": "Feature", "properties": { "lon": 77.5707371, "lat": 13.1000106, "highway": "residential", "point_id": 456 }, "geometry": { "type": "Point", "coordinates": [ 77.5707371, 13.1000106 ] } },
{ "type": "Feature", "properties": { "lon": 77.42113735, "lat": 12.89188795, "highway": "tertiary", "point_id": 457 }, "geometry": { "type": "Point", "coordinates": [ 77.42113735, 12.89188795 ] } },
{ "type": "Feature", "properties": { "lon": 77.74726095, "lat": 12.9063974, "highway": "residential", "point_id": 458 }, "geometry": { "type": "Point", "coordinates": [ 77.74726095, 12.9063974 ] } },
{ "type": "Feature", "properties": { "lon": 77.66607095000001, "lat": 12.9208747, "highway": "tertiary", "point_id": 459 }, "geometry": { "type": "Point", "coordinates": [ 77.66607095, 12.9208747 ] } },
{ "type": "Feature", "properties": { "lon": 77.43834345, "lat": 12.8187076, "highway": "residential", "point_id": 460 }, "geometry": { "type": "Point", "coordinates": [ 77.43834345, 12.8187076 ] } },
{ "type": "Feature", "properties": { "lon": 77.74202265, "lat": 12.7718684, "highway": "tertiary", "point_id": 461 }, "geometry": { "type": "Point", "coordinates": [ 77.74202265, 12.7718684 ] } },
{ "type": "Feature", "properties": { "lon": 77.70859415000001, "lat": 13.0308209, "highway": "residential", "point_id": 462 }, "geometry": { "type": "Point", "coordinates": [ 77.70859415000001, 13.0308209 ] } },
{ "type": "Feature", "properties": { "lon": 77.55763385, "lat": 13.09147765, "highway": "residential", "point_id": 463 }, "geometry": { "type": "Point", "coordinates": [ 77.55763385, 13.09147765 ] } },
{ "type": "Feature", "properties": { "lon": 77.581648, "lat": 13.00667265, "highway": "residential", "point_id": 464 }, "geometry": { "type": "Point", "coordinates": [ 77.581648, 13.00667265 ] } },
{ "type": "Feature", "properties": { "lon": 77.4694234, "lat": 12.9024797, "highway": "trunk", "point_id": 465 }, "geometry": { "type": "Point", "coordinates": [ 77.4694234, 12.9024797 ] } },
{ "type": "Feature", "properties": { "lon": 77.66356815, "lat": 12.9588838, "highway": "primary", "point_id": 466 }, "geometry": { "type": "Point", "coordinates": [ 77.66356815, 12.9588838 ] } },
{ "type": "Feature", "properties": { "lon": 77.46093715000001, "lat": 13.12785965, "highway": "tertiary", "point_id": 467 }, "geometry": { "type": "Point", "coordinates": [ 77.46093715, 13.12785965 ] } },
{ "type": "Feature", "properties": { "lon": 77.52183625000001, "lat": 12.9903452, "highway": "residential", "point_id": 468 }, "geometry": { "type": "Point", "coordinates": [ 77.52183625, 12.9903452 ] } },
{ "type": "Feature", "properties": { "lon": 77.5674923, "lat": 12.9472667, "highway": "secondary", "point_id": 469 }, "geometry": { "type": "Point", "coordinates": [ 77.5674923, 12.9472667 ] } },
{ "type": "Feature", "properties": { "lon": 77.50424965, "lat": 12.97685655, "highway": "residential", "point_id": 470 }, "geometry": { "type": "Point", "coordinates": [ 77.50424965, 12.97685655 ] } },
{ "type": "Feature", "properties": { "lon": 77.64475485, "lat": 12.95050315, "highway": "tertiary", "point_id": 471 }, "geometry": { "type": "Point", "coordinates": [ 77.64475485, 12.95050315 ] } },
{ "type": "Feature", "properties": { "lon": 77.5002283, "lat": 13.00197085, "highway": "residential", "point_id": 472 }, "geometry": { "type": "Point", "coordinates": [ 77.5002283, 13.00197085 ] } },
{ "type": "Feature", "properties": { "lon": 77.437115, "lat": 13.0113564, "highway": "residential", "point_id": 473 }, "geometry": { "type": "Point", "coordinates": [ 77.437115, 13.0113564 ] } },
{ "type": "Feature", "properties": { "lon": 77.4821894, "lat": 12.98142425, "highway": "residential", "point_id": 474 }, "geometry": { "type": "Point", "coordinates": [ 77.48218940000001, 12.98142425 ] } },
{ "type": "Feature", "properties": { "lon": 77.5474588, "lat": 13.09067295, "highway": "residential", "point_id": 475 }, "geometry": { "type": "Point", "coordinates": [ 77.547458799999987, 13.09067295 ] } },
{ "type": "Feature", "properties": { "lon": 77.5481832, "lat": 13.09438225, "highway": "tertiary", "point_id": 476 }, "geometry": { "type": "Point", "coordinates": [ 77.548183200000011, 13.09438225 ] } },
{ "type": "Feature", "properties": { "lon": 77.58423205, "lat": 12.9162508, "highway": "tertiary", "point_id": 477 }, "geometry": { "type": "Point", "coordinates": [ 77.58423205, 12.9162508 ] } },
{ "type": "Feature", "properties": { "lon": 77.5364595, "lat": 12.8980592, "highway": "residential", "point_id": 478 }, "geometry": { "type": "Point", "coordinates": [ 77.5364595, 12.8980592 ] } },
{ "type": "Feature", "properties": { "lon": 77.64721895, "lat": 12.8853287, "highway": "residential", "point_id": 479 }, "geometry": { "type": "Point", "coordinates": [ 77.64721895, 12.8853287 ] } },
{ "type": "Feature", "properties": { "lon": 77.5610457, "lat": 12.9256782, "highway": "residential", "point_id": 480 }, "geometry": { "type": "Point", "coordinates": [ 77.5610457, 12.9256782 ] } },
{ "type": "Feature", "properties": { "lon": 77.62167585, "lat": 12.9003831, "highway": "residential", "point_id": 481 }, "geometry": { "type": "Point", "coordinates": [ 77.62167585, 12.9003831 ] } },
{ "type": "Feature", "properties": { "lon": 77.4141236, "lat": 13.009988, "highway": "tertiary", "point_id": 482 }, "geometry": { "type": "Point", "coordinates": [ 77.4141236, 13.009988 ] } },
{ "type": "Feature", "properties": { "lon": 77.66959055000001, "lat": 12.7742068, "highway": "residential", "point_id": 483 }, "geometry": { "type": "Point", "coordinates": [ 77.66959055, 12.7742068 ] } },
{ "type": "Feature", "properties": { "lon": 77.5489576, "lat": 12.8769783, "highway": "residential", "point_id": 484 }, "geometry": { "type": "Point", "coordinates": [ 77.5489576, 12.8769783 ] } },
{ "type": "Feature", "properties": { "lon": 77.8111325, "lat": 12.8814167, "highway": "residential", "point_id": 485 }, "geometry": { "type": "Point", "coordinates": [ 77.8111325, 12.8814167 ] } },
{ "type": "Feature", "properties": { "lon": 77.6680828, "lat": 13.16424645, "highway": "tertiary", "point_id": 486 }, "geometry": { "type": "Point", "coordinates": [ 77.6680828, 13.16424645 ] } },
{ "type": "Feature", "properties": { "lon": 77.3705964, "lat": 12.9207309, "highway": "residential", "point_id": 487 }, "geometry": { "type": "Point", "coordinates": [ 77.3705964, 12.9207309 ] } },
{ "type": "Feature", "properties": { "lon": 77.5859007, "lat": 13.14402045, "highway": "residential", "point_id": 488 }, "geometry": { "type": "Point", "coordinates": [ 77.5859007, 13.14402045 ] } },
{ "type": "Feature", "properties": { "lon": 77.74677235, "lat": 12.7085301, "highway": "residential", "point_id": 489 }, "geometry": { "type": "Point", "coordinates": [ 77.74677235, 12.7085301 ] } },
{ "type": "Feature", "properties": { "lon": 77.67018825, "lat": 12.77546965, "highway": "residential", "point_id": 490 }, "geometry": { "type": "Point", "coordinates": [ 77.67018825, 12.77546965 ] } },
{ "type": "Feature", "properties": { "lon": 77.42094725, "lat": 13.05303555, "highway": "tertiary", "point_id": 491 }, "geometry": { "type": "Point", "coordinates": [ 77.42094725, 13.05303555 ] } },
{ "type": "Feature", "properties": { "lon": 77.64421645, "lat": 13.1713915, "highway": "residential", "point_id": 492 }, "geometry": { "type": "Point", "coordinates": [ 77.64421645, 13.1713915 ] } },
{ "type": "Feature", "properties": { "lon": 77.6251132, "lat": 13.0956236, "highway": "residential", "point_id": 493 }, "geometry": { "type": "Point", "coordinates": [ 77.6251132, 13.0956236 ] } },
{ "type": "Feature", "properties": { "lon": 77.689923, "lat": 13.1473919, "highway": "tertiary", "point_id": 494 }, "geometry": { "type": "Point", "coordinates": [ 77.689923, 13.1473919 ] } },
{ "type": "Feature", "properties": { "lon": 77.43191655, "lat": 13.0560556, "highway": "residential", "point_id": 495 }, "geometry": { "type": "Point", "coordinates": [ 77.43191655, 13.0560556 ] } },
{ "type": "Feature", "properties": { "lon": 77.6261152, "lat": 12.96878095, "highway": "residential", "point_id": 496 }, "geometry": { "type": "Point", "coordinates": [ 77.6261152, 12.96878095 ] } },
{ "type": "Feature", "properties": { "lon": 77.4878816, "lat": 12.8801062, "highway": "residential", "point_id": 497 }, "geometry": { "type": "Point", "coordinates": [ 77.4878816, 12.8801062 ] } },
{ "type": "Feature", "properties": { "lon": 77.57513375000001, "lat": 12.9604747, "highway": "residential", "point_id": 498 }, "geometry": { "type": "Point", "coordinates": [ 77.57513375, 12.9604747 ] } },
{ "type": "Feature", "properties": { "lon": 77.5353943, "lat": 12.8824299, "highway": "residential", "point_id": 499 }, "geometry": { "type": "Point", "coordinates": [ 77.5353943, 12.8824299 ] } },
{ "type": "Feature", "properties": { "lon": 77.45355225, "lat": 13.1079319, "highway": "residential", "point_id": 500 }, "geometry": { "type": "Point", "coordinates": [ 77.45355225, 13.1079319 ] } },
{ "type": "Feature", "properties": { "lon": 77.645985, "lat": 13.1632646, "highway": "residential", "point_id": 501 }, "geometry": { "type": "Point", "coordinates": [ 77.645985, 13.1632646 ] } },
{ "type": "Feature", "properties": { "lon": 77.73866785, "lat": 13.0475634, "highway": "residential", "point_id": 502 }, "geometry": { "type": "Point", "coordinates": [ 77.73866785, 13.0475634 ] } },
{ "type": "Feature", "properties": { "lon": 77.5958947, "lat": 13.0303979, "highway": "residential", "point_id": 503 }, "geometry": { "type": "Point", "coordinates": [ 77.5958947, 13.0303979 ] } },
{ "type": "Feature", "properties": { "lon": 77.5919556, "lat": 12.80963245, "highway": "residential", "point_id": 504 }, "geometry": { "type": "Point", "coordinates": [ 77.5919556, 12.80963245 ] } },
{ "type": "Feature", "properties": { "lon": 77.53577595, "lat": 12.93328725, "highway": "residential", "point_id": 505 }, "geometry": { "type": "Point", "coordinates": [ 77.53577595, 12.93328725 ] } },
{ "type": "Feature", "properties": { "lon": 77.47990835, "lat": 13.02219155, "highway": "residential", "point_id": 506 }, "geometry": { "type": "Point", "coordinates": [ 77.47990835, 13.02219155 ] } },
{ "type": "Feature", "properties": { "lon": 77.57276495, "lat": 13.05543275, "highway": "residential", "point_id": 507 }, "geometry": { "type": "Point", "coordinates": [ 77.57276495, 13.05543275 ] } },
{ "type": "Feature", "properties": { "lon": 77.4765042, "lat": 13.1011707, "highway": "residential", "point_id": 508 }, "geometry": { "type": "Point", "coordinates": [ 77.4765042, 13.1011707 ] } },
{ "type": "Feature", "properties": { "lon": 77.7200467, "lat": 12.8684116, "highway": "residential", "point_id": 509 }, "geometry": { "type": "Point", "coordinates": [ 77.7200467, 12.8684116 ] } },
{ "type": "Feature", "properties": { "lon": 77.56530145, "lat": 12.8856313, "highway": "residential", "point_id": 510 }, "geometry": { "type": "Point", "coordinates": [ 77.56530145, 12.8856313 ] } },
{ "type": "Feature", "properties": { "lon": 77.492387549999989, "lat": 13.06436925, "highway": "residential", "point_id": 511 }, "geometry": { "type": "Point", "coordinates": [ 77.492387549999989, 13.06436925 ] } },
{ "type": "Feature", "properties": { "lon": 77.5713727, "lat": 12.9227697, "highway": "residential", "point_id": 512 }, "geometry": { "type": "Point", "coordinates": [ 77.5713727, 12.9227697 ] } },
{ "type": "Feature", "properties": { "lon": 77.4705734, "lat": 13.1410737, "highway": "residential", "point_id": 513 }, "geometry": { "type": "Point", "coordinates": [ 77.4705734, 13.1410737 ] } },
{ "type": "Feature", "properties": { "lon": 77.5327483, "lat": 12.9144855, "highway": "residential", "point_id": 514 }, "geometry": { "type": "Point", "coordinates": [ 77.5327483, 12.9144855 ] } },
{ "type": "Feature", "properties": { "lon": 77.53653945, "lat": 12.90281045, "highway": "residential", "point_id": 515 }, "geometry": { "type": "Point", "coordinates": [ 77.53653945, 12.90281045 ] } },
{ "type": "Feature", "properties": { "lon": 77.3510449, "lat": 12.8819875, "highway": "residential", "point_id": 516 }, "geometry": { "type": "Point", "coordinates": [ 77.3510449, 12.8819875 ] } },
{ "type": "Feature", "properties": { "lon": 77.6817695, "lat": 13.01324045, "highway": "tertiary", "point_id": 517 }, "geometry": { "type": "Point", "coordinates": [ 77.6817695, 13.01324045 ] } },
{ "type": "Feature", "properties": { "lon": 77.5137303, "lat": 13.1330437, "highway": "residential", "point_id": 518 }, "geometry": { "type": "Point", "coordinates": [ 77.5137303, 13.1330437 ] } },
{ "type": "Feature", "properties": { "lon": 77.5053899, "lat": 12.8849074, "highway": "residential", "point_id": 519 }, "geometry": { "type": "Point", "coordinates": [ 77.505389900000011, 12.8849074 ] } },
{ "type": "Feature", "properties": { "lon": 77.61518195, "lat": 13.03587485, "highway": "residential", "point_id": 520 }, "geometry": { "type": "Point", "coordinates": [ 77.61518195, 13.03587485 ] } },
{ "type": "Feature", "properties": { "lon": 77.5229038, "lat": 13.08822495, "highway": "residential", "point_id": 521 }, "geometry": { "type": "Point", "coordinates": [ 77.5229038, 13.08822495 ] } },
{ "type": "Feature", "properties": { "lon": 77.5143899, "lat": 12.8623936, "highway": "residential", "point_id": 522 }, "geometry": { "type": "Point", "coordinates": [ 77.5143899, 12.8623936 ] } },
{ "type": "Feature", "properties": { "lon": 77.56354585, "lat": 13.0727466, "highway": "residential", "point_id": 523 }, "geometry": { "type": "Point", "coordinates": [ 77.56354585, 13.0727466 ] } },
{ "type": "Feature", "properties": { "lon": 77.52542415, "lat": 12.95131375, "highway": "residential", "point_id": 524 }, "geometry": { "type": "Point", "coordinates": [ 77.52542415, 12.95131375 ] } },
{ "type": "Feature", "properties": { "lon": 77.5005919, "lat": 12.96123005, "highway": "tertiary", "point_id": 525 }, "geometry": { "type": "Point", "coordinates": [ 77.5005919, 12.96123005 ] } },
{ "type": "Feature", "properties": { "lon": 77.56169895, "lat": 12.9111441, "highway": "residential", "point_id": 526 }, "geometry": { "type": "Point", "coordinates": [ 77.56169895, 12.9111441 ] } },
{ "type": "Feature", "properties": { "lon": 77.49573375, "lat": 12.8423955, "highway": "residential", "point_id": 527 }, "geometry": { "type": "Point", "coordinates": [ 77.49573375, 12.8423955 ] } },
{ "type": "Feature", "properties": { "lon": 77.3998117, "lat": 12.92118285, "highway": "residential", "point_id": 528 }, "geometry": { "type": "Point", "coordinates": [ 77.3998117, 12.92118285 ] } },
{ "type": "Feature", "properties": { "lon": 77.62034065, "lat": 12.75782155, "highway": "residential", "point_id": 529 }, "geometry": { "type": "Point", "coordinates": [ 77.62034065, 12.75782155 ] } },
{ "type": "Feature", "properties": { "lon": 77.5903209, "lat": 12.9652512, "highway": "residential", "point_id": 530 }, "geometry": { "type": "Point", "coordinates": [ 77.5903209, 12.9652512 ] } },
{ "type": "Feature", "properties": { "lon": 77.6568038, "lat": 12.9708845, "highway": "residential", "point_id": 531 }, "geometry": { "type": "Point", "coordinates": [ 77.6568038, 12.9708845 ] } },
{ "type": "Feature", "properties": { "lon": 77.5881728, "lat": 12.8573409, "highway": "residential", "point_id": 532 }, "geometry": { "type": "Point", "coordinates": [ 77.5881728, 12.8573409 ] } },
{ "type": "Feature", "properties": { "lon": 77.48541725, "lat": 12.90075645, "highway": "residential", "point_id": 533 }, "geometry": { "type": "Point", "coordinates": [ 77.48541725, 12.90075645 ] } },
{ "type": "Feature", "properties": { "lon": 77.4888501, "lat": 13.00826205, "highway": "residential", "point_id": 534 }, "geometry": { "type": "Point", "coordinates": [ 77.4888501, 13.00826205 ] } },
{ "type": "Feature", "properties": { "lon": 77.66084645, "lat": 13.02657925, "highway": "residential", "point_id": 535 }, "geometry": { "type": "Point", "coordinates": [ 77.66084645, 13.02657925 ] } },
{ "type": "Feature", "properties": { "lon": 77.5646537, "lat": 12.96358555, "highway": "residential", "point_id": 536 }, "geometry": { "type": "Point", "coordinates": [ 77.5646537, 12.96358555 ] } },
{ "type": "Feature", "properties": { "lon": 77.57570175000001, "lat": 13.18189185, "highway": "residential", "point_id": 537 }, "geometry": { "type": "Point", "coordinates": [ 77.57570175, 13.18189185 ] } },
{ "type": "Feature", "properties": { "lon": 77.63543365000001, "lat": 12.9117918, "highway": "residential", "point_id": 538 }, "geometry": { "type": "Point", "coordinates": [ 77.63543365000001, 12.9117918 ] } },
{ "type": "Feature", "properties": { "lon": 77.61704835, "lat": 13.0270478, "highway": "residential", "point_id": 539 }, "geometry": { "type": "Point", "coordinates": [ 77.61704835, 13.0270478 ] } },
{ "type": "Feature", "properties": { "lon": 77.7522132, "lat": 12.7944372, "highway": "tertiary", "point_id": 540 }, "geometry": { "type": "Point", "coordinates": [ 77.7522132, 12.7944372 ] } },
{ "type": "Feature", "properties": { "lon": 77.48097465000001, "lat": 13.01926665, "highway": "residential", "point_id": 541 }, "geometry": { "type": "Point", "coordinates": [ 77.48097465, 13.01926665 ] } },
{ "type": "Feature", "properties": { "lon": 77.5354873, "lat": 12.87631645, "highway": "residential", "point_id": 542 }, "geometry": { "type": "Point", "coordinates": [ 77.5354873, 12.87631645 ] } },
{ "type": "Feature", "properties": { "lon": 77.42012415, "lat": 12.92204985, "highway": "tertiary", "point_id": 543 }, "geometry": { "type": "Point", "coordinates": [ 77.42012415, 12.92204985 ] } },
{ "type": "Feature", "properties": { "lon": 77.7284733, "lat": 13.05696995, "highway": "residential", "point_id": 544 }, "geometry": { "type": "Point", "coordinates": [ 77.7284733, 13.05696995 ] } },
{ "type": "Feature", "properties": { "lon": 77.5889639, "lat": 13.0849981, "highway": "residential", "point_id": 545 }, "geometry": { "type": "Point", "coordinates": [ 77.5889639, 13.0849981 ] } },
{ "type": "Feature", "properties": { "lon": 77.5691273, "lat": 12.8990706, "highway": "residential", "point_id": 546 }, "geometry": { "type": "Point", "coordinates": [ 77.5691273, 12.8990706 ] } },
{ "type": "Feature", "properties": { "lon": 77.59315555000001, "lat": 13.1059893, "highway": "residential", "point_id": 547 }, "geometry": { "type": "Point", "coordinates": [ 77.59315555, 13.1059893 ] } },
{ "type": "Feature", "properties": { "lon": 77.4939557, "lat": 13.1125222, "highway": "residential", "point_id": 548 }, "geometry": { "type": "Point", "coordinates": [ 77.4939557, 13.1125222 ] } },
{ "type": "Feature", "properties": { "lon": 77.4665087, "lat": 13.05502905, "highway": "residential", "point_id": 549 }, "geometry": { "type": "Point", "coordinates": [ 77.4665087, 13.05502905 ] } },
{ "type": "Feature", "properties": { "lon": 77.65505185000001, "lat": 12.8672533, "highway": "residential", "point_id": 550 }, "geometry": { "type": "Point", "coordinates": [ 77.65505185, 12.8672533 ] } },
{ "type": "Feature", "properties": { "lon": 77.5534298, "lat": 13.06644595, "highway": "tertiary", "point_id": 551 }, "geometry": { "type": "Point", "coordinates": [ 77.5534298, 13.06644595 ] } },
{ "type": "Feature", "properties": { "lon": 77.50551745, "lat": 13.0884887, "highway": "residential", "point_id": 552 }, "geometry": { "type": "Point", "coordinates": [ 77.50551745, 13.0884887 ] } },
{ "type": "Feature", "properties": { "lon": 77.4757708, "lat": 12.9394246, "highway": "residential", "point_id": 553 }, "geometry": { "type": "Point", "coordinates": [ 77.4757708, 12.9394246 ] } },
{ "type": "Feature", "properties": { "lon": 77.5044596, "lat": 13.0039077, "highway": "residential", "point_id": 554 }, "geometry": { "type": "Point", "coordinates": [ 77.5044596, 13.0039077 ] } },
{ "type": "Feature", "properties": { "lon": 77.403852550000011, "lat": 12.92737565, "highway": "residential", "point_id": 555 }, "geometry": { "type": "Point", "coordinates": [ 77.403852550000011, 12.92737565 ] } },
{ "type": "Feature", "properties": { "lon": 77.61311475, "lat": 12.79141555, "highway": "tertiary", "point_id": 556 }, "geometry": { "type": "Point", "coordinates": [ 77.61311475, 12.79141555 ] } },
{ "type": "Feature", "properties": { "lon": 77.6932944, "lat": 12.70071915, "highway": "tertiary", "point_id": 557 }, "geometry": { "type": "Point", "coordinates": [ 77.6932944, 12.70071915 ] } },
{ "type": "Feature", "properties": { "lon": 77.47252245, "lat": 12.9935428, "highway": "residential", "point_id": 558 }, "geometry": { "type": "Point", "coordinates": [ 77.47252245, 12.9935428 ] } },
{ "type": "Feature", "properties": { "lon": 77.6521052, "lat": 12.9680516, "highway": "secondary", "point_id": 559 }, "geometry": { "type": "Point", "coordinates": [ 77.6521052, 12.9680516 ] } },
{ "type": "Feature", "properties": { "lon": 77.5952389, "lat": 13.03871475, "highway": "residential", "point_id": 560 }, "geometry": { "type": "Point", "coordinates": [ 77.5952389, 13.03871475 ] } },
{ "type": "Feature", "properties": { "lon": 77.57083695, "lat": 12.95254745, "highway": "residential", "point_id": 561 }, "geometry": { "type": "Point", "coordinates": [ 77.57083695, 12.95254745 ] } },
{ "type": "Feature", "properties": { "lon": 77.477842, "lat": 12.99881995, "highway": "residential", "point_id": 562 }, "geometry": { "type": "Point", "coordinates": [ 77.477842, 12.99881995 ] } },
{ "type": "Feature", "properties": { "lon": 77.57211135, "lat": 12.914667, "highway": "residential", "point_id": 563 }, "geometry": { "type": "Point", "coordinates": [ 77.57211135, 12.914667 ] } },
{ "type": "Feature", "properties": { "lon": 77.70949205, "lat": 12.747488, "highway": "residential", "point_id": 564 }, "geometry": { "type": "Point", "coordinates": [ 77.70949205, 12.747488 ] } },
{ "type": "Feature", "properties": { "lon": 77.6908138, "lat": 12.79584235, "highway": "residential", "point_id": 565 }, "geometry": { "type": "Point", "coordinates": [ 77.6908138, 12.79584235 ] } },
{ "type": "Feature", "properties": { "lon": 77.61241195, "lat": 12.88238375, "highway": "residential", "point_id": 566 }, "geometry": { "type": "Point", "coordinates": [ 77.61241195, 12.88238375 ] } },
{ "type": "Feature", "properties": { "lon": 77.5531049, "lat": 12.87738165, "highway": "tertiary", "point_id": 567 }, "geometry": { "type": "Point", "coordinates": [ 77.5531049, 12.87738165 ] } },
{ "type": "Feature", "properties": { "lon": 77.71553805, "lat": 13.0343184, "highway": "residential", "point_id": 568 }, "geometry": { "type": "Point", "coordinates": [ 77.71553805, 13.0343184 ] } },
{ "type": "Feature", "properties": { "lon": 77.606418, "lat": 13.0144192, "highway": "residential", "point_id": 569 }, "geometry": { "type": "Point", "coordinates": [ 77.606418, 13.0144192 ] } },
{ "type": "Feature", "properties": { "lon": 77.40921115, "lat": 12.9436302, "highway": "residential", "point_id": 570 }, "geometry": { "type": "Point", "coordinates": [ 77.40921115, 12.9436302 ] } },
{ "type": "Feature", "properties": { "lon": 77.4602905, "lat": 12.987367, "highway": "residential", "point_id": 571 }, "geometry": { "type": "Point", "coordinates": [ 77.4602905, 12.987367 ] } },
{ "type": "Feature", "properties": { "lon": 77.57463765, "lat": 12.87077025, "highway": "residential", "point_id": 572 }, "geometry": { "type": "Point", "coordinates": [ 77.57463765, 12.87077025 ] } },
{ "type": "Feature", "properties": { "lon": 77.4518986, "lat": 12.8432391, "highway": "residential", "point_id": 573 }, "geometry": { "type": "Point", "coordinates": [ 77.4518986, 12.8432391 ] } },
{ "type": "Feature", "properties": { "lon": 77.53962325000001, "lat": 12.9258643, "highway": "residential", "point_id": 574 }, "geometry": { "type": "Point", "coordinates": [ 77.53962325, 12.9258643 ] } },
{ "type": "Feature", "properties": { "lon": 77.60679485, "lat": 13.01663805, "highway": "residential", "point_id": 575 }, "geometry": { "type": "Point", "coordinates": [ 77.60679485, 13.01663805 ] } },
{ "type": "Feature", "properties": { "lon": 77.7469271, "lat": 12.7506594, "highway": "tertiary", "point_id": 576 }, "geometry": { "type": "Point", "coordinates": [ 77.7469271, 12.7506594 ] } },
{ "type": "Feature", "properties": { "lon": 77.5414849, "lat": 12.9154339, "highway": "residential", "point_id": 577 }, "geometry": { "type": "Point", "coordinates": [ 77.5414849, 12.9154339 ] } },
{ "type": "Feature", "properties": { "lon": 77.68561395, "lat": 12.99759015, "highway": "residential", "point_id": 578 }, "geometry": { "type": "Point", "coordinates": [ 77.68561395, 12.99759015 ] } },
{ "type": "Feature", "properties": { "lon": 77.53135045, "lat": 12.89764295, "highway": "residential", "point_id": 579 }, "geometry": { "type": "Point", "coordinates": [ 77.53135045, 12.89764295 ] } },
{ "type": "Feature", "properties": { "lon": 77.5515206, "lat": 13.1939245, "highway": "residential", "point_id": 580 }, "geometry": { "type": "Point", "coordinates": [ 77.5515206, 13.1939245 ] } },
{ "type": "Feature", "properties": { "lon": 77.66467525, "lat": 13.01415995, "highway": "secondary", "point_id": 581 }, "geometry": { "type": "Point", "coordinates": [ 77.66467525, 13.01415995 ] } },
{ "type": "Feature", "properties": { "lon": 77.38511465, "lat": 13.0099469, "highway": "secondary", "point_id": 582 }, "geometry": { "type": "Point", "coordinates": [ 77.38511465, 13.0099469 ] } },
{ "type": "Feature", "properties": { "lon": 77.71423085000001, "lat": 12.96435035, "highway": "tertiary", "point_id": 583 }, "geometry": { "type": "Point", "coordinates": [ 77.71423085, 12.96435035 ] } },
{ "type": "Feature", "properties": { "lon": 77.61891445000001, "lat": 13.01321995, "highway": "residential", "point_id": 584 }, "geometry": { "type": "Point", "coordinates": [ 77.61891445, 13.01321995 ] } },
{ "type": "Feature", "properties": { "lon": 77.648232650000011, "lat": 13.10586815, "highway": "unclassified", "point_id": 585 }, "geometry": { "type": "Point", "coordinates": [ 77.648232650000011, 13.10586815 ] } },
{ "type": "Feature", "properties": { "lon": 77.547967449999987, "lat": 13.0055978, "highway": "secondary", "point_id": 586 }, "geometry": { "type": "Point", "coordinates": [ 77.547967449999987, 13.0055978 ] } },
{ "type": "Feature", "properties": { "lon": 77.5365303, "lat": 12.95817335, "highway": "residential", "point_id": 587 }, "geometry": { "type": "Point", "coordinates": [ 77.5365303, 12.95817335 ] } },
{ "type": "Feature", "properties": { "lon": 77.58178955, "lat": 13.0399509, "highway": "residential", "point_id": 588 }, "geometry": { "type": "Point", "coordinates": [ 77.58178955, 13.0399509 ] } },
{ "type": "Feature", "properties": { "lon": 77.5163399, "lat": 13.047088, "highway": "residential", "point_id": 589 }, "geometry": { "type": "Point", "coordinates": [ 77.5163399, 13.047088 ] } },
{ "type": "Feature", "properties": { "lon": 77.66885885, "lat": 13.13342495, "highway": "residential", "point_id": 590 }, "geometry": { "type": "Point", "coordinates": [ 77.66885885, 13.13342495 ] } },
{ "type": "Feature", "properties": { "lon": 77.54090115, "lat": 13.0235306, "highway": "residential", "point_id": 591 }, "geometry": { "type": "Point", "coordinates": [ 77.54090115, 13.0235306 ] } },
{ "type": "Feature", "properties": { "lon": 77.52762225000001, "lat": 12.8647985, "highway": "residential", "point_id": 592 }, "geometry": { "type": "Point", "coordinates": [ 77.52762225, 12.8647985 ] } },
{ "type": "Feature", "properties": { "lon": 77.6873581, "lat": 12.9946825, "highway": "residential", "point_id": 593 }, "geometry": { "type": "Point", "coordinates": [ 77.6873581, 12.9946825 ] } },
{ "type": "Feature", "properties": { "lon": 77.7032152, "lat": 12.7162686, "highway": "residential", "point_id": 594 }, "geometry": { "type": "Point", "coordinates": [ 77.703215199999988, 12.7162686 ] } },
{ "type": "Feature", "properties": { "lon": 77.4220982, "lat": 13.10317855, "highway": "residential", "point_id": 595 }, "geometry": { "type": "Point", "coordinates": [ 77.4220982, 13.10317855 ] } },
{ "type": "Feature", "properties": { "lon": 77.53539145, "lat": 12.997504, "highway": "residential", "point_id": 596 }, "geometry": { "type": "Point", "coordinates": [ 77.53539145, 12.997504 ] } },
{ "type": "Feature", "properties": { "lon": 77.75764095, "lat": 12.9796657, "highway": "tertiary", "point_id": 597 }, "geometry": { "type": "Point", "coordinates": [ 77.75764095, 12.9796657 ] } },
{ "type": "Feature", "properties": { "lon": 77.5951673, "lat": 12.87600905, "highway": "tertiary", "point_id": 598 }, "geometry": { "type": "Point", "coordinates": [ 77.5951673, 12.87600905 ] } },
{ "type": "Feature", "properties": { "lon": 77.48432075, "lat": 12.9727477, "highway": "secondary", "point_id": 599 }, "geometry": { "type": "Point", "coordinates": [ 77.48432075, 12.9727477 ] } },
{ "type": "Feature", "properties": { "lon": 77.75458625, "lat": 12.9477562, "highway": "residential", "point_id": 600 }, "geometry": { "type": "Point", "coordinates": [ 77.75458625, 12.9477562 ] } },
{ "type": "Feature", "properties": { "lon": 77.757564, "lat": 12.9593175, "highway": "residential", "point_id": 601 }, "geometry": { "type": "Point", "coordinates": [ 77.757564, 12.9593175 ] } },
{ "type": "Feature", "properties": { "lon": 77.56466505, "lat": 12.9496564, "highway": "residential", "point_id": 602 }, "geometry": { "type": "Point", "coordinates": [ 77.56466505, 12.9496564 ] } },
{ "type": "Feature", "properties": { "lon": 77.4056068, "lat": 12.9133509, "highway": "residential", "point_id": 603 }, "geometry": { "type": "Point", "coordinates": [ 77.4056068, 12.9133509 ] } },
{ "type": "Feature", "properties": { "lon": 77.73723205, "lat": 13.0364361, "highway": "residential", "point_id": 604 }, "geometry": { "type": "Point", "coordinates": [ 77.73723205, 13.0364361 ] } },
{ "type": "Feature", "properties": { "lon": 77.6799188, "lat": 12.90349945, "highway": "residential", "point_id": 605 }, "geometry": { "type": "Point", "coordinates": [ 77.6799188, 12.90349945 ] } },
{ "type": "Feature", "properties": { "lon": 77.5531652, "lat": 13.02181235, "highway": "tertiary", "point_id": 606 }, "geometry": { "type": "Point", "coordinates": [ 77.5531652, 13.02181235 ] } },
{ "type": "Feature", "properties": { "lon": 77.37655305, "lat": 12.867574, "highway": "residential", "point_id": 607 }, "geometry": { "type": "Point", "coordinates": [ 77.37655305, 12.867574 ] } },
{ "type": "Feature", "properties": { "lon": 77.6681838, "lat": 13.00747025, "highway": "residential", "point_id": 608 }, "geometry": { "type": "Point", "coordinates": [ 77.6681838, 13.00747025 ] } },
{ "type": "Feature", "properties": { "lon": 77.52521145, "lat": 12.94135775, "highway": "tertiary", "point_id": 609 }, "geometry": { "type": "Point", "coordinates": [ 77.52521145, 12.94135775 ] } },
{ "type": "Feature", "properties": { "lon": 77.54609235, "lat": 12.97784885, "highway": "residential", "point_id": 610 }, "geometry": { "type": "Point", "coordinates": [ 77.54609235, 12.97784885 ] } },
{ "type": "Feature", "properties": { "lon": 77.5167694, "lat": 13.0056528, "highway": "residential", "point_id": 611 }, "geometry": { "type": "Point", "coordinates": [ 77.5167694, 13.0056528 ] } },
{ "type": "Feature", "properties": { "lon": 77.5089057, "lat": 12.91155435, "highway": "residential", "point_id": 612 }, "geometry": { "type": "Point", "coordinates": [ 77.508905700000014, 12.91155435 ] } },
{ "type": "Feature", "properties": { "lon": 77.6808748, "lat": 13.00027485, "highway": "primary", "point_id": 613 }, "geometry": { "type": "Point", "coordinates": [ 77.6808748, 13.00027485 ] } },
{ "type": "Feature", "properties": { "lon": 77.57531445000001, "lat": 12.86639635, "highway": "residential", "point_id": 614 }, "geometry": { "type": "Point", "coordinates": [ 77.57531445, 12.86639635 ] } },
{ "type": "Feature", "properties": { "lon": 77.3519184, "lat": 12.8811982, "highway": "residential", "point_id": 615 }, "geometry": { "type": "Point", "coordinates": [ 77.3519184, 12.8811982 ] } },
{ "type": "Feature", "properties": { "lon": 77.66219345, "lat": 12.85887945, "highway": "trunk", "point_id": 616 }, "geometry": { "type": "Point", "coordinates": [ 77.66219345, 12.85887945 ] } },
{ "type": "Feature", "properties": { "lon": 77.630296, "lat": 13.0342453, "highway": "residential", "point_id": 617 }, "geometry": { "type": "Point", "coordinates": [ 77.630296, 13.0342453 ] } },
{ "type": "Feature", "properties": { "lon": 77.51256905, "lat": 13.1229733, "highway": "residential", "point_id": 618 }, "geometry": { "type": "Point", "coordinates": [ 77.51256905, 13.1229733 ] } },
{ "type": "Feature", "properties": { "lon": 77.65770335, "lat": 12.8783783, "highway": "residential", "point_id": 619 }, "geometry": { "type": "Point", "coordinates": [ 77.65770335, 12.8783783 ] } },
{ "type": "Feature", "properties": { "lon": 77.58419435, "lat": 12.8701701, "highway": "residential", "point_id": 620 }, "geometry": { "type": "Point", "coordinates": [ 77.58419435, 12.8701701 ] } },
{ "type": "Feature", "properties": { "lon": 77.5413424, "lat": 13.0061252, "highway": "tertiary", "point_id": 621 }, "geometry": { "type": "Point", "coordinates": [ 77.5413424, 13.0061252 ] } },
{ "type": "Feature", "properties": { "lon": 77.7113856, "lat": 13.13025915, "highway": "residential", "point_id": 622 }, "geometry": { "type": "Point", "coordinates": [ 77.7113856, 13.13025915 ] } },
{ "type": "Feature", "properties": { "lon": 77.680029749999989, "lat": 13.03661545, "highway": "residential", "point_id": 623 }, "geometry": { "type": "Point", "coordinates": [ 77.680029749999989, 13.03661545 ] } },
{ "type": "Feature", "properties": { "lon": 77.5835017, "lat": 12.91111505, "highway": "residential", "point_id": 624 }, "geometry": { "type": "Point", "coordinates": [ 77.5835017, 12.91111505 ] } },
{ "type": "Feature", "properties": { "lon": 77.54929205000001, "lat": 12.87594425, "highway": "residential", "point_id": 625 }, "geometry": { "type": "Point", "coordinates": [ 77.54929205, 12.87594425 ] } },
{ "type": "Feature", "properties": { "lon": 77.670348249999989, "lat": 12.8321957, "highway": "residential", "point_id": 626 }, "geometry": { "type": "Point", "coordinates": [ 77.670348249999989, 12.8321957 ] } },
{ "type": "Feature", "properties": { "lon": 77.5732897, "lat": 12.8843497, "highway": "residential", "point_id": 627 }, "geometry": { "type": "Point", "coordinates": [ 77.5732897, 12.8843497 ] } },
{ "type": "Feature", "properties": { "lon": 77.684588, "lat": 12.94843335, "highway": "residential", "point_id": 628 }, "geometry": { "type": "Point", "coordinates": [ 77.684588, 12.94843335 ] } },
{ "type": "Feature", "properties": { "lon": 77.6672052, "lat": 12.87163925, "highway": "residential", "point_id": 629 }, "geometry": { "type": "Point", "coordinates": [ 77.6672052, 12.87163925 ] } },
{ "type": "Feature", "properties": { "lon": 77.6954601, "lat": 12.7763863, "highway": "residential", "point_id": 630 }, "geometry": { "type": "Point", "coordinates": [ 77.6954601, 12.7763863 ] } },
{ "type": "Feature", "properties": { "lon": 77.50711825, "lat": 12.8740307, "highway": "residential", "point_id": 631 }, "geometry": { "type": "Point", "coordinates": [ 77.50711825, 12.8740307 ] } },
{ "type": "Feature", "properties": { "lon": 77.4519966, "lat": 12.9252445, "highway": "residential", "point_id": 632 }, "geometry": { "type": "Point", "coordinates": [ 77.4519966, 12.9252445 ] } },
{ "type": "Feature", "properties": { "lon": 77.57733735, "lat": 13.18495615, "highway": "residential", "point_id": 633 }, "geometry": { "type": "Point", "coordinates": [ 77.57733735, 13.18495615 ] } },
{ "type": "Feature", "properties": { "lon": 77.71180165, "lat": 12.9688728, "highway": "residential", "point_id": 634 }, "geometry": { "type": "Point", "coordinates": [ 77.71180165, 12.9688728 ] } },
{ "type": "Feature", "properties": { "lon": 77.71410545000001, "lat": 13.07982045, "highway": "residential", "point_id": 635 }, "geometry": { "type": "Point", "coordinates": [ 77.71410545, 13.07982045 ] } },
{ "type": "Feature", "properties": { "lon": 77.41633875, "lat": 12.8546654, "highway": "tertiary", "point_id": 636 }, "geometry": { "type": "Point", "coordinates": [ 77.41633875, 12.8546654 ] } },
{ "type": "Feature", "properties": { "lon": 77.4742867, "lat": 13.0114177, "highway": "residential", "point_id": 637 }, "geometry": { "type": "Point", "coordinates": [ 77.4742867, 13.0114177 ] } },
{ "type": "Feature", "properties": { "lon": 77.65441015, "lat": 12.76347445, "highway": "residential", "point_id": 638 }, "geometry": { "type": "Point", "coordinates": [ 77.65441015, 12.76347445 ] } },
{ "type": "Feature", "properties": { "lon": 77.45551185, "lat": 12.92331685, "highway": "residential", "point_id": 639 }, "geometry": { "type": "Point", "coordinates": [ 77.45551185, 12.92331685 ] } },
{ "type": "Feature", "properties": { "lon": 77.69129035, "lat": 13.03033115, "highway": "residential", "point_id": 640 }, "geometry": { "type": "Point", "coordinates": [ 77.69129035, 13.03033115 ] } },
{ "type": "Feature", "properties": { "lon": 77.461332, "lat": 12.9035361, "highway": "residential", "point_id": 641 }, "geometry": { "type": "Point", "coordinates": [ 77.461332, 12.9035361 ] } },
{ "type": "Feature", "properties": { "lon": 77.63130025000001, "lat": 12.89168875, "highway": "residential", "point_id": 642 }, "geometry": { "type": "Point", "coordinates": [ 77.63130025000001, 12.89168875 ] } },
{ "type": "Feature", "properties": { "lon": 77.4795161, "lat": 12.98273955, "highway": "residential", "point_id": 643 }, "geometry": { "type": "Point", "coordinates": [ 77.479516100000012, 12.98273955 ] } },
{ "type": "Feature", "properties": { "lon": 77.57734795, "lat": 12.8149461, "highway": "secondary", "point_id": 644 }, "geometry": { "type": "Point", "coordinates": [ 77.57734795, 12.8149461 ] } },
{ "type": "Feature", "properties": { "lon": 77.63832285, "lat": 13.007676, "highway": "residential", "point_id": 645 }, "geometry": { "type": "Point", "coordinates": [ 77.63832285, 13.007676 ] } },
{ "type": "Feature", "properties": { "lon": 77.4937469, "lat": 12.9911425, "highway": "residential", "point_id": 646 }, "geometry": { "type": "Point", "coordinates": [ 77.4937469, 12.9911425 ] } },
{ "type": "Feature", "properties": { "lon": 77.6679073, "lat": 12.77386195, "highway": "residential", "point_id": 647 }, "geometry": { "type": "Point", "coordinates": [ 77.6679073, 12.77386195 ] } },
{ "type": "Feature", "properties": { "lon": 77.59424955, "lat": 13.0141598, "highway": "residential", "point_id": 648 }, "geometry": { "type": "Point", "coordinates": [ 77.59424955, 13.0141598 ] } },
{ "type": "Feature", "properties": { "lon": 77.47236015, "lat": 12.9413021, "highway": "residential", "point_id": 649 }, "geometry": { "type": "Point", "coordinates": [ 77.47236015, 12.9413021 ] } },
{ "type": "Feature", "properties": { "lon": 77.54140725000001, "lat": 12.935873, "highway": "residential", "point_id": 650 }, "geometry": { "type": "Point", "coordinates": [ 77.54140725, 12.935873 ] } },
{ "type": "Feature", "properties": { "lon": 77.4394372, "lat": 12.8773473, "highway": "residential", "point_id": 651 }, "geometry": { "type": "Point", "coordinates": [ 77.4394372, 12.8773473 ] } },
{ "type": "Feature", "properties": { "lon": 77.40224495, "lat": 12.93356405, "highway": "residential", "point_id": 652 }, "geometry": { "type": "Point", "coordinates": [ 77.40224495, 12.93356405 ] } },
{ "type": "Feature", "properties": { "lon": 77.6091508, "lat": 12.8850618, "highway": "residential", "point_id": 653 }, "geometry": { "type": "Point", "coordinates": [ 77.6091508, 12.8850618 ] } },
{ "type": "Feature", "properties": { "lon": 77.64286875000001, "lat": 13.0631179, "highway": "residential", "point_id": 654 }, "geometry": { "type": "Point", "coordinates": [ 77.64286875, 13.0631179 ] } },
{ "type": "Feature", "properties": { "lon": 77.58744175, "lat": 13.06320575, "highway": "residential", "point_id": 655 }, "geometry": { "type": "Point", "coordinates": [ 77.58744175, 13.06320575 ] } },
{ "type": "Feature", "properties": { "lon": 77.51104865, "lat": 12.91416715, "highway": "residential", "point_id": 656 }, "geometry": { "type": "Point", "coordinates": [ 77.51104865, 12.91416715 ] } },
{ "type": "Feature", "properties": { "lon": 77.67015145, "lat": 12.9968983, "highway": "tertiary", "point_id": 657 }, "geometry": { "type": "Point", "coordinates": [ 77.67015145, 12.9968983 ] } },
{ "type": "Feature", "properties": { "lon": 77.62347465, "lat": 13.0573383, "highway": "residential", "point_id": 658 }, "geometry": { "type": "Point", "coordinates": [ 77.62347465, 13.0573383 ] } },
{ "type": "Feature", "properties": { "lon": 77.5070816, "lat": 12.84731165, "highway": "residential", "point_id": 659 }, "geometry": { "type": "Point", "coordinates": [ 77.5070816, 12.84731165 ] } },
{ "type": "Feature", "properties": { "lon": 77.71946455, "lat": 12.71955925, "highway": "residential", "point_id": 660 }, "geometry": { "type": "Point", "coordinates": [ 77.71946455, 12.71955925 ] } },
{ "type": "Feature", "properties": { "lon": 77.61329455000001, "lat": 12.9561094, "highway": "residential", "point_id": 661 }, "geometry": { "type": "Point", "coordinates": [ 77.61329455, 12.9561094 ] } },
{ "type": "Feature", "properties": { "lon": 77.58181025, "lat": 12.9230948, "highway": "residential", "point_id": 662 }, "geometry": { "type": "Point", "coordinates": [ 77.58181025, 12.9230948 ] } },
{ "type": "Feature", "properties": { "lon": 77.42621365, "lat": 13.0097617, "highway": "residential", "point_id": 663 }, "geometry": { "type": "Point", "coordinates": [ 77.42621365, 13.0097617 ] } },
{ "type": "Feature", "properties": { "lon": 77.6928217, "lat": 12.96940675, "highway": "residential", "point_id": 664 }, "geometry": { "type": "Point", "coordinates": [ 77.6928217, 12.96940675 ] } },
{ "type": "Feature", "properties": { "lon": 77.48287185, "lat": 12.98995735, "highway": "residential", "point_id": 665 }, "geometry": { "type": "Point", "coordinates": [ 77.48287185, 12.98995735 ] } },
{ "type": "Feature", "properties": { "lon": 77.4687332, "lat": 12.9194092, "highway": "tertiary", "point_id": 666 }, "geometry": { "type": "Point", "coordinates": [ 77.4687332, 12.9194092 ] } },
{ "type": "Feature", "properties": { "lon": 77.59975655, "lat": 12.98855205, "highway": "residential", "point_id": 667 }, "geometry": { "type": "Point", "coordinates": [ 77.59975655, 12.98855205 ] } },
{ "type": "Feature", "properties": { "lon": 77.45634005, "lat": 13.00451635, "highway": "residential", "point_id": 668 }, "geometry": { "type": "Point", "coordinates": [ 77.45634005, 13.00451635 ] } },
{ "type": "Feature", "properties": { "lon": 77.5158771, "lat": 12.90200585, "highway": "residential", "point_id": 669 }, "geometry": { "type": "Point", "coordinates": [ 77.5158771, 12.90200585 ] } },
{ "type": "Feature", "properties": { "lon": 77.66702685, "lat": 13.0257829, "highway": "tertiary", "point_id": 670 }, "geometry": { "type": "Point", "coordinates": [ 77.66702685, 13.0257829 ] } },
{ "type": "Feature", "properties": { "lon": 77.426741, "lat": 13.15403175, "highway": "residential", "point_id": 671 }, "geometry": { "type": "Point", "coordinates": [ 77.426741, 13.15403175 ] } },
{ "type": "Feature", "properties": { "lon": 77.5557639, "lat": 12.9091447, "highway": "residential", "point_id": 672 }, "geometry": { "type": "Point", "coordinates": [ 77.5557639, 12.9091447 ] } },
{ "type": "Feature", "properties": { "lon": 77.5378399, "lat": 12.96499465, "highway": "residential", "point_id": 673 }, "geometry": { "type": "Point", "coordinates": [ 77.5378399, 12.96499465 ] } },
{ "type": "Feature", "properties": { "lon": 77.59910795, "lat": 13.01866855, "highway": "secondary", "point_id": 674 }, "geometry": { "type": "Point", "coordinates": [ 77.59910795, 13.01866855 ] } },
{ "type": "Feature", "properties": { "lon": 77.50065185, "lat": 13.11426335, "highway": "tertiary", "point_id": 675 }, "geometry": { "type": "Point", "coordinates": [ 77.50065185, 13.11426335 ] } },
{ "type": "Feature", "properties": { "lon": 77.7555926, "lat": 12.7770093, "highway": "residential", "point_id": 676 }, "geometry": { "type": "Point", "coordinates": [ 77.7555926, 12.7770093 ] } },
{ "type": "Feature", "properties": { "lon": 77.6257451, "lat": 13.11472705, "highway": "residential", "point_id": 677 }, "geometry": { "type": "Point", "coordinates": [ 77.625745099999989, 13.11472705 ] } },
{ "type": "Feature", "properties": { "lon": 77.5810339, "lat": 12.9702338, "highway": "residential", "point_id": 678 }, "geometry": { "type": "Point", "coordinates": [ 77.5810339, 12.9702338 ] } },
{ "type": "Feature", "properties": { "lon": 77.61666375, "lat": 13.0617284, "highway": "residential", "point_id": 679 }, "geometry": { "type": "Point", "coordinates": [ 77.61666375, 13.0617284 ] } },
{ "type": "Feature", "properties": { "lon": 77.72286275, "lat": 12.900663, "highway": "tertiary", "point_id": 680 }, "geometry": { "type": "Point", "coordinates": [ 77.72286275, 12.900663 ] } },
{ "type": "Feature", "properties": { "lon": 77.5719921, "lat": 12.90984985, "highway": "residential", "point_id": 681 }, "geometry": { "type": "Point", "coordinates": [ 77.5719921, 12.90984985 ] } },
{ "type": "Feature", "properties": { "lon": 77.4130324, "lat": 13.10558825, "highway": "residential", "point_id": 682 }, "geometry": { "type": "Point", "coordinates": [ 77.4130324, 13.10558825 ] } },
{ "type": "Feature", "properties": { "lon": 77.50184485, "lat": 12.8164586, "highway": "residential", "point_id": 683 }, "geometry": { "type": "Point", "coordinates": [ 77.50184485, 12.8164586 ] } },
{ "type": "Feature", "properties": { "lon": 77.38796585, "lat": 12.94088985, "highway": "residential", "point_id": 684 }, "geometry": { "type": "Point", "coordinates": [ 77.38796585, 12.94088985 ] } },
{ "type": "Feature", "properties": { "lon": 77.5619536, "lat": 12.9137929, "highway": "residential", "point_id": 685 }, "geometry": { "type": "Point", "coordinates": [ 77.56195360000001, 12.9137929 ] } },
{ "type": "Feature", "properties": { "lon": 77.6730395, "lat": 12.9655963, "highway": "residential", "point_id": 686 }, "geometry": { "type": "Point", "coordinates": [ 77.6730395, 12.9655963 ] } },
{ "type": "Feature", "properties": { "lon": 77.47052135, "lat": 13.13664485, "highway": "residential", "point_id": 687 }, "geometry": { "type": "Point", "coordinates": [ 77.47052135, 13.13664485 ] } },
{ "type": "Feature", "properties": { "lon": 77.48982445, "lat": 12.8412927, "highway": "residential", "point_id": 688 }, "geometry": { "type": "Point", "coordinates": [ 77.48982445, 12.8412927 ] } },
{ "type": "Feature", "properties": { "lon": 77.6177248, "lat": 13.0254691, "highway": "residential", "point_id": 689 }, "geometry": { "type": "Point", "coordinates": [ 77.6177248, 13.0254691 ] } },
{ "type": "Feature", "properties": { "lon": 77.63611685, "lat": 12.9311238, "highway": "residential", "point_id": 690 }, "geometry": { "type": "Point", "coordinates": [ 77.63611685, 12.9311238 ] } },
{ "type": "Feature", "properties": { "lon": 77.6330712, "lat": 12.937709, "highway": "residential", "point_id": 691 }, "geometry": { "type": "Point", "coordinates": [ 77.6330712, 12.937709 ] } },
{ "type": "Feature", "properties": { "lon": 77.74516085, "lat": 12.93619415, "highway": "residential", "point_id": 692 }, "geometry": { "type": "Point", "coordinates": [ 77.74516085, 12.93619415 ] } },
{ "type": "Feature", "properties": { "lon": 77.6252671, "lat": 12.91074215, "highway": "residential", "point_id": 693 }, "geometry": { "type": "Point", "coordinates": [ 77.6252671, 12.91074215 ] } },
{ "type": "Feature", "properties": { "lon": 77.5659535, "lat": 13.05777405, "highway": "residential", "point_id": 694 }, "geometry": { "type": "Point", "coordinates": [ 77.5659535, 13.05777405 ] } },
{ "type": "Feature", "properties": { "lon": 77.3714821, "lat": 12.9101114, "highway": "secondary", "point_id": 695 }, "geometry": { "type": "Point", "coordinates": [ 77.3714821, 12.9101114 ] } },
{ "type": "Feature", "properties": { "lon": 77.6494387, "lat": 12.8840691, "highway": "residential", "point_id": 696 }, "geometry": { "type": "Point", "coordinates": [ 77.6494387, 12.8840691 ] } },
{ "type": "Feature", "properties": { "lon": 77.5578834, "lat": 12.8309677, "highway": "tertiary", "point_id": 697 }, "geometry": { "type": "Point", "coordinates": [ 77.5578834, 12.8309677 ] } },
{ "type": "Feature", "properties": { "lon": 77.645988, "lat": 12.74074865, "highway": "residential", "point_id": 698 }, "geometry": { "type": "Point", "coordinates": [ 77.645988, 12.74074865 ] } },
{ "type": "Feature", "properties": { "lon": 77.3703426, "lat": 12.973735, "highway": "primary", "point_id": 699 }, "geometry": { "type": "Point", "coordinates": [ 77.3703426, 12.973735 ] } },
{ "type": "Feature", "properties": { "lon": 77.56614505, "lat": 12.8589719, "highway": "residential", "point_id": 700 }, "geometry": { "type": "Point", "coordinates": [ 77.56614505, 12.8589719 ] } },
{ "type": "Feature", "properties": { "lon": 77.65477945000001, "lat": 12.89683145, "highway": "residential", "point_id": 701 }, "geometry": { "type": "Point", "coordinates": [ 77.65477945, 12.89683145 ] } },
{ "type": "Feature", "properties": { "lon": 77.54697655, "lat": 12.90893975, "highway": "residential", "point_id": 702 }, "geometry": { "type": "Point", "coordinates": [ 77.54697655, 12.90893975 ] } },
{ "type": "Feature", "properties": { "lon": 77.681939, "lat": 12.8788782, "highway": "residential", "point_id": 703 }, "geometry": { "type": "Point", "coordinates": [ 77.681939, 12.8788782 ] } },
{ "type": "Feature", "properties": { "lon": 77.57596045, "lat": 12.822055, "highway": "secondary", "point_id": 704 }, "geometry": { "type": "Point", "coordinates": [ 77.57596045, 12.822055 ] } },
{ "type": "Feature", "properties": { "lon": 77.6793042, "lat": 12.74318325, "highway": "residential", "point_id": 705 }, "geometry": { "type": "Point", "coordinates": [ 77.6793042, 12.74318325 ] } },
{ "type": "Feature", "properties": { "lon": 77.71460215, "lat": 13.0588163, "highway": "residential", "point_id": 706 }, "geometry": { "type": "Point", "coordinates": [ 77.71460215, 13.0588163 ] } },
{ "type": "Feature", "properties": { "lon": 77.5374349, "lat": 12.90687075, "highway": "residential", "point_id": 707 }, "geometry": { "type": "Point", "coordinates": [ 77.5374349, 12.90687075 ] } },
{ "type": "Feature", "properties": { "lon": 77.65716395, "lat": 12.9610552, "highway": "tertiary", "point_id": 708 }, "geometry": { "type": "Point", "coordinates": [ 77.65716395, 12.9610552 ] } },
{ "type": "Feature", "properties": { "lon": 77.48740445, "lat": 12.85410235, "highway": "tertiary", "point_id": 709 }, "geometry": { "type": "Point", "coordinates": [ 77.48740445, 12.85410235 ] } },
{ "type": "Feature", "properties": { "lon": 77.4588214, "lat": 13.04134665, "highway": "residential", "point_id": 710 }, "geometry": { "type": "Point", "coordinates": [ 77.4588214, 13.04134665 ] } },
{ "type": "Feature", "properties": { "lon": 77.7983876, "lat": 12.78572005, "highway": "residential", "point_id": 711 }, "geometry": { "type": "Point", "coordinates": [ 77.7983876, 12.78572005 ] } },
{ "type": "Feature", "properties": { "lon": 77.6031261, "lat": 13.0584538, "highway": "residential", "point_id": 712 }, "geometry": { "type": "Point", "coordinates": [ 77.6031261, 13.0584538 ] } },
{ "type": "Feature", "properties": { "lon": 77.5868896, "lat": 12.89171405, "highway": "residential", "point_id": 713 }, "geometry": { "type": "Point", "coordinates": [ 77.5868896, 12.89171405 ] } },
{ "type": "Feature", "properties": { "lon": 77.6449681, "lat": 13.05529975, "highway": "tertiary", "point_id": 714 }, "geometry": { "type": "Point", "coordinates": [ 77.6449681, 13.05529975 ] } },
{ "type": "Feature", "properties": { "lon": 77.47195235000001, "lat": 12.99480055, "highway": "residential", "point_id": 715 }, "geometry": { "type": "Point", "coordinates": [ 77.47195235, 12.99480055 ] } },
{ "type": "Feature", "properties": { "lon": 77.68855315, "lat": 12.7283269, "highway": "residential", "point_id": 716 }, "geometry": { "type": "Point", "coordinates": [ 77.68855315, 12.7283269 ] } },
{ "type": "Feature", "properties": { "lon": 77.53778675, "lat": 13.1450255, "highway": "residential", "point_id": 717 }, "geometry": { "type": "Point", "coordinates": [ 77.53778675, 13.1450255 ] } },
{ "type": "Feature", "properties": { "lon": 77.7387382, "lat": 12.95703285, "highway": "residential", "point_id": 718 }, "geometry": { "type": "Point", "coordinates": [ 77.7387382, 12.95703285 ] } },
{ "type": "Feature", "properties": { "lon": 77.44384765, "lat": 12.8208365, "highway": "tertiary", "point_id": 719 }, "geometry": { "type": "Point", "coordinates": [ 77.44384765, 12.8208365 ] } },
{ "type": "Feature", "properties": { "lon": 77.52959835, "lat": 12.9789861, "highway": "residential", "point_id": 720 }, "geometry": { "type": "Point", "coordinates": [ 77.52959835, 12.9789861 ] } },
{ "type": "Feature", "properties": { "lon": 77.64251165, "lat": 13.1324933, "highway": "residential", "point_id": 721 }, "geometry": { "type": "Point", "coordinates": [ 77.64251165, 13.1324933 ] } },
{ "type": "Feature", "properties": { "lon": 77.70743315, "lat": 12.7168284, "highway": "residential", "point_id": 722 }, "geometry": { "type": "Point", "coordinates": [ 77.70743315, 12.7168284 ] } },
{ "type": "Feature", "properties": { "lon": 77.65874995, "lat": 12.88597475, "highway": "residential", "point_id": 723 }, "geometry": { "type": "Point", "coordinates": [ 77.65874995, 12.88597475 ] } },
{ "type": "Feature", "properties": { "lon": 77.5854505, "lat": 12.84480385, "highway": "residential", "point_id": 724 }, "geometry": { "type": "Point", "coordinates": [ 77.5854505, 12.84480385 ] } },
{ "type": "Feature", "properties": { "lon": 77.63652505, "lat": 13.02709135, "highway": "residential", "point_id": 725 }, "geometry": { "type": "Point", "coordinates": [ 77.63652505, 13.02709135 ] } },
{ "type": "Feature", "properties": { "lon": 77.74128905000001, "lat": 12.88421325, "highway": "residential", "point_id": 726 }, "geometry": { "type": "Point", "coordinates": [ 77.74128905, 12.88421325 ] } },
{ "type": "Feature", "properties": { "lon": 77.43105585000001, "lat": 13.07209055, "highway": "tertiary", "point_id": 727 }, "geometry": { "type": "Point", "coordinates": [ 77.43105585, 13.07209055 ] } },
{ "type": "Feature", "properties": { "lon": 77.44128725, "lat": 12.98619395, "highway": "residential", "point_id": 728 }, "geometry": { "type": "Point", "coordinates": [ 77.44128725, 12.98619395 ] } },
{ "type": "Feature", "properties": { "lon": 77.69510095, "lat": 12.931243, "highway": "primary", "point_id": 729 }, "geometry": { "type": "Point", "coordinates": [ 77.69510095, 12.931243 ] } },
{ "type": "Feature", "properties": { "lon": 77.4149331, "lat": 12.94683185, "highway": "tertiary", "point_id": 730 }, "geometry": { "type": "Point", "coordinates": [ 77.4149331, 12.94683185 ] } },
{ "type": "Feature", "properties": { "lon": 77.59126055, "lat": 12.91240365, "highway": "residential", "point_id": 731 }, "geometry": { "type": "Point", "coordinates": [ 77.59126055, 12.91240365 ] } },
{ "type": "Feature", "properties": { "lon": 77.7067646, "lat": 12.95029255, "highway": "residential", "point_id": 732 }, "geometry": { "type": "Point", "coordinates": [ 77.7067646, 12.95029255 ] } },
{ "type": "Feature", "properties": { "lon": 77.60890475, "lat": 12.92632655, "highway": "secondary", "point_id": 733 }, "geometry": { "type": "Point", "coordinates": [ 77.60890475, 12.92632655 ] } },
{ "type": "Feature", "properties": { "lon": 77.55843835, "lat": 13.14748835, "highway": "residential", "point_id": 734 }, "geometry": { "type": "Point", "coordinates": [ 77.55843835, 13.14748835 ] } },
{ "type": "Feature", "properties": { "lon": 77.75380025, "lat": 12.71531635, "highway": "residential", "point_id": 735 }, "geometry": { "type": "Point", "coordinates": [ 77.75380025, 12.71531635 ] } },
{ "type": "Feature", "properties": { "lon": 77.5538956, "lat": 12.9808127, "highway": "tertiary", "point_id": 736 }, "geometry": { "type": "Point", "coordinates": [ 77.5538956, 12.9808127 ] } },
{ "type": "Feature", "properties": { "lon": 77.50710735, "lat": 13.0294524, "highway": "residential", "point_id": 737 }, "geometry": { "type": "Point", "coordinates": [ 77.50710735, 13.0294524 ] } },
{ "type": "Feature", "properties": { "lon": 77.5251064, "lat": 13.1272202, "highway": "tertiary", "point_id": 738 }, "geometry": { "type": "Point", "coordinates": [ 77.5251064, 13.1272202 ] } },
{ "type": "Feature", "properties": { "lon": 77.53285465, "lat": 13.00610325, "highway": "residential", "point_id": 739 }, "geometry": { "type": "Point", "coordinates": [ 77.53285465, 13.00610325 ] } },
{ "type": "Feature", "properties": { "lon": 77.55760125, "lat": 13.08857695, "highway": "residential", "point_id": 740 }, "geometry": { "type": "Point", "coordinates": [ 77.55760125, 13.08857695 ] } },
{ "type": "Feature", "properties": { "lon": 77.5044382, "lat": 13.0562507, "highway": "residential", "point_id": 741 }, "geometry": { "type": "Point", "coordinates": [ 77.50443820000001, 13.0562507 ] } },
{ "type": "Feature", "properties": { "lon": 77.5130296, "lat": 13.0820374, "highway": "residential", "point_id": 742 }, "geometry": { "type": "Point", "coordinates": [ 77.51302960000001, 13.0820374 ] } },
{ "type": "Feature", "properties": { "lon": 77.58235115, "lat": 12.8724665, "highway": "residential", "point_id": 743 }, "geometry": { "type": "Point", "coordinates": [ 77.58235115, 12.8724665 ] } },
{ "type": "Feature", "properties": { "lon": 77.4991244, "lat": 13.04651675, "highway": "residential", "point_id": 744 }, "geometry": { "type": "Point", "coordinates": [ 77.4991244, 13.04651675 ] } },
{ "type": "Feature", "properties": { "lon": 77.4458449, "lat": 12.880158, "highway": "residential", "point_id": 745 }, "geometry": { "type": "Point", "coordinates": [ 77.4458449, 12.880158 ] } },
{ "type": "Feature", "properties": { "lon": 77.61959745, "lat": 12.94893035, "highway": "residential", "point_id": 746 }, "geometry": { "type": "Point", "coordinates": [ 77.61959745, 12.94893035 ] } },
{ "type": "Feature", "properties": { "lon": 77.6940074, "lat": 13.10948215, "highway": "residential", "point_id": 747 }, "geometry": { "type": "Point", "coordinates": [ 77.6940074, 13.10948215 ] } },
{ "type": "Feature", "properties": { "lon": 77.47889425, "lat": 12.94895135, "highway": "residential", "point_id": 748 }, "geometry": { "type": "Point", "coordinates": [ 77.47889425, 12.94895135 ] } },
{ "type": "Feature", "properties": { "lon": 77.6869393, "lat": 13.02540825, "highway": "residential", "point_id": 749 }, "geometry": { "type": "Point", "coordinates": [ 77.6869393, 13.02540825 ] } },
{ "type": "Feature", "properties": { "lon": 77.57620895, "lat": 12.9483149, "highway": "secondary", "point_id": 750 }, "geometry": { "type": "Point", "coordinates": [ 77.57620895, 12.9483149 ] } },
{ "type": "Feature", "properties": { "lon": 77.5653271, "lat": 12.96346935, "highway": "residential", "point_id": 751 }, "geometry": { "type": "Point", "coordinates": [ 77.5653271, 12.96346935 ] } },
{ "type": "Feature", "properties": { "lon": 77.7435978, "lat": 12.97568635, "highway": "residential", "point_id": 752 }, "geometry": { "type": "Point", "coordinates": [ 77.7435978, 12.97568635 ] } },
{ "type": "Feature", "properties": { "lon": 77.57228865, "lat": 12.95642455, "highway": "secondary", "point_id": 753 }, "geometry": { "type": "Point", "coordinates": [ 77.57228865, 12.95642455 ] } },
{ "type": "Feature", "properties": { "lon": 77.7581021, "lat": 12.8817104, "highway": "residential", "point_id": 754 }, "geometry": { "type": "Point", "coordinates": [ 77.7581021, 12.8817104 ] } },
{ "type": "Feature", "properties": { "lon": 77.49705105000001, "lat": 12.99602215, "highway": "residential", "point_id": 755 }, "geometry": { "type": "Point", "coordinates": [ 77.49705105000001, 12.99602215 ] } },
{ "type": "Feature", "properties": { "lon": 77.75130435, "lat": 12.87067405, "highway": "residential", "point_id": 756 }, "geometry": { "type": "Point", "coordinates": [ 77.75130435, 12.87067405 ] } },
{ "type": "Feature", "properties": { "lon": 77.6692907, "lat": 12.8234909, "highway": "tertiary", "point_id": 757 }, "geometry": { "type": "Point", "coordinates": [ 77.6692907, 12.8234909 ] } },
{ "type": "Feature", "properties": { "lon": 77.57709315, "lat": 12.94061725, "highway": "secondary", "point_id": 758 }, "geometry": { "type": "Point", "coordinates": [ 77.57709315, 12.94061725 ] } },
{ "type": "Feature", "properties": { "lon": 77.64312895, "lat": 12.90043885, "highway": "residential", "point_id": 759 }, "geometry": { "type": "Point", "coordinates": [ 77.64312895, 12.90043885 ] } },
{ "type": "Feature", "properties": { "lon": 77.35868165, "lat": 12.93919265, "highway": "tertiary", "point_id": 760 }, "geometry": { "type": "Point", "coordinates": [ 77.35868165, 12.93919265 ] } },
{ "type": "Feature", "properties": { "lon": 77.46671755, "lat": 13.07069985, "highway": "residential", "point_id": 761 }, "geometry": { "type": "Point", "coordinates": [ 77.46671755, 13.07069985 ] } },
{ "type": "Feature", "properties": { "lon": 77.6759959, "lat": 13.01628645, "highway": "residential", "point_id": 762 }, "geometry": { "type": "Point", "coordinates": [ 77.6759959, 13.01628645 ] } },
{ "type": "Feature", "properties": { "lon": 77.53346495, "lat": 13.05901415, "highway": "secondary", "point_id": 763 }, "geometry": { "type": "Point", "coordinates": [ 77.53346495, 13.05901415 ] } },
{ "type": "Feature", "properties": { "lon": 77.70014315, "lat": 12.9341621, "highway": "residential", "point_id": 764 }, "geometry": { "type": "Point", "coordinates": [ 77.70014315, 12.9341621 ] } },
{ "type": "Feature", "properties": { "lon": 77.56746355, "lat": 13.0490592, "highway": "tertiary", "point_id": 765 }, "geometry": { "type": "Point", "coordinates": [ 77.56746355, 13.0490592 ] } },
{ "type": "Feature", "properties": { "lon": 77.6462288, "lat": 12.89352185, "highway": "residential", "point_id": 766 }, "geometry": { "type": "Point", "coordinates": [ 77.6462288, 12.89352185 ] } },
{ "type": "Feature", "properties": { "lon": 77.5391856, "lat": 13.0090314, "highway": "secondary", "point_id": 767 }, "geometry": { "type": "Point", "coordinates": [ 77.5391856, 13.0090314 ] } },
{ "type": "Feature", "properties": { "lon": 77.50993825, "lat": 13.04248515, "highway": "residential", "point_id": 768 }, "geometry": { "type": "Point", "coordinates": [ 77.50993825, 13.04248515 ] } },
{ "type": "Feature", "properties": { "lon": 77.73829745, "lat": 12.9774752, "highway": "tertiary", "point_id": 769 }, "geometry": { "type": "Point", "coordinates": [ 77.73829745, 12.9774752 ] } },
{ "type": "Feature", "properties": { "lon": 77.480906049999987, "lat": 13.0080255, "highway": "residential", "point_id": 770 }, "geometry": { "type": "Point", "coordinates": [ 77.480906049999987, 13.0080255 ] } },
{ "type": "Feature", "properties": { "lon": 77.48729355, "lat": 13.0842371, "highway": "tertiary", "point_id": 771 }, "geometry": { "type": "Point", "coordinates": [ 77.48729355, 13.0842371 ] } },
{ "type": "Feature", "properties": { "lon": 77.4228289, "lat": 13.0775715, "highway": "residential", "point_id": 772 }, "geometry": { "type": "Point", "coordinates": [ 77.4228289, 13.0775715 ] } },
{ "type": "Feature", "properties": { "lon": 77.63518425, "lat": 13.0458, "highway": "residential", "point_id": 773 }, "geometry": { "type": "Point", "coordinates": [ 77.63518425, 13.0458 ] } },
{ "type": "Feature", "properties": { "lon": 77.58761095, "lat": 12.82960395, "highway": "primary", "point_id": 774 }, "geometry": { "type": "Point", "coordinates": [ 77.58761095, 12.82960395 ] } },
{ "type": "Feature", "properties": { "lon": 77.60679205, "lat": 13.01165815, "highway": "residential", "point_id": 775 }, "geometry": { "type": "Point", "coordinates": [ 77.60679205, 13.01165815 ] } },
{ "type": "Feature", "properties": { "lon": 77.4002969, "lat": 12.9852612, "highway": "residential", "point_id": 776 }, "geometry": { "type": "Point", "coordinates": [ 77.4002969, 12.9852612 ] } },
{ "type": "Feature", "properties": { "lon": 77.4334828, "lat": 12.87452675, "highway": "residential", "point_id": 777 }, "geometry": { "type": "Point", "coordinates": [ 77.4334828, 12.87452675 ] } },
{ "type": "Feature", "properties": { "lon": 77.46684655, "lat": 12.99567515, "highway": "residential", "point_id": 778 }, "geometry": { "type": "Point", "coordinates": [ 77.46684655, 12.99567515 ] } },
{ "type": "Feature", "properties": { "lon": 77.523187650000011, "lat": 12.97012215, "highway": "residential", "point_id": 779 }, "geometry": { "type": "Point", "coordinates": [ 77.523187650000011, 12.97012215 ] } },
{ "type": "Feature", "properties": { "lon": 77.71863535, "lat": 13.01825115, "highway": "residential", "point_id": 780 }, "geometry": { "type": "Point", "coordinates": [ 77.71863535, 13.01825115 ] } },
{ "type": "Feature", "properties": { "lon": 77.56141155, "lat": 12.9643848, "highway": "residential", "point_id": 781 }, "geometry": { "type": "Point", "coordinates": [ 77.56141155, 12.9643848 ] } },
{ "type": "Feature", "properties": { "lon": 77.70296285000001, "lat": 12.9477281, "highway": "residential", "point_id": 782 }, "geometry": { "type": "Point", "coordinates": [ 77.70296285, 12.9477281 ] } },
{ "type": "Feature", "properties": { "lon": 77.6363897, "lat": 13.05070145, "highway": "residential", "point_id": 783 }, "geometry": { "type": "Point", "coordinates": [ 77.6363897, 13.05070145 ] } },
{ "type": "Feature", "properties": { "lon": 77.57753445, "lat": 12.9553949, "highway": "residential", "point_id": 784 }, "geometry": { "type": "Point", "coordinates": [ 77.57753445, 12.9553949 ] } },
{ "type": "Feature", "properties": { "lon": 77.53928055, "lat": 13.1981078, "highway": "unclassified", "point_id": 785 }, "geometry": { "type": "Point", "coordinates": [ 77.53928055, 13.1981078 ] } },
{ "type": "Feature", "properties": { "lon": 77.462647, "lat": 12.98229415, "highway": "residential", "point_id": 786 }, "geometry": { "type": "Point", "coordinates": [ 77.462647, 12.98229415 ] } },
{ "type": "Feature", "properties": { "lon": 77.52215385, "lat": 13.0755629, "highway": "residential", "point_id": 787 }, "geometry": { "type": "Point", "coordinates": [ 77.52215385, 13.0755629 ] } },
{ "type": "Feature", "properties": { "lon": 77.66273155, "lat": 13.03332215, "highway": "residential", "point_id": 788 }, "geometry": { "type": "Point", "coordinates": [ 77.66273155, 13.03332215 ] } },
{ "type": "Feature", "properties": { "lon": 77.53573105000001, "lat": 13.07124565, "highway": "residential", "point_id": 789 }, "geometry": { "type": "Point", "coordinates": [ 77.53573105000001, 13.07124565 ] } },
{ "type": "Feature", "properties": { "lon": 77.51936, "lat": 12.97106325, "highway": "residential", "point_id": 790 }, "geometry": { "type": "Point", "coordinates": [ 77.51936, 12.97106325 ] } },
{ "type": "Feature", "properties": { "lon": 77.54655235, "lat": 13.00765775, "highway": "residential", "point_id": 791 }, "geometry": { "type": "Point", "coordinates": [ 77.54655235, 13.00765775 ] } },
{ "type": "Feature", "properties": { "lon": 77.3909214, "lat": 12.86665195, "highway": "tertiary", "point_id": 792 }, "geometry": { "type": "Point", "coordinates": [ 77.3909214, 12.86665195 ] } },
{ "type": "Feature", "properties": { "lon": 77.70555945, "lat": 12.9402166, "highway": "unclassified", "point_id": 793 }, "geometry": { "type": "Point", "coordinates": [ 77.70555945, 12.9402166 ] } },
{ "type": "Feature", "properties": { "lon": 77.43581725, "lat": 13.04680855, "highway": "residential", "point_id": 794 }, "geometry": { "type": "Point", "coordinates": [ 77.43581725, 13.04680855 ] } },
{ "type": "Feature", "properties": { "lon": 77.6925213, "lat": 12.8489954, "highway": "secondary", "point_id": 795 }, "geometry": { "type": "Point", "coordinates": [ 77.6925213, 12.8489954 ] } },
{ "type": "Feature", "properties": { "lon": 77.6856702, "lat": 12.72939695, "highway": "residential", "point_id": 796 }, "geometry": { "type": "Point", "coordinates": [ 77.6856702, 12.72939695 ] } },
{ "type": "Feature", "properties": { "lon": 77.46165045000001, "lat": 13.06991855, "highway": "residential", "point_id": 797 }, "geometry": { "type": "Point", "coordinates": [ 77.46165045, 13.06991855 ] } },
{ "type": "Feature", "properties": { "lon": 77.569276550000012, "lat": 12.9084449, "highway": "residential", "point_id": 798 }, "geometry": { "type": "Point", "coordinates": [ 77.569276550000012, 12.9084449 ] } },
{ "type": "Feature", "properties": { "lon": 77.5197857, "lat": 13.01806295, "highway": "residential", "point_id": 799 }, "geometry": { "type": "Point", "coordinates": [ 77.5197857, 13.01806295 ] } },
{ "type": "Feature", "properties": { "lon": 77.4629266, "lat": 13.1337165, "highway": "tertiary", "point_id": 800 }, "geometry": { "type": "Point", "coordinates": [ 77.4629266, 13.1337165 ] } },
{ "type": "Feature", "properties": { "lon": 77.66240235000001, "lat": 12.7812278, "highway": "residential", "point_id": 801 }, "geometry": { "type": "Point", "coordinates": [ 77.66240235, 12.7812278 ] } },
{ "type": "Feature", "properties": { "lon": 77.3625923, "lat": 12.8755822, "highway": "residential", "point_id": 802 }, "geometry": { "type": "Point", "coordinates": [ 77.362592299999989, 12.8755822 ] } },
{ "type": "Feature", "properties": { "lon": 77.71150495000001, "lat": 13.0781943, "highway": "residential", "point_id": 803 }, "geometry": { "type": "Point", "coordinates": [ 77.71150495, 13.0781943 ] } },
{ "type": "Feature", "properties": { "lon": 77.4882232, "lat": 13.06033895, "highway": "residential", "point_id": 804 }, "geometry": { "type": "Point", "coordinates": [ 77.4882232, 13.06033895 ] } },
{ "type": "Feature", "properties": { "lon": 77.6765915, "lat": 13.0193459, "highway": "residential", "point_id": 805 }, "geometry": { "type": "Point", "coordinates": [ 77.6765915, 13.0193459 ] } },
{ "type": "Feature", "properties": { "lon": 77.5696153, "lat": 12.9900529, "highway": "residential", "point_id": 806 }, "geometry": { "type": "Point", "coordinates": [ 77.5696153, 12.9900529 ] } },
{ "type": "Feature", "properties": { "lon": 77.5320651, "lat": 13.0651704, "highway": "residential", "point_id": 807 }, "geometry": { "type": "Point", "coordinates": [ 77.5320651, 13.0651704 ] } },
{ "type": "Feature", "properties": { "lon": 77.46323015, "lat": 12.90493245, "highway": "residential", "point_id": 808 }, "geometry": { "type": "Point", "coordinates": [ 77.46323015, 12.90493245 ] } },
{ "type": "Feature", "properties": { "lon": 77.63083655, "lat": 13.0118918, "highway": "residential", "point_id": 809 }, "geometry": { "type": "Point", "coordinates": [ 77.63083655, 13.0118918 ] } },
{ "type": "Feature", "properties": { "lon": 77.562253, "lat": 13.02024585, "highway": "tertiary", "point_id": 810 }, "geometry": { "type": "Point", "coordinates": [ 77.562253, 13.02024585 ] } },
{ "type": "Feature", "properties": { "lon": 77.49144345, "lat": 12.93335495, "highway": "tertiary", "point_id": 811 }, "geometry": { "type": "Point", "coordinates": [ 77.49144345, 12.93335495 ] } },
{ "type": "Feature", "properties": { "lon": 77.4866016, "lat": 12.90060355, "highway": "residential", "point_id": 812 }, "geometry": { "type": "Point", "coordinates": [ 77.4866016, 12.90060355 ] } },
{ "type": "Feature", "properties": { "lon": 77.5553085, "lat": 12.94959625, "highway": "tertiary", "point_id": 813 }, "geometry": { "type": "Point", "coordinates": [ 77.5553085, 12.94959625 ] } },
{ "type": "Feature", "properties": { "lon": 77.70664275, "lat": 12.8625834, "highway": "residential", "point_id": 814 }, "geometry": { "type": "Point", "coordinates": [ 77.70664275, 12.8625834 ] } },
{ "type": "Feature", "properties": { "lon": 77.5362336, "lat": 12.96351815, "highway": "residential", "point_id": 815 }, "geometry": { "type": "Point", "coordinates": [ 77.5362336, 12.96351815 ] } },
{ "type": "Feature", "properties": { "lon": 77.6402076, "lat": 13.15478725, "highway": "tertiary", "point_id": 816 }, "geometry": { "type": "Point", "coordinates": [ 77.6402076, 13.15478725 ] } },
{ "type": "Feature", "properties": { "lon": 77.4563966, "lat": 12.91695275, "highway": "residential", "point_id": 817 }, "geometry": { "type": "Point", "coordinates": [ 77.4563966, 12.91695275 ] } },
{ "type": "Feature", "properties": { "lon": 77.43533355, "lat": 12.94507155, "highway": "residential", "point_id": 818 }, "geometry": { "type": "Point", "coordinates": [ 77.43533355, 12.94507155 ] } },
{ "type": "Feature", "properties": { "lon": 77.62308155, "lat": 12.81037405, "highway": "residential", "point_id": 819 }, "geometry": { "type": "Point", "coordinates": [ 77.62308155, 12.81037405 ] } },
{ "type": "Feature", "properties": { "lon": 77.5818792, "lat": 12.8138551, "highway": "residential", "point_id": 820 }, "geometry": { "type": "Point", "coordinates": [ 77.5818792, 12.8138551 ] } },
{ "type": "Feature", "properties": { "lon": 77.603242, "lat": 12.87536235, "highway": "residential", "point_id": 821 }, "geometry": { "type": "Point", "coordinates": [ 77.603242, 12.87536235 ] } },
{ "type": "Feature", "properties": { "lon": 77.4458787, "lat": 12.9836274, "highway": "residential", "point_id": 822 }, "geometry": { "type": "Point", "coordinates": [ 77.4458787, 12.9836274 ] } },
{ "type": "Feature", "properties": { "lon": 77.5253417, "lat": 13.12676795, "highway": "residential", "point_id": 823 }, "geometry": { "type": "Point", "coordinates": [ 77.525341700000013, 13.12676795 ] } },
{ "type": "Feature", "properties": { "lon": 77.5757601, "lat": 13.05526385, "highway": "residential", "point_id": 824 }, "geometry": { "type": "Point", "coordinates": [ 77.5757601, 13.05526385 ] } },
{ "type": "Feature", "properties": { "lon": 77.4198731, "lat": 13.0765829, "highway": "residential", "point_id": 825 }, "geometry": { "type": "Point", "coordinates": [ 77.4198731, 13.0765829 ] } },
{ "type": "Feature", "properties": { "lon": 77.59257155, "lat": 12.84642145, "highway": "residential", "point_id": 826 }, "geometry": { "type": "Point", "coordinates": [ 77.59257155, 12.84642145 ] } },
{ "type": "Feature", "properties": { "lon": 77.479725949999988, "lat": 13.01545635, "highway": "residential", "point_id": 827 }, "geometry": { "type": "Point", "coordinates": [ 77.479725949999988, 13.01545635 ] } },
{ "type": "Feature", "properties": { "lon": 77.53474955, "lat": 12.8688196, "highway": "residential", "point_id": 828 }, "geometry": { "type": "Point", "coordinates": [ 77.53474955, 12.8688196 ] } },
{ "type": "Feature", "properties": { "lon": 77.5297311, "lat": 12.82899055, "highway": "tertiary", "point_id": 829 }, "geometry": { "type": "Point", "coordinates": [ 77.5297311, 12.82899055 ] } },
{ "type": "Feature", "properties": { "lon": 77.58837105000001, "lat": 12.8839299, "highway": "residential", "point_id": 830 }, "geometry": { "type": "Point", "coordinates": [ 77.58837105, 12.8839299 ] } },
{ "type": "Feature", "properties": { "lon": 77.56619505, "lat": 13.15768075, "highway": "tertiary", "point_id": 831 }, "geometry": { "type": "Point", "coordinates": [ 77.56619505, 13.15768075 ] } },
{ "type": "Feature", "properties": { "lon": 77.6618159, "lat": 13.0967069, "highway": "residential", "point_id": 832 }, "geometry": { "type": "Point", "coordinates": [ 77.6618159, 13.0967069 ] } },
{ "type": "Feature", "properties": { "lon": 77.5653987, "lat": 12.97551835, "highway": "residential", "point_id": 833 }, "geometry": { "type": "Point", "coordinates": [ 77.5653987, 12.97551835 ] } },
{ "type": "Feature", "properties": { "lon": 77.4875662, "lat": 13.0786746, "highway": "residential", "point_id": 834 }, "geometry": { "type": "Point", "coordinates": [ 77.4875662, 13.0786746 ] } },
{ "type": "Feature", "properties": { "lon": 77.71088335, "lat": 13.17958825, "highway": "residential", "point_id": 835 }, "geometry": { "type": "Point", "coordinates": [ 77.71088335, 13.17958825 ] } },
{ "type": "Feature", "properties": { "lon": 77.61313795000001, "lat": 12.9604232, "highway": "residential", "point_id": 836 }, "geometry": { "type": "Point", "coordinates": [ 77.61313795, 12.9604232 ] } },
{ "type": "Feature", "properties": { "lon": 77.5305745, "lat": 13.0928064, "highway": "secondary", "point_id": 837 }, "geometry": { "type": "Point", "coordinates": [ 77.5305745, 13.0928064 ] } },
{ "type": "Feature", "properties": { "lon": 77.64197405, "lat": 13.0129107, "highway": "residential", "point_id": 838 }, "geometry": { "type": "Point", "coordinates": [ 77.64197405, 13.0129107 ] } },
{ "type": "Feature", "properties": { "lon": 77.66767495, "lat": 12.96705145, "highway": "residential", "point_id": 839 }, "geometry": { "type": "Point", "coordinates": [ 77.66767495, 12.96705145 ] } },
{ "type": "Feature", "properties": { "lon": 77.6279517, "lat": 12.98156325, "highway": "residential", "point_id": 840 }, "geometry": { "type": "Point", "coordinates": [ 77.6279517, 12.98156325 ] } },
{ "type": "Feature", "properties": { "lon": 77.7695602, "lat": 13.02834535, "highway": "residential", "point_id": 841 }, "geometry": { "type": "Point", "coordinates": [ 77.7695602, 13.02834535 ] } },
{ "type": "Feature", "properties": { "lon": 77.6936282, "lat": 12.95536605, "highway": "residential", "point_id": 842 }, "geometry": { "type": "Point", "coordinates": [ 77.6936282, 12.95536605 ] } },
{ "type": "Feature", "properties": { "lon": 77.5469631, "lat": 12.88887075, "highway": "residential", "point_id": 843 }, "geometry": { "type": "Point", "coordinates": [ 77.5469631, 12.88887075 ] } },
{ "type": "Feature", "properties": { "lon": 77.5990276, "lat": 12.9510095, "highway": "residential", "point_id": 844 }, "geometry": { "type": "Point", "coordinates": [ 77.5990276, 12.9510095 ] } },
{ "type": "Feature", "properties": { "lon": 77.5534361, "lat": 13.02416565, "highway": "residential", "point_id": 845 }, "geometry": { "type": "Point", "coordinates": [ 77.5534361, 13.02416565 ] } },
{ "type": "Feature", "properties": { "lon": 77.66380505000001, "lat": 12.85700935, "highway": "tertiary", "point_id": 846 }, "geometry": { "type": "Point", "coordinates": [ 77.66380505, 12.85700935 ] } },
{ "type": "Feature", "properties": { "lon": 77.5707558, "lat": 12.92171155, "highway": "secondary", "point_id": 847 }, "geometry": { "type": "Point", "coordinates": [ 77.5707558, 12.92171155 ] } },
{ "type": "Feature", "properties": { "lon": 77.70490565, "lat": 13.0805544, "highway": "residential", "point_id": 848 }, "geometry": { "type": "Point", "coordinates": [ 77.70490565, 13.0805544 ] } },
{ "type": "Feature", "properties": { "lon": 77.6734153, "lat": 12.78137905, "highway": "residential", "point_id": 849 }, "geometry": { "type": "Point", "coordinates": [ 77.6734153, 12.78137905 ] } },
{ "type": "Feature", "properties": { "lon": 77.6166377, "lat": 12.94742585, "highway": "residential", "point_id": 850 }, "geometry": { "type": "Point", "coordinates": [ 77.616637700000013, 12.94742585 ] } },
{ "type": "Feature", "properties": { "lon": 77.4820276, "lat": 12.92175205, "highway": "residential", "point_id": 851 }, "geometry": { "type": "Point", "coordinates": [ 77.4820276, 12.92175205 ] } },
{ "type": "Feature", "properties": { "lon": 77.56574355000001, "lat": 12.8625461, "highway": "residential", "point_id": 852 }, "geometry": { "type": "Point", "coordinates": [ 77.56574355, 12.8625461 ] } },
{ "type": "Feature", "properties": { "lon": 77.51010675000001, "lat": 13.1029175, "highway": "residential", "point_id": 853 }, "geometry": { "type": "Point", "coordinates": [ 77.51010675, 13.1029175 ] } },
{ "type": "Feature", "properties": { "lon": 77.62508675000001, "lat": 12.9516599, "highway": "residential", "point_id": 854 }, "geometry": { "type": "Point", "coordinates": [ 77.62508675, 12.9516599 ] } },
{ "type": "Feature", "properties": { "lon": 77.69094475, "lat": 12.8009719, "highway": "tertiary", "point_id": 855 }, "geometry": { "type": "Point", "coordinates": [ 77.69094475, 12.8009719 ] } },
{ "type": "Feature", "properties": { "lon": 77.5557646, "lat": 12.9107331, "highway": "residential", "point_id": 856 }, "geometry": { "type": "Point", "coordinates": [ 77.5557646, 12.9107331 ] } },
{ "type": "Feature", "properties": { "lon": 77.73878815, "lat": 12.95707005, "highway": "primary", "point_id": 857 }, "geometry": { "type": "Point", "coordinates": [ 77.73878815, 12.95707005 ] } },
{ "type": "Feature", "properties": { "lon": 77.65938695, "lat": 12.8764882, "highway": "residential", "point_id": 858 }, "geometry": { "type": "Point", "coordinates": [ 77.65938695, 12.8764882 ] } },
{ "type": "Feature", "properties": { "lon": 77.7301655, "lat": 12.93145085, "highway": "tertiary", "point_id": 859 }, "geometry": { "type": "Point", "coordinates": [ 77.7301655, 12.93145085 ] } },
{ "type": "Feature", "properties": { "lon": 77.52378875, "lat": 13.1740133, "highway": "residential", "point_id": 860 }, "geometry": { "type": "Point", "coordinates": [ 77.52378875, 13.1740133 ] } },
{ "type": "Feature", "properties": { "lon": 77.41682415, "lat": 12.98421145, "highway": "residential", "point_id": 861 }, "geometry": { "type": "Point", "coordinates": [ 77.41682415, 12.98421145 ] } },
{ "type": "Feature", "properties": { "lon": 77.7625977, "lat": 12.7504816, "highway": "residential", "point_id": 862 }, "geometry": { "type": "Point", "coordinates": [ 77.7625977, 12.7504816 ] } },
{ "type": "Feature", "properties": { "lon": 77.46498425, "lat": 12.8738009, "highway": "residential", "point_id": 863 }, "geometry": { "type": "Point", "coordinates": [ 77.46498425, 12.8738009 ] } },
{ "type": "Feature", "properties": { "lon": 77.47727225, "lat": 13.01749985, "highway": "residential", "point_id": 864 }, "geometry": { "type": "Point", "coordinates": [ 77.47727225, 13.01749985 ] } },
{ "type": "Feature", "properties": { "lon": 77.497338750000011, "lat": 12.73276665, "highway": "residential", "point_id": 865 }, "geometry": { "type": "Point", "coordinates": [ 77.497338750000011, 12.73276665 ] } },
{ "type": "Feature", "properties": { "lon": 77.5803287, "lat": 13.09605405, "highway": "residential", "point_id": 866 }, "geometry": { "type": "Point", "coordinates": [ 77.5803287, 13.09605405 ] } },
{ "type": "Feature", "properties": { "lon": 77.65298185, "lat": 12.88998405, "highway": "residential", "point_id": 867 }, "geometry": { "type": "Point", "coordinates": [ 77.65298185, 12.88998405 ] } },
{ "type": "Feature", "properties": { "lon": 77.4004742, "lat": 12.89871395, "highway": "tertiary", "point_id": 868 }, "geometry": { "type": "Point", "coordinates": [ 77.4004742, 12.89871395 ] } },
{ "type": "Feature", "properties": { "lon": 77.4413019, "lat": 12.8160921, "highway": "tertiary", "point_id": 869 }, "geometry": { "type": "Point", "coordinates": [ 77.441301900000013, 12.8160921 ] } },
{ "type": "Feature", "properties": { "lon": 77.6676643, "lat": 12.84547215, "highway": "tertiary", "point_id": 870 }, "geometry": { "type": "Point", "coordinates": [ 77.6676643, 12.84547215 ] } },
{ "type": "Feature", "properties": { "lon": 77.62120515, "lat": 13.04139915, "highway": "tertiary", "point_id": 871 }, "geometry": { "type": "Point", "coordinates": [ 77.62120515, 13.04139915 ] } },
{ "type": "Feature", "properties": { "lon": 77.627041749999989, "lat": 12.87718525, "highway": "residential", "point_id": 872 }, "geometry": { "type": "Point", "coordinates": [ 77.627041749999989, 12.87718525 ] } },
{ "type": "Feature", "properties": { "lon": 77.4947119, "lat": 13.0244834, "highway": "residential", "point_id": 873 }, "geometry": { "type": "Point", "coordinates": [ 77.4947119, 13.0244834 ] } },
{ "type": "Feature", "properties": { "lon": 77.71945135, "lat": 13.1660798, "highway": "tertiary", "point_id": 874 }, "geometry": { "type": "Point", "coordinates": [ 77.71945135, 13.1660798 ] } },
{ "type": "Feature", "properties": { "lon": 77.46375615, "lat": 13.02459055, "highway": "residential", "point_id": 875 }, "geometry": { "type": "Point", "coordinates": [ 77.46375615, 13.02459055 ] } },
{ "type": "Feature", "properties": { "lon": 77.501204550000011, "lat": 12.99191555, "highway": "residential", "point_id": 876 }, "geometry": { "type": "Point", "coordinates": [ 77.501204550000011, 12.99191555 ] } },
{ "type": "Feature", "properties": { "lon": 77.69210995, "lat": 12.75464155, "highway": "residential", "point_id": 877 }, "geometry": { "type": "Point", "coordinates": [ 77.69210995, 12.75464155 ] } },
{ "type": "Feature", "properties": { "lon": 77.3623506, "lat": 12.9614452, "highway": "residential", "point_id": 878 }, "geometry": { "type": "Point", "coordinates": [ 77.3623506, 12.9614452 ] } },
{ "type": "Feature", "properties": { "lon": 77.5092811, "lat": 13.0471439, "highway": "residential", "point_id": 879 }, "geometry": { "type": "Point", "coordinates": [ 77.5092811, 13.0471439 ] } },
{ "type": "Feature", "properties": { "lon": 77.7655405, "lat": 12.87364515, "highway": "residential", "point_id": 880 }, "geometry": { "type": "Point", "coordinates": [ 77.7655405, 12.87364515 ] } },
{ "type": "Feature", "properties": { "lon": 77.65881775, "lat": 13.1238004, "highway": "residential", "point_id": 881 }, "geometry": { "type": "Point", "coordinates": [ 77.65881775, 13.1238004 ] } },
{ "type": "Feature", "properties": { "lon": 77.68297615, "lat": 12.92914785, "highway": "trunk", "point_id": 882 }, "geometry": { "type": "Point", "coordinates": [ 77.68297615, 12.92914785 ] } },
{ "type": "Feature", "properties": { "lon": 77.47526575000001, "lat": 13.11922925, "highway": "tertiary", "point_id": 883 }, "geometry": { "type": "Point", "coordinates": [ 77.47526575, 13.11922925 ] } },
{ "type": "Feature", "properties": { "lon": 77.56704185, "lat": 12.9882567, "highway": "residential", "point_id": 884 }, "geometry": { "type": "Point", "coordinates": [ 77.56704185, 12.9882567 ] } },
{ "type": "Feature", "properties": { "lon": 77.6416009, "lat": 13.0454083, "highway": "residential", "point_id": 885 }, "geometry": { "type": "Point", "coordinates": [ 77.6416009, 13.0454083 ] } },
{ "type": "Feature", "properties": { "lon": 77.40804905, "lat": 13.1043626, "highway": "residential", "point_id": 886 }, "geometry": { "type": "Point", "coordinates": [ 77.40804905, 13.1043626 ] } },
{ "type": "Feature", "properties": { "lon": 77.75778785, "lat": 12.77954445, "highway": "residential", "point_id": 887 }, "geometry": { "type": "Point", "coordinates": [ 77.75778785, 12.77954445 ] } },
{ "type": "Feature", "properties": { "lon": 77.7236424, "lat": 12.81123765, "highway": "residential", "point_id": 888 }, "geometry": { "type": "Point", "coordinates": [ 77.7236424, 12.81123765 ] } },
{ "type": "Feature", "properties": { "lon": 77.661604, "lat": 12.87685645, "highway": "residential", "point_id": 889 }, "geometry": { "type": "Point", "coordinates": [ 77.661604, 12.87685645 ] } },
{ "type": "Feature", "properties": { "lon": 77.54625575, "lat": 13.08338295, "highway": "residential", "point_id": 890 }, "geometry": { "type": "Point", "coordinates": [ 77.54625575, 13.08338295 ] } },
{ "type": "Feature", "properties": { "lon": 77.48768185, "lat": 13.0030437, "highway": "residential", "point_id": 891 }, "geometry": { "type": "Point", "coordinates": [ 77.48768185, 13.0030437 ] } },
{ "type": "Feature", "properties": { "lon": 77.604250650000012, "lat": 12.8612286, "highway": "residential", "point_id": 892 }, "geometry": { "type": "Point", "coordinates": [ 77.604250650000012, 12.8612286 ] } },
{ "type": "Feature", "properties": { "lon": 77.42615945, "lat": 12.99466825, "highway": "residential", "point_id": 893 }, "geometry": { "type": "Point", "coordinates": [ 77.42615945, 12.99466825 ] } },
{ "type": "Feature", "properties": { "lon": 77.74558825, "lat": 12.6903309, "highway": "tertiary", "point_id": 894 }, "geometry": { "type": "Point", "coordinates": [ 77.74558825, 12.6903309 ] } },
{ "type": "Feature", "properties": { "lon": 77.5136625, "lat": 12.9805093, "highway": "residential", "point_id": 895 }, "geometry": { "type": "Point", "coordinates": [ 77.5136625, 12.9805093 ] } },
{ "type": "Feature", "properties": { "lon": 77.7203174, "lat": 12.7160386, "highway": "residential", "point_id": 896 }, "geometry": { "type": "Point", "coordinates": [ 77.7203174, 12.7160386 ] } },
{ "type": "Feature", "properties": { "lon": 77.50608735, "lat": 13.04588015, "highway": "residential", "point_id": 897 }, "geometry": { "type": "Point", "coordinates": [ 77.50608735, 13.04588015 ] } },
{ "type": "Feature", "properties": { "lon": 77.670022, "lat": 13.04008895, "highway": "residential", "point_id": 898 }, "geometry": { "type": "Point", "coordinates": [ 77.670022, 13.04008895 ] } },
{ "type": "Feature", "properties": { "lon": 77.71007705, "lat": 13.0537382, "highway": "residential", "point_id": 899 }, "geometry": { "type": "Point", "coordinates": [ 77.71007705, 13.0537382 ] } },
{ "type": "Feature", "properties": { "lon": 77.49659535000001, "lat": 13.0706447, "highway": "residential", "point_id": 900 }, "geometry": { "type": "Point", "coordinates": [ 77.49659535, 13.0706447 ] } },
{ "type": "Feature", "properties": { "lon": 77.64938415, "lat": 12.9646818, "highway": "tertiary", "point_id": 901 }, "geometry": { "type": "Point", "coordinates": [ 77.64938415, 12.9646818 ] } },
{ "type": "Feature", "properties": { "lon": 77.4695825, "lat": 12.7561669, "highway": "residential", "point_id": 902 }, "geometry": { "type": "Point", "coordinates": [ 77.4695825, 12.7561669 ] } },
{ "type": "Feature", "properties": { "lon": 77.75293305, "lat": 12.79177675, "highway": "residential", "point_id": 903 }, "geometry": { "type": "Point", "coordinates": [ 77.75293305, 12.79177675 ] } },
{ "type": "Feature", "properties": { "lon": 77.55079085, "lat": 13.08298915, "highway": "secondary", "point_id": 904 }, "geometry": { "type": "Point", "coordinates": [ 77.55079085, 13.08298915 ] } },
{ "type": "Feature", "properties": { "lon": 77.5329546, "lat": 13.10978555, "highway": "residential", "point_id": 905 }, "geometry": { "type": "Point", "coordinates": [ 77.5329546, 13.10978555 ] } },
{ "type": "Feature", "properties": { "lon": 77.60798305, "lat": 12.8743184, "highway": "residential", "point_id": 906 }, "geometry": { "type": "Point", "coordinates": [ 77.60798305, 12.8743184 ] } },
{ "type": "Feature", "properties": { "lon": 77.4274327, "lat": 13.12298445, "highway": "residential", "point_id": 907 }, "geometry": { "type": "Point", "coordinates": [ 77.4274327, 13.12298445 ] } },
{ "type": "Feature", "properties": { "lon": 77.71982365, "lat": 12.79238295, "highway": "residential", "point_id": 908 }, "geometry": { "type": "Point", "coordinates": [ 77.71982365, 12.79238295 ] } },
{ "type": "Feature", "properties": { "lon": 77.54736375, "lat": 12.91154405, "highway": "residential", "point_id": 909 }, "geometry": { "type": "Point", "coordinates": [ 77.54736375, 12.91154405 ] } },
{ "type": "Feature", "properties": { "lon": 77.5754154, "lat": 12.8386249, "highway": "residential", "point_id": 910 }, "geometry": { "type": "Point", "coordinates": [ 77.5754154, 12.8386249 ] } },
{ "type": "Feature", "properties": { "lon": 77.489479350000011, "lat": 12.99785905, "highway": "secondary", "point_id": 911 }, "geometry": { "type": "Point", "coordinates": [ 77.489479350000011, 12.99785905 ] } },
{ "type": "Feature", "properties": { "lon": 77.7137786, "lat": 13.06690105, "highway": "residential", "point_id": 912 }, "geometry": { "type": "Point", "coordinates": [ 77.7137786, 13.06690105 ] } },
{ "type": "Feature", "properties": { "lon": 77.7109574, "lat": 12.949418, "highway": "residential", "point_id": 913 }, "geometry": { "type": "Point", "coordinates": [ 77.710957400000012, 12.949418 ] } },
{ "type": "Feature", "properties": { "lon": 77.67250915, "lat": 13.0832725, "highway": "residential", "point_id": 914 }, "geometry": { "type": "Point", "coordinates": [ 77.67250915, 13.0832725 ] } },
{ "type": "Feature", "properties": { "lon": 77.716786649999989, "lat": 13.0649166, "highway": "residential", "point_id": 915 }, "geometry": { "type": "Point", "coordinates": [ 77.716786649999989, 13.0649166 ] } },
{ "type": "Feature", "properties": { "lon": 77.6055533, "lat": 12.8962877, "highway": "residential", "point_id": 916 }, "geometry": { "type": "Point", "coordinates": [ 77.6055533, 12.8962877 ] } },
{ "type": "Feature", "properties": { "lon": 77.5765936, "lat": 13.06006275, "highway": "secondary", "point_id": 917 }, "geometry": { "type": "Point", "coordinates": [ 77.5765936, 13.06006275 ] } },
{ "type": "Feature", "properties": { "lon": 77.4875618, "lat": 12.87676225, "highway": "residential", "point_id": 918 }, "geometry": { "type": "Point", "coordinates": [ 77.4875618, 12.87676225 ] } },
{ "type": "Feature", "properties": { "lon": 77.71161325, "lat": 13.00809125, "highway": "residential", "point_id": 919 }, "geometry": { "type": "Point", "coordinates": [ 77.71161325, 13.00809125 ] } },
{ "type": "Feature", "properties": { "lon": 77.54307795, "lat": 12.9824767, "highway": "residential", "point_id": 920 }, "geometry": { "type": "Point", "coordinates": [ 77.54307795, 12.9824767 ] } },
{ "type": "Feature", "properties": { "lon": 77.5658152, "lat": 12.9641041, "highway": "residential", "point_id": 921 }, "geometry": { "type": "Point", "coordinates": [ 77.5658152, 12.9641041 ] } },
{ "type": "Feature", "properties": { "lon": 77.69812095, "lat": 13.02140935, "highway": "residential", "point_id": 922 }, "geometry": { "type": "Point", "coordinates": [ 77.69812095, 13.02140935 ] } },
{ "type": "Feature", "properties": { "lon": 77.4107988, "lat": 13.1013378, "highway": "residential", "point_id": 923 }, "geometry": { "type": "Point", "coordinates": [ 77.4107988, 13.1013378 ] } },
{ "type": "Feature", "properties": { "lon": 77.55398995, "lat": 12.96839105, "highway": "residential", "point_id": 924 }, "geometry": { "type": "Point", "coordinates": [ 77.55398995, 12.96839105 ] } },
{ "type": "Feature", "properties": { "lon": 77.5817224, "lat": 13.1286581, "highway": "residential", "point_id": 925 }, "geometry": { "type": "Point", "coordinates": [ 77.5817224, 13.1286581 ] } },
{ "type": "Feature", "properties": { "lon": 77.5280216, "lat": 12.90143325, "highway": "residential", "point_id": 926 }, "geometry": { "type": "Point", "coordinates": [ 77.528021599999988, 12.90143325 ] } },
{ "type": "Feature", "properties": { "lon": 77.42505235, "lat": 12.9853904, "highway": "residential", "point_id": 927 }, "geometry": { "type": "Point", "coordinates": [ 77.42505235, 12.9853904 ] } },
{ "type": "Feature", "properties": { "lon": 77.6461863, "lat": 13.0203227, "highway": "residential", "point_id": 928 }, "geometry": { "type": "Point", "coordinates": [ 77.646186300000011, 13.0203227 ] } },
{ "type": "Feature", "properties": { "lon": 77.705882, "lat": 12.71711585, "highway": "residential", "point_id": 929 }, "geometry": { "type": "Point", "coordinates": [ 77.705882, 12.71711585 ] } },
{ "type": "Feature", "properties": { "lon": 77.4386822, "lat": 13.06526065, "highway": "residential", "point_id": 930 }, "geometry": { "type": "Point", "coordinates": [ 77.438682199999988, 13.06526065 ] } },
{ "type": "Feature", "properties": { "lon": 77.6106693, "lat": 13.05039575, "highway": "residential", "point_id": 931 }, "geometry": { "type": "Point", "coordinates": [ 77.610669300000012, 13.05039575 ] } },
{ "type": "Feature", "properties": { "lon": 77.509063, "lat": 12.9033673, "highway": "residential", "point_id": 932 }, "geometry": { "type": "Point", "coordinates": [ 77.509063, 12.9033673 ] } },
{ "type": "Feature", "properties": { "lon": 77.717700549999989, "lat": 13.0147913, "highway": "residential", "point_id": 933 }, "geometry": { "type": "Point", "coordinates": [ 77.717700549999989, 13.0147913 ] } },
{ "type": "Feature", "properties": { "lon": 77.51849325000001, "lat": 12.9137006, "highway": "residential", "point_id": 934 }, "geometry": { "type": "Point", "coordinates": [ 77.51849325, 12.9137006 ] } },
{ "type": "Feature", "properties": { "lon": 77.75678985, "lat": 12.8085552, "highway": "residential", "point_id": 935 }, "geometry": { "type": "Point", "coordinates": [ 77.75678985, 12.8085552 ] } },
{ "type": "Feature", "properties": { "lon": 77.4835799, "lat": 13.1008177, "highway": "primary", "point_id": 936 }, "geometry": { "type": "Point", "coordinates": [ 77.4835799, 13.1008177 ] } },
{ "type": "Feature", "properties": { "lon": 77.5715741, "lat": 13.00103355, "highway": "residential", "point_id": 937 }, "geometry": { "type": "Point", "coordinates": [ 77.5715741, 13.00103355 ] } },
{ "type": "Feature", "properties": { "lon": 77.7139527, "lat": 12.67937995, "highway": "residential", "point_id": 938 }, "geometry": { "type": "Point", "coordinates": [ 77.7139527, 12.67937995 ] } },
{ "type": "Feature", "properties": { "lon": 77.53923325, "lat": 12.98184825, "highway": "residential", "point_id": 939 }, "geometry": { "type": "Point", "coordinates": [ 77.53923325, 12.98184825 ] } },
{ "type": "Feature", "properties": { "lon": 77.5103031, "lat": 13.05282175, "highway": "residential", "point_id": 940 }, "geometry": { "type": "Point", "coordinates": [ 77.5103031, 13.05282175 ] } },
{ "type": "Feature", "properties": { "lon": 77.53291205, "lat": 13.00775075, "highway": "residential", "point_id": 941 }, "geometry": { "type": "Point", "coordinates": [ 77.53291205, 13.00775075 ] } },
{ "type": "Feature", "properties": { "lon": 77.5375188, "lat": 13.18547415, "highway": "residential", "point_id": 942 }, "geometry": { "type": "Point", "coordinates": [ 77.5375188, 13.18547415 ] } },
{ "type": "Feature", "properties": { "lon": 77.64959085000001, "lat": 13.0306804, "highway": "residential", "point_id": 943 }, "geometry": { "type": "Point", "coordinates": [ 77.64959085000001, 13.0306804 ] } },
{ "type": "Feature", "properties": { "lon": 77.42192715, "lat": 12.87070305, "highway": "residential", "point_id": 944 }, "geometry": { "type": "Point", "coordinates": [ 77.42192715, 12.87070305 ] } },
{ "type": "Feature", "properties": { "lon": 77.6825246, "lat": 12.7600427, "highway": "residential", "point_id": 945 }, "geometry": { "type": "Point", "coordinates": [ 77.6825246, 12.7600427 ] } },
{ "type": "Feature", "properties": { "lon": 77.68219445, "lat": 13.0305203, "highway": "residential", "point_id": 946 }, "geometry": { "type": "Point", "coordinates": [ 77.68219445, 13.0305203 ] } },
{ "type": "Feature", "properties": { "lon": 77.75673775, "lat": 13.0066511, "highway": "residential", "point_id": 947 }, "geometry": { "type": "Point", "coordinates": [ 77.75673775, 13.0066511 ] } },
{ "type": "Feature", "properties": { "lon": 77.4179243, "lat": 13.127175, "highway": "tertiary", "point_id": 948 }, "geometry": { "type": "Point", "coordinates": [ 77.41792430000001, 13.127175 ] } },
{ "type": "Feature", "properties": { "lon": 77.6858873, "lat": 12.9953865, "highway": "residential", "point_id": 949 }, "geometry": { "type": "Point", "coordinates": [ 77.6858873, 12.9953865 ] } },
{ "type": "Feature", "properties": { "lon": 77.6187965, "lat": 13.0831437, "highway": "tertiary", "point_id": 950 }, "geometry": { "type": "Point", "coordinates": [ 77.6187965, 13.0831437 ] } },
{ "type": "Feature", "properties": { "lon": 77.50095635, "lat": 13.08771, "highway": "residential", "point_id": 951 }, "geometry": { "type": "Point", "coordinates": [ 77.50095635, 13.08771 ] } },
{ "type": "Feature", "properties": { "lon": 77.44085865, "lat": 13.02393175, "highway": "residential", "point_id": 952 }, "geometry": { "type": "Point", "coordinates": [ 77.44085865, 13.02393175 ] } },
{ "type": "Feature", "properties": { "lon": 77.49837435000001, "lat": 13.02012335, "highway": "unclassified", "point_id": 953 }, "geometry": { "type": "Point", "coordinates": [ 77.49837435, 13.02012335 ] } },
{ "type": "Feature", "properties": { "lon": 77.5457265, "lat": 12.99351375, "highway": "tertiary", "point_id": 954 }, "geometry": { "type": "Point", "coordinates": [ 77.5457265, 12.99351375 ] } },
{ "type": "Feature", "properties": { "lon": 77.544821750000011, "lat": 12.9465206, "highway": "residential", "point_id": 955 }, "geometry": { "type": "Point", "coordinates": [ 77.544821750000011, 12.9465206 ] } },
{ "type": "Feature", "properties": { "lon": 77.63800825, "lat": 13.0171609, "highway": "residential", "point_id": 956 }, "geometry": { "type": "Point", "coordinates": [ 77.63800825, 13.0171609 ] } },
{ "type": "Feature", "properties": { "lon": 77.4583822, "lat": 13.0403309, "highway": "residential", "point_id": 957 }, "geometry": { "type": "Point", "coordinates": [ 77.4583822, 13.0403309 ] } },
{ "type": "Feature", "properties": { "lon": 77.57076445, "lat": 12.92607325, "highway": "residential", "point_id": 958 }, "geometry": { "type": "Point", "coordinates": [ 77.57076445, 12.92607325 ] } },
{ "type": "Feature", "properties": { "lon": 77.61200415, "lat": 13.093854, "highway": "residential", "point_id": 959 }, "geometry": { "type": "Point", "coordinates": [ 77.61200415, 13.093854 ] } },
{ "type": "Feature", "properties": { "lon": 77.537482250000011, "lat": 12.91382185, "highway": "residential", "point_id": 960 }, "geometry": { "type": "Point", "coordinates": [ 77.537482250000011, 12.91382185 ] } },
{ "type": "Feature", "properties": { "lon": 77.51318575, "lat": 12.9068246, "highway": "residential", "point_id": 961 }, "geometry": { "type": "Point", "coordinates": [ 77.51318575, 12.9068246 ] } },
{ "type": "Feature", "properties": { "lon": 77.4577363, "lat": 12.93803225, "highway": "residential", "point_id": 962 }, "geometry": { "type": "Point", "coordinates": [ 77.4577363, 12.93803225 ] } },
{ "type": "Feature", "properties": { "lon": 77.67150915, "lat": 12.9456567, "highway": "residential", "point_id": 963 }, "geometry": { "type": "Point", "coordinates": [ 77.67150915, 12.9456567 ] } },
{ "type": "Feature", "properties": { "lon": 77.6883314, "lat": 13.13430695, "highway": "residential", "point_id": 964 }, "geometry": { "type": "Point", "coordinates": [ 77.68833140000001, 13.13430695 ] } },
{ "type": "Feature", "properties": { "lon": 77.584023050000013, "lat": 13.09294835, "highway": "residential", "point_id": 965 }, "geometry": { "type": "Point", "coordinates": [ 77.584023050000013, 13.09294835 ] } },
{ "type": "Feature", "properties": { "lon": 77.4917763, "lat": 12.7995046, "highway": "residential", "point_id": 966 }, "geometry": { "type": "Point", "coordinates": [ 77.4917763, 12.7995046 ] } },
{ "type": "Feature", "properties": { "lon": 77.53100105, "lat": 12.7820628, "highway": "residential", "point_id": 967 }, "geometry": { "type": "Point", "coordinates": [ 77.53100105, 12.7820628 ] } },
{ "type": "Feature", "properties": { "lon": 77.634653, "lat": 12.90365645, "highway": "residential", "point_id": 968 }, "geometry": { "type": "Point", "coordinates": [ 77.634653, 12.90365645 ] } },
{ "type": "Feature", "properties": { "lon": 77.52102685, "lat": 12.89733085, "highway": "residential", "point_id": 969 }, "geometry": { "type": "Point", "coordinates": [ 77.52102685, 12.89733085 ] } },
{ "type": "Feature", "properties": { "lon": 77.51557035, "lat": 12.8195167, "highway": "residential", "point_id": 970 }, "geometry": { "type": "Point", "coordinates": [ 77.51557035, 12.8195167 ] } },
{ "type": "Feature", "properties": { "lon": 77.67378725, "lat": 13.01240525, "highway": "residential", "point_id": 971 }, "geometry": { "type": "Point", "coordinates": [ 77.67378725, 13.01240525 ] } },
{ "type": "Feature", "properties": { "lon": 77.66916225, "lat": 13.02843125, "highway": "residential", "point_id": 972 }, "geometry": { "type": "Point", "coordinates": [ 77.66916225, 13.02843125 ] } },
{ "type": "Feature", "properties": { "lon": 77.5418211, "lat": 13.0905741, "highway": "residential", "point_id": 973 }, "geometry": { "type": "Point", "coordinates": [ 77.5418211, 13.0905741 ] } },
{ "type": "Feature", "properties": { "lon": 77.5004282, "lat": 13.0706753, "highway": "residential", "point_id": 974 }, "geometry": { "type": "Point", "coordinates": [ 77.500428199999988, 13.0706753 ] } },
{ "type": "Feature", "properties": { "lon": 77.57055625, "lat": 13.0989246, "highway": "residential", "point_id": 975 }, "geometry": { "type": "Point", "coordinates": [ 77.57055625, 13.0989246 ] } },
{ "type": "Feature", "properties": { "lon": 77.49175215, "lat": 13.0311021, "highway": "residential", "point_id": 976 }, "geometry": { "type": "Point", "coordinates": [ 77.49175215, 13.0311021 ] } },
{ "type": "Feature", "properties": { "lon": 77.571289, "lat": 12.88299835, "highway": "residential", "point_id": 977 }, "geometry": { "type": "Point", "coordinates": [ 77.571289, 12.88299835 ] } },
{ "type": "Feature", "properties": { "lon": 77.5058305, "lat": 12.94208855, "highway": "secondary", "point_id": 978 }, "geometry": { "type": "Point", "coordinates": [ 77.5058305, 12.94208855 ] } },
{ "type": "Feature", "properties": { "lon": 77.6901495, "lat": 13.0986267, "highway": "residential", "point_id": 979 }, "geometry": { "type": "Point", "coordinates": [ 77.6901495, 13.0986267 ] } },
{ "type": "Feature", "properties": { "lon": 77.516962650000011, "lat": 13.00094515, "highway": "residential", "point_id": 980 }, "geometry": { "type": "Point", "coordinates": [ 77.516962650000011, 13.00094515 ] } },
{ "type": "Feature", "properties": { "lon": 77.68252275, "lat": 12.85580985, "highway": "residential", "point_id": 981 }, "geometry": { "type": "Point", "coordinates": [ 77.68252275, 12.85580985 ] } },
{ "type": "Feature", "properties": { "lon": 77.71774055, "lat": 12.92425995, "highway": "residential", "point_id": 982 }, "geometry": { "type": "Point", "coordinates": [ 77.71774055, 12.92425995 ] } },
{ "type": "Feature", "properties": { "lon": 77.54153215, "lat": 13.126416, "highway": "residential", "point_id": 983 }, "geometry": { "type": "Point", "coordinates": [ 77.54153215, 13.126416 ] } },
{ "type": "Feature", "properties": { "lon": 77.6988185, "lat": 12.65652935, "highway": "unclassified", "point_id": 984 }, "geometry": { "type": "Point", "coordinates": [ 77.6988185, 12.65652935 ] } },
{ "type": "Feature", "properties": { "lon": 77.62247405, "lat": 13.0168066, "highway": "residential", "point_id": 985 }, "geometry": { "type": "Point", "coordinates": [ 77.62247405, 13.0168066 ] } },
{ "type": "Feature", "properties": { "lon": 77.71586355, "lat": 12.78247015, "highway": "tertiary", "point_id": 986 }, "geometry": { "type": "Point", "coordinates": [ 77.71586355, 12.78247015 ] } },
{ "type": "Feature", "properties": { "lon": 77.7526905, "lat": 12.98496565, "highway": "residential", "point_id": 987 }, "geometry": { "type": "Point", "coordinates": [ 77.7526905, 12.98496565 ] } },
{ "type": "Feature", "properties": { "lon": 77.6864071, "lat": 12.76904665, "highway": "residential", "point_id": 988 }, "geometry": { "type": "Point", "coordinates": [ 77.6864071, 12.76904665 ] } },
{ "type": "Feature", "properties": { "lon": 77.53792615, "lat": 12.9204874, "highway": "tertiary", "point_id": 989 }, "geometry": { "type": "Point", "coordinates": [ 77.53792615, 12.9204874 ] } },
{ "type": "Feature", "properties": { "lon": 77.58424935, "lat": 12.9203576, "highway": "residential", "point_id": 990 }, "geometry": { "type": "Point", "coordinates": [ 77.58424935, 12.9203576 ] } },
{ "type": "Feature", "properties": { "lon": 77.55841295, "lat": 13.16436845, "highway": "residential", "point_id": 991 }, "geometry": { "type": "Point", "coordinates": [ 77.55841295, 13.16436845 ] } },
{ "type": "Feature", "properties": { "lon": 77.73380455, "lat": 13.0519831, "highway": "residential", "point_id": 992 }, "geometry": { "type": "Point", "coordinates": [ 77.73380455, 13.0519831 ] } },
{ "type": "Feature", "properties": { "lon": 77.7107438, "lat": 13.0617875, "highway": "residential", "point_id": 993 }, "geometry": { "type": "Point", "coordinates": [ 77.7107438, 13.0617875 ] } },
{ "type": "Feature", "properties": { "lon": 77.37697255, "lat": 12.8887141, "highway": "residential", "point_id": 994 }, "geometry": { "type": "Point", "coordinates": [ 77.37697255, 12.8887141 ] } },
{ "type": "Feature", "properties": { "lon": 77.5421915, "lat": 12.9305062, "highway": "residential", "point_id": 995 }, "geometry": { "type": "Point", "coordinates": [ 77.5421915, 12.9305062 ] } },
{ "type": "Feature", "properties": { "lon": 77.4779939, "lat": 13.05602885, "highway": "unclassified", "point_id": 996 }, "geometry": { "type": "Point", "coordinates": [ 77.4779939, 13.05602885 ] } },
{ "type": "Feature", "properties": { "lon": 77.603689, "lat": 12.83054965, "highway": "residential", "point_id": 997 }, "geometry": { "type": "Point", "coordinates": [ 77.603689, 12.83054965 ] } },
{ "type": "Feature", "properties": { "lon": 77.69824355, "lat": 13.1302051, "highway": "residential", "point_id": 998 }, "geometry": { "type": "Point", "coordinates": [ 77.69824355, 13.1302051 ] } },
{ "type": "Feature", "properties": { "lon": 77.67624655, "lat": 13.0103852, "highway": "residential", "point_id": 999 }, "geometry": { "type": "Point", "coordinates": [ 77.67624655, 13.0103852 ] } }
]
}
