{
"type": "FeatureCollection",
"name": "sampled_points",
"crs": { "type": "name", "properties": { "name": "urn:ogc:def:crs:OGC:1.3:CRS84" } },
"features": [
{ "type": "Feature", "properties": { "lon": 78.5107094, "lat": 17.4534878, "highway": "residential", "point_id": 0 }, "geometry": { "type": "Point", "coordinates": [ 78.5107094, 17.4534878 ] } },
{ "type": "Feature", "properties": { "lon": 78.47715805, "lat": 17.3796531, "highway": "residential", "point_id": 1 }, "geometry": { "type": "Point", "coordinates": [ 78.47715805, 17.3796531 ] } },
{ "type": "Feature", "properties": { "lon": 78.50042375, "lat": 17.4373167, "highway": "tertiary", "point_id": 2 }, "geometry": { "type": "Point", "coordinates": [ 78.50042375, 17.4373167 ] } },
{ "type": "Feature", "properties": { "lon": 78.46480465, "lat": 17.29675195, "highway": "residential", "point_id": 3 }, "geometry": { "type": "Point", "coordinates": [ 78.46480465, 17.29675195 ] } },
{ "type": "Feature", "properties": { "lon": 78.48592235, "lat": 17.4342561, "highway": "residential", "point_id": 4 }, "geometry": { "type": "Point", "coordinates": [ 78.48592235, 17.4342561 ] } },
{ "type": "Feature", "properties": { "lon": 78.4650831, "lat": 17.31881965, "highway": "residential", "point_id": 5 }, "geometry": { "type": "Point", "coordinates": [ 78.4650831, 17.31881965 ] } },
{ "type": "Feature", "properties": { "lon": 78.4136303, "lat": 17.3993874, "highway": "residential", "point_id": 6 }, "geometry": { "type": "Point", "coordinates": [ 78.4136303, 17.3993874 ] } },
{ "type": "Feature", "properties": { "lon": 78.4183881, "lat": 17.44689915, "highway": "residential", "point_id": 7 }, "geometry": { "type": "Point", "coordinates": [ 78.4183881, 17.44689915 ] } },
{ "type": "Feature", "properties": { "lon": 78.4696126, "lat": 17.39092575, "highway": "residential", "point_id": 8 }, "geometry": { "type": "Point", "coordinates": [ 78.4696126, 17.39092575 ] } },
{ "type": "Feature", "properties": { "lon": 78.40824935000001, "lat": 17.44072195, "highway": "residential", "point_id": 9 }, "geometry": { "type": "Point", "coordinates": [ 78.40824935, 17.44072195 ] } },
{ "type": "Feature", "properties": { "lon": 78.48998895, "lat": 17.4118704, "highway": "residential", "point_id": 10 }, "geometry": { "type": "Point", "coordinates": [ 78.48998895, 17.4118704 ] } },
{ "type": "Feature", "properties": { "lon": 78.4907851, "lat": 17.39610365, "highway": "residential", "point_id": 11 }, "geometry": { "type": "Point", "coordinates": [ 78.4907851, 17.39610365 ] } },
{ "type": "Feature", "properties": { "lon": 78.47527855, "lat": 17.3419264, "highway": "residential", "point_id": 12 }, "geometry": { "type": "Point", "coordinates": [ 78.47527855, 17.3419264 ] } },
{ "type": "Feature", "properties": { "lon": 78.4873672, "lat": 17.3714344, "highway": "residential", "point_id": 13 }, "geometry": { "type": "Point", "coordinates": [ 78.4873672, 17.3714344 ] } },
{ "type": "Feature", "properties": { "lon": 78.47015095, "lat": 17.3814323, "highway": "residential", "point_id": 14 }, "geometry": { "type": "Point", "coordinates": [ 78.47015095, 17.3814323 ] } },
{ "type": "Feature", "properties": { "lon": 78.4239949, "lat": 17.3900018, "highway": "residential", "point_id": 15 }, "geometry": { "type": "Point", "coordinates": [ 78.4239949, 17.3900018 ] } },
{ "type": "Feature", "properties": { "lon": 78.4865506, "lat": 17.3596052, "highway": "residential", "point_id": 16 }, "geometry": { "type": "Point", "coordinates": [ 78.4865506, 17.3596052 ] } },
{ "type": "Feature", "properties": { "lon": 78.450027, "lat": 17.39874255, "highway": "tertiary", "point_id": 17 }, "geometry": { "type": "Point", "coordinates": [ 78.450027, 17.39874255 ] } },
{ "type": "Feature", "properties": { "lon": 78.41954045, "lat": 17.4051552, "highway": "residential", "point_id": 18 }, "geometry": { "type": "Point", "coordinates": [ 78.41954045, 17.4051552 ] } },
{ "type": "Feature", "properties": { "lon": 78.505446, "lat": 17.34581825, "highway": "residential", "point_id": 19 }, "geometry": { "type": "Point", "coordinates": [ 78.505446, 17.34581825 ] } },
{ "type": "Feature", "properties": { "lon": 78.393918750000012, "lat": 17.37219975, "highway": "residential", "point_id": 20 }, "geometry": { "type": "Point", "coordinates": [ 78.393918750000012, 17.37219975 ] } },
{ "type": "Feature", "properties": { "lon": 78.49624895, "lat": 17.464734, "highway": "residential", "point_id": 21 }, "geometry": { "type": "Point", "coordinates": [ 78.49624895, 17.464734 ] } },
{ "type": "Feature", "properties": { "lon": 78.44529865, "lat": 17.3914675, "highway": "residential", "point_id": 22 }, "geometry": { "type": "Point", "coordinates": [ 78.44529865, 17.3914675 ] } },
{ "type": "Feature", "properties": { "lon": 78.5203215, "lat": 17.4024527, "highway": "residential", "point_id": 23 }, "geometry": { "type": "Point", "coordinates": [ 78.5203215, 17.4024527 ] } },
{ "type": "Feature", "properties": { "lon": 78.5199238, "lat": 17.357404, "highway": "residential", "point_id": 24 }, "geometry": { "type": "Point", "coordinates": [ 78.5199238, 17.357404 ] } },
{ "type": "Feature", "properties": { "lon": 78.50323695, "lat": 17.3841324, "highway": "residential", "point_id": 25 }, "geometry": { "type": "Point", "coordinates": [ 78.50323695, 17.3841324 ] } },
{ "type": "Feature", "properties": { "lon": 78.4655681, "lat": 17.29586225, "highway": "residential", "point_id": 26 }, "geometry": { "type": "Point", "coordinates": [ 78.4655681, 17.29586225 ] } },
{ "type": "Feature", "properties": { "lon": 78.48835595, "lat": 17.42179455, "highway": "residential", "point_id": 27 }, "geometry": { "type": "Point", "coordinates": [ 78.48835595, 17.42179455 ] } },
{ "type": "Feature", "properties": { "lon": 78.46166945, "lat": 17.3103122, "highway": "residential", "point_id": 28 }, "geometry": { "type": "Point", "coordinates": [ 78.46166945, 17.3103122 ] } },
{ "type": "Feature", "properties": { "lon": 78.4705541, "lat": 17.34147455, "highway": "residential", "point_id": 29 }, "geometry": { "type": "Point", "coordinates": [ 78.4705541, 17.34147455 ] } },
{ "type": "Feature", "properties": { "lon": 78.44236825, "lat": 17.38706645, "highway": "residential", "point_id": 30 }, "geometry": { "type": "Point", "coordinates": [ 78.44236825, 17.38706645 ] } },
{ "type": "Feature", "properties": { "lon": 78.51736575000001, "lat": 17.36324565, "highway": "residential", "point_id": 31 }, "geometry": { "type": "Point", "coordinates": [ 78.51736575000001, 17.36324565 ] } },
{ "type": "Feature", "properties": { "lon": 78.41160785, "lat": 17.4436495, "highway": "residential", "point_id": 32 }, "geometry": { "type": "Point", "coordinates": [ 78.41160785, 17.4436495 ] } },
{ "type": "Feature", "properties": { "lon": 78.5134297, "lat": 17.3807394, "highway": "residential", "point_id": 33 }, "geometry": { "type": "Point", "coordinates": [ 78.5134297, 17.3807394 ] } },
{ "type": "Feature", "properties": { "lon": 78.4092572, "lat": 17.377767, "highway": "residential", "point_id": 34 }, "geometry": { "type": "Point", "coordinates": [ 78.4092572, 17.377767 ] } },
{ "type": "Feature", "properties": { "lon": 78.49504055, "lat": 17.36442815, "highway": "residential", "point_id": 35 }, "geometry": { "type": "Point", "coordinates": [ 78.49504055, 17.36442815 ] } },
{ "type": "Feature", "properties": { "lon": 78.4846329, "lat": 17.3747432, "highway": "residential", "point_id": 36 }, "geometry": { "type": "Point", "coordinates": [ 78.4846329, 17.3747432 ] } },
{ "type": "Feature", "properties": { "lon": 78.52038835, "lat": 17.41450025, "highway": "residential", "point_id": 37 }, "geometry": { "type": "Point", "coordinates": [ 78.52038835, 17.41450025 ] } },
{ "type": "Feature", "properties": { "lon": 78.46295165, "lat": 17.3373555, "highway": "residential", "point_id": 38 }, "geometry": { "type": "Point", "coordinates": [ 78.46295165, 17.3373555 ] } },
{ "type": "Feature", "properties": { "lon": 78.5079951, "lat": 17.4785597, "highway": "residential", "point_id": 39 }, "geometry": { "type": "Point", "coordinates": [ 78.5079951, 17.4785597 ] } },
{ "type": "Feature", "properties": { "lon": 78.46302015000001, "lat": 17.35423435, "highway": "residential", "point_id": 40 }, "geometry": { "type": "Point", "coordinates": [ 78.46302015, 17.35423435 ] } },
{ "type": "Feature", "properties": { "lon": 78.4329638, "lat": 17.39337205, "highway": "residential", "point_id": 41 }, "geometry": { "type": "Point", "coordinates": [ 78.43296380000001, 17.39337205 ] } },
{ "type": "Feature", "properties": { "lon": 78.48700725, "lat": 17.37711715, "highway": "residential", "point_id": 42 }, "geometry": { "type": "Point", "coordinates": [ 78.48700725, 17.37711715 ] } },
{ "type": "Feature", "properties": { "lon": 78.4141055, "lat": 17.3774588, "highway": "residential", "point_id": 43 }, "geometry": { "type": "Point", "coordinates": [ 78.4141055, 17.3774588 ] } },
{ "type": "Feature", "properties": { "lon": 78.48254085, "lat": 17.37816105, "highway": "tertiary", "point_id": 44 }, "geometry": { "type": "Point", "coordinates": [ 78.48254085, 17.37816105 ] } },
{ "type": "Feature", "properties": { "lon": 78.5072616, "lat": 17.3610173, "highway": "residential", "point_id": 45 }, "geometry": { "type": "Point", "coordinates": [ 78.5072616, 17.3610173 ] } },
{ "type": "Feature", "properties": { "lon": 78.4750884, "lat": 17.4055903, "highway": "residential", "point_id": 46 }, "geometry": { "type": "Point", "coordinates": [ 78.4750884, 17.4055903 ] } },
{ "type": "Feature", "properties": { "lon": 78.4807225, "lat": 17.379153, "highway": "residential", "point_id": 47 }, "geometry": { "type": "Point", "coordinates": [ 78.4807225, 17.379153 ] } },
{ "type": "Feature", "properties": { "lon": 78.41223515, "lat": 17.4393327, "highway": "residential", "point_id": 48 }, "geometry": { "type": "Point", "coordinates": [ 78.41223515, 17.4393327 ] } },
{ "type": "Feature", "properties": { "lon": 78.4138877, "lat": 17.40862585, "highway": "residential", "point_id": 49 }, "geometry": { "type": "Point", "coordinates": [ 78.4138877, 17.40862585 ] } },
{ "type": "Feature", "properties": { "lon": 78.49102745, "lat": 17.33858595, "highway": "tertiary", "point_id": 50 }, "geometry": { "type": "Point", "coordinates": [ 78.49102745, 17.33858595 ] } },
{ "type": "Feature", "properties": { "lon": 78.45297015, "lat": 17.41588505, "highway": "residential", "point_id": 51 }, "geometry": { "type": "Point", "coordinates": [ 78.45297015, 17.41588505 ] } },
{ "type": "Feature", "properties": { "lon": 78.5133731, "lat": 17.42727295, "highway": "residential", "point_id": 52 }, "geometry": { "type": "Point", "coordinates": [ 78.5133731, 17.42727295 ] } },
{ "type": "Feature", "properties": { "lon": 78.4285361, "lat": 17.40781945, "highway": "residential", "point_id": 53 }, "geometry": { "type": "Point", "coordinates": [ 78.4285361, 17.40781945 ] } },
{ "type": "Feature", "properties": { "lon": 78.4596593, "lat": 17.3931039, "highway": "residential", "point_id": 54 }, "geometry": { "type": "Point", "coordinates": [ 78.4596593, 17.3931039 ] } },
{ "type": "Feature", "properties": { "lon": 78.49173815, "lat": 17.3225368, "highway": "residential", "point_id": 55 }, "geometry": { "type": "Point", "coordinates": [ 78.49173815, 17.3225368 ] } },
{ "type": "Feature", "properties": { "lon": 78.46480595, "lat": 17.33735905, "highway": "residential", "point_id": 56 }, "geometry": { "type": "Point", "coordinates": [ 78.46480595, 17.33735905 ] } },
{ "type": "Feature", "properties": { "lon": 78.48183315, "lat": 17.46758395, "highway": "tertiary", "point_id": 57 }, "geometry": { "type": "Point", "coordinates": [ 78.48183315, 17.46758395 ] } },
{ "type": "Feature", "properties": { "lon": 78.4996195, "lat": 17.44798305, "highway": "residential", "point_id": 58 }, "geometry": { "type": "Point", "coordinates": [ 78.4996195, 17.44798305 ] } },
{ "type": "Feature", "properties": { "lon": 78.43813735000001, "lat": 17.3797302, "highway": "residential", "point_id": 59 }, "geometry": { "type": "Point", "coordinates": [ 78.43813735, 17.3797302 ] } },
{ "type": "Feature", "properties": { "lon": 78.45258055, "lat": 17.3314419, "highway": "residential", "point_id": 60 }, "geometry": { "type": "Point", "coordinates": [ 78.45258055, 17.3314419 ] } },
{ "type": "Feature", "properties": { "lon": 78.5045417, "lat": 17.41922635, "highway": "residential", "point_id": 61 }, "geometry": { "type": "Point", "coordinates": [ 78.5045417, 17.41922635 ] } },
{ "type": "Feature", "properties": { "lon": 78.48704905, "lat": 17.3344405, "highway": "residential", "point_id": 62 }, "geometry": { "type": "Point", "coordinates": [ 78.48704905, 17.3344405 ] } },
{ "type": "Feature", "properties": { "lon": 78.4307333, "lat": 17.40944765, "highway": "residential", "point_id": 63 }, "geometry": { "type": "Point", "coordinates": [ 78.4307333, 17.40944765 ] } },
{ "type": "Feature", "properties": { "lon": 78.47136305000001, "lat": 17.3473943, "highway": "residential", "point_id": 64 }, "geometry": { "type": "Point", "coordinates": [ 78.47136305, 17.3473943 ] } },
{ "type": "Feature", "properties": { "lon": 78.4146128, "lat": 17.44673025, "highway": "residential", "point_id": 65 }, "geometry": { "type": "Point", "coordinates": [ 78.4146128, 17.44673025 ] } },
{ "type": "Feature", "properties": { "lon": 78.4761246, "lat": 17.38633975, "highway": "primary", "point_id": 66 }, "geometry": { "type": "Point", "coordinates": [ 78.4761246, 17.38633975 ] } },
{ "type": "Feature", "properties": { "lon": 78.4426205, "lat": 17.4103807, "highway": "residential", "point_id": 67 }, "geometry": { "type": "Point", "coordinates": [ 78.4426205, 17.4103807 ] } },
{ "type": "Feature", "properties": { "lon": 78.4684528, "lat": 17.3522911, "highway": "residential", "point_id": 68 }, "geometry": { "type": "Point", "coordinates": [ 78.4684528, 17.3522911 ] } },
{ "type": "Feature", "properties": { "lon": 78.488642, "lat": 17.37291425, "highway": "residential", "point_id": 69 }, "geometry": { "type": "Point", "coordinates": [ 78.488642, 17.37291425 ] } },
{ "type": "Feature", "properties": { "lon": 78.508261, "lat": 17.39447685, "highway": "residential", "point_id": 70 }, "geometry": { "type": "Point", "coordinates": [ 78.508261, 17.39447685 ] } },
{ "type": "Feature", "properties": { "lon": 78.4687297, "lat": 17.3141073, "highway": "residential", "point_id": 71 }, "geometry": { "type": "Point", "coordinates": [ 78.468729700000011, 17.3141073 ] } },
{ "type": "Feature", "properties": { "lon": 78.42897115, "lat": 17.4282739, "highway": "residential", "point_id": 72 }, "geometry": { "type": "Point", "coordinates": [ 78.42897115, 17.4282739 ] } },
{ "type": "Feature", "properties": { "lon": 78.4401445, "lat": 17.3626822, "highway": "residential", "point_id": 73 }, "geometry": { "type": "Point", "coordinates": [ 78.4401445, 17.3626822 ] } },
{ "type": "Feature", "properties": { "lon": 78.5108506, "lat": 17.4176304, "highway": "residential", "point_id": 74 }, "geometry": { "type": "Point", "coordinates": [ 78.5108506, 17.4176304 ] } },
{ "type": "Feature", "properties": { "lon": 78.47779855, "lat": 17.36921655, "highway": "residential", "point_id": 75 }, "geometry": { "type": "Point", "coordinates": [ 78.47779855, 17.36921655 ] } },
{ "type": "Feature", "properties": { "lon": 78.46180025, "lat": 17.32348575, "highway": "residential", "point_id": 76 }, "geometry": { "type": "Point", "coordinates": [ 78.46180025, 17.32348575 ] } },
{ "type": "Feature", "properties": { "lon": 78.4096006, "lat": 17.40987525, "highway": "residential", "point_id": 77 }, "geometry": { "type": "Point", "coordinates": [ 78.4096006, 17.40987525 ] } },
{ "type": "Feature", "properties": { "lon": 78.4591088, "lat": 17.38511615, "highway": "residential", "point_id": 78 }, "geometry": { "type": "Point", "coordinates": [ 78.4591088, 17.38511615 ] } },
{ "type": "Feature", "properties": { "lon": 78.394810650000011, "lat": 17.37234105, "highway": "residential", "point_id": 79 }, "geometry": { "type": "Point", "coordinates": [ 78.394810650000011, 17.37234105 ] } },
{ "type": "Feature", "properties": { "lon": 78.4338199, "lat": 17.39297725, "highway": "residential", "point_id": 80 }, "geometry": { "type": "Point", "coordinates": [ 78.4338199, 17.39297725 ] } },
{ "type": "Feature", "properties": { "lon": 78.4895454, "lat": 17.34005705, "highway": "residential", "point_id": 81 }, "geometry": { "type": "Point", "coordinates": [ 78.4895454, 17.34005705 ] } },
{ "type": "Feature", "properties": { "lon": 78.4156204, "lat": 17.3774922, "highway": "residential", "point_id": 82 }, "geometry": { "type": "Point", "coordinates": [ 78.4156204, 17.3774922 ] } },
{ "type": "Feature", "properties": { "lon": 78.4057345, "lat": 17.41473265, "highway": "residential", "point_id": 83 }, "geometry": { "type": "Point", "coordinates": [ 78.4057345, 17.41473265 ] } },
{ "type": "Feature", "properties": { "lon": 78.5274014, "lat": 17.3935084, "highway": "residential", "point_id": 84 }, "geometry": { "type": "Point", "coordinates": [ 78.5274014, 17.3935084 ] } },
{ "type": "Feature", "properties": { "lon": 78.4807797, "lat": 17.3436653, "highway": "residential", "point_id": 85 }, "geometry": { "type": "Point", "coordinates": [ 78.4807797, 17.3436653 ] } },
{ "type": "Feature", "properties": { "lon": 78.5119153, "lat": 17.47954075, "highway": "residential", "point_id": 86 }, "geometry": { "type": "Point", "coordinates": [ 78.5119153, 17.47954075 ] } },
{ "type": "Feature", "properties": { "lon": 78.4794799, "lat": 17.3340933, "highway": "residential", "point_id": 87 }, "geometry": { "type": "Point", "coordinates": [ 78.4794799, 17.3340933 ] } },
{ "type": "Feature", "properties": { "lon": 78.48888665, "lat": 17.38581515, "highway": "residential", "point_id": 88 }, "geometry": { "type": "Point", "coordinates": [ 78.48888665, 17.38581515 ] } },
{ "type": "Feature", "properties": { "lon": 78.50822485, "lat": 17.41453085, "highway": "residential", "point_id": 89 }, "geometry": { "type": "Point", "coordinates": [ 78.50822485, 17.41453085 ] } },
{ "type": "Feature", "properties": { "lon": 78.50126435, "lat": 17.38968375, "highway": "residential", "point_id": 90 }, "geometry": { "type": "Point", "coordinates": [ 78.50126435, 17.38968375 ] } },
{ "type": "Feature", "properties": { "lon": 78.4910347, "lat": 17.32862065, "highway": "residential", "point_id": 91 }, "geometry": { "type": "Point", "coordinates": [ 78.4910347, 17.32862065 ] } },
{ "type": "Feature", "properties": { "lon": 78.4806751, "lat": 17.39043725, "highway": "residential", "point_id": 92 }, "geometry": { "type": "Point", "coordinates": [ 78.4806751, 17.39043725 ] } },
{ "type": "Feature", "properties": { "lon": 78.50038375, "lat": 17.4357771, "highway": "secondary", "point_id": 93 }, "geometry": { "type": "Point", "coordinates": [ 78.50038375, 17.4357771 ] } },
{ "type": "Feature", "properties": { "lon": 78.41415695000001, "lat": 17.38195075, "highway": "residential", "point_id": 94 }, "geometry": { "type": "Point", "coordinates": [ 78.41415695, 17.38195075 ] } },
{ "type": "Feature", "properties": { "lon": 78.4912151, "lat": 17.3669713, "highway": "secondary", "point_id": 95 }, "geometry": { "type": "Point", "coordinates": [ 78.4912151, 17.3669713 ] } },
{ "type": "Feature", "properties": { "lon": 78.4987985, "lat": 17.3993182, "highway": "residential", "point_id": 96 }, "geometry": { "type": "Point", "coordinates": [ 78.4987985, 17.3993182 ] } },
{ "type": "Feature", "properties": { "lon": 78.44680075, "lat": 17.39541575, "highway": "residential", "point_id": 97 }, "geometry": { "type": "Point", "coordinates": [ 78.44680075, 17.39541575 ] } },
{ "type": "Feature", "properties": { "lon": 78.50528915, "lat": 17.44085795, "highway": "secondary", "point_id": 98 }, "geometry": { "type": "Point", "coordinates": [ 78.50528915, 17.44085795 ] } },
{ "type": "Feature", "properties": { "lon": 78.4650748, "lat": 17.3274088, "highway": "residential", "point_id": 99 }, "geometry": { "type": "Point", "coordinates": [ 78.4650748, 17.3274088 ] } },
{ "type": "Feature", "properties": { "lon": 78.480716, "lat": 17.3479298, "highway": "residential", "point_id": 100 }, "geometry": { "type": "Point", "coordinates": [ 78.480716, 17.3479298 ] } },
{ "type": "Feature", "properties": { "lon": 78.46459905, "lat": 17.3173877, "highway": "residential", "point_id": 101 }, "geometry": { "type": "Point", "coordinates": [ 78.46459905, 17.3173877 ] } },
{ "type": "Feature", "properties": { "lon": 78.501918350000011, "lat": 17.4487388, "highway": "residential", "point_id": 102 }, "geometry": { "type": "Point", "coordinates": [ 78.501918350000011, 17.4487388 ] } },
{ "type": "Feature", "properties": { "lon": 78.399580750000013, "lat": 17.38950205, "highway": "residential", "point_id": 103 }, "geometry": { "type": "Point", "coordinates": [ 78.399580750000013, 17.38950205 ] } },
{ "type": "Feature", "properties": { "lon": 78.48580655000001, "lat": 17.33632195, "highway": "residential", "point_id": 104 }, "geometry": { "type": "Point", "coordinates": [ 78.48580655, 17.33632195 ] } },
{ "type": "Feature", "properties": { "lon": 78.48792695, "lat": 17.35623735, "highway": "residential", "point_id": 105 }, "geometry": { "type": "Point", "coordinates": [ 78.48792695, 17.35623735 ] } },
{ "type": "Feature", "properties": { "lon": 78.4705056, "lat": 17.4631107, "highway": "residential", "point_id": 106 }, "geometry": { "type": "Point", "coordinates": [ 78.4705056, 17.4631107 ] } },
{ "type": "Feature", "properties": { "lon": 78.4648696, "lat": 17.41195335, "highway": "residential", "point_id": 107 }, "geometry": { "type": "Point", "coordinates": [ 78.4648696, 17.41195335 ] } },
{ "type": "Feature", "properties": { "lon": 78.49367995, "lat": 17.35261155, "highway": "secondary", "point_id": 108 }, "geometry": { "type": "Point", "coordinates": [ 78.49367995, 17.35261155 ] } },
{ "type": "Feature", "properties": { "lon": 78.5066176, "lat": 17.34921525, "highway": "residential", "point_id": 109 }, "geometry": { "type": "Point", "coordinates": [ 78.5066176, 17.34921525 ] } },
{ "type": "Feature", "properties": { "lon": 78.46335965, "lat": 17.39379835, "highway": "secondary", "point_id": 110 }, "geometry": { "type": "Point", "coordinates": [ 78.46335965, 17.39379835 ] } },
{ "type": "Feature", "properties": { "lon": 78.4594221, "lat": 17.34351805, "highway": "residential", "point_id": 111 }, "geometry": { "type": "Point", "coordinates": [ 78.4594221, 17.34351805 ] } },
{ "type": "Feature", "properties": { "lon": 78.4207953, "lat": 17.4032223, "highway": "residential", "point_id": 112 }, "geometry": { "type": "Point", "coordinates": [ 78.4207953, 17.4032223 ] } },
{ "type": "Feature", "properties": { "lon": 78.43986205, "lat": 17.39009285, "highway": "residential", "point_id": 113 }, "geometry": { "type": "Point", "coordinates": [ 78.43986205, 17.39009285 ] } },
{ "type": "Feature", "properties": { "lon": 78.427923, "lat": 17.4392763, "highway": "residential", "point_id": 114 }, "geometry": { "type": "Point", "coordinates": [ 78.427923, 17.4392763 ] } },
{ "type": "Feature", "properties": { "lon": 78.40535795, "lat": 17.38639465, "highway": "residential", "point_id": 115 }, "geometry": { "type": "Point", "coordinates": [ 78.40535795, 17.38639465 ] } },
{ "type": "Feature", "properties": { "lon": 78.4932205, "lat": 17.35398165, "highway": "residential", "point_id": 116 }, "geometry": { "type": "Point", "coordinates": [ 78.4932205, 17.35398165 ] } },
{ "type": "Feature", "properties": { "lon": 78.484905, "lat": 17.31757415, "highway": "residential", "point_id": 117 }, "geometry": { "type": "Point", "coordinates": [ 78.484905, 17.31757415 ] } },
{ "type": "Feature", "properties": { "lon": 78.45985975, "lat": 17.3766843, "highway": "residential", "point_id": 118 }, "geometry": { "type": "Point", "coordinates": [ 78.45985975, 17.3766843 ] } },
{ "type": "Feature", "properties": { "lon": 78.42525695, "lat": 17.3731406, "highway": "residential", "point_id": 119 }, "geometry": { "type": "Point", "coordinates": [ 78.42525695, 17.3731406 ] } },
{ "type": "Feature", "properties": { "lon": 78.4894461, "lat": 17.3303187, "highway": "residential", "point_id": 120 }, "geometry": { "type": "Point", "coordinates": [ 78.4894461, 17.3303187 ] } },
{ "type": "Feature", "properties": { "lon": 78.4367122, "lat": 17.4178205, "highway": "residential", "point_id": 121 }, "geometry": { "type": "Point", "coordinates": [ 78.4367122, 17.4178205 ] } },
{ "type": "Feature", "properties": { "lon": 78.5127193, "lat": 17.35254925, "highway": "residential", "point_id": 122 }, "geometry": { "type": "Point", "coordinates": [ 78.5127193, 17.35254925 ] } },
{ "type": "Feature", "properties": { "lon": 78.452318749999989, "lat": 17.3625449, "highway": "residential", "point_id": 123 }, "geometry": { "type": "Point", "coordinates": [ 78.452318749999989, 17.3625449 ] } },
{ "type": "Feature", "properties": { "lon": 78.49518165000001, "lat": 17.35400005, "highway": "residential", "point_id": 124 }, "geometry": { "type": "Point", "coordinates": [ 78.49518165, 17.35400005 ] } },
{ "type": "Feature", "properties": { "lon": 78.4539843, "lat": 17.37141695, "highway": "secondary", "point_id": 125 }, "geometry": { "type": "Point", "coordinates": [ 78.4539843, 17.37141695 ] } },
{ "type": "Feature", "properties": { "lon": 78.5201292, "lat": 17.35644975, "highway": "residential", "point_id": 126 }, "geometry": { "type": "Point", "coordinates": [ 78.5201292, 17.35644975 ] } },
{ "type": "Feature", "properties": { "lon": 78.43454425, "lat": 17.388371, "highway": "residential", "point_id": 127 }, "geometry": { "type": "Point", "coordinates": [ 78.43454425, 17.388371 ] } },
{ "type": "Feature", "properties": { "lon": 78.4915557, "lat": 17.4548877, "highway": "residential", "point_id": 128 }, "geometry": { "type": "Point", "coordinates": [ 78.4915557, 17.4548877 ] } },
{ "type": "Feature", "properties": { "lon": 78.49259045, "lat": 17.3420592, "highway": "residential", "point_id": 129 }, "geometry": { "type": "Point", "coordinates": [ 78.49259045, 17.3420592 ] } },
{ "type": "Feature", "properties": { "lon": 78.4493521, "lat": 17.3427207, "highway": "residential", "point_id": 130 }, "geometry": { "type": "Point", "coordinates": [ 78.4493521, 17.3427207 ] } },
{ "type": "Feature", "properties": { "lon": 78.42946075, "lat": 17.3772792, "highway": "primary", "point_id": 131 }, "geometry": { "type": "Point", "coordinates": [ 78.42946075, 17.3772792 ] } },
{ "type": "Feature", "properties": { "lon": 78.4499082, "lat": 17.4300528, "highway": "trunk", "point_id": 132 }, "geometry": { "type": "Point", "coordinates": [ 78.44990820000001, 17.4300528 ] } },
{ "type": "Feature", "properties": { "lon": 78.490494, "lat": 17.32423865, "highway": "residential", "point_id": 133 }, "geometry": { "type": "Point", "coordinates": [ 78.490494, 17.32423865 ] } },
{ "type": "Feature", "properties": { "lon": 78.42910165000001, "lat": 17.45202945, "highway": "residential", "point_id": 134 }, "geometry": { "type": "Point", "coordinates": [ 78.42910165, 17.45202945 ] } },
{ "type": "Feature", "properties": { "lon": 78.4616416, "lat": 17.3344011, "highway": "residential", "point_id": 135 }, "geometry": { "type": "Point", "coordinates": [ 78.4616416, 17.3344011 ] } },
{ "type": "Feature", "properties": { "lon": 78.498969, "lat": 17.37104905, "highway": "residential", "point_id": 136 }, "geometry": { "type": "Point", "coordinates": [ 78.498969, 17.37104905 ] } },
{ "type": "Feature", "properties": { "lon": 78.463578, "lat": 17.357901, "highway": "residential", "point_id": 137 }, "geometry": { "type": "Point", "coordinates": [ 78.463578, 17.357901 ] } },
{ "type": "Feature", "properties": { "lon": 78.45881025, "lat": 17.33543585, "highway": "residential", "point_id": 138 }, "geometry": { "type": "Point", "coordinates": [ 78.45881025, 17.33543585 ] } },
{ "type": "Feature", "properties": { "lon": 78.4450948, "lat": 17.3584164, "highway": "residential", "point_id": 139 }, "geometry": { "type": "Point", "coordinates": [ 78.4450948, 17.3584164 ] } },
{ "type": "Feature", "properties": { "lon": 78.4645984, "lat": 17.3567714, "highway": "residential", "point_id": 140 }, "geometry": { "type": "Point", "coordinates": [ 78.4645984, 17.3567714 ] } },
{ "type": "Feature", "properties": { "lon": 78.46979645, "lat": 17.37762025, "highway": "residential", "point_id": 141 }, "geometry": { "type": "Point", "coordinates": [ 78.46979645, 17.37762025 ] } },
{ "type": "Feature", "properties": { "lon": 78.4934362, "lat": 17.32646605, "highway": "residential", "point_id": 142 }, "geometry": { "type": "Point", "coordinates": [ 78.4934362, 17.32646605 ] } },
{ "type": "Feature", "properties": { "lon": 78.4525323, "lat": 17.37695515, "highway": "residential", "point_id": 143 }, "geometry": { "type": "Point", "coordinates": [ 78.4525323, 17.37695515 ] } },
{ "type": "Feature", "properties": { "lon": 78.49732905, "lat": 17.35547205, "highway": "residential", "point_id": 144 }, "geometry": { "type": "Point", "coordinates": [ 78.49732905, 17.35547205 ] } },
{ "type": "Feature", "properties": { "lon": 78.44940405, "lat": 17.38264845, "highway": "residential", "point_id": 145 }, "geometry": { "type": "Point", "coordinates": [ 78.44940405, 17.38264845 ] } },
{ "type": "Feature", "properties": { "lon": 78.50196045, "lat": 17.347673, "highway": "residential", "point_id": 146 }, "geometry": { "type": "Point", "coordinates": [ 78.50196045, 17.347673 ] } },
{ "type": "Feature", "properties": { "lon": 78.42671985, "lat": 17.4518534, "highway": "residential", "point_id": 147 }, "geometry": { "type": "Point", "coordinates": [ 78.42671985, 17.4518534 ] } },
{ "type": "Feature", "properties": { "lon": 78.49698575, "lat": 17.47581035, "highway": "residential", "point_id": 148 }, "geometry": { "type": "Point", "coordinates": [ 78.49698575, 17.47581035 ] } },
{ "type": "Feature", "properties": { "lon": 78.5007851, "lat": 17.44938495, "highway": "residential", "point_id": 149 }, "geometry": { "type": "Point", "coordinates": [ 78.5007851, 17.44938495 ] } },
{ "type": "Feature", "properties": { "lon": 78.40396605000001, "lat": 17.40281395, "highway": "residential", "point_id": 150 }, "geometry": { "type": "Point", "coordinates": [ 78.40396605, 17.40281395 ] } },
{ "type": "Feature", "properties": { "lon": 78.41875005, "lat": 17.37475105, "highway": "primary", "point_id": 151 }, "geometry": { "type": "Point", "coordinates": [ 78.41875005, 17.37475105 ] } },
{ "type": "Feature", "properties": { "lon": 78.44787745, "lat": 17.3644095, "highway": "residential", "point_id": 152 }, "geometry": { "type": "Point", "coordinates": [ 78.44787745, 17.3644095 ] } },
{ "type": "Feature", "properties": { "lon": 78.48043325, "lat": 17.3968989, "highway": "residential", "point_id": 153 }, "geometry": { "type": "Point", "coordinates": [ 78.48043325, 17.3968989 ] } },
{ "type": "Feature", "properties": { "lon": 78.4175832, "lat": 17.41597365, "highway": "residential", "point_id": 154 }, "geometry": { "type": "Point", "coordinates": [ 78.4175832, 17.41597365 ] } },
{ "type": "Feature", "properties": { "lon": 78.5268262, "lat": 17.39198755, "highway": "residential", "point_id": 155 }, "geometry": { "type": "Point", "coordinates": [ 78.5268262, 17.39198755 ] } },
{ "type": "Feature", "properties": { "lon": 78.5017729, "lat": 17.45481405, "highway": "residential", "point_id": 156 }, "geometry": { "type": "Point", "coordinates": [ 78.5017729, 17.45481405 ] } },
{ "type": "Feature", "properties": { "lon": 78.508892, "lat": 17.37213505, "highway": "tertiary", "point_id": 157 }, "geometry": { "type": "Point", "coordinates": [ 78.508892, 17.37213505 ] } },
{ "type": "Feature", "properties": { "lon": 78.44889275, "lat": 17.4255455, "highway": "primary", "point_id": 158 }, "geometry": { "type": "Point", "coordinates": [ 78.44889275, 17.4255455 ] } },
{ "type": "Feature", "properties": { "lon": 78.4329678, "lat": 17.3924927, "highway": "residential", "point_id": 159 }, "geometry": { "type": "Point", "coordinates": [ 78.4329678, 17.3924927 ] } },
{ "type": "Feature", "properties": { "lon": 78.4524951, "lat": 17.38793515, "highway": "residential", "point_id": 160 }, "geometry": { "type": "Point", "coordinates": [ 78.4524951, 17.38793515 ] } },
{ "type": "Feature", "properties": { "lon": 78.4507698, "lat": 17.4236226, "highway": "tertiary", "point_id": 161 }, "geometry": { "type": "Point", "coordinates": [ 78.4507698, 17.4236226 ] } },
{ "type": "Feature", "properties": { "lon": 78.49465945, "lat": 17.34527545, "highway": "residential", "point_id": 162 }, "geometry": { "type": "Point", "coordinates": [ 78.49465945, 17.34527545 ] } },
{ "type": "Feature", "properties": { "lon": 78.487088, "lat": 17.3494346, "highway": "residential", "point_id": 163 }, "geometry": { "type": "Point", "coordinates": [ 78.487088, 17.3494346 ] } },
{ "type": "Feature", "properties": { "lon": 78.4866811, "lat": 17.3870497, "highway": "residential", "point_id": 164 }, "geometry": { "type": "Point", "coordinates": [ 78.4866811, 17.3870497 ] } },
{ "type": "Feature", "properties": { "lon": 78.43216525, "lat": 17.40819875, "highway": "tertiary", "point_id": 165 }, "geometry": { "type": "Point", "coordinates": [ 78.43216525, 17.40819875 ] } },
{ "type": "Feature", "properties": { "lon": 78.46506245, "lat": 17.31909915, "highway": "residential", "point_id": 166 }, "geometry": { "type": "Point", "coordinates": [ 78.46506245, 17.31909915 ] } },
{ "type": "Feature", "properties": { "lon": 78.4696076, "lat": 17.32590255, "highway": "residential", "point_id": 167 }, "geometry": { "type": "Point", "coordinates": [ 78.4696076, 17.32590255 ] } },
{ "type": "Feature", "properties": { "lon": 78.47737115000001, "lat": 17.34812455, "highway": "residential", "point_id": 168 }, "geometry": { "type": "Point", "coordinates": [ 78.47737115000001, 17.34812455 ] } },
{ "type": "Feature", "properties": { "lon": 78.4598705, "lat": 17.3563446, "highway": "residential", "point_id": 169 }, "geometry": { "type": "Point", "coordinates": [ 78.4598705, 17.3563446 ] } },
{ "type": "Feature", "properties": { "lon": 78.45037915, "lat": 17.34531955, "highway": "residential", "point_id": 170 }, "geometry": { "type": "Point", "coordinates": [ 78.45037915, 17.34531955 ] } },
{ "type": "Feature", "properties": { "lon": 78.47079885, "lat": 17.29531735, "highway": "tertiary", "point_id": 171 }, "geometry": { "type": "Point", "coordinates": [ 78.47079885, 17.29531735 ] } },
{ "type": "Feature", "properties": { "lon": 78.44526385, "lat": 17.3888302, "highway": "residential", "point_id": 172 }, "geometry": { "type": "Point", "coordinates": [ 78.44526385, 17.3888302 ] } },
{ "type": "Feature", "properties": { "lon": 78.4816223, "lat": 17.43878385, "highway": "residential", "point_id": 173 }, "geometry": { "type": "Point", "coordinates": [ 78.4816223, 17.43878385 ] } },
{ "type": "Feature", "properties": { "lon": 78.45193735000001, "lat": 17.3330004, "highway": "residential", "point_id": 174 }, "geometry": { "type": "Point", "coordinates": [ 78.45193735, 17.3330004 ] } },
{ "type": "Feature", "properties": { "lon": 78.438117, "lat": 17.42622615, "highway": "tertiary", "point_id": 175 }, "geometry": { "type": "Point", "coordinates": [ 78.438117, 17.42622615 ] } },
{ "type": "Feature", "properties": { "lon": 78.4947977, "lat": 17.32830735, "highway": "residential", "point_id": 176 }, "geometry": { "type": "Point", "coordinates": [ 78.4947977, 17.32830735 ] } },
{ "type": "Feature", "properties": { "lon": 78.4466749, "lat": 17.39512515, "highway": "residential", "point_id": 177 }, "geometry": { "type": "Point", "coordinates": [ 78.4466749, 17.39512515 ] } },
{ "type": "Feature", "properties": { "lon": 78.44477595000001, "lat": 17.33103415, "highway": "residential", "point_id": 178 }, "geometry": { "type": "Point", "coordinates": [ 78.44477595, 17.33103415 ] } },
{ "type": "Feature", "properties": { "lon": 78.488352, "lat": 17.37633125, "highway": "residential", "point_id": 179 }, "geometry": { "type": "Point", "coordinates": [ 78.488352, 17.37633125 ] } },
{ "type": "Feature", "properties": { "lon": 78.47818485, "lat": 17.3783128, "highway": "residential", "point_id": 180 }, "geometry": { "type": "Point", "coordinates": [ 78.47818485, 17.3783128 ] } },
{ "type": "Feature", "properties": { "lon": 78.40761595000001, "lat": 17.44729025, "highway": "residential", "point_id": 181 }, "geometry": { "type": "Point", "coordinates": [ 78.40761595, 17.44729025 ] } },
{ "type": "Feature", "properties": { "lon": 78.4563184, "lat": 17.35117835, "highway": "residential", "point_id": 182 }, "geometry": { "type": "Point", "coordinates": [ 78.4563184, 17.35117835 ] } },
{ "type": "Feature", "properties": { "lon": 78.502209, "lat": 17.4751224, "highway": "residential", "point_id": 183 }, "geometry": { "type": "Point", "coordinates": [ 78.502209, 17.4751224 ] } },
{ "type": "Feature", "properties": { "lon": 78.40921665, "lat": 17.416109, "highway": "residential", "point_id": 184 }, "geometry": { "type": "Point", "coordinates": [ 78.40921665, 17.416109 ] } },
{ "type": "Feature", "properties": { "lon": 78.4972517, "lat": 17.36802745, "highway": "residential", "point_id": 185 }, "geometry": { "type": "Point", "coordinates": [ 78.4972517, 17.36802745 ] } },
{ "type": "Feature", "properties": { "lon": 78.47188665, "lat": 17.3369885, "highway": "tertiary", "point_id": 186 }, "geometry": { "type": "Point", "coordinates": [ 78.47188665, 17.3369885 ] } },
{ "type": "Feature", "properties": { "lon": 78.47014765, "lat": 17.30524395, "highway": "residential", "point_id": 187 }, "geometry": { "type": "Point", "coordinates": [ 78.47014765, 17.30524395 ] } },
{ "type": "Feature", "properties": { "lon": 78.49839755, "lat": 17.32159695, "highway": "residential", "point_id": 188 }, "geometry": { "type": "Point", "coordinates": [ 78.49839755, 17.32159695 ] } },
{ "type": "Feature", "properties": { "lon": 78.4847154, "lat": 17.45680395, "highway": "trunk", "point_id": 189 }, "geometry": { "type": "Point", "coordinates": [ 78.4847154, 17.45680395 ] } },
{ "type": "Feature", "properties": { "lon": 78.4356431, "lat": 17.38255715, "highway": "residential", "point_id": 190 }, "geometry": { "type": "Point", "coordinates": [ 78.4356431, 17.38255715 ] } },
{ "type": "Feature", "properties": { "lon": 78.51407215, "lat": 17.4210038, "highway": "residential", "point_id": 191 }, "geometry": { "type": "Point", "coordinates": [ 78.51407215, 17.4210038 ] } },
{ "type": "Feature", "properties": { "lon": 78.4693162, "lat": 17.4701186, "highway": "residential", "point_id": 192 }, "geometry": { "type": "Point", "coordinates": [ 78.4693162, 17.4701186 ] } },
{ "type": "Feature", "properties": { "lon": 78.5122571, "lat": 17.3932379, "highway": "residential", "point_id": 193 }, "geometry": { "type": "Point", "coordinates": [ 78.5122571, 17.3932379 ] } },
{ "type": "Feature", "properties": { "lon": 78.4381285, "lat": 17.38642575, "highway": "residential", "point_id": 194 }, "geometry": { "type": "Point", "coordinates": [ 78.4381285, 17.38642575 ] } },
{ "type": "Feature", "properties": { "lon": 78.46462195000001, "lat": 17.39201395, "highway": "residential", "point_id": 195 }, "geometry": { "type": "Point", "coordinates": [ 78.46462195, 17.39201395 ] } },
{ "type": "Feature", "properties": { "lon": 78.44820535, "lat": 17.45005955, "highway": "residential", "point_id": 196 }, "geometry": { "type": "Point", "coordinates": [ 78.44820535, 17.45005955 ] } },
{ "type": "Feature", "properties": { "lon": 78.4692627, "lat": 17.4695403, "highway": "residential", "point_id": 197 }, "geometry": { "type": "Point", "coordinates": [ 78.4692627, 17.4695403 ] } },
{ "type": "Feature", "properties": { "lon": 78.5185247, "lat": 17.39932195, "highway": "residential", "point_id": 198 }, "geometry": { "type": "Point", "coordinates": [ 78.5185247, 17.39932195 ] } },
{ "type": "Feature", "properties": { "lon": 78.50789995, "lat": 17.383963, "highway": "residential", "point_id": 199 }, "geometry": { "type": "Point", "coordinates": [ 78.50789995, 17.383963 ] } },
{ "type": "Feature", "properties": { "lon": 78.4176006, "lat": 17.41590715, "highway": "residential", "point_id": 200 }, "geometry": { "type": "Point", "coordinates": [ 78.4176006, 17.41590715 ] } },
{ "type": "Feature", "properties": { "lon": 78.4828255, "lat": 17.3362569, "highway": "residential", "point_id": 201 }, "geometry": { "type": "Point", "coordinates": [ 78.4828255, 17.3362569 ] } },
{ "type": "Feature", "properties": { "lon": 78.47074795, "lat": 17.46610875, "highway": "residential", "point_id": 202 }, "geometry": { "type": "Point", "coordinates": [ 78.47074795, 17.46610875 ] } },
{ "type": "Feature", "properties": { "lon": 78.50474095, "lat": 17.4620771, "highway": "residential", "point_id": 203 }, "geometry": { "type": "Point", "coordinates": [ 78.50474095, 17.4620771 ] } },
{ "type": "Feature", "properties": { "lon": 78.45734135000001, "lat": 17.3361158, "highway": "tertiary", "point_id": 204 }, "geometry": { "type": "Point", "coordinates": [ 78.45734135, 17.3361158 ] } },
{ "type": "Feature", "properties": { "lon": 78.453694, "lat": 17.3484262, "highway": "residential", "point_id": 205 }, "geometry": { "type": "Point", "coordinates": [ 78.453694, 17.3484262 ] } },
{ "type": "Feature", "properties": { "lon": 78.48321705000001, "lat": 17.3218813, "highway": "residential", "point_id": 206 }, "geometry": { "type": "Point", "coordinates": [ 78.48321705, 17.3218813 ] } },
{ "type": "Feature", "properties": { "lon": 78.45393685000001, "lat": 17.43586955, "highway": "secondary", "point_id": 207 }, "geometry": { "type": "Point", "coordinates": [ 78.45393685, 17.43586955 ] } },
{ "type": "Feature", "properties": { "lon": 78.49433815, "lat": 17.38916, "highway": "residential", "point_id": 208 }, "geometry": { "type": "Point", "coordinates": [ 78.49433815, 17.38916 ] } },
{ "type": "Feature", "properties": { "lon": 78.46039065, "lat": 17.3436712, "highway": "residential", "point_id": 209 }, "geometry": { "type": "Point", "coordinates": [ 78.46039065, 17.3436712 ] } },
{ "type": "Feature", "properties": { "lon": 78.4794862, "lat": 17.44460915, "highway": "residential", "point_id": 210 }, "geometry": { "type": "Point", "coordinates": [ 78.4794862, 17.44460915 ] } },
{ "type": "Feature", "properties": { "lon": 78.49406015, "lat": 17.39337405, "highway": "tertiary", "point_id": 211 }, "geometry": { "type": "Point", "coordinates": [ 78.49406015, 17.39337405 ] } },
{ "type": "Feature", "properties": { "lon": 78.4735638, "lat": 17.38019295, "highway": "residential", "point_id": 212 }, "geometry": { "type": "Point", "coordinates": [ 78.4735638, 17.38019295 ] } },
{ "type": "Feature", "properties": { "lon": 78.47181955, "lat": 17.3466253, "highway": "residential", "point_id": 213 }, "geometry": { "type": "Point", "coordinates": [ 78.47181955, 17.3466253 ] } },
{ "type": "Feature", "properties": { "lon": 78.4587475, "lat": 17.435743, "highway": "residential", "point_id": 214 }, "geometry": { "type": "Point", "coordinates": [ 78.4587475, 17.435743 ] } },
{ "type": "Feature", "properties": { "lon": 78.4064671, "lat": 17.3965067, "highway": "residential", "point_id": 215 }, "geometry": { "type": "Point", "coordinates": [ 78.4064671, 17.3965067 ] } },
{ "type": "Feature", "properties": { "lon": 78.4658316, "lat": 17.3071968, "highway": "residential", "point_id": 216 }, "geometry": { "type": "Point", "coordinates": [ 78.4658316, 17.3071968 ] } },
{ "type": "Feature", "properties": { "lon": 78.44033545, "lat": 17.43410265, "highway": "residential", "point_id": 217 }, "geometry": { "type": "Point", "coordinates": [ 78.44033545, 17.43410265 ] } },
{ "type": "Feature", "properties": { "lon": 78.4673968, "lat": 17.3133467, "highway": "residential", "point_id": 218 }, "geometry": { "type": "Point", "coordinates": [ 78.4673968, 17.3133467 ] } },
{ "type": "Feature", "properties": { "lon": 78.44375305, "lat": 17.36261115, "highway": "residential", "point_id": 219 }, "geometry": { "type": "Point", "coordinates": [ 78.44375305, 17.36261115 ] } },
{ "type": "Feature", "properties": { "lon": 78.4335513, "lat": 17.4090678, "highway": "tertiary", "point_id": 220 }, "geometry": { "type": "Point", "coordinates": [ 78.4335513, 17.4090678 ] } },
{ "type": "Feature", "properties": { "lon": 78.4766381, "lat": 17.4651362, "highway": "residential", "point_id": 221 }, "geometry": { "type": "Point", "coordinates": [ 78.4766381, 17.4651362 ] } },
{ "type": "Feature", "properties": { "lon": 78.48984985, "lat": 17.33358695, "highway": "residential", "point_id": 222 }, "geometry": { "type": "Point", "coordinates": [ 78.48984985, 17.33358695 ] } },
{ "type": "Feature", "properties": { "lon": 78.4988849, "lat": 17.43881965, "highway": "residential", "point_id": 223 }, "geometry": { "type": "Point", "coordinates": [ 78.4988849, 17.43881965 ] } },
{ "type": "Feature", "properties": { "lon": 78.4011188, "lat": 17.3995325, "highway": "residential", "point_id": 224 }, "geometry": { "type": "Point", "coordinates": [ 78.4011188, 17.3995325 ] } },
{ "type": "Feature", "properties": { "lon": 78.42680465000001, "lat": 17.42749195, "highway": "residential", "point_id": 225 }, "geometry": { "type": "Point", "coordinates": [ 78.42680465, 17.42749195 ] } },
{ "type": "Feature", "properties": { "lon": 78.45251135000001, "lat": 17.4428389, "highway": "residential", "point_id": 226 }, "geometry": { "type": "Point", "coordinates": [ 78.45251135, 17.4428389 ] } },
{ "type": "Feature", "properties": { "lon": 78.4757372, "lat": 17.3243334, "highway": "residential", "point_id": 227 }, "geometry": { "type": "Point", "coordinates": [ 78.4757372, 17.3243334 ] } },
{ "type": "Feature", "properties": { "lon": 78.4464119, "lat": 17.33452445, "highway": "residential", "point_id": 228 }, "geometry": { "type": "Point", "coordinates": [ 78.4464119, 17.33452445 ] } },
{ "type": "Feature", "properties": { "lon": 78.50376215, "lat": 17.46173645, "highway": "residential", "point_id": 229 }, "geometry": { "type": "Point", "coordinates": [ 78.50376215, 17.46173645 ] } },
{ "type": "Feature", "properties": { "lon": 78.495565950000014, "lat": 17.4260473, "highway": "residential", "point_id": 230 }, "geometry": { "type": "Point", "coordinates": [ 78.495565950000014, 17.4260473 ] } },
{ "type": "Feature", "properties": { "lon": 78.49818, "lat": 17.4307034, "highway": "tertiary", "point_id": 231 }, "geometry": { "type": "Point", "coordinates": [ 78.49818, 17.4307034 ] } },
{ "type": "Feature", "properties": { "lon": 78.4421151, "lat": 17.42349, "highway": "residential", "point_id": 232 }, "geometry": { "type": "Point", "coordinates": [ 78.4421151, 17.42349 ] } },
{ "type": "Feature", "properties": { "lon": 78.46436305, "lat": 17.3454051, "highway": "residential", "point_id": 233 }, "geometry": { "type": "Point", "coordinates": [ 78.46436305, 17.3454051 ] } },
{ "type": "Feature", "properties": { "lon": 78.50416835, "lat": 17.45152475, "highway": "residential", "point_id": 234 }, "geometry": { "type": "Point", "coordinates": [ 78.50416835, 17.45152475 ] } },
{ "type": "Feature", "properties": { "lon": 78.4919701, "lat": 17.32481415, "highway": "residential", "point_id": 235 }, "geometry": { "type": "Point", "coordinates": [ 78.4919701, 17.32481415 ] } },
{ "type": "Feature", "properties": { "lon": 78.4718721, "lat": 17.31640355, "highway": "residential", "point_id": 236 }, "geometry": { "type": "Point", "coordinates": [ 78.4718721, 17.31640355 ] } },
{ "type": "Feature", "properties": { "lon": 78.48132965, "lat": 17.3958179, "highway": "residential", "point_id": 237 }, "geometry": { "type": "Point", "coordinates": [ 78.48132965, 17.3958179 ] } },
{ "type": "Feature", "properties": { "lon": 78.4232181, "lat": 17.39461515, "highway": "residential", "point_id": 238 }, "geometry": { "type": "Point", "coordinates": [ 78.4232181, 17.39461515 ] } },
{ "type": "Feature", "properties": { "lon": 78.5051518, "lat": 17.3548417, "highway": "residential", "point_id": 239 }, "geometry": { "type": "Point", "coordinates": [ 78.5051518, 17.3548417 ] } },
{ "type": "Feature", "properties": { "lon": 78.45094135, "lat": 17.33664275, "highway": "residential", "point_id": 240 }, "geometry": { "type": "Point", "coordinates": [ 78.45094135, 17.33664275 ] } },
{ "type": "Feature", "properties": { "lon": 78.39988755, "lat": 17.4036435, "highway": "residential", "point_id": 241 }, "geometry": { "type": "Point", "coordinates": [ 78.39988755, 17.4036435 ] } },
{ "type": "Feature", "properties": { "lon": 78.4805668, "lat": 17.3271379, "highway": "residential", "point_id": 242 }, "geometry": { "type": "Point", "coordinates": [ 78.4805668, 17.3271379 ] } },
{ "type": "Feature", "properties": { "lon": 78.49724415, "lat": 17.3999618, "highway": "residential", "point_id": 243 }, "geometry": { "type": "Point", "coordinates": [ 78.49724415, 17.3999618 ] } },
{ "type": "Feature", "properties": { "lon": 78.51560215000001, "lat": 17.39004595, "highway": "residential", "point_id": 244 }, "geometry": { "type": "Point", "coordinates": [ 78.51560215, 17.39004595 ] } },
{ "type": "Feature", "properties": { "lon": 78.46679665, "lat": 17.30192665, "highway": "residential", "point_id": 245 }, "geometry": { "type": "Point", "coordinates": [ 78.46679665, 17.30192665 ] } },
{ "type": "Feature", "properties": { "lon": 78.4559847, "lat": 17.3711336, "highway": "residential", "point_id": 246 }, "geometry": { "type": "Point", "coordinates": [ 78.4559847, 17.3711336 ] } },
{ "type": "Feature", "properties": { "lon": 78.4937261, "lat": 17.3532751, "highway": "residential", "point_id": 247 }, "geometry": { "type": "Point", "coordinates": [ 78.4937261, 17.3532751 ] } },
{ "type": "Feature", "properties": { "lon": 78.4689193, "lat": 17.4722691, "highway": "residential", "point_id": 248 }, "geometry": { "type": "Point", "coordinates": [ 78.46891930000001, 17.4722691 ] } },
{ "type": "Feature", "properties": { "lon": 78.48826545, "lat": 17.42192855, "highway": "residential", "point_id": 249 }, "geometry": { "type": "Point", "coordinates": [ 78.48826545, 17.42192855 ] } },
{ "type": "Feature", "properties": { "lon": 78.483752, "lat": 17.333558, "highway": "residential", "point_id": 250 }, "geometry": { "type": "Point", "coordinates": [ 78.483752, 17.333558 ] } },
{ "type": "Feature", "properties": { "lon": 78.4574844, "lat": 17.42677925, "highway": "secondary", "point_id": 251 }, "geometry": { "type": "Point", "coordinates": [ 78.4574844, 17.42677925 ] } },
{ "type": "Feature", "properties": { "lon": 78.4109979, "lat": 17.4468055, "highway": "residential", "point_id": 252 }, "geometry": { "type": "Point", "coordinates": [ 78.410997900000012, 17.4468055 ] } },
{ "type": "Feature", "properties": { "lon": 78.4147424, "lat": 17.37192955, "highway": "residential", "point_id": 253 }, "geometry": { "type": "Point", "coordinates": [ 78.4147424, 17.37192955 ] } },
{ "type": "Feature", "properties": { "lon": 78.44439245000001, "lat": 17.40392155, "highway": "residential", "point_id": 254 }, "geometry": { "type": "Point", "coordinates": [ 78.44439245, 17.40392155 ] } },
{ "type": "Feature", "properties": { "lon": 78.45947375, "lat": 17.3365018, "highway": "residential", "point_id": 255 }, "geometry": { "type": "Point", "coordinates": [ 78.45947375, 17.3365018 ] } },
{ "type": "Feature", "properties": { "lon": 78.4938478, "lat": 17.4199787, "highway": "residential", "point_id": 256 }, "geometry": { "type": "Point", "coordinates": [ 78.4938478, 17.4199787 ] } },
{ "type": "Feature", "properties": { "lon": 78.449540750000011, "lat": 17.4223625, "highway": "primary", "point_id": 257 }, "geometry": { "type": "Point", "coordinates": [ 78.449540750000011, 17.4223625 ] } },
{ "type": "Feature", "properties": { "lon": 78.4835994, "lat": 17.36942715, "highway": "residential", "point_id": 258 }, "geometry": { "type": "Point", "coordinates": [ 78.4835994, 17.36942715 ] } },
{ "type": "Feature", "properties": { "lon": 78.5044151, "lat": 17.40394055, "highway": "tertiary", "point_id": 259 }, "geometry": { "type": "Point", "coordinates": [ 78.504415099999989, 17.40394055 ] } },
{ "type": "Feature", "properties": { "lon": 78.48034605, "lat": 17.3800424, "highway": "tertiary", "point_id": 260 }, "geometry": { "type": "Point", "coordinates": [ 78.48034605, 17.3800424 ] } },
{ "type": "Feature", "properties": { "lon": 78.48280655, "lat": 17.34897515, "highway": "residential", "point_id": 261 }, "geometry": { "type": "Point", "coordinates": [ 78.48280655, 17.34897515 ] } },
{ "type": "Feature", "properties": { "lon": 78.4162462, "lat": 17.41260665, "highway": "residential", "point_id": 262 }, "geometry": { "type": "Point", "coordinates": [ 78.416246199999989, 17.41260665 ] } },
{ "type": "Feature", "properties": { "lon": 78.47977795, "lat": 17.3797731, "highway": "residential", "point_id": 263 }, "geometry": { "type": "Point", "coordinates": [ 78.47977795, 17.3797731 ] } },
{ "type": "Feature", "properties": { "lon": 78.50505525, "lat": 17.35860255, "highway": "primary", "point_id": 264 }, "geometry": { "type": "Point", "coordinates": [ 78.50505525, 17.35860255 ] } },
{ "type": "Feature", "properties": { "lon": 78.46500755, "lat": 17.375287, "highway": "residential", "point_id": 265 }, "geometry": { "type": "Point", "coordinates": [ 78.46500755, 17.375287 ] } },
{ "type": "Feature", "properties": { "lon": 78.4865254, "lat": 17.3233779, "highway": "residential", "point_id": 266 }, "geometry": { "type": "Point", "coordinates": [ 78.4865254, 17.3233779 ] } },
{ "type": "Feature", "properties": { "lon": 78.4148809, "lat": 17.39449915, "highway": "residential", "point_id": 267 }, "geometry": { "type": "Point", "coordinates": [ 78.4148809, 17.39449915 ] } },
{ "type": "Feature", "properties": { "lon": 78.49032645, "lat": 17.3473637, "highway": "residential", "point_id": 268 }, "geometry": { "type": "Point", "coordinates": [ 78.49032645, 17.3473637 ] } },
{ "type": "Feature", "properties": { "lon": 78.440419, "lat": 17.4320548, "highway": "residential", "point_id": 269 }, "geometry": { "type": "Point", "coordinates": [ 78.440419, 17.4320548 ] } },
{ "type": "Feature", "properties": { "lon": 78.4078413, "lat": 17.38490195, "highway": "residential", "point_id": 270 }, "geometry": { "type": "Point", "coordinates": [ 78.4078413, 17.38490195 ] } },
{ "type": "Feature", "properties": { "lon": 78.4395456, "lat": 17.4184513, "highway": "residential", "point_id": 271 }, "geometry": { "type": "Point", "coordinates": [ 78.4395456, 17.4184513 ] } },
{ "type": "Feature", "properties": { "lon": 78.5079505, "lat": 17.36434355, "highway": "tertiary", "point_id": 272 }, "geometry": { "type": "Point", "coordinates": [ 78.5079505, 17.36434355 ] } },
{ "type": "Feature", "properties": { "lon": 78.46228025, "lat": 17.3636529, "highway": "residential", "point_id": 273 }, "geometry": { "type": "Point", "coordinates": [ 78.46228025, 17.3636529 ] } },
{ "type": "Feature", "properties": { "lon": 78.487770250000011, "lat": 17.4556033, "highway": "residential", "point_id": 274 }, "geometry": { "type": "Point", "coordinates": [ 78.487770250000011, 17.4556033 ] } },
{ "type": "Feature", "properties": { "lon": 78.43263225, "lat": 17.435605, "highway": "residential", "point_id": 275 }, "geometry": { "type": "Point", "coordinates": [ 78.43263225, 17.435605 ] } },
{ "type": "Feature", "properties": { "lon": 78.46825345, "lat": 17.30225315, "highway": "residential", "point_id": 276 }, "geometry": { "type": "Point", "coordinates": [ 78.46825345, 17.30225315 ] } },
{ "type": "Feature", "properties": { "lon": 78.4084361, "lat": 17.3789009, "highway": "residential", "point_id": 277 }, "geometry": { "type": "Point", "coordinates": [ 78.408436099999989, 17.3789009 ] } },
{ "type": "Feature", "properties": { "lon": 78.5025409, "lat": 17.45420895, "highway": "residential", "point_id": 278 }, "geometry": { "type": "Point", "coordinates": [ 78.5025409, 17.45420895 ] } },
{ "type": "Feature", "properties": { "lon": 78.53812665, "lat": 17.4380401, "highway": "residential", "point_id": 279 }, "geometry": { "type": "Point", "coordinates": [ 78.53812665, 17.4380401 ] } },
{ "type": "Feature", "properties": { "lon": 78.50836705, "lat": 17.3588356, "highway": "residential", "point_id": 280 }, "geometry": { "type": "Point", "coordinates": [ 78.50836705, 17.3588356 ] } },
{ "type": "Feature", "properties": { "lon": 78.4870894, "lat": 17.33569575, "highway": "residential", "point_id": 281 }, "geometry": { "type": "Point", "coordinates": [ 78.4870894, 17.33569575 ] } },
{ "type": "Feature", "properties": { "lon": 78.5006579, "lat": 17.4252053, "highway": "residential", "point_id": 282 }, "geometry": { "type": "Point", "coordinates": [ 78.5006579, 17.4252053 ] } },
{ "type": "Feature", "properties": { "lon": 78.4629369, "lat": 17.3571314, "highway": "residential", "point_id": 283 }, "geometry": { "type": "Point", "coordinates": [ 78.4629369, 17.3571314 ] } },
{ "type": "Feature", "properties": { "lon": 78.4416855, "lat": 17.36536625, "highway": "residential", "point_id": 284 }, "geometry": { "type": "Point", "coordinates": [ 78.4416855, 17.36536625 ] } },
{ "type": "Feature", "properties": { "lon": 78.49721805, "lat": 17.3713118, "highway": "residential", "point_id": 285 }, "geometry": { "type": "Point", "coordinates": [ 78.49721805, 17.3713118 ] } },
{ "type": "Feature", "properties": { "lon": 78.50319015, "lat": 17.42013745, "highway": "residential", "point_id": 286 }, "geometry": { "type": "Point", "coordinates": [ 78.50319015, 17.42013745 ] } },
{ "type": "Feature", "properties": { "lon": 78.46863145, "lat": 17.3185684, "highway": "residential", "point_id": 287 }, "geometry": { "type": "Point", "coordinates": [ 78.46863145, 17.3185684 ] } },
{ "type": "Feature", "properties": { "lon": 78.51792685000001, "lat": 17.41317045, "highway": "residential", "point_id": 288 }, "geometry": { "type": "Point", "coordinates": [ 78.51792685, 17.41317045 ] } },
{ "type": "Feature", "properties": { "lon": 78.4397681, "lat": 17.41998135, "highway": "tertiary", "point_id": 289 }, "geometry": { "type": "Point", "coordinates": [ 78.4397681, 17.41998135 ] } },
{ "type": "Feature", "properties": { "lon": 78.4673603, "lat": 17.33493325, "highway": "residential", "point_id": 290 }, "geometry": { "type": "Point", "coordinates": [ 78.4673603, 17.33493325 ] } },
{ "type": "Feature", "properties": { "lon": 78.4927883, "lat": 17.36142425, "highway": "residential", "point_id": 291 }, "geometry": { "type": "Point", "coordinates": [ 78.4927883, 17.36142425 ] } },
{ "type": "Feature", "properties": { "lon": 78.5139291, "lat": 17.4107078, "highway": "residential", "point_id": 292 }, "geometry": { "type": "Point", "coordinates": [ 78.5139291, 17.4107078 ] } },
{ "type": "Feature", "properties": { "lon": 78.4237394, "lat": 17.40412625, "highway": "residential", "point_id": 293 }, "geometry": { "type": "Point", "coordinates": [ 78.4237394, 17.40412625 ] } },
{ "type": "Feature", "properties": { "lon": 78.45549885, "lat": 17.40985315, "highway": "residential", "point_id": 294 }, "geometry": { "type": "Point", "coordinates": [ 78.45549885, 17.40985315 ] } },
{ "type": "Feature", "properties": { "lon": 78.41563865000001, "lat": 17.43302685, "highway": "residential", "point_id": 295 }, "geometry": { "type": "Point", "coordinates": [ 78.41563865, 17.43302685 ] } },
{ "type": "Feature", "properties": { "lon": 78.48527435, "lat": 17.35895415, "highway": "residential", "point_id": 296 }, "geometry": { "type": "Point", "coordinates": [ 78.48527435, 17.35895415 ] } },
{ "type": "Feature", "properties": { "lon": 78.45270715, "lat": 17.3749591, "highway": "tertiary", "point_id": 297 }, "geometry": { "type": "Point", "coordinates": [ 78.45270715, 17.3749591 ] } },
{ "type": "Feature", "properties": { "lon": 78.4444209, "lat": 17.39550515, "highway": "tertiary", "point_id": 298 }, "geometry": { "type": "Point", "coordinates": [ 78.4444209, 17.39550515 ] } },
{ "type": "Feature", "properties": { "lon": 78.50027495, "lat": 17.4145444, "highway": "residential", "point_id": 299 }, "geometry": { "type": "Point", "coordinates": [ 78.50027495, 17.4145444 ] } },
{ "type": "Feature", "properties": { "lon": 78.4081309, "lat": 17.40605685, "highway": "residential", "point_id": 300 }, "geometry": { "type": "Point", "coordinates": [ 78.4081309, 17.40605685 ] } },
{ "type": "Feature", "properties": { "lon": 78.44758035, "lat": 17.3973503, "highway": "residential", "point_id": 301 }, "geometry": { "type": "Point", "coordinates": [ 78.44758035, 17.3973503 ] } },
{ "type": "Feature", "properties": { "lon": 78.43451415, "lat": 17.4411839, "highway": "residential", "point_id": 302 }, "geometry": { "type": "Point", "coordinates": [ 78.43451415, 17.4411839 ] } },
{ "type": "Feature", "properties": { "lon": 78.49526585000001, "lat": 17.3556222, "highway": "residential", "point_id": 303 }, "geometry": { "type": "Point", "coordinates": [ 78.49526585000001, 17.3556222 ] } },
{ "type": "Feature", "properties": { "lon": 78.51357945000001, "lat": 17.42641955, "highway": "residential", "point_id": 304 }, "geometry": { "type": "Point", "coordinates": [ 78.51357945, 17.42641955 ] } },
{ "type": "Feature", "properties": { "lon": 78.52092205, "lat": 17.41460835, "highway": "residential", "point_id": 305 }, "geometry": { "type": "Point", "coordinates": [ 78.52092205, 17.41460835 ] } },
{ "type": "Feature", "properties": { "lon": 78.4466015, "lat": 17.4274532, "highway": "residential", "point_id": 306 }, "geometry": { "type": "Point", "coordinates": [ 78.4466015, 17.4274532 ] } },
{ "type": "Feature", "properties": { "lon": 78.4102527, "lat": 17.42649395, "highway": "residential", "point_id": 307 }, "geometry": { "type": "Point", "coordinates": [ 78.4102527, 17.42649395 ] } },
{ "type": "Feature", "properties": { "lon": 78.49083415, "lat": 17.3575099, "highway": "residential", "point_id": 308 }, "geometry": { "type": "Point", "coordinates": [ 78.49083415, 17.3575099 ] } },
{ "type": "Feature", "properties": { "lon": 78.47367255, "lat": 17.35602985, "highway": "residential", "point_id": 309 }, "geometry": { "type": "Point", "coordinates": [ 78.47367255, 17.35602985 ] } },
{ "type": "Feature", "properties": { "lon": 78.496203, "lat": 17.37307955, "highway": "residential", "point_id": 310 }, "geometry": { "type": "Point", "coordinates": [ 78.496203, 17.37307955 ] } },
{ "type": "Feature", "properties": { "lon": 78.455498, "lat": 17.39517315, "highway": "secondary", "point_id": 311 }, "geometry": { "type": "Point", "coordinates": [ 78.455498, 17.39517315 ] } },
{ "type": "Feature", "properties": { "lon": 78.4541754, "lat": 17.38827645, "highway": "residential", "point_id": 312 }, "geometry": { "type": "Point", "coordinates": [ 78.4541754, 17.38827645 ] } },
{ "type": "Feature", "properties": { "lon": 78.45693715, "lat": 17.33734235, "highway": "residential", "point_id": 313 }, "geometry": { "type": "Point", "coordinates": [ 78.45693715, 17.33734235 ] } },
{ "type": "Feature", "properties": { "lon": 78.52170635, "lat": 17.3924321, "highway": "residential", "point_id": 314 }, "geometry": { "type": "Point", "coordinates": [ 78.52170635, 17.3924321 ] } },
{ "type": "Feature", "properties": { "lon": 78.51149555000001, "lat": 17.40973905, "highway": "residential", "point_id": 315 }, "geometry": { "type": "Point", "coordinates": [ 78.51149555, 17.40973905 ] } },
{ "type": "Feature", "properties": { "lon": 78.4717911, "lat": 17.3319628, "highway": "residential", "point_id": 316 }, "geometry": { "type": "Point", "coordinates": [ 78.4717911, 17.3319628 ] } },
{ "type": "Feature", "properties": { "lon": 78.47254255, "lat": 17.40247405, "highway": "residential", "point_id": 317 }, "geometry": { "type": "Point", "coordinates": [ 78.47254255, 17.40247405 ] } },
{ "type": "Feature", "properties": { "lon": 78.4210317, "lat": 17.4434135, "highway": "residential", "point_id": 318 }, "geometry": { "type": "Point", "coordinates": [ 78.4210317, 17.4434135 ] } },
{ "type": "Feature", "properties": { "lon": 78.4282872, "lat": 17.39199995, "highway": "residential", "point_id": 319 }, "geometry": { "type": "Point", "coordinates": [ 78.4282872, 17.39199995 ] } },
{ "type": "Feature", "properties": { "lon": 78.5162888, "lat": 17.3952065, "highway": "residential", "point_id": 320 }, "geometry": { "type": "Point", "coordinates": [ 78.5162888, 17.3952065 ] } },
{ "type": "Feature", "properties": { "lon": 78.41342425, "lat": 17.37917305, "highway": "residential", "point_id": 321 }, "geometry": { "type": "Point", "coordinates": [ 78.41342425, 17.37917305 ] } },
{ "type": "Feature", "properties": { "lon": 78.4330852, "lat": 17.39161205, "highway": "residential", "point_id": 322 }, "geometry": { "type": "Point", "coordinates": [ 78.4330852, 17.39161205 ] } },
{ "type": "Feature", "properties": { "lon": 78.45456265, "lat": 17.3397955, "highway": "residential", "point_id": 323 }, "geometry": { "type": "Point", "coordinates": [ 78.45456265, 17.3397955 ] } },
{ "type": "Feature", "properties": { "lon": 78.4656292, "lat": 17.4086473, "highway": "residential", "point_id": 324 }, "geometry": { "type": "Point", "coordinates": [ 78.4656292, 17.4086473 ] } },
{ "type": "Feature", "properties": { "lon": 78.4962883, "lat": 17.44888145, "highway": "secondary", "point_id": 325 }, "geometry": { "type": "Point", "coordinates": [ 78.4962883, 17.44888145 ] } },
{ "type": "Feature", "properties": { "lon": 78.5122828, "lat": 17.38574695, "highway": "residential", "point_id": 326 }, "geometry": { "type": "Point", "coordinates": [ 78.5122828, 17.38574695 ] } },
{ "type": "Feature", "properties": { "lon": 78.4762764, "lat": 17.34658415, "highway": "residential", "point_id": 327 }, "geometry": { "type": "Point", "coordinates": [ 78.4762764, 17.34658415 ] } },
{ "type": "Feature", "properties": { "lon": 78.447326, "lat": 17.4297849, "highway": "secondary", "point_id": 328 }, "geometry": { "type": "Point", "coordinates": [ 78.447326, 17.4297849 ] } },
{ "type": "Feature", "properties": { "lon": 78.45553735, "lat": 17.3675396, "highway": "residential", "point_id": 329 }, "geometry": { "type": "Point", "coordinates": [ 78.45553735, 17.3675396 ] } },
{ "type": "Feature", "properties": { "lon": 78.43298265, "lat": 17.3467705, "highway": "unclassified", "point_id": 330 }, "geometry": { "type": "Point", "coordinates": [ 78.43298265, 17.3467705 ] } },
{ "type": "Feature", "properties": { "lon": 78.46505315, "lat": 17.3372588, "highway": "residential", "point_id": 331 }, "geometry": { "type": "Point", "coordinates": [ 78.46505315, 17.3372588 ] } },
{ "type": "Feature", "properties": { "lon": 78.43666955, "lat": 17.34079795, "highway": "secondary", "point_id": 332 }, "geometry": { "type": "Point", "coordinates": [ 78.43666955, 17.34079795 ] } },
{ "type": "Feature", "properties": { "lon": 78.4157157, "lat": 17.40726015, "highway": "tertiary", "point_id": 333 }, "geometry": { "type": "Point", "coordinates": [ 78.4157157, 17.40726015 ] } },
{ "type": "Feature", "properties": { "lon": 78.4139643, "lat": 17.41661635, "highway": "residential", "point_id": 334 }, "geometry": { "type": "Point", "coordinates": [ 78.4139643, 17.41661635 ] } },
{ "type": "Feature", "properties": { "lon": 78.4666696, "lat": 17.29417705, "highway": "residential", "point_id": 335 }, "geometry": { "type": "Point", "coordinates": [ 78.466669599999989, 17.29417705 ] } },
{ "type": "Feature", "properties": { "lon": 78.5078636, "lat": 17.4534255, "highway": "residential", "point_id": 336 }, "geometry": { "type": "Point", "coordinates": [ 78.5078636, 17.4534255 ] } },
{ "type": "Feature", "properties": { "lon": 78.4984277, "lat": 17.3601336, "highway": "residential", "point_id": 337 }, "geometry": { "type": "Point", "coordinates": [ 78.4984277, 17.3601336 ] } },
{ "type": "Feature", "properties": { "lon": 78.49519425, "lat": 17.4382395, "highway": "residential", "point_id": 338 }, "geometry": { "type": "Point", "coordinates": [ 78.49519425, 17.4382395 ] } },
{ "type": "Feature", "properties": { "lon": 78.4420293, "lat": 17.4336206, "highway": "residential", "point_id": 339 }, "geometry": { "type": "Point", "coordinates": [ 78.4420293, 17.4336206 ] } },
{ "type": "Feature", "properties": { "lon": 78.51073115, "lat": 17.35860705, "highway": "residential", "point_id": 340 }, "geometry": { "type": "Point", "coordinates": [ 78.51073115, 17.35860705 ] } },
{ "type": "Feature", "properties": { "lon": 78.44368525, "lat": 17.36906465, "highway": "residential", "point_id": 341 }, "geometry": { "type": "Point", "coordinates": [ 78.44368525, 17.36906465 ] } },
{ "type": "Feature", "properties": { "lon": 78.4404817, "lat": 17.43295345, "highway": "residential", "point_id": 342 }, "geometry": { "type": "Point", "coordinates": [ 78.4404817, 17.43295345 ] } },
{ "type": "Feature", "properties": { "lon": 78.50176555, "lat": 17.45123365, "highway": "residential", "point_id": 343 }, "geometry": { "type": "Point", "coordinates": [ 78.50176555, 17.45123365 ] } },
{ "type": "Feature", "properties": { "lon": 78.4862005, "lat": 17.33517875, "highway": "residential", "point_id": 344 }, "geometry": { "type": "Point", "coordinates": [ 78.4862005, 17.33517875 ] } },
{ "type": "Feature", "properties": { "lon": 78.4672376, "lat": 17.3658253, "highway": "residential", "point_id": 345 }, "geometry": { "type": "Point", "coordinates": [ 78.4672376, 17.3658253 ] } },
{ "type": "Feature", "properties": { "lon": 78.4886461, "lat": 17.35395155, "highway": "residential", "point_id": 346 }, "geometry": { "type": "Point", "coordinates": [ 78.4886461, 17.35395155 ] } },
{ "type": "Feature", "properties": { "lon": 78.4915137, "lat": 17.32499355, "highway": "residential", "point_id": 347 }, "geometry": { "type": "Point", "coordinates": [ 78.4915137, 17.32499355 ] } },
{ "type": "Feature", "properties": { "lon": 78.4978782, "lat": 17.4221566, "highway": "residential", "point_id": 348 }, "geometry": { "type": "Point", "coordinates": [ 78.4978782, 17.4221566 ] } },
{ "type": "Feature", "properties": { "lon": 78.53404845, "lat": 17.42616835, "highway": "residential", "point_id": 349 }, "geometry": { "type": "Point", "coordinates": [ 78.53404845, 17.42616835 ] } },
{ "type": "Feature", "properties": { "lon": 78.4223597, "lat": 17.3459404, "highway": "residential", "point_id": 350 }, "geometry": { "type": "Point", "coordinates": [ 78.4223597, 17.3459404 ] } },
{ "type": "Feature", "properties": { "lon": 78.40457305, "lat": 17.3901434, "highway": "residential", "point_id": 351 }, "geometry": { "type": "Point", "coordinates": [ 78.40457305, 17.3901434 ] } },
{ "type": "Feature", "properties": { "lon": 78.4214998, "lat": 17.3942096, "highway": "residential", "point_id": 352 }, "geometry": { "type": "Point", "coordinates": [ 78.4214998, 17.3942096 ] } },
{ "type": "Feature", "properties": { "lon": 78.4699617, "lat": 17.31030855, "highway": "tertiary", "point_id": 353 }, "geometry": { "type": "Point", "coordinates": [ 78.4699617, 17.31030855 ] } },
{ "type": "Feature", "properties": { "lon": 78.4417701, "lat": 17.3715525, "highway": "residential", "point_id": 354 }, "geometry": { "type": "Point", "coordinates": [ 78.4417701, 17.3715525 ] } },
{ "type": "Feature", "properties": { "lon": 78.4986215, "lat": 17.4313512, "highway": "tertiary", "point_id": 355 }, "geometry": { "type": "Point", "coordinates": [ 78.498621500000013, 17.4313512 ] } },
{ "type": "Feature", "properties": { "lon": 78.4689076, "lat": 17.3511301, "highway": "residential", "point_id": 356 }, "geometry": { "type": "Point", "coordinates": [ 78.4689076, 17.3511301 ] } },
{ "type": "Feature", "properties": { "lon": 78.471447, "lat": 17.465448, "highway": "residential", "point_id": 357 }, "geometry": { "type": "Point", "coordinates": [ 78.471447, 17.465448 ] } },
{ "type": "Feature", "properties": { "lon": 78.4563313, "lat": 17.37009395, "highway": "residential", "point_id": 358 }, "geometry": { "type": "Point", "coordinates": [ 78.4563313, 17.37009395 ] } },
{ "type": "Feature", "properties": { "lon": 78.4882767, "lat": 17.4394955, "highway": "trunk", "point_id": 359 }, "geometry": { "type": "Point", "coordinates": [ 78.4882767, 17.4394955 ] } },
{ "type": "Feature", "properties": { "lon": 78.47006515, "lat": 17.39126215, "highway": "secondary", "point_id": 360 }, "geometry": { "type": "Point", "coordinates": [ 78.47006515, 17.39126215 ] } },
{ "type": "Feature", "properties": { "lon": 78.4956686, "lat": 17.40355775, "highway": "residential", "point_id": 361 }, "geometry": { "type": "Point", "coordinates": [ 78.4956686, 17.40355775 ] } },
{ "type": "Feature", "properties": { "lon": 78.4580388, "lat": 17.3957011, "highway": "residential", "point_id": 362 }, "geometry": { "type": "Point", "coordinates": [ 78.4580388, 17.3957011 ] } },
{ "type": "Feature", "properties": { "lon": 78.5050755, "lat": 17.3722182, "highway": "residential", "point_id": 363 }, "geometry": { "type": "Point", "coordinates": [ 78.5050755, 17.3722182 ] } },
{ "type": "Feature", "properties": { "lon": 78.44448365, "lat": 17.4332585, "highway": "residential", "point_id": 364 }, "geometry": { "type": "Point", "coordinates": [ 78.44448365, 17.4332585 ] } },
{ "type": "Feature", "properties": { "lon": 78.44355195, "lat": 17.37357645, "highway": "residential", "point_id": 365 }, "geometry": { "type": "Point", "coordinates": [ 78.44355195, 17.37357645 ] } },
{ "type": "Feature", "properties": { "lon": 78.49215725000001, "lat": 17.3607552, "highway": "residential", "point_id": 366 }, "geometry": { "type": "Point", "coordinates": [ 78.49215725, 17.3607552 ] } },
{ "type": "Feature", "properties": { "lon": 78.4922946, "lat": 17.3390188, "highway": "residential", "point_id": 367 }, "geometry": { "type": "Point", "coordinates": [ 78.4922946, 17.3390188 ] } },
{ "type": "Feature", "properties": { "lon": 78.43418135, "lat": 17.43496625, "highway": "tertiary", "point_id": 368 }, "geometry": { "type": "Point", "coordinates": [ 78.43418135, 17.43496625 ] } },
{ "type": "Feature", "properties": { "lon": 78.4483745, "lat": 17.40747495, "highway": "residential", "point_id": 369 }, "geometry": { "type": "Point", "coordinates": [ 78.4483745, 17.40747495 ] } },
{ "type": "Feature", "properties": { "lon": 78.4615957, "lat": 17.37968715, "highway": "residential", "point_id": 370 }, "geometry": { "type": "Point", "coordinates": [ 78.4615957, 17.37968715 ] } },
{ "type": "Feature", "properties": { "lon": 78.4330049, "lat": 17.4377158, "highway": "residential", "point_id": 371 }, "geometry": { "type": "Point", "coordinates": [ 78.4330049, 17.4377158 ] } },
{ "type": "Feature", "properties": { "lon": 78.45268845, "lat": 17.36641105, "highway": "residential", "point_id": 372 }, "geometry": { "type": "Point", "coordinates": [ 78.45268845, 17.36641105 ] } },
{ "type": "Feature", "properties": { "lon": 78.46538275, "lat": 17.37723725, "highway": "residential", "point_id": 373 }, "geometry": { "type": "Point", "coordinates": [ 78.46538275, 17.37723725 ] } },
{ "type": "Feature", "properties": { "lon": 78.49784385000001, "lat": 17.42555425, "highway": "residential", "point_id": 374 }, "geometry": { "type": "Point", "coordinates": [ 78.49784385000001, 17.42555425 ] } },
{ "type": "Feature", "properties": { "lon": 78.4916937, "lat": 17.45956775, "highway": "residential", "point_id": 375 }, "geometry": { "type": "Point", "coordinates": [ 78.4916937, 17.45956775 ] } },
{ "type": "Feature", "properties": { "lon": 78.4722494, "lat": 17.3227143, "highway": "residential", "point_id": 376 }, "geometry": { "type": "Point", "coordinates": [ 78.4722494, 17.3227143 ] } },
{ "type": "Feature", "properties": { "lon": 78.50783445, "lat": 17.47317225, "highway": "residential", "point_id": 377 }, "geometry": { "type": "Point", "coordinates": [ 78.50783445, 17.47317225 ] } },
{ "type": "Feature", "properties": { "lon": 78.4440692, "lat": 17.44250115, "highway": "residential", "point_id": 378 }, "geometry": { "type": "Point", "coordinates": [ 78.4440692, 17.44250115 ] } },
{ "type": "Feature", "properties": { "lon": 78.50720525, "lat": 17.46975075, "highway": "residential", "point_id": 379 }, "geometry": { "type": "Point", "coordinates": [ 78.50720525, 17.46975075 ] } },
{ "type": "Feature", "properties": { "lon": 78.44987455, "lat": 17.37858135, "highway": "residential", "point_id": 380 }, "geometry": { "type": "Point", "coordinates": [ 78.44987455, 17.37858135 ] } },
{ "type": "Feature", "properties": { "lon": 78.51603785, "lat": 17.4122232, "highway": "residential", "point_id": 381 }, "geometry": { "type": "Point", "coordinates": [ 78.51603785, 17.4122232 ] } },
{ "type": "Feature", "properties": { "lon": 78.4919223, "lat": 17.4294187, "highway": "residential", "point_id": 382 }, "geometry": { "type": "Point", "coordinates": [ 78.4919223, 17.4294187 ] } },
{ "type": "Feature", "properties": { "lon": 78.5013449, "lat": 17.386799, "highway": "residential", "point_id": 383 }, "geometry": { "type": "Point", "coordinates": [ 78.5013449, 17.386799 ] } },
{ "type": "Feature", "properties": { "lon": 78.492448, "lat": 17.43015545, "highway": "residential", "point_id": 384 }, "geometry": { "type": "Point", "coordinates": [ 78.492448, 17.43015545 ] } },
{ "type": "Feature", "properties": { "lon": 78.419995, "lat": 17.37361395, "highway": "residential", "point_id": 385 }, "geometry": { "type": "Point", "coordinates": [ 78.419995, 17.37361395 ] } },
{ "type": "Feature", "properties": { "lon": 78.4910352, "lat": 17.4344083, "highway": "tertiary", "point_id": 386 }, "geometry": { "type": "Point", "coordinates": [ 78.4910352, 17.4344083 ] } },
{ "type": "Feature", "properties": { "lon": 78.4943025, "lat": 17.42757, "highway": "residential", "point_id": 387 }, "geometry": { "type": "Point", "coordinates": [ 78.4943025, 17.42757 ] } },
{ "type": "Feature", "properties": { "lon": 78.4324318, "lat": 17.3794316, "highway": "residential", "point_id": 388 }, "geometry": { "type": "Point", "coordinates": [ 78.432431799999989, 17.3794316 ] } },
{ "type": "Feature", "properties": { "lon": 78.44268445, "lat": 17.36422865, "highway": "residential", "point_id": 389 }, "geometry": { "type": "Point", "coordinates": [ 78.44268445, 17.36422865 ] } },
{ "type": "Feature", "properties": { "lon": 78.4481702, "lat": 17.3330194, "highway": "tertiary", "point_id": 390 }, "geometry": { "type": "Point", "coordinates": [ 78.4481702, 17.3330194 ] } },
{ "type": "Feature", "properties": { "lon": 78.4984156, "lat": 17.37336265, "highway": "residential", "point_id": 391 }, "geometry": { "type": "Point", "coordinates": [ 78.4984156, 17.37336265 ] } },
{ "type": "Feature", "properties": { "lon": 78.46729065, "lat": 17.38595855, "highway": "residential", "point_id": 392 }, "geometry": { "type": "Point", "coordinates": [ 78.46729065, 17.38595855 ] } },
{ "type": "Feature", "properties": { "lon": 78.4468527, "lat": 17.4172788, "highway": "tertiary", "point_id": 393 }, "geometry": { "type": "Point", "coordinates": [ 78.4468527, 17.4172788 ] } },
{ "type": "Feature", "properties": { "lon": 78.51272415, "lat": 17.41254875, "highway": "residential", "point_id": 394 }, "geometry": { "type": "Point", "coordinates": [ 78.51272415, 17.41254875 ] } },
{ "type": "Feature", "properties": { "lon": 78.4971698, "lat": 17.45707655, "highway": "residential", "point_id": 395 }, "geometry": { "type": "Point", "coordinates": [ 78.4971698, 17.45707655 ] } },
{ "type": "Feature", "properties": { "lon": 78.43798515, "lat": 17.38345655, "highway": "residential", "point_id": 396 }, "geometry": { "type": "Point", "coordinates": [ 78.43798515, 17.38345655 ] } },
{ "type": "Feature", "properties": { "lon": 78.4105412, "lat": 17.37550735, "highway": "residential", "point_id": 397 }, "geometry": { "type": "Point", "coordinates": [ 78.4105412, 17.37550735 ] } },
{ "type": "Feature", "properties": { "lon": 78.5016221, "lat": 17.37694535, "highway": "residential", "point_id": 398 }, "geometry": { "type": "Point", "coordinates": [ 78.5016221, 17.37694535 ] } },
{ "type": "Feature", "properties": { "lon": 78.48487635000001, "lat": 17.36069825, "highway": "tertiary", "point_id": 399 }, "geometry": { "type": "Point", "coordinates": [ 78.48487635, 17.36069825 ] } },
{ "type": "Feature", "properties": { "lon": 78.4705011, "lat": 17.30237015, "highway": "residential", "point_id": 400 }, "geometry": { "type": "Point", "coordinates": [ 78.4705011, 17.30237015 ] } },
{ "type": "Feature", "properties": { "lon": 78.46226445, "lat": 17.36532035, "highway": "residential", "point_id": 401 }, "geometry": { "type": "Point", "coordinates": [ 78.46226445, 17.36532035 ] } },
{ "type": "Feature", "properties": { "lon": 78.4344273, "lat": 17.35536395, "highway": "residential", "point_id": 402 }, "geometry": { "type": "Point", "coordinates": [ 78.43442730000001, 17.35536395 ] } },
{ "type": "Feature", "properties": { "lon": 78.4986882, "lat": 17.4298492, "highway": "residential", "point_id": 403 }, "geometry": { "type": "Point", "coordinates": [ 78.4986882, 17.4298492 ] } },
{ "type": "Feature", "properties": { "lon": 78.48290865, "lat": 17.35009665, "highway": "residential", "point_id": 404 }, "geometry": { "type": "Point", "coordinates": [ 78.48290865, 17.35009665 ] } },
{ "type": "Feature", "properties": { "lon": 78.5086317, "lat": 17.35855845, "highway": "residential", "point_id": 405 }, "geometry": { "type": "Point", "coordinates": [ 78.5086317, 17.35855845 ] } },
{ "type": "Feature", "properties": { "lon": 78.45691215, "lat": 17.3701255, "highway": "residential", "point_id": 406 }, "geometry": { "type": "Point", "coordinates": [ 78.45691215, 17.3701255 ] } },
{ "type": "Feature", "properties": { "lon": 78.46346885, "lat": 17.30454175, "highway": "residential", "point_id": 407 }, "geometry": { "type": "Point", "coordinates": [ 78.46346885, 17.30454175 ] } },
{ "type": "Feature", "properties": { "lon": 78.49200625, "lat": 17.32555195, "highway": "residential", "point_id": 408 }, "geometry": { "type": "Point", "coordinates": [ 78.49200625, 17.32555195 ] } },
{ "type": "Feature", "properties": { "lon": 78.4848695, "lat": 17.3422846, "highway": "residential", "point_id": 409 }, "geometry": { "type": "Point", "coordinates": [ 78.4848695, 17.3422846 ] } },
{ "type": "Feature", "properties": { "lon": 78.49598575, "lat": 17.41394025, "highway": "residential", "point_id": 410 }, "geometry": { "type": "Point", "coordinates": [ 78.49598575, 17.41394025 ] } },
{ "type": "Feature", "properties": { "lon": 78.4688356, "lat": 17.47240865, "highway": "residential", "point_id": 411 }, "geometry": { "type": "Point", "coordinates": [ 78.4688356, 17.47240865 ] } },
{ "type": "Feature", "properties": { "lon": 78.45255455, "lat": 17.427117, "highway": "primary", "point_id": 412 }, "geometry": { "type": "Point", "coordinates": [ 78.45255455, 17.427117 ] } },
{ "type": "Feature", "properties": { "lon": 78.4765512, "lat": 17.4087038, "highway": "residential", "point_id": 413 }, "geometry": { "type": "Point", "coordinates": [ 78.4765512, 17.4087038 ] } },
{ "type": "Feature", "properties": { "lon": 78.4268847, "lat": 17.37111385, "highway": "residential", "point_id": 414 }, "geometry": { "type": "Point", "coordinates": [ 78.4268847, 17.37111385 ] } },
{ "type": "Feature", "properties": { "lon": 78.4579625, "lat": 17.36467605, "highway": "residential", "point_id": 415 }, "geometry": { "type": "Point", "coordinates": [ 78.4579625, 17.36467605 ] } },
{ "type": "Feature", "properties": { "lon": 78.49221595, "lat": 17.38289055, "highway": "residential", "point_id": 416 }, "geometry": { "type": "Point", "coordinates": [ 78.49221595, 17.38289055 ] } },
{ "type": "Feature", "properties": { "lon": 78.50856515000001, "lat": 17.39843205, "highway": "residential", "point_id": 417 }, "geometry": { "type": "Point", "coordinates": [ 78.50856515000001, 17.39843205 ] } },
{ "type": "Feature", "properties": { "lon": 78.49296815, "lat": 17.3696553, "highway": "residential", "point_id": 418 }, "geometry": { "type": "Point", "coordinates": [ 78.49296815, 17.3696553 ] } },
{ "type": "Feature", "properties": { "lon": 78.4140133, "lat": 17.37573415, "highway": "residential", "point_id": 419 }, "geometry": { "type": "Point", "coordinates": [ 78.4140133, 17.37573415 ] } },
{ "type": "Feature", "properties": { "lon": 78.5222323, "lat": 17.414152, "highway": "residential", "point_id": 420 }, "geometry": { "type": "Point", "coordinates": [ 78.5222323, 17.414152 ] } },
{ "type": "Feature", "properties": { "lon": 78.4995089, "lat": 17.35929805, "highway": "residential", "point_id": 421 }, "geometry": { "type": "Point", "coordinates": [ 78.4995089, 17.35929805 ] } },
{ "type": "Feature", "properties": { "lon": 78.42827095, "lat": 17.4256275, "highway": "residential", "point_id": 422 }, "geometry": { "type": "Point", "coordinates": [ 78.42827095, 17.4256275 ] } },
{ "type": "Feature", "properties": { "lon": 78.46312825, "lat": 17.3848945, "highway": "residential", "point_id": 423 }, "geometry": { "type": "Point", "coordinates": [ 78.46312825, 17.3848945 ] } },
{ "type": "Feature", "properties": { "lon": 78.4743306, "lat": 17.33384245, "highway": "residential", "point_id": 424 }, "geometry": { "type": "Point", "coordinates": [ 78.4743306, 17.33384245 ] } },
{ "type": "Feature", "properties": { "lon": 78.514136549999989, "lat": 17.35770155, "highway": "secondary", "point_id": 425 }, "geometry": { "type": "Point", "coordinates": [ 78.514136549999989, 17.35770155 ] } },
{ "type": "Feature", "properties": { "lon": 78.4747537, "lat": 17.46506855, "highway": "residential", "point_id": 426 }, "geometry": { "type": "Point", "coordinates": [ 78.4747537, 17.46506855 ] } },
{ "type": "Feature", "properties": { "lon": 78.491467449999988, "lat": 17.32487985, "highway": "residential", "point_id": 427 }, "geometry": { "type": "Point", "coordinates": [ 78.491467449999988, 17.32487985 ] } },
{ "type": "Feature", "properties": { "lon": 78.50787585, "lat": 17.4677095, "highway": "residential", "point_id": 428 }, "geometry": { "type": "Point", "coordinates": [ 78.50787585, 17.4677095 ] } },
{ "type": "Feature", "properties": { "lon": 78.4916659, "lat": 17.4391166, "highway": "residential", "point_id": 429 }, "geometry": { "type": "Point", "coordinates": [ 78.4916659, 17.4391166 ] } },
{ "type": "Feature", "properties": { "lon": 78.49116235, "lat": 17.43053565, "highway": "residential", "point_id": 430 }, "geometry": { "type": "Point", "coordinates": [ 78.49116235, 17.43053565 ] } },
{ "type": "Feature", "properties": { "lon": 78.47599975, "lat": 17.3150129, "highway": "residential", "point_id": 431 }, "geometry": { "type": "Point", "coordinates": [ 78.47599975, 17.3150129 ] } },
{ "type": "Feature", "properties": { "lon": 78.4778852, "lat": 17.3320292, "highway": "residential", "point_id": 432 }, "geometry": { "type": "Point", "coordinates": [ 78.4778852, 17.3320292 ] } },
{ "type": "Feature", "properties": { "lon": 78.40625895, "lat": 17.38941055, "highway": "residential", "point_id": 433 }, "geometry": { "type": "Point", "coordinates": [ 78.40625895, 17.38941055 ] } },
{ "type": "Feature", "properties": { "lon": 78.50318935, "lat": 17.4738269, "highway": "residential", "point_id": 434 }, "geometry": { "type": "Point", "coordinates": [ 78.50318935, 17.4738269 ] } },
{ "type": "Feature", "properties": { "lon": 78.48756685000001, "lat": 17.4418957, "highway": "secondary", "point_id": 435 }, "geometry": { "type": "Point", "coordinates": [ 78.48756685, 17.4418957 ] } },
{ "type": "Feature", "properties": { "lon": 78.4665464, "lat": 17.3402002, "highway": "residential", "point_id": 436 }, "geometry": { "type": "Point", "coordinates": [ 78.4665464, 17.3402002 ] } },
{ "type": "Feature", "properties": { "lon": 78.4683589, "lat": 17.31457385, "highway": "residential", "point_id": 437 }, "geometry": { "type": "Point", "coordinates": [ 78.4683589, 17.31457385 ] } },
{ "type": "Feature", "properties": { "lon": 78.459881, "lat": 17.39214735, "highway": "residential", "point_id": 438 }, "geometry": { "type": "Point", "coordinates": [ 78.459881, 17.39214735 ] } },
{ "type": "Feature", "properties": { "lon": 78.4858993, "lat": 17.40411415, "highway": "residential", "point_id": 439 }, "geometry": { "type": "Point", "coordinates": [ 78.4858993, 17.40411415 ] } },
{ "type": "Feature", "properties": { "lon": 78.46654955, "lat": 17.34038345, "highway": "residential", "point_id": 440 }, "geometry": { "type": "Point", "coordinates": [ 78.46654955, 17.34038345 ] } },
{ "type": "Feature", "properties": { "lon": 78.4377676, "lat": 17.40418905, "highway": "residential", "point_id": 441 }, "geometry": { "type": "Point", "coordinates": [ 78.4377676, 17.40418905 ] } },
{ "type": "Feature", "properties": { "lon": 78.47021405000001, "lat": 17.3183722, "highway": "residential", "point_id": 442 }, "geometry": { "type": "Point", "coordinates": [ 78.47021405000001, 17.3183722 ] } },
{ "type": "Feature", "properties": { "lon": 78.443858, "lat": 17.3759257, "highway": "tertiary", "point_id": 443 }, "geometry": { "type": "Point", "coordinates": [ 78.443858, 17.3759257 ] } },
{ "type": "Feature", "properties": { "lon": 78.41490755000001, "lat": 17.44949895, "highway": "residential", "point_id": 444 }, "geometry": { "type": "Point", "coordinates": [ 78.41490755, 17.44949895 ] } },
{ "type": "Feature", "properties": { "lon": 78.4180626, "lat": 17.3887012, "highway": "residential", "point_id": 445 }, "geometry": { "type": "Point", "coordinates": [ 78.4180626, 17.3887012 ] } },
{ "type": "Feature", "properties": { "lon": 78.5067055, "lat": 17.3498322, "highway": "residential", "point_id": 446 }, "geometry": { "type": "Point", "coordinates": [ 78.5067055, 17.3498322 ] } },
{ "type": "Feature", "properties": { "lon": 78.47517065, "lat": 17.4062657, "highway": "residential", "point_id": 447 }, "geometry": { "type": "Point", "coordinates": [ 78.47517065, 17.4062657 ] } },
{ "type": "Feature", "properties": { "lon": 78.47093585, "lat": 17.45425485, "highway": "secondary", "point_id": 448 }, "geometry": { "type": "Point", "coordinates": [ 78.47093585, 17.45425485 ] } },
{ "type": "Feature", "properties": { "lon": 78.4368524, "lat": 17.3858441, "highway": "residential", "point_id": 449 }, "geometry": { "type": "Point", "coordinates": [ 78.4368524, 17.3858441 ] } },
{ "type": "Feature", "properties": { "lon": 78.5141722, "lat": 17.4510367, "highway": "residential", "point_id": 450 }, "geometry": { "type": "Point", "coordinates": [ 78.5141722, 17.4510367 ] } },
{ "type": "Feature", "properties": { "lon": 78.49206455000001, "lat": 17.32157765, "highway": "residential", "point_id": 451 }, "geometry": { "type": "Point", "coordinates": [ 78.49206455, 17.32157765 ] } },
{ "type": "Feature", "properties": { "lon": 78.442502, "lat": 17.3834887, "highway": "residential", "point_id": 452 }, "geometry": { "type": "Point", "coordinates": [ 78.442502, 17.3834887 ] } },
{ "type": "Feature", "properties": { "lon": 78.52479445, "lat": 17.39268365, "highway": "residential", "point_id": 453 }, "geometry": { "type": "Point", "coordinates": [ 78.52479445, 17.39268365 ] } },
{ "type": "Feature", "properties": { "lon": 78.480888, "lat": 17.4686626, "highway": "secondary", "point_id": 454 }, "geometry": { "type": "Point", "coordinates": [ 78.480888, 17.4686626 ] } },
{ "type": "Feature", "properties": { "lon": 78.4757948, "lat": 17.3726514, "highway": "secondary", "point_id": 455 }, "geometry": { "type": "Point", "coordinates": [ 78.4757948, 17.3726514 ] } },
{ "type": "Feature", "properties": { "lon": 78.49352205, "lat": 17.36552945, "highway": "residential", "point_id": 456 }, "geometry": { "type": "Point", "coordinates": [ 78.49352205, 17.36552945 ] } },
{ "type": "Feature", "properties": { "lon": 78.41147975, "lat": 17.38295625, "highway": "residential", "point_id": 457 }, "geometry": { "type": "Point", "coordinates": [ 78.41147975, 17.38295625 ] } },
{ "type": "Feature", "properties": { "lon": 78.46200585, "lat": 17.39399785, "highway": "residential", "point_id": 458 }, "geometry": { "type": "Point", "coordinates": [ 78.46200585, 17.39399785 ] } },
{ "type": "Feature", "properties": { "lon": 78.51311265, "lat": 17.3525747, "highway": "residential", "point_id": 459 }, "geometry": { "type": "Point", "coordinates": [ 78.51311265, 17.3525747 ] } },
{ "type": "Feature", "properties": { "lon": 78.46443925, "lat": 17.375508, "highway": "residential", "point_id": 460 }, "geometry": { "type": "Point", "coordinates": [ 78.46443925, 17.375508 ] } },
{ "type": "Feature", "properties": { "lon": 78.51394215, "lat": 17.416412, "highway": "residential", "point_id": 461 }, "geometry": { "type": "Point", "coordinates": [ 78.51394215, 17.416412 ] } },
{ "type": "Feature", "properties": { "lon": 78.5044001, "lat": 17.42670575, "highway": "residential", "point_id": 462 }, "geometry": { "type": "Point", "coordinates": [ 78.5044001, 17.42670575 ] } },
{ "type": "Feature", "properties": { "lon": 78.46401165, "lat": 17.40490135, "highway": "trunk", "point_id": 463 }, "geometry": { "type": "Point", "coordinates": [ 78.46401165, 17.40490135 ] } },
{ "type": "Feature", "properties": { "lon": 78.4243393, "lat": 17.3743319, "highway": "residential", "point_id": 464 }, "geometry": { "type": "Point", "coordinates": [ 78.424339300000014, 17.3743319 ] } },
{ "type": "Feature", "properties": { "lon": 78.49747125, "lat": 17.32334935, "highway": "residential", "point_id": 465 }, "geometry": { "type": "Point", "coordinates": [ 78.49747125, 17.32334935 ] } },
{ "type": "Feature", "properties": { "lon": 78.47411145000001, "lat": 17.46464575, "highway": "residential", "point_id": 466 }, "geometry": { "type": "Point", "coordinates": [ 78.47411145, 17.46464575 ] } },
{ "type": "Feature", "properties": { "lon": 78.47930585, "lat": 17.4440357, "highway": "residential", "point_id": 467 }, "geometry": { "type": "Point", "coordinates": [ 78.47930585, 17.4440357 ] } },
{ "type": "Feature", "properties": { "lon": 78.47045925, "lat": 17.32421005, "highway": "residential", "point_id": 468 }, "geometry": { "type": "Point", "coordinates": [ 78.47045925, 17.32421005 ] } },
{ "type": "Feature", "properties": { "lon": 78.50745205, "lat": 17.4403983, "highway": "primary", "point_id": 469 }, "geometry": { "type": "Point", "coordinates": [ 78.50745205, 17.4403983 ] } },
{ "type": "Feature", "properties": { "lon": 78.411528, "lat": 17.40442785, "highway": "residential", "point_id": 470 }, "geometry": { "type": "Point", "coordinates": [ 78.411528, 17.40442785 ] } },
{ "type": "Feature", "properties": { "lon": 78.45532625, "lat": 17.3747906, "highway": "residential", "point_id": 471 }, "geometry": { "type": "Point", "coordinates": [ 78.45532625, 17.3747906 ] } },
{ "type": "Feature", "properties": { "lon": 78.44429235, "lat": 17.39556755, "highway": "tertiary", "point_id": 472 }, "geometry": { "type": "Point", "coordinates": [ 78.44429235, 17.39556755 ] } },
{ "type": "Feature", "properties": { "lon": 78.4161926, "lat": 17.3745461, "highway": "residential", "point_id": 473 }, "geometry": { "type": "Point", "coordinates": [ 78.416192599999988, 17.3745461 ] } },
{ "type": "Feature", "properties": { "lon": 78.4591727, "lat": 17.36325435, "highway": "residential", "point_id": 474 }, "geometry": { "type": "Point", "coordinates": [ 78.459172700000011, 17.36325435 ] } },
{ "type": "Feature", "properties": { "lon": 78.4789437, "lat": 17.35686225, "highway": "trunk", "point_id": 475 }, "geometry": { "type": "Point", "coordinates": [ 78.4789437, 17.35686225 ] } },
{ "type": "Feature", "properties": { "lon": 78.4721825, "lat": 17.3651491, "highway": "residential", "point_id": 476 }, "geometry": { "type": "Point", "coordinates": [ 78.4721825, 17.3651491 ] } },
{ "type": "Feature", "properties": { "lon": 78.47959345000001, "lat": 17.32761585, "highway": "primary", "point_id": 477 }, "geometry": { "type": "Point", "coordinates": [ 78.47959345000001, 17.32761585 ] } },
{ "type": "Feature", "properties": { "lon": 78.49645895, "lat": 17.4160192, "highway": "residential", "point_id": 478 }, "geometry": { "type": "Point", "coordinates": [ 78.49645895, 17.4160192 ] } },
{ "type": "Feature", "properties": { "lon": 78.40957495000001, "lat": 17.41852135, "highway": "residential", "point_id": 479 }, "geometry": { "type": "Point", "coordinates": [ 78.40957495, 17.41852135 ] } },
{ "type": "Feature", "properties": { "lon": 78.43861635, "lat": 17.35664995, "highway": "secondary", "point_id": 480 }, "geometry": { "type": "Point", "coordinates": [ 78.43861635, 17.35664995 ] } },
{ "type": "Feature", "properties": { "lon": 78.50670235, "lat": 17.4676262, "highway": "residential", "point_id": 481 }, "geometry": { "type": "Point", "coordinates": [ 78.50670235, 17.4676262 ] } },
{ "type": "Feature", "properties": { "lon": 78.4545077, "lat": 17.35586665, "highway": "trunk", "point_id": 482 }, "geometry": { "type": "Point", "coordinates": [ 78.4545077, 17.35586665 ] } },
{ "type": "Feature", "properties": { "lon": 78.52554325, "lat": 17.39440625, "highway": "residential", "point_id": 483 }, "geometry": { "type": "Point", "coordinates": [ 78.52554325, 17.39440625 ] } },
{ "type": "Feature", "properties": { "lon": 78.47752715, "lat": 17.34646205, "highway": "residential", "point_id": 484 }, "geometry": { "type": "Point", "coordinates": [ 78.47752715, 17.34646205 ] } },
{ "type": "Feature", "properties": { "lon": 78.43553175, "lat": 17.41604505, "highway": "secondary", "point_id": 485 }, "geometry": { "type": "Point", "coordinates": [ 78.43553175, 17.41604505 ] } },
{ "type": "Feature", "properties": { "lon": 78.4967992, "lat": 17.3216251, "highway": "residential", "point_id": 486 }, "geometry": { "type": "Point", "coordinates": [ 78.4967992, 17.3216251 ] } },
{ "type": "Feature", "properties": { "lon": 78.4732645, "lat": 17.3572343, "highway": "residential", "point_id": 487 }, "geometry": { "type": "Point", "coordinates": [ 78.4732645, 17.3572343 ] } },
{ "type": "Feature", "properties": { "lon": 78.49245695, "lat": 17.37597105, "highway": "tertiary", "point_id": 488 }, "geometry": { "type": "Point", "coordinates": [ 78.49245695, 17.37597105 ] } },
{ "type": "Feature", "properties": { "lon": 78.472998, "lat": 17.3804004, "highway": "residential", "point_id": 489 }, "geometry": { "type": "Point", "coordinates": [ 78.472998, 17.3804004 ] } },
{ "type": "Feature", "properties": { "lon": 78.4662305, "lat": 17.40866995, "highway": "residential", "point_id": 490 }, "geometry": { "type": "Point", "coordinates": [ 78.4662305, 17.40866995 ] } },
{ "type": "Feature", "properties": { "lon": 78.44340995, "lat": 17.3907049, "highway": "residential", "point_id": 491 }, "geometry": { "type": "Point", "coordinates": [ 78.44340995, 17.3907049 ] } },
{ "type": "Feature", "properties": { "lon": 78.48385365, "lat": 17.4008663, "highway": "residential", "point_id": 492 }, "geometry": { "type": "Point", "coordinates": [ 78.48385365, 17.4008663 ] } },
{ "type": "Feature", "properties": { "lon": 78.4874919, "lat": 17.34240275, "highway": "residential", "point_id": 493 }, "geometry": { "type": "Point", "coordinates": [ 78.4874919, 17.34240275 ] } },
{ "type": "Feature", "properties": { "lon": 78.47455255, "lat": 17.3673071, "highway": "residential", "point_id": 494 }, "geometry": { "type": "Point", "coordinates": [ 78.47455255, 17.3673071 ] } },
{ "type": "Feature", "properties": { "lon": 78.47949065, "lat": 17.331314, "highway": "residential", "point_id": 495 }, "geometry": { "type": "Point", "coordinates": [ 78.47949065, 17.331314 ] } },
{ "type": "Feature", "properties": { "lon": 78.46209095, "lat": 17.37515325, "highway": "residential", "point_id": 496 }, "geometry": { "type": "Point", "coordinates": [ 78.46209095, 17.37515325 ] } },
{ "type": "Feature", "properties": { "lon": 78.4979934, "lat": 17.34759855, "highway": "residential", "point_id": 497 }, "geometry": { "type": "Point", "coordinates": [ 78.4979934, 17.34759855 ] } },
{ "type": "Feature", "properties": { "lon": 78.3969465, "lat": 17.37633095, "highway": "tertiary", "point_id": 498 }, "geometry": { "type": "Point", "coordinates": [ 78.3969465, 17.37633095 ] } },
{ "type": "Feature", "properties": { "lon": 78.4866766, "lat": 17.3442157, "highway": "residential", "point_id": 499 }, "geometry": { "type": "Point", "coordinates": [ 78.4866766, 17.3442157 ] } },
{ "type": "Feature", "properties": { "lon": 78.4928844, "lat": 17.46574025, "highway": "residential", "point_id": 500 }, "geometry": { "type": "Point", "coordinates": [ 78.4928844, 17.46574025 ] } },
{ "type": "Feature", "properties": { "lon": 78.4887195, "lat": 17.40920455, "highway": "residential", "point_id": 501 }, "geometry": { "type": "Point", "coordinates": [ 78.4887195, 17.40920455 ] } },
{ "type": "Feature", "properties": { "lon": 78.40561635, "lat": 17.40311295, "highway": "residential", "point_id": 502 }, "geometry": { "type": "Point", "coordinates": [ 78.40561635, 17.40311295 ] } },
{ "type": "Feature", "properties": { "lon": 78.48015505000001, "lat": 17.34304875, "highway": "residential", "point_id": 503 }, "geometry": { "type": "Point", "coordinates": [ 78.48015505, 17.34304875 ] } },
{ "type": "Feature", "properties": { "lon": 78.4840251, "lat": 17.42087005, "highway": "trunk", "point_id": 504 }, "geometry": { "type": "Point", "coordinates": [ 78.4840251, 17.42087005 ] } },
{ "type": "Feature", "properties": { "lon": 78.3996183, "lat": 17.43388915, "highway": "tertiary", "point_id": 505 }, "geometry": { "type": "Point", "coordinates": [ 78.3996183, 17.43388915 ] } },
{ "type": "Feature", "properties": { "lon": 78.41628315, "lat": 17.3938008, "highway": "residential", "point_id": 506 }, "geometry": { "type": "Point", "coordinates": [ 78.41628315, 17.3938008 ] } },
{ "type": "Feature", "properties": { "lon": 78.5017679, "lat": 17.3510893, "highway": "residential", "point_id": 507 }, "geometry": { "type": "Point", "coordinates": [ 78.5017679, 17.3510893 ] } },
{ "type": "Feature", "properties": { "lon": 78.4691021, "lat": 17.29456695, "highway": "residential", "point_id": 508 }, "geometry": { "type": "Point", "coordinates": [ 78.4691021, 17.29456695 ] } },
{ "type": "Feature", "properties": { "lon": 78.4601393, "lat": 17.33868095, "highway": "residential", "point_id": 509 }, "geometry": { "type": "Point", "coordinates": [ 78.4601393, 17.33868095 ] } },
{ "type": "Feature", "properties": { "lon": 78.48542155, "lat": 17.36426295, "highway": "residential", "point_id": 510 }, "geometry": { "type": "Point", "coordinates": [ 78.48542155, 17.36426295 ] } },
{ "type": "Feature", "properties": { "lon": 78.42263485000001, "lat": 17.43403245, "highway": "residential", "point_id": 511 }, "geometry": { "type": "Point", "coordinates": [ 78.42263485, 17.43403245 ] } },
{ "type": "Feature", "properties": { "lon": 78.45968545, "lat": 17.4347964, "highway": "residential", "point_id": 512 }, "geometry": { "type": "Point", "coordinates": [ 78.45968545, 17.4347964 ] } },
{ "type": "Feature", "properties": { "lon": 78.432517, "lat": 17.34324005, "highway": "residential", "point_id": 513 }, "geometry": { "type": "Point", "coordinates": [ 78.432517, 17.34324005 ] } },
{ "type": "Feature", "properties": { "lon": 78.4657722, "lat": 17.3560806, "highway": "residential", "point_id": 514 }, "geometry": { "type": "Point", "coordinates": [ 78.4657722, 17.3560806 ] } },
{ "type": "Feature", "properties": { "lon": 78.4964871, "lat": 17.35998715, "highway": "residential", "point_id": 515 }, "geometry": { "type": "Point", "coordinates": [ 78.4964871, 17.35998715 ] } },
{ "type": "Feature", "properties": { "lon": 78.44024865, "lat": 17.41395545, "highway": "residential", "point_id": 516 }, "geometry": { "type": "Point", "coordinates": [ 78.44024865, 17.41395545 ] } },
{ "type": "Feature", "properties": { "lon": 78.45767005, "lat": 17.4210465, "highway": "residential", "point_id": 517 }, "geometry": { "type": "Point", "coordinates": [ 78.45767005, 17.4210465 ] } },
{ "type": "Feature", "properties": { "lon": 78.45334355, "lat": 17.4166479, "highway": "tertiary", "point_id": 518 }, "geometry": { "type": "Point", "coordinates": [ 78.45334355, 17.4166479 ] } },
{ "type": "Feature", "properties": { "lon": 78.4662247, "lat": 17.29577725, "highway": "residential", "point_id": 519 }, "geometry": { "type": "Point", "coordinates": [ 78.4662247, 17.29577725 ] } },
{ "type": "Feature", "properties": { "lon": 78.5121187, "lat": 17.47852325, "highway": "residential", "point_id": 520 }, "geometry": { "type": "Point", "coordinates": [ 78.5121187, 17.47852325 ] } },
{ "type": "Feature", "properties": { "lon": 78.5153119, "lat": 17.3919969, "highway": "tertiary", "point_id": 521 }, "geometry": { "type": "Point", "coordinates": [ 78.5153119, 17.3919969 ] } },
{ "type": "Feature", "properties": { "lon": 78.48843155, "lat": 17.36578075, "highway": "residential", "point_id": 522 }, "geometry": { "type": "Point", "coordinates": [ 78.48843155, 17.36578075 ] } },
{ "type": "Feature", "properties": { "lon": 78.50241325, "lat": 17.41395715, "highway": "residential", "point_id": 523 }, "geometry": { "type": "Point", "coordinates": [ 78.50241325, 17.41395715 ] } },
{ "type": "Feature", "properties": { "lon": 78.4766807, "lat": 17.35459455, "highway": "residential", "point_id": 524 }, "geometry": { "type": "Point", "coordinates": [ 78.4766807, 17.35459455 ] } },
{ "type": "Feature", "properties": { "lon": 78.50377555, "lat": 17.43584, "highway": "tertiary", "point_id": 525 }, "geometry": { "type": "Point", "coordinates": [ 78.50377555, 17.43584 ] } },
{ "type": "Feature", "properties": { "lon": 78.51860625, "lat": 17.4219533, "highway": "residential", "point_id": 526 }, "geometry": { "type": "Point", "coordinates": [ 78.51860625, 17.4219533 ] } },
{ "type": "Feature", "properties": { "lon": 78.4629723, "lat": 17.43501375, "highway": "residential", "point_id": 527 }, "geometry": { "type": "Point", "coordinates": [ 78.4629723, 17.43501375 ] } },
{ "type": "Feature", "properties": { "lon": 78.41673155, "lat": 17.3982011, "highway": "residential", "point_id": 528 }, "geometry": { "type": "Point", "coordinates": [ 78.41673155, 17.3982011 ] } },
{ "type": "Feature", "properties": { "lon": 78.4228796, "lat": 17.4087387, "highway": "residential", "point_id": 529 }, "geometry": { "type": "Point", "coordinates": [ 78.4228796, 17.4087387 ] } },
{ "type": "Feature", "properties": { "lon": 78.49124975000001, "lat": 17.41206915, "highway": "residential", "point_id": 530 }, "geometry": { "type": "Point", "coordinates": [ 78.49124975, 17.41206915 ] } },
{ "type": "Feature", "properties": { "lon": 78.4924309, "lat": 17.36874885, "highway": "residential", "point_id": 531 }, "geometry": { "type": "Point", "coordinates": [ 78.492430899999988, 17.36874885 ] } },
{ "type": "Feature", "properties": { "lon": 78.47886335, "lat": 17.4092436, "highway": "residential", "point_id": 532 }, "geometry": { "type": "Point", "coordinates": [ 78.47886335, 17.4092436 ] } },
{ "type": "Feature", "properties": { "lon": 78.5153782, "lat": 17.4087456, "highway": "primary", "point_id": 533 }, "geometry": { "type": "Point", "coordinates": [ 78.5153782, 17.4087456 ] } },
{ "type": "Feature", "properties": { "lon": 78.4888584, "lat": 17.3657955, "highway": "residential", "point_id": 534 }, "geometry": { "type": "Point", "coordinates": [ 78.4888584, 17.3657955 ] } },
{ "type": "Feature", "properties": { "lon": 78.456063449999988, "lat": 17.33713795, "highway": "residential", "point_id": 535 }, "geometry": { "type": "Point", "coordinates": [ 78.456063449999988, 17.33713795 ] } },
{ "type": "Feature", "properties": { "lon": 78.48694875, "lat": 17.3281989, "highway": "residential", "point_id": 536 }, "geometry": { "type": "Point", "coordinates": [ 78.48694875, 17.3281989 ] } },
{ "type": "Feature", "properties": { "lon": 78.50366705, "lat": 17.4774105, "highway": "residential", "point_id": 537 }, "geometry": { "type": "Point", "coordinates": [ 78.50366705, 17.4774105 ] } },
{ "type": "Feature", "properties": { "lon": 78.461893, "lat": 17.3863266, "highway": "residential", "point_id": 538 }, "geometry": { "type": "Point", "coordinates": [ 78.461893, 17.3863266 ] } },
{ "type": "Feature", "properties": { "lon": 78.47003435, "lat": 17.3894905, "highway": "residential", "point_id": 539 }, "geometry": { "type": "Point", "coordinates": [ 78.47003435, 17.3894905 ] } },
{ "type": "Feature", "properties": { "lon": 78.46007945, "lat": 17.3981481, "highway": "residential", "point_id": 540 }, "geometry": { "type": "Point", "coordinates": [ 78.46007945, 17.3981481 ] } },
{ "type": "Feature", "properties": { "lon": 78.4952557, "lat": 17.33959545, "highway": "tertiary", "point_id": 541 }, "geometry": { "type": "Point", "coordinates": [ 78.4952557, 17.33959545 ] } },
{ "type": "Feature", "properties": { "lon": 78.49866195, "lat": 17.37895135, "highway": "residential", "point_id": 542 }, "geometry": { "type": "Point", "coordinates": [ 78.49866195, 17.37895135 ] } },
{ "type": "Feature", "properties": { "lon": 78.42120505, "lat": 17.4147091, "highway": "residential", "point_id": 543 }, "geometry": { "type": "Point", "coordinates": [ 78.42120505, 17.4147091 ] } },
{ "type": "Feature", "properties": { "lon": 78.48485905, "lat": 17.3216466, "highway": "residential", "point_id": 544 }, "geometry": { "type": "Point", "coordinates": [ 78.48485905, 17.3216466 ] } },
{ "type": "Feature", "properties": { "lon": 78.5125395, "lat": 17.3861844, "highway": "residential", "point_id": 545 }, "geometry": { "type": "Point", "coordinates": [ 78.5125395, 17.3861844 ] } },
{ "type": "Feature", "properties": { "lon": 78.40742435, "lat": 17.38057855, "highway": "residential", "point_id": 546 }, "geometry": { "type": "Point", "coordinates": [ 78.40742435, 17.38057855 ] } },
{ "type": "Feature", "properties": { "lon": 78.4063263, "lat": 17.38399655, "highway": "residential", "point_id": 547 }, "geometry": { "type": "Point", "coordinates": [ 78.406326299999989, 17.38399655 ] } },
{ "type": "Feature", "properties": { "lon": 78.46351955, "lat": 17.38183025, "highway": "residential", "point_id": 548 }, "geometry": { "type": "Point", "coordinates": [ 78.46351955, 17.38183025 ] } },
{ "type": "Feature", "properties": { "lon": 78.46053555, "lat": 17.4079867, "highway": "trunk", "point_id": 549 }, "geometry": { "type": "Point", "coordinates": [ 78.46053555, 17.4079867 ] } },
{ "type": "Feature", "properties": { "lon": 78.48636105, "lat": 17.4254444, "highway": "trunk", "point_id": 550 }, "geometry": { "type": "Point", "coordinates": [ 78.48636105, 17.4254444 ] } },
{ "type": "Feature", "properties": { "lon": 78.4956887, "lat": 17.3748005, "highway": "residential", "point_id": 551 }, "geometry": { "type": "Point", "coordinates": [ 78.495688699999988, 17.3748005 ] } },
{ "type": "Feature", "properties": { "lon": 78.47292985, "lat": 17.3572173, "highway": "residential", "point_id": 552 }, "geometry": { "type": "Point", "coordinates": [ 78.47292985, 17.3572173 ] } },
{ "type": "Feature", "properties": { "lon": 78.4459052, "lat": 17.4438855, "highway": "residential", "point_id": 553 }, "geometry": { "type": "Point", "coordinates": [ 78.4459052, 17.4438855 ] } },
{ "type": "Feature", "properties": { "lon": 78.5095485, "lat": 17.40892665, "highway": "residential", "point_id": 554 }, "geometry": { "type": "Point", "coordinates": [ 78.5095485, 17.40892665 ] } },
{ "type": "Feature", "properties": { "lon": 78.4265826, "lat": 17.43178425, "highway": "residential", "point_id": 555 }, "geometry": { "type": "Point", "coordinates": [ 78.4265826, 17.43178425 ] } },
{ "type": "Feature", "properties": { "lon": 78.510566, "lat": 17.4008848, "highway": "residential", "point_id": 556 }, "geometry": { "type": "Point", "coordinates": [ 78.510566, 17.4008848 ] } },
{ "type": "Feature", "properties": { "lon": 78.4883589, "lat": 17.3511777, "highway": "residential", "point_id": 557 }, "geometry": { "type": "Point", "coordinates": [ 78.4883589, 17.3511777 ] } },
{ "type": "Feature", "properties": { "lon": 78.45701205, "lat": 17.35649935, "highway": "residential", "point_id": 558 }, "geometry": { "type": "Point", "coordinates": [ 78.45701205, 17.35649935 ] } },
{ "type": "Feature", "properties": { "lon": 78.4139433, "lat": 17.378858, "highway": "residential", "point_id": 559 }, "geometry": { "type": "Point", "coordinates": [ 78.4139433, 17.378858 ] } },
{ "type": "Feature", "properties": { "lon": 78.4265897, "lat": 17.429762, "highway": "secondary", "point_id": 560 }, "geometry": { "type": "Point", "coordinates": [ 78.4265897, 17.429762 ] } },
{ "type": "Feature", "properties": { "lon": 78.48951395, "lat": 17.3193768, "highway": "residential", "point_id": 561 }, "geometry": { "type": "Point", "coordinates": [ 78.48951395, 17.3193768 ] } },
{ "type": "Feature", "properties": { "lon": 78.4121317, "lat": 17.3799341, "highway": "residential", "point_id": 562 }, "geometry": { "type": "Point", "coordinates": [ 78.4121317, 17.3799341 ] } },
{ "type": "Feature", "properties": { "lon": 78.4533735, "lat": 17.410816, "highway": "residential", "point_id": 563 }, "geometry": { "type": "Point", "coordinates": [ 78.4533735, 17.410816 ] } },
{ "type": "Feature", "properties": { "lon": 78.4917587, "lat": 17.3603728, "highway": "residential", "point_id": 564 }, "geometry": { "type": "Point", "coordinates": [ 78.4917587, 17.3603728 ] } },
{ "type": "Feature", "properties": { "lon": 78.49803835, "lat": 17.4749355, "highway": "residential", "point_id": 565 }, "geometry": { "type": "Point", "coordinates": [ 78.49803835, 17.4749355 ] } },
{ "type": "Feature", "properties": { "lon": 78.43716035, "lat": 17.45047025, "highway": "residential", "point_id": 566 }, "geometry": { "type": "Point", "coordinates": [ 78.43716035, 17.45047025 ] } },
{ "type": "Feature", "properties": { "lon": 78.54278585, "lat": 17.4368073, "highway": "residential", "point_id": 567 }, "geometry": { "type": "Point", "coordinates": [ 78.54278585, 17.4368073 ] } },
{ "type": "Feature", "properties": { "lon": 78.4523314, "lat": 17.3320415, "highway": "tertiary", "point_id": 568 }, "geometry": { "type": "Point", "coordinates": [ 78.4523314, 17.3320415 ] } },
{ "type": "Feature", "properties": { "lon": 78.42390235000001, "lat": 17.3966177, "highway": "primary", "point_id": 569 }, "geometry": { "type": "Point", "coordinates": [ 78.42390235, 17.3966177 ] } },
{ "type": "Feature", "properties": { "lon": 78.5159422, "lat": 17.39919655, "highway": "residential", "point_id": 570 }, "geometry": { "type": "Point", "coordinates": [ 78.5159422, 17.39919655 ] } },
{ "type": "Feature", "properties": { "lon": 78.4414849, "lat": 17.38556505, "highway": "residential", "point_id": 571 }, "geometry": { "type": "Point", "coordinates": [ 78.4414849, 17.38556505 ] } },
{ "type": "Feature", "properties": { "lon": 78.44462245, "lat": 17.3555194, "highway": "residential", "point_id": 572 }, "geometry": { "type": "Point", "coordinates": [ 78.44462245, 17.3555194 ] } },
{ "type": "Feature", "properties": { "lon": 78.510169, "lat": 17.41985065, "highway": "residential", "point_id": 573 }, "geometry": { "type": "Point", "coordinates": [ 78.510169, 17.41985065 ] } },
{ "type": "Feature", "properties": { "lon": 78.4440162, "lat": 17.37401975, "highway": "residential", "point_id": 574 }, "geometry": { "type": "Point", "coordinates": [ 78.4440162, 17.37401975 ] } },
{ "type": "Feature", "properties": { "lon": 78.48912625, "lat": 17.3254362, "highway": "residential", "point_id": 575 }, "geometry": { "type": "Point", "coordinates": [ 78.48912625, 17.3254362 ] } },
{ "type": "Feature", "properties": { "lon": 78.51754905, "lat": 17.3611128, "highway": "residential", "point_id": 576 }, "geometry": { "type": "Point", "coordinates": [ 78.51754905, 17.3611128 ] } },
{ "type": "Feature", "properties": { "lon": 78.46011405, "lat": 17.39521745, "highway": "tertiary", "point_id": 577 }, "geometry": { "type": "Point", "coordinates": [ 78.46011405, 17.39521745 ] } },
{ "type": "Feature", "properties": { "lon": 78.51362645, "lat": 17.38770055, "highway": "residential", "point_id": 578 }, "geometry": { "type": "Point", "coordinates": [ 78.51362645, 17.38770055 ] } },
{ "type": "Feature", "properties": { "lon": 78.460824, "lat": 17.3478033, "highway": "residential", "point_id": 579 }, "geometry": { "type": "Point", "coordinates": [ 78.460824, 17.3478033 ] } },
{ "type": "Feature", "properties": { "lon": 78.4952048, "lat": 17.4331943, "highway": "residential", "point_id": 580 }, "geometry": { "type": "Point", "coordinates": [ 78.49520480000001, 17.4331943 ] } },
{ "type": "Feature", "properties": { "lon": 78.50782955, "lat": 17.4296161, "highway": "residential", "point_id": 581 }, "geometry": { "type": "Point", "coordinates": [ 78.50782955, 17.4296161 ] } },
{ "type": "Feature", "properties": { "lon": 78.4151771, "lat": 17.4263644, "highway": "secondary", "point_id": 582 }, "geometry": { "type": "Point", "coordinates": [ 78.4151771, 17.4263644 ] } },
{ "type": "Feature", "properties": { "lon": 78.46638865, "lat": 17.38749895, "highway": "residential", "point_id": 583 }, "geometry": { "type": "Point", "coordinates": [ 78.46638865, 17.38749895 ] } },
{ "type": "Feature", "properties": { "lon": 78.394638, "lat": 17.3984126, "highway": "residential", "point_id": 584 }, "geometry": { "type": "Point", "coordinates": [ 78.394638, 17.3984126 ] } },
{ "type": "Feature", "properties": { "lon": 78.4470707, "lat": 17.3957835, "highway": "residential", "point_id": 585 }, "geometry": { "type": "Point", "coordinates": [ 78.4470707, 17.3957835 ] } },
{ "type": "Feature", "properties": { "lon": 78.4367808, "lat": 17.42294615, "highway": "residential", "point_id": 586 }, "geometry": { "type": "Point", "coordinates": [ 78.4367808, 17.42294615 ] } },
{ "type": "Feature", "properties": { "lon": 78.44297815, "lat": 17.3841641, "highway": "residential", "point_id": 587 }, "geometry": { "type": "Point", "coordinates": [ 78.44297815, 17.3841641 ] } },
{ "type": "Feature", "properties": { "lon": 78.4951173, "lat": 17.34614235, "highway": "residential", "point_id": 588 }, "geometry": { "type": "Point", "coordinates": [ 78.4951173, 17.34614235 ] } },
{ "type": "Feature", "properties": { "lon": 78.46636665, "lat": 17.3716123, "highway": "residential", "point_id": 589 }, "geometry": { "type": "Point", "coordinates": [ 78.46636665, 17.3716123 ] } },
{ "type": "Feature", "properties": { "lon": 78.51001525000001, "lat": 17.40772715, "highway": "residential", "point_id": 590 }, "geometry": { "type": "Point", "coordinates": [ 78.51001525, 17.40772715 ] } },
{ "type": "Feature", "properties": { "lon": 78.46692815, "lat": 17.3412843, "highway": "residential", "point_id": 591 }, "geometry": { "type": "Point", "coordinates": [ 78.46692815, 17.3412843 ] } },
{ "type": "Feature", "properties": { "lon": 78.4580646, "lat": 17.3606384, "highway": "residential", "point_id": 592 }, "geometry": { "type": "Point", "coordinates": [ 78.4580646, 17.3606384 ] } },
{ "type": "Feature", "properties": { "lon": 78.4773963, "lat": 17.46923385, "highway": "secondary", "point_id": 593 }, "geometry": { "type": "Point", "coordinates": [ 78.4773963, 17.46923385 ] } },
{ "type": "Feature", "properties": { "lon": 78.46155565000001, "lat": 17.39063485, "highway": "residential", "point_id": 594 }, "geometry": { "type": "Point", "coordinates": [ 78.46155565, 17.39063485 ] } },
{ "type": "Feature", "properties": { "lon": 78.4759419, "lat": 17.3675764, "highway": "residential", "point_id": 595 }, "geometry": { "type": "Point", "coordinates": [ 78.4759419, 17.3675764 ] } },
{ "type": "Feature", "properties": { "lon": 78.4150579, "lat": 17.45082565, "highway": "residential", "point_id": 596 }, "geometry": { "type": "Point", "coordinates": [ 78.4150579, 17.45082565 ] } },
{ "type": "Feature", "properties": { "lon": 78.46131785, "lat": 17.34107425, "highway": "tertiary", "point_id": 597 }, "geometry": { "type": "Point", "coordinates": [ 78.46131785, 17.34107425 ] } },
{ "type": "Feature", "properties": { "lon": 78.47930085, "lat": 17.33468415, "highway": "residential", "point_id": 598 }, "geometry": { "type": "Point", "coordinates": [ 78.47930085, 17.33468415 ] } },
{ "type": "Feature", "properties": { "lon": 78.49888765, "lat": 17.3944546, "highway": "tertiary", "point_id": 599 }, "geometry": { "type": "Point", "coordinates": [ 78.49888765, 17.3944546 ] } },
{ "type": "Feature", "properties": { "lon": 78.4421725, "lat": 17.36371745, "highway": "residential", "point_id": 600 }, "geometry": { "type": "Point", "coordinates": [ 78.4421725, 17.36371745 ] } },
{ "type": "Feature", "properties": { "lon": 78.412948050000011, "lat": 17.4010907, "highway": "primary", "point_id": 601 }, "geometry": { "type": "Point", "coordinates": [ 78.412948050000011, 17.4010907 ] } },
{ "type": "Feature", "properties": { "lon": 78.47366385000001, "lat": 17.4655698, "highway": "residential", "point_id": 602 }, "geometry": { "type": "Point", "coordinates": [ 78.47366385, 17.4655698 ] } },
{ "type": "Feature", "properties": { "lon": 78.4942586, "lat": 17.45838555, "highway": "residential", "point_id": 603 }, "geometry": { "type": "Point", "coordinates": [ 78.4942586, 17.45838555 ] } },
{ "type": "Feature", "properties": { "lon": 78.51336385, "lat": 17.3793386, "highway": "residential", "point_id": 604 }, "geometry": { "type": "Point", "coordinates": [ 78.51336385, 17.3793386 ] } },
{ "type": "Feature", "properties": { "lon": 78.47770745, "lat": 17.34884105, "highway": "residential", "point_id": 605 }, "geometry": { "type": "Point", "coordinates": [ 78.47770745, 17.34884105 ] } },
{ "type": "Feature", "properties": { "lon": 78.48415315, "lat": 17.36732555, "highway": "residential", "point_id": 606 }, "geometry": { "type": "Point", "coordinates": [ 78.48415315, 17.36732555 ] } },
{ "type": "Feature", "properties": { "lon": 78.43482875000001, "lat": 17.42352075, "highway": "residential", "point_id": 607 }, "geometry": { "type": "Point", "coordinates": [ 78.43482875, 17.42352075 ] } },
{ "type": "Feature", "properties": { "lon": 78.4384318, "lat": 17.4135673, "highway": "residential", "point_id": 608 }, "geometry": { "type": "Point", "coordinates": [ 78.4384318, 17.4135673 ] } },
{ "type": "Feature", "properties": { "lon": 78.4654466, "lat": 17.3622623, "highway": "residential", "point_id": 609 }, "geometry": { "type": "Point", "coordinates": [ 78.4654466, 17.3622623 ] } },
{ "type": "Feature", "properties": { "lon": 78.411884, "lat": 17.4450865, "highway": "residential", "point_id": 610 }, "geometry": { "type": "Point", "coordinates": [ 78.411884, 17.4450865 ] } },
{ "type": "Feature", "properties": { "lon": 78.45864595, "lat": 17.36926225, "highway": "secondary", "point_id": 611 }, "geometry": { "type": "Point", "coordinates": [ 78.45864595, 17.36926225 ] } },
{ "type": "Feature", "properties": { "lon": 78.44082415, "lat": 17.44393815, "highway": "residential", "point_id": 612 }, "geometry": { "type": "Point", "coordinates": [ 78.44082415, 17.44393815 ] } },
{ "type": "Feature", "properties": { "lon": 78.47035665, "lat": 17.30424965, "highway": "residential", "point_id": 613 }, "geometry": { "type": "Point", "coordinates": [ 78.47035665, 17.30424965 ] } },
{ "type": "Feature", "properties": { "lon": 78.48635515000001, "lat": 17.3973074, "highway": "residential", "point_id": 614 }, "geometry": { "type": "Point", "coordinates": [ 78.48635515, 17.3973074 ] } },
{ "type": "Feature", "properties": { "lon": 78.4699883, "lat": 17.46787475, "highway": "residential", "point_id": 615 }, "geometry": { "type": "Point", "coordinates": [ 78.4699883, 17.46787475 ] } },
{ "type": "Feature", "properties": { "lon": 78.45993415000001, "lat": 17.3880268, "highway": "residential", "point_id": 616 }, "geometry": { "type": "Point", "coordinates": [ 78.45993415, 17.3880268 ] } },
{ "type": "Feature", "properties": { "lon": 78.4821368, "lat": 17.36304075, "highway": "residential", "point_id": 617 }, "geometry": { "type": "Point", "coordinates": [ 78.4821368, 17.36304075 ] } },
{ "type": "Feature", "properties": { "lon": 78.4971636, "lat": 17.3673297, "highway": "residential", "point_id": 618 }, "geometry": { "type": "Point", "coordinates": [ 78.4971636, 17.3673297 ] } },
{ "type": "Feature", "properties": { "lon": 78.4588652, "lat": 17.3486725, "highway": "residential", "point_id": 619 }, "geometry": { "type": "Point", "coordinates": [ 78.4588652, 17.3486725 ] } },
{ "type": "Feature", "properties": { "lon": 78.4903948, "lat": 17.35712165, "highway": "residential", "point_id": 620 }, "geometry": { "type": "Point", "coordinates": [ 78.4903948, 17.35712165 ] } },
{ "type": "Feature", "properties": { "lon": 78.50088635, "lat": 17.43463075, "highway": "tertiary", "point_id": 621 }, "geometry": { "type": "Point", "coordinates": [ 78.50088635, 17.43463075 ] } },
{ "type": "Feature", "properties": { "lon": 78.4440405, "lat": 17.4494633, "highway": "residential", "point_id": 622 }, "geometry": { "type": "Point", "coordinates": [ 78.4440405, 17.4494633 ] } },
{ "type": "Feature", "properties": { "lon": 78.46347835, "lat": 17.34946205, "highway": "residential", "point_id": 623 }, "geometry": { "type": "Point", "coordinates": [ 78.46347835, 17.34946205 ] } },
{ "type": "Feature", "properties": { "lon": 78.4935137, "lat": 17.46644835, "highway": "secondary", "point_id": 624 }, "geometry": { "type": "Point", "coordinates": [ 78.4935137, 17.46644835 ] } },
{ "type": "Feature", "properties": { "lon": 78.50682825, "lat": 17.39097915, "highway": "residential", "point_id": 625 }, "geometry": { "type": "Point", "coordinates": [ 78.50682825, 17.39097915 ] } },
{ "type": "Feature", "properties": { "lon": 78.42834245, "lat": 17.389935, "highway": "residential", "point_id": 626 }, "geometry": { "type": "Point", "coordinates": [ 78.42834245, 17.389935 ] } },
{ "type": "Feature", "properties": { "lon": 78.3992036, "lat": 17.398748, "highway": "residential", "point_id": 627 }, "geometry": { "type": "Point", "coordinates": [ 78.3992036, 17.398748 ] } },
{ "type": "Feature", "properties": { "lon": 78.484111, "lat": 17.3355266, "highway": "residential", "point_id": 628 }, "geometry": { "type": "Point", "coordinates": [ 78.484111, 17.3355266 ] } },
{ "type": "Feature", "properties": { "lon": 78.43753455, "lat": 17.41385085, "highway": "residential", "point_id": 629 }, "geometry": { "type": "Point", "coordinates": [ 78.43753455, 17.41385085 ] } },
{ "type": "Feature", "properties": { "lon": 78.45038925, "lat": 17.3749676, "highway": "residential", "point_id": 630 }, "geometry": { "type": "Point", "coordinates": [ 78.45038925, 17.3749676 ] } },
{ "type": "Feature", "properties": { "lon": 78.51325695, "lat": 17.4208815, "highway": "residential", "point_id": 631 }, "geometry": { "type": "Point", "coordinates": [ 78.51325695, 17.4208815 ] } },
{ "type": "Feature", "properties": { "lon": 78.49474605, "lat": 17.40773675, "highway": "residential", "point_id": 632 }, "geometry": { "type": "Point", "coordinates": [ 78.49474605, 17.40773675 ] } },
{ "type": "Feature", "properties": { "lon": 78.45818865, "lat": 17.36377175, "highway": "residential", "point_id": 633 }, "geometry": { "type": "Point", "coordinates": [ 78.45818865, 17.36377175 ] } },
{ "type": "Feature", "properties": { "lon": 78.4799389, "lat": 17.3986597, "highway": "residential", "point_id": 634 }, "geometry": { "type": "Point", "coordinates": [ 78.4799389, 17.3986597 ] } },
{ "type": "Feature", "properties": { "lon": 78.4932431, "lat": 17.3589655, "highway": "residential", "point_id": 635 }, "geometry": { "type": "Point", "coordinates": [ 78.4932431, 17.3589655 ] } },
{ "type": "Feature", "properties": { "lon": 78.4750173, "lat": 17.3443013, "highway": "residential", "point_id": 636 }, "geometry": { "type": "Point", "coordinates": [ 78.4750173, 17.3443013 ] } },
{ "type": "Feature", "properties": { "lon": 78.42086095, "lat": 17.4251723, "highway": "primary", "point_id": 637 }, "geometry": { "type": "Point", "coordinates": [ 78.42086095, 17.4251723 ] } },
{ "type": "Feature", "properties": { "lon": 78.4581328, "lat": 17.4018206, "highway": "tertiary", "point_id": 638 }, "geometry": { "type": "Point", "coordinates": [ 78.4581328, 17.4018206 ] } },
{ "type": "Feature", "properties": { "lon": 78.4022907, "lat": 17.39225265, "highway": "residential", "point_id": 639 }, "geometry": { "type": "Point", "coordinates": [ 78.4022907, 17.39225265 ] } },
{ "type": "Feature", "properties": { "lon": 78.50393695, "lat": 17.35164685, "highway": "residential", "point_id": 640 }, "geometry": { "type": "Point", "coordinates": [ 78.50393695, 17.35164685 ] } },
{ "type": "Feature", "properties": { "lon": 78.48517275, "lat": 17.3460365, "highway": "residential", "point_id": 641 }, "geometry": { "type": "Point", "coordinates": [ 78.48517275, 17.3460365 ] } },
{ "type": "Feature", "properties": { "lon": 78.477762750000011, "lat": 17.44660925, "highway": "residential", "point_id": 642 }, "geometry": { "type": "Point", "coordinates": [ 78.477762750000011, 17.44660925 ] } },
{ "type": "Feature", "properties": { "lon": 78.45926785, "lat": 17.37385675, "highway": "residential", "point_id": 643 }, "geometry": { "type": "Point", "coordinates": [ 78.45926785, 17.37385675 ] } },
{ "type": "Feature", "properties": { "lon": 78.4763646, "lat": 17.39602235, "highway": "residential", "point_id": 644 }, "geometry": { "type": "Point", "coordinates": [ 78.4763646, 17.39602235 ] } },
{ "type": "Feature", "properties": { "lon": 78.4098038, "lat": 17.4221482, "highway": "residential", "point_id": 645 }, "geometry": { "type": "Point", "coordinates": [ 78.4098038, 17.4221482 ] } },
{ "type": "Feature", "properties": { "lon": 78.42380725000001, "lat": 17.4046061, "highway": "residential", "point_id": 646 }, "geometry": { "type": "Point", "coordinates": [ 78.42380725000001, 17.4046061 ] } },
{ "type": "Feature", "properties": { "lon": 78.39271295, "lat": 17.3995836, "highway": "residential", "point_id": 647 }, "geometry": { "type": "Point", "coordinates": [ 78.39271295, 17.3995836 ] } },
{ "type": "Feature", "properties": { "lon": 78.5278694, "lat": 17.39575775, "highway": "residential", "point_id": 648 }, "geometry": { "type": "Point", "coordinates": [ 78.5278694, 17.39575775 ] } },
{ "type": "Feature", "properties": { "lon": 78.4148374, "lat": 17.4257095, "highway": "secondary", "point_id": 649 }, "geometry": { "type": "Point", "coordinates": [ 78.41483740000001, 17.4257095 ] } },
{ "type": "Feature", "properties": { "lon": 78.41789945, "lat": 17.39233045, "highway": "residential", "point_id": 650 }, "geometry": { "type": "Point", "coordinates": [ 78.41789945, 17.39233045 ] } },
{ "type": "Feature", "properties": { "lon": 78.51317535, "lat": 17.3588797, "highway": "residential", "point_id": 651 }, "geometry": { "type": "Point", "coordinates": [ 78.51317535, 17.3588797 ] } },
{ "type": "Feature", "properties": { "lon": 78.431231849999989, "lat": 17.42119615, "highway": "residential", "point_id": 652 }, "geometry": { "type": "Point", "coordinates": [ 78.431231849999989, 17.42119615 ] } },
{ "type": "Feature", "properties": { "lon": 78.4901807, "lat": 17.42028975, "highway": "residential", "point_id": 653 }, "geometry": { "type": "Point", "coordinates": [ 78.4901807, 17.42028975 ] } },
{ "type": "Feature", "properties": { "lon": 78.4131386, "lat": 17.4111954, "highway": "residential", "point_id": 654 }, "geometry": { "type": "Point", "coordinates": [ 78.4131386, 17.4111954 ] } },
{ "type": "Feature", "properties": { "lon": 78.409536, "lat": 17.4172491, "highway": "residential", "point_id": 655 }, "geometry": { "type": "Point", "coordinates": [ 78.409536, 17.4172491 ] } },
{ "type": "Feature", "properties": { "lon": 78.4752776, "lat": 17.384022, "highway": "primary", "point_id": 656 }, "geometry": { "type": "Point", "coordinates": [ 78.4752776, 17.384022 ] } },
{ "type": "Feature", "properties": { "lon": 78.50049165, "lat": 17.45261865, "highway": "residential", "point_id": 657 }, "geometry": { "type": "Point", "coordinates": [ 78.50049165, 17.45261865 ] } },
{ "type": "Feature", "properties": { "lon": 78.4392016, "lat": 17.3418884, "highway": "residential", "point_id": 658 }, "geometry": { "type": "Point", "coordinates": [ 78.4392016, 17.3418884 ] } },
{ "type": "Feature", "properties": { "lon": 78.47589295, "lat": 17.4627799, "highway": "residential", "point_id": 659 }, "geometry": { "type": "Point", "coordinates": [ 78.47589295, 17.4627799 ] } },
{ "type": "Feature", "properties": { "lon": 78.40774835, "lat": 17.38723945, "highway": "residential", "point_id": 660 }, "geometry": { "type": "Point", "coordinates": [ 78.40774835, 17.38723945 ] } },
{ "type": "Feature", "properties": { "lon": 78.4055579, "lat": 17.4401627, "highway": "residential", "point_id": 661 }, "geometry": { "type": "Point", "coordinates": [ 78.4055579, 17.4401627 ] } },
{ "type": "Feature", "properties": { "lon": 78.45868895, "lat": 17.35715, "highway": "residential", "point_id": 662 }, "geometry": { "type": "Point", "coordinates": [ 78.45868895, 17.35715 ] } },
{ "type": "Feature", "properties": { "lon": 78.4146838, "lat": 17.37723585, "highway": "residential", "point_id": 663 }, "geometry": { "type": "Point", "coordinates": [ 78.4146838, 17.37723585 ] } },
{ "type": "Feature", "properties": { "lon": 78.51503515, "lat": 17.41260015, "highway": "residential", "point_id": 664 }, "geometry": { "type": "Point", "coordinates": [ 78.51503515, 17.41260015 ] } },
{ "type": "Feature", "properties": { "lon": 78.45826375, "lat": 17.43003975, "highway": "residential", "point_id": 665 }, "geometry": { "type": "Point", "coordinates": [ 78.45826375, 17.43003975 ] } },
{ "type": "Feature", "properties": { "lon": 78.419018, "lat": 17.40771535, "highway": "residential", "point_id": 666 }, "geometry": { "type": "Point", "coordinates": [ 78.419018, 17.40771535 ] } },
{ "type": "Feature", "properties": { "lon": 78.4099419, "lat": 17.4139422, "highway": "residential", "point_id": 667 }, "geometry": { "type": "Point", "coordinates": [ 78.4099419, 17.4139422 ] } },
{ "type": "Feature", "properties": { "lon": 78.4693261, "lat": 17.3645343, "highway": "residential", "point_id": 668 }, "geometry": { "type": "Point", "coordinates": [ 78.469326099999989, 17.3645343 ] } },
{ "type": "Feature", "properties": { "lon": 78.48920415000001, "lat": 17.4335226, "highway": "residential", "point_id": 669 }, "geometry": { "type": "Point", "coordinates": [ 78.48920415, 17.4335226 ] } },
{ "type": "Feature", "properties": { "lon": 78.46525505, "lat": 17.35444865, "highway": "residential", "point_id": 670 }, "geometry": { "type": "Point", "coordinates": [ 78.46525505, 17.35444865 ] } },
{ "type": "Feature", "properties": { "lon": 78.4575963, "lat": 17.37910325, "highway": "residential", "point_id": 671 }, "geometry": { "type": "Point", "coordinates": [ 78.4575963, 17.37910325 ] } },
{ "type": "Feature", "properties": { "lon": 78.4938478, "lat": 17.4199787, "highway": "residential", "point_id": 672 }, "geometry": { "type": "Point", "coordinates": [ 78.4938478, 17.4199787 ] } },
{ "type": "Feature", "properties": { "lon": 78.4617628, "lat": 17.34024505, "highway": "residential", "point_id": 673 }, "geometry": { "type": "Point", "coordinates": [ 78.4617628, 17.34024505 ] } },
{ "type": "Feature", "properties": { "lon": 78.504799850000012, "lat": 17.38472965, "highway": "residential", "point_id": 674 }, "geometry": { "type": "Point", "coordinates": [ 78.504799850000012, 17.38472965 ] } },
{ "type": "Feature", "properties": { "lon": 78.4371843, "lat": 17.38502225, "highway": "residential", "point_id": 675 }, "geometry": { "type": "Point", "coordinates": [ 78.4371843, 17.38502225 ] } },
{ "type": "Feature", "properties": { "lon": 78.4950243, "lat": 17.4334246, "highway": "tertiary", "point_id": 676 }, "geometry": { "type": "Point", "coordinates": [ 78.495024300000011, 17.4334246 ] } },
{ "type": "Feature", "properties": { "lon": 78.4470141, "lat": 17.36067435, "highway": "residential", "point_id": 677 }, "geometry": { "type": "Point", "coordinates": [ 78.4470141, 17.36067435 ] } },
{ "type": "Feature", "properties": { "lon": 78.4639882, "lat": 17.31804305, "highway": "residential", "point_id": 678 }, "geometry": { "type": "Point", "coordinates": [ 78.463988199999989, 17.31804305 ] } },
{ "type": "Feature", "properties": { "lon": 78.48966295, "lat": 17.42302325, "highway": "residential", "point_id": 679 }, "geometry": { "type": "Point", "coordinates": [ 78.48966295, 17.42302325 ] } },
{ "type": "Feature", "properties": { "lon": 78.51028, "lat": 17.40362495, "highway": "residential", "point_id": 680 }, "geometry": { "type": "Point", "coordinates": [ 78.51028, 17.40362495 ] } },
{ "type": "Feature", "properties": { "lon": 78.44708885, "lat": 17.4480714, "highway": "residential", "point_id": 681 }, "geometry": { "type": "Point", "coordinates": [ 78.44708885, 17.4480714 ] } },
{ "type": "Feature", "properties": { "lon": 78.5226461, "lat": 17.38645215, "highway": "residential", "point_id": 682 }, "geometry": { "type": "Point", "coordinates": [ 78.5226461, 17.38645215 ] } },
{ "type": "Feature", "properties": { "lon": 78.4282261, "lat": 17.34737855, "highway": "residential", "point_id": 683 }, "geometry": { "type": "Point", "coordinates": [ 78.4282261, 17.34737855 ] } },
{ "type": "Feature", "properties": { "lon": 78.5181142, "lat": 17.42826475, "highway": "residential", "point_id": 684 }, "geometry": { "type": "Point", "coordinates": [ 78.5181142, 17.42826475 ] } },
{ "type": "Feature", "properties": { "lon": 78.48533585, "lat": 17.31720725, "highway": "residential", "point_id": 685 }, "geometry": { "type": "Point", "coordinates": [ 78.48533585, 17.31720725 ] } },
{ "type": "Feature", "properties": { "lon": 78.4518149, "lat": 17.3711039, "highway": "residential", "point_id": 686 }, "geometry": { "type": "Point", "coordinates": [ 78.4518149, 17.3711039 ] } },
{ "type": "Feature", "properties": { "lon": 78.5218959, "lat": 17.4253459, "highway": "residential", "point_id": 687 }, "geometry": { "type": "Point", "coordinates": [ 78.5218959, 17.4253459 ] } },
{ "type": "Feature", "properties": { "lon": 78.45637105, "lat": 17.36985475, "highway": "secondary", "point_id": 688 }, "geometry": { "type": "Point", "coordinates": [ 78.45637105, 17.36985475 ] } },
{ "type": "Feature", "properties": { "lon": 78.4587285, "lat": 17.3113564, "highway": "tertiary", "point_id": 689 }, "geometry": { "type": "Point", "coordinates": [ 78.4587285, 17.3113564 ] } },
{ "type": "Feature", "properties": { "lon": 78.4966501, "lat": 17.34391485, "highway": "residential", "point_id": 690 }, "geometry": { "type": "Point", "coordinates": [ 78.496650100000011, 17.34391485 ] } },
{ "type": "Feature", "properties": { "lon": 78.44760355, "lat": 17.44997915, "highway": "residential", "point_id": 691 }, "geometry": { "type": "Point", "coordinates": [ 78.44760355, 17.44997915 ] } },
{ "type": "Feature", "properties": { "lon": 78.48690545, "lat": 17.34731305, "highway": "residential", "point_id": 692 }, "geometry": { "type": "Point", "coordinates": [ 78.48690545, 17.34731305 ] } },
{ "type": "Feature", "properties": { "lon": 78.4735055, "lat": 17.3133792, "highway": "residential", "point_id": 693 }, "geometry": { "type": "Point", "coordinates": [ 78.4735055, 17.3133792 ] } },
{ "type": "Feature", "properties": { "lon": 78.4342391, "lat": 17.38608915, "highway": "residential", "point_id": 694 }, "geometry": { "type": "Point", "coordinates": [ 78.4342391, 17.38608915 ] } },
{ "type": "Feature", "properties": { "lon": 78.41964575, "lat": 17.3940011, "highway": "residential", "point_id": 695 }, "geometry": { "type": "Point", "coordinates": [ 78.41964575, 17.3940011 ] } },
{ "type": "Feature", "properties": { "lon": 78.48499405, "lat": 17.42078375, "highway": "secondary", "point_id": 696 }, "geometry": { "type": "Point", "coordinates": [ 78.48499405, 17.42078375 ] } },
{ "type": "Feature", "properties": { "lon": 78.44252365, "lat": 17.3579055, "highway": "residential", "point_id": 697 }, "geometry": { "type": "Point", "coordinates": [ 78.44252365, 17.3579055 ] } },
{ "type": "Feature", "properties": { "lon": 78.44822745, "lat": 17.38912675, "highway": "residential", "point_id": 698 }, "geometry": { "type": "Point", "coordinates": [ 78.44822745, 17.38912675 ] } },
{ "type": "Feature", "properties": { "lon": 78.41583195, "lat": 17.3752771, "highway": "residential", "point_id": 699 }, "geometry": { "type": "Point", "coordinates": [ 78.41583195, 17.3752771 ] } },
{ "type": "Feature", "properties": { "lon": 78.51318565, "lat": 17.38949115, "highway": "residential", "point_id": 700 }, "geometry": { "type": "Point", "coordinates": [ 78.51318565, 17.38949115 ] } },
{ "type": "Feature", "properties": { "lon": 78.4706128, "lat": 17.3190845, "highway": "residential", "point_id": 701 }, "geometry": { "type": "Point", "coordinates": [ 78.4706128, 17.3190845 ] } },
{ "type": "Feature", "properties": { "lon": 78.46735825, "lat": 17.35740975, "highway": "residential", "point_id": 702 }, "geometry": { "type": "Point", "coordinates": [ 78.46735825, 17.35740975 ] } },
{ "type": "Feature", "properties": { "lon": 78.50173635, "lat": 17.3459861, "highway": "residential", "point_id": 703 }, "geometry": { "type": "Point", "coordinates": [ 78.50173635, 17.3459861 ] } },
{ "type": "Feature", "properties": { "lon": 78.51120435, "lat": 17.40981205, "highway": "residential", "point_id": 704 }, "geometry": { "type": "Point", "coordinates": [ 78.51120435, 17.40981205 ] } },
{ "type": "Feature", "properties": { "lon": 78.4449649, "lat": 17.39457905, "highway": "residential", "point_id": 705 }, "geometry": { "type": "Point", "coordinates": [ 78.4449649, 17.39457905 ] } },
{ "type": "Feature", "properties": { "lon": 78.53714135, "lat": 17.4233399, "highway": "primary", "point_id": 706 }, "geometry": { "type": "Point", "coordinates": [ 78.53714135, 17.4233399 ] } },
{ "type": "Feature", "properties": { "lon": 78.41086155, "lat": 17.44749765, "highway": "residential", "point_id": 707 }, "geometry": { "type": "Point", "coordinates": [ 78.41086155, 17.44749765 ] } },
{ "type": "Feature", "properties": { "lon": 78.401350650000012, "lat": 17.39740115, "highway": "tertiary", "point_id": 708 }, "geometry": { "type": "Point", "coordinates": [ 78.401350650000012, 17.39740115 ] } },
{ "type": "Feature", "properties": { "lon": 78.4517344, "lat": 17.36621665, "highway": "residential", "point_id": 709 }, "geometry": { "type": "Point", "coordinates": [ 78.4517344, 17.36621665 ] } },
{ "type": "Feature", "properties": { "lon": 78.46742705, "lat": 17.35331095, "highway": "residential", "point_id": 710 }, "geometry": { "type": "Point", "coordinates": [ 78.46742705, 17.35331095 ] } },
{ "type": "Feature", "properties": { "lon": 78.45661665, "lat": 17.3381126, "highway": "residential", "point_id": 711 }, "geometry": { "type": "Point", "coordinates": [ 78.45661665, 17.3381126 ] } },
{ "type": "Feature", "properties": { "lon": 78.4448299, "lat": 17.4004381, "highway": "residential", "point_id": 712 }, "geometry": { "type": "Point", "coordinates": [ 78.4448299, 17.4004381 ] } },
{ "type": "Feature", "properties": { "lon": 78.43518475, "lat": 17.35573055, "highway": "residential", "point_id": 713 }, "geometry": { "type": "Point", "coordinates": [ 78.43518475, 17.35573055 ] } },
{ "type": "Feature", "properties": { "lon": 78.5063768, "lat": 17.44915685, "highway": "residential", "point_id": 714 }, "geometry": { "type": "Point", "coordinates": [ 78.5063768, 17.44915685 ] } },
{ "type": "Feature", "properties": { "lon": 78.47596705, "lat": 17.3521428, "highway": "tertiary", "point_id": 715 }, "geometry": { "type": "Point", "coordinates": [ 78.47596705, 17.3521428 ] } },
{ "type": "Feature", "properties": { "lon": 78.3925078, "lat": 17.3976076, "highway": "residential", "point_id": 716 }, "geometry": { "type": "Point", "coordinates": [ 78.3925078, 17.3976076 ] } },
{ "type": "Feature", "properties": { "lon": 78.43813175, "lat": 17.4406084, "highway": "residential", "point_id": 717 }, "geometry": { "type": "Point", "coordinates": [ 78.43813175, 17.4406084 ] } },
{ "type": "Feature", "properties": { "lon": 78.47206785, "lat": 17.3228035, "highway": "residential", "point_id": 718 }, "geometry": { "type": "Point", "coordinates": [ 78.47206785, 17.3228035 ] } },
{ "type": "Feature", "properties": { "lon": 78.4939084, "lat": 17.3554048, "highway": "residential", "point_id": 719 }, "geometry": { "type": "Point", "coordinates": [ 78.4939084, 17.3554048 ] } },
{ "type": "Feature", "properties": { "lon": 78.48565505, "lat": 17.3871055, "highway": "residential", "point_id": 720 }, "geometry": { "type": "Point", "coordinates": [ 78.48565505, 17.3871055 ] } },
{ "type": "Feature", "properties": { "lon": 78.4560497, "lat": 17.39135755, "highway": "residential", "point_id": 721 }, "geometry": { "type": "Point", "coordinates": [ 78.4560497, 17.39135755 ] } },
{ "type": "Feature", "properties": { "lon": 78.3997682, "lat": 17.4041914, "highway": "residential", "point_id": 722 }, "geometry": { "type": "Point", "coordinates": [ 78.399768200000011, 17.4041914 ] } },
{ "type": "Feature", "properties": { "lon": 78.42715675, "lat": 17.41714295, "highway": "secondary", "point_id": 723 }, "geometry": { "type": "Point", "coordinates": [ 78.42715675, 17.41714295 ] } },
{ "type": "Feature", "properties": { "lon": 78.44655085, "lat": 17.40549065, "highway": "tertiary", "point_id": 724 }, "geometry": { "type": "Point", "coordinates": [ 78.44655085, 17.40549065 ] } },
{ "type": "Feature", "properties": { "lon": 78.4173503, "lat": 17.3436313, "highway": "primary", "point_id": 725 }, "geometry": { "type": "Point", "coordinates": [ 78.4173503, 17.3436313 ] } },
{ "type": "Feature", "properties": { "lon": 78.4749308, "lat": 17.327794, "highway": "residential", "point_id": 726 }, "geometry": { "type": "Point", "coordinates": [ 78.47493080000001, 17.327794 ] } },
{ "type": "Feature", "properties": { "lon": 78.472903, "lat": 17.4637443, "highway": "trunk", "point_id": 727 }, "geometry": { "type": "Point", "coordinates": [ 78.472903, 17.4637443 ] } },
{ "type": "Feature", "properties": { "lon": 78.51880595, "lat": 17.42702, "highway": "residential", "point_id": 728 }, "geometry": { "type": "Point", "coordinates": [ 78.51880595, 17.42702 ] } },
{ "type": "Feature", "properties": { "lon": 78.4494546, "lat": 17.3439053, "highway": "residential", "point_id": 729 }, "geometry": { "type": "Point", "coordinates": [ 78.4494546, 17.3439053 ] } },
{ "type": "Feature", "properties": { "lon": 78.49622125, "lat": 17.44595985, "highway": "primary", "point_id": 730 }, "geometry": { "type": "Point", "coordinates": [ 78.49622125, 17.44595985 ] } },
{ "type": "Feature", "properties": { "lon": 78.5095608, "lat": 17.47723535, "highway": "residential", "point_id": 731 }, "geometry": { "type": "Point", "coordinates": [ 78.5095608, 17.47723535 ] } },
{ "type": "Feature", "properties": { "lon": 78.48927195, "lat": 17.37747025, "highway": "primary", "point_id": 732 }, "geometry": { "type": "Point", "coordinates": [ 78.48927195, 17.37747025 ] } },
{ "type": "Feature", "properties": { "lon": 78.5189337, "lat": 17.42264555, "highway": "residential", "point_id": 733 }, "geometry": { "type": "Point", "coordinates": [ 78.5189337, 17.42264555 ] } },
{ "type": "Feature", "properties": { "lon": 78.3959306, "lat": 17.39949325, "highway": "residential", "point_id": 734 }, "geometry": { "type": "Point", "coordinates": [ 78.3959306, 17.39949325 ] } },
{ "type": "Feature", "properties": { "lon": 78.42226305, "lat": 17.34889335, "highway": "residential", "point_id": 735 }, "geometry": { "type": "Point", "coordinates": [ 78.42226305, 17.34889335 ] } },
{ "type": "Feature", "properties": { "lon": 78.4461524, "lat": 17.4142537, "highway": "residential", "point_id": 736 }, "geometry": { "type": "Point", "coordinates": [ 78.4461524, 17.4142537 ] } },
{ "type": "Feature", "properties": { "lon": 78.45627335, "lat": 17.3356073, "highway": "residential", "point_id": 737 }, "geometry": { "type": "Point", "coordinates": [ 78.45627335, 17.3356073 ] } },
{ "type": "Feature", "properties": { "lon": 78.4918541, "lat": 17.4263897, "highway": "residential", "point_id": 738 }, "geometry": { "type": "Point", "coordinates": [ 78.491854100000012, 17.4263897 ] } },
{ "type": "Feature", "properties": { "lon": 78.41176515000001, "lat": 17.37618105, "highway": "residential", "point_id": 739 }, "geometry": { "type": "Point", "coordinates": [ 78.41176515, 17.37618105 ] } },
{ "type": "Feature", "properties": { "lon": 78.4464119, "lat": 17.33452445, "highway": "residential", "point_id": 740 }, "geometry": { "type": "Point", "coordinates": [ 78.4464119, 17.33452445 ] } },
{ "type": "Feature", "properties": { "lon": 78.4628604, "lat": 17.30334795, "highway": "residential", "point_id": 741 }, "geometry": { "type": "Point", "coordinates": [ 78.462860400000011, 17.30334795 ] } },
{ "type": "Feature", "properties": { "lon": 78.46962935, "lat": 17.29462045, "highway": "residential", "point_id": 742 }, "geometry": { "type": "Point", "coordinates": [ 78.46962935, 17.29462045 ] } },
{ "type": "Feature", "properties": { "lon": 78.5373448, "lat": 17.4376926, "highway": "residential", "point_id": 743 }, "geometry": { "type": "Point", "coordinates": [ 78.5373448, 17.4376926 ] } },
{ "type": "Feature", "properties": { "lon": 78.4852488, "lat": 17.349402, "highway": "residential", "point_id": 744 }, "geometry": { "type": "Point", "coordinates": [ 78.4852488, 17.349402 ] } },
{ "type": "Feature", "properties": { "lon": 78.4646708, "lat": 17.30644325, "highway": "residential", "point_id": 745 }, "geometry": { "type": "Point", "coordinates": [ 78.4646708, 17.30644325 ] } },
{ "type": "Feature", "properties": { "lon": 78.4509937, "lat": 17.36262215, "highway": "residential", "point_id": 746 }, "geometry": { "type": "Point", "coordinates": [ 78.4509937, 17.36262215 ] } },
{ "type": "Feature", "properties": { "lon": 78.46742445, "lat": 17.32084375, "highway": "trunk", "point_id": 747 }, "geometry": { "type": "Point", "coordinates": [ 78.46742445, 17.32084375 ] } },
{ "type": "Feature", "properties": { "lon": 78.4678469, "lat": 17.3719275, "highway": "residential", "point_id": 748 }, "geometry": { "type": "Point", "coordinates": [ 78.4678469, 17.3719275 ] } },
{ "type": "Feature", "properties": { "lon": 78.46322545, "lat": 17.302941, "highway": "tertiary", "point_id": 749 }, "geometry": { "type": "Point", "coordinates": [ 78.46322545, 17.302941 ] } },
{ "type": "Feature", "properties": { "lon": 78.40272975, "lat": 17.3862561, "highway": "residential", "point_id": 750 }, "geometry": { "type": "Point", "coordinates": [ 78.40272975, 17.3862561 ] } },
{ "type": "Feature", "properties": { "lon": 78.4033331, "lat": 17.38413215, "highway": "tertiary", "point_id": 751 }, "geometry": { "type": "Point", "coordinates": [ 78.4033331, 17.38413215 ] } },
{ "type": "Feature", "properties": { "lon": 78.49272705, "lat": 17.3638281, "highway": "residential", "point_id": 752 }, "geometry": { "type": "Point", "coordinates": [ 78.49272705, 17.3638281 ] } },
{ "type": "Feature", "properties": { "lon": 78.48198475000001, "lat": 17.44598695, "highway": "residential", "point_id": 753 }, "geometry": { "type": "Point", "coordinates": [ 78.48198475, 17.44598695 ] } },
{ "type": "Feature", "properties": { "lon": 78.4104962, "lat": 17.3948806, "highway": "residential", "point_id": 754 }, "geometry": { "type": "Point", "coordinates": [ 78.4104962, 17.3948806 ] } },
{ "type": "Feature", "properties": { "lon": 78.46974235, "lat": 17.3364923, "highway": "residential", "point_id": 755 }, "geometry": { "type": "Point", "coordinates": [ 78.46974235, 17.3364923 ] } },
{ "type": "Feature", "properties": { "lon": 78.44398205, "lat": 17.3790217, "highway": "residential", "point_id": 756 }, "geometry": { "type": "Point", "coordinates": [ 78.44398205, 17.3790217 ] } },
{ "type": "Feature", "properties": { "lon": 78.4223334, "lat": 17.44605465, "highway": "residential", "point_id": 757 }, "geometry": { "type": "Point", "coordinates": [ 78.4223334, 17.44605465 ] } },
{ "type": "Feature", "properties": { "lon": 78.47863345, "lat": 17.4688722, "highway": "secondary", "point_id": 758 }, "geometry": { "type": "Point", "coordinates": [ 78.47863345, 17.4688722 ] } },
{ "type": "Feature", "properties": { "lon": 78.465228, "lat": 17.3274019, "highway": "residential", "point_id": 759 }, "geometry": { "type": "Point", "coordinates": [ 78.465228, 17.3274019 ] } },
{ "type": "Feature", "properties": { "lon": 78.4959193, "lat": 17.34135065, "highway": "residential", "point_id": 760 }, "geometry": { "type": "Point", "coordinates": [ 78.4959193, 17.34135065 ] } },
{ "type": "Feature", "properties": { "lon": 78.40187455, "lat": 17.40881645, "highway": "secondary", "point_id": 761 }, "geometry": { "type": "Point", "coordinates": [ 78.40187455, 17.40881645 ] } },
{ "type": "Feature", "properties": { "lon": 78.41767385, "lat": 17.4166359, "highway": "residential", "point_id": 762 }, "geometry": { "type": "Point", "coordinates": [ 78.41767385, 17.4166359 ] } },
{ "type": "Feature", "properties": { "lon": 78.4753485, "lat": 17.3237528, "highway": "residential", "point_id": 763 }, "geometry": { "type": "Point", "coordinates": [ 78.4753485, 17.3237528 ] } },
{ "type": "Feature", "properties": { "lon": 78.50926465000001, "lat": 17.3591349, "highway": "residential", "point_id": 764 }, "geometry": { "type": "Point", "coordinates": [ 78.50926465, 17.3591349 ] } },
{ "type": "Feature", "properties": { "lon": 78.45873015000001, "lat": 17.4092057, "highway": "tertiary", "point_id": 765 }, "geometry": { "type": "Point", "coordinates": [ 78.45873015, 17.4092057 ] } },
{ "type": "Feature", "properties": { "lon": 78.50295435000001, "lat": 17.4153233, "highway": "residential", "point_id": 766 }, "geometry": { "type": "Point", "coordinates": [ 78.50295435000001, 17.4153233 ] } },
{ "type": "Feature", "properties": { "lon": 78.496779, "lat": 17.36432085, "highway": "residential", "point_id": 767 }, "geometry": { "type": "Point", "coordinates": [ 78.496779, 17.36432085 ] } },
{ "type": "Feature", "properties": { "lon": 78.41170905, "lat": 17.403139, "highway": "residential", "point_id": 768 }, "geometry": { "type": "Point", "coordinates": [ 78.41170905, 17.403139 ] } },
{ "type": "Feature", "properties": { "lon": 78.440541, "lat": 17.34005335, "highway": "secondary", "point_id": 769 }, "geometry": { "type": "Point", "coordinates": [ 78.440541, 17.34005335 ] } },
{ "type": "Feature", "properties": { "lon": 78.40472155, "lat": 17.40275145, "highway": "residential", "point_id": 770 }, "geometry": { "type": "Point", "coordinates": [ 78.40472155, 17.40275145 ] } },
{ "type": "Feature", "properties": { "lon": 78.4428387, "lat": 17.3763752, "highway": "residential", "point_id": 771 }, "geometry": { "type": "Point", "coordinates": [ 78.44283870000001, 17.3763752 ] } },
{ "type": "Feature", "properties": { "lon": 78.42931005, "lat": 17.43105155, "highway": "residential", "point_id": 772 }, "geometry": { "type": "Point", "coordinates": [ 78.42931005, 17.43105155 ] } },
{ "type": "Feature", "properties": { "lon": 78.49389895, "lat": 17.42563985, "highway": "residential", "point_id": 773 }, "geometry": { "type": "Point", "coordinates": [ 78.49389895, 17.42563985 ] } },
{ "type": "Feature", "properties": { "lon": 78.4242628, "lat": 17.39149145, "highway": "residential", "point_id": 774 }, "geometry": { "type": "Point", "coordinates": [ 78.4242628, 17.39149145 ] } },
{ "type": "Feature", "properties": { "lon": 78.48735435, "lat": 17.35244355, "highway": "residential", "point_id": 775 }, "geometry": { "type": "Point", "coordinates": [ 78.48735435, 17.35244355 ] } },
{ "type": "Feature", "properties": { "lon": 78.4170523, "lat": 17.3999536, "highway": "residential", "point_id": 776 }, "geometry": { "type": "Point", "coordinates": [ 78.4170523, 17.3999536 ] } },
{ "type": "Feature", "properties": { "lon": 78.45825115, "lat": 17.3773933, "highway": "residential", "point_id": 777 }, "geometry": { "type": "Point", "coordinates": [ 78.45825115, 17.3773933 ] } },
{ "type": "Feature", "properties": { "lon": 78.4856733, "lat": 17.4364807, "highway": "residential", "point_id": 778 }, "geometry": { "type": "Point", "coordinates": [ 78.4856733, 17.4364807 ] } },
{ "type": "Feature", "properties": { "lon": 78.4981843, "lat": 17.3989374, "highway": "residential", "point_id": 779 }, "geometry": { "type": "Point", "coordinates": [ 78.4981843, 17.3989374 ] } },
{ "type": "Feature", "properties": { "lon": 78.4615666, "lat": 17.36351175, "highway": "residential", "point_id": 780 }, "geometry": { "type": "Point", "coordinates": [ 78.4615666, 17.36351175 ] } },
{ "type": "Feature", "properties": { "lon": 78.4965636, "lat": 17.370966, "highway": "residential", "point_id": 781 }, "geometry": { "type": "Point", "coordinates": [ 78.4965636, 17.370966 ] } },
{ "type": "Feature", "properties": { "lon": 78.4869453, "lat": 17.34318495, "highway": "residential", "point_id": 782 }, "geometry": { "type": "Point", "coordinates": [ 78.4869453, 17.34318495 ] } },
{ "type": "Feature", "properties": { "lon": 78.5119641, "lat": 17.42613005, "highway": "residential", "point_id": 783 }, "geometry": { "type": "Point", "coordinates": [ 78.5119641, 17.42613005 ] } },
{ "type": "Feature", "properties": { "lon": 78.5024559, "lat": 17.37364755, "highway": "tertiary", "point_id": 784 }, "geometry": { "type": "Point", "coordinates": [ 78.5024559, 17.37364755 ] } },
{ "type": "Feature", "properties": { "lon": 78.47165965, "lat": 17.33482935, "highway": "residential", "point_id": 785 }, "geometry": { "type": "Point", "coordinates": [ 78.47165965, 17.33482935 ] } },
{ "type": "Feature", "properties": { "lon": 78.47740545, "lat": 17.39494985, "highway": "residential", "point_id": 786 }, "geometry": { "type": "Point", "coordinates": [ 78.47740545, 17.39494985 ] } },
{ "type": "Feature", "properties": { "lon": 78.50804045, "lat": 17.3730454, "highway": "residential", "point_id": 787 }, "geometry": { "type": "Point", "coordinates": [ 78.50804045, 17.3730454 ] } },
{ "type": "Feature", "properties": { "lon": 78.49096205000001, "lat": 17.35314125, "highway": "residential", "point_id": 788 }, "geometry": { "type": "Point", "coordinates": [ 78.49096205, 17.35314125 ] } },
{ "type": "Feature", "properties": { "lon": 78.435383, "lat": 17.382904, "highway": "residential", "point_id": 789 }, "geometry": { "type": "Point", "coordinates": [ 78.435383, 17.382904 ] } },
{ "type": "Feature", "properties": { "lon": 78.4469632, "lat": 17.3344086, "highway": "tertiary", "point_id": 790 }, "geometry": { "type": "Point", "coordinates": [ 78.4469632, 17.3344086 ] } },
{ "type": "Feature", "properties": { "lon": 78.4958624, "lat": 17.46929515, "highway": "secondary", "point_id": 791 }, "geometry": { "type": "Point", "coordinates": [ 78.4958624, 17.46929515 ] } },
{ "type": "Feature", "properties": { "lon": 78.43885545000001, "lat": 17.4099471, "highway": "tertiary", "point_id": 792 }, "geometry": { "type": "Point", "coordinates": [ 78.43885545, 17.4099471 ] } },
{ "type": "Feature", "properties": { "lon": 78.45988105000001, "lat": 17.34259905, "highway": "residential", "point_id": 793 }, "geometry": { "type": "Point", "coordinates": [ 78.45988105, 17.34259905 ] } },
{ "type": "Feature", "properties": { "lon": 78.5135997, "lat": 17.3917583, "highway": "tertiary", "point_id": 794 }, "geometry": { "type": "Point", "coordinates": [ 78.5135997, 17.3917583 ] } },
{ "type": "Feature", "properties": { "lon": 78.44616385, "lat": 17.3927241, "highway": "secondary", "point_id": 795 }, "geometry": { "type": "Point", "coordinates": [ 78.44616385, 17.3927241 ] } },
{ "type": "Feature", "properties": { "lon": 78.51780695, "lat": 17.36383215, "highway": "tertiary", "point_id": 796 }, "geometry": { "type": "Point", "coordinates": [ 78.51780695, 17.36383215 ] } },
{ "type": "Feature", "properties": { "lon": 78.47501475, "lat": 17.4443333, "highway": "residential", "point_id": 797 }, "geometry": { "type": "Point", "coordinates": [ 78.47501475, 17.4443333 ] } },
{ "type": "Feature", "properties": { "lon": 78.50241825000001, "lat": 17.3488294, "highway": "residential", "point_id": 798 }, "geometry": { "type": "Point", "coordinates": [ 78.50241825, 17.3488294 ] } },
{ "type": "Feature", "properties": { "lon": 78.49384225, "lat": 17.3691181, "highway": "residential", "point_id": 799 }, "geometry": { "type": "Point", "coordinates": [ 78.49384225, 17.3691181 ] } },
{ "type": "Feature", "properties": { "lon": 78.47442115, "lat": 17.40840365, "highway": "trunk", "point_id": 800 }, "geometry": { "type": "Point", "coordinates": [ 78.47442115, 17.40840365 ] } },
{ "type": "Feature", "properties": { "lon": 78.4951451, "lat": 17.438084, "highway": "residential", "point_id": 801 }, "geometry": { "type": "Point", "coordinates": [ 78.4951451, 17.438084 ] } },
{ "type": "Feature", "properties": { "lon": 78.51450745, "lat": 17.4145548, "highway": "residential", "point_id": 802 }, "geometry": { "type": "Point", "coordinates": [ 78.51450745, 17.4145548 ] } },
{ "type": "Feature", "properties": { "lon": 78.4848066, "lat": 17.35207405, "highway": "residential", "point_id": 803 }, "geometry": { "type": "Point", "coordinates": [ 78.4848066, 17.35207405 ] } },
{ "type": "Feature", "properties": { "lon": 78.4806811, "lat": 17.3761904, "highway": "residential", "point_id": 804 }, "geometry": { "type": "Point", "coordinates": [ 78.4806811, 17.3761904 ] } },
{ "type": "Feature", "properties": { "lon": 78.50672555, "lat": 17.44980275, "highway": "residential", "point_id": 805 }, "geometry": { "type": "Point", "coordinates": [ 78.50672555, 17.44980275 ] } },
{ "type": "Feature", "properties": { "lon": 78.51301545, "lat": 17.4798154, "highway": "residential", "point_id": 806 }, "geometry": { "type": "Point", "coordinates": [ 78.51301545, 17.4798154 ] } },
{ "type": "Feature", "properties": { "lon": 78.44748075, "lat": 17.37033625, "highway": "residential", "point_id": 807 }, "geometry": { "type": "Point", "coordinates": [ 78.44748075, 17.37033625 ] } },
{ "type": "Feature", "properties": { "lon": 78.4879331, "lat": 17.43561755, "highway": "residential", "point_id": 808 }, "geometry": { "type": "Point", "coordinates": [ 78.4879331, 17.43561755 ] } },
{ "type": "Feature", "properties": { "lon": 78.44631795000001, "lat": 17.4124175, "highway": "residential", "point_id": 809 }, "geometry": { "type": "Point", "coordinates": [ 78.44631795, 17.4124175 ] } },
{ "type": "Feature", "properties": { "lon": 78.49957055, "lat": 17.4515646, "highway": "residential", "point_id": 810 }, "geometry": { "type": "Point", "coordinates": [ 78.49957055, 17.4515646 ] } },
{ "type": "Feature", "properties": { "lon": 78.4184596, "lat": 17.4069225, "highway": "residential", "point_id": 811 }, "geometry": { "type": "Point", "coordinates": [ 78.4184596, 17.4069225 ] } },
{ "type": "Feature", "properties": { "lon": 78.4932717, "lat": 17.4660871, "highway": "secondary", "point_id": 812 }, "geometry": { "type": "Point", "coordinates": [ 78.4932717, 17.4660871 ] } },
{ "type": "Feature", "properties": { "lon": 78.5005792, "lat": 17.41517805, "highway": "residential", "point_id": 813 }, "geometry": { "type": "Point", "coordinates": [ 78.5005792, 17.41517805 ] } },
{ "type": "Feature", "properties": { "lon": 78.477920149999989, "lat": 17.32772175, "highway": "residential", "point_id": 814 }, "geometry": { "type": "Point", "coordinates": [ 78.477920149999989, 17.32772175 ] } },
{ "type": "Feature", "properties": { "lon": 78.5209105, "lat": 17.40126705, "highway": "residential", "point_id": 815 }, "geometry": { "type": "Point", "coordinates": [ 78.5209105, 17.40126705 ] } },
{ "type": "Feature", "properties": { "lon": 78.48506675, "lat": 17.3306848, "highway": "residential", "point_id": 816 }, "geometry": { "type": "Point", "coordinates": [ 78.48506675, 17.3306848 ] } },
{ "type": "Feature", "properties": { "lon": 78.51019115, "lat": 17.38271705, "highway": "residential", "point_id": 817 }, "geometry": { "type": "Point", "coordinates": [ 78.51019115, 17.38271705 ] } },
{ "type": "Feature", "properties": { "lon": 78.5060953, "lat": 17.3600528, "highway": "tertiary", "point_id": 818 }, "geometry": { "type": "Point", "coordinates": [ 78.5060953, 17.3600528 ] } },
{ "type": "Feature", "properties": { "lon": 78.4806815, "lat": 17.38092675, "highway": "tertiary", "point_id": 819 }, "geometry": { "type": "Point", "coordinates": [ 78.4806815, 17.38092675 ] } },
{ "type": "Feature", "properties": { "lon": 78.5209228, "lat": 17.4001664, "highway": "residential", "point_id": 820 }, "geometry": { "type": "Point", "coordinates": [ 78.5209228, 17.4001664 ] } },
{ "type": "Feature", "properties": { "lon": 78.46781145, "lat": 17.38157005, "highway": "residential", "point_id": 821 }, "geometry": { "type": "Point", "coordinates": [ 78.46781145, 17.38157005 ] } },
{ "type": "Feature", "properties": { "lon": 78.46592855, "lat": 17.3973549, "highway": "tertiary", "point_id": 822 }, "geometry": { "type": "Point", "coordinates": [ 78.46592855, 17.3973549 ] } },
{ "type": "Feature", "properties": { "lon": 78.4934019, "lat": 17.32758185, "highway": "residential", "point_id": 823 }, "geometry": { "type": "Point", "coordinates": [ 78.4934019, 17.32758185 ] } },
{ "type": "Feature", "properties": { "lon": 78.43306405, "lat": 17.4535135, "highway": "residential", "point_id": 824 }, "geometry": { "type": "Point", "coordinates": [ 78.43306405, 17.4535135 ] } },
{ "type": "Feature", "properties": { "lon": 78.4049854, "lat": 17.38693155, "highway": "residential", "point_id": 825 }, "geometry": { "type": "Point", "coordinates": [ 78.4049854, 17.38693155 ] } },
{ "type": "Feature", "properties": { "lon": 78.52620595, "lat": 17.38761355, "highway": "residential", "point_id": 826 }, "geometry": { "type": "Point", "coordinates": [ 78.52620595, 17.38761355 ] } },
{ "type": "Feature", "properties": { "lon": 78.45178445, "lat": 17.36617885, "highway": "residential", "point_id": 827 }, "geometry": { "type": "Point", "coordinates": [ 78.45178445, 17.36617885 ] } },
{ "type": "Feature", "properties": { "lon": 78.44361105, "lat": 17.3538808, "highway": "residential", "point_id": 828 }, "geometry": { "type": "Point", "coordinates": [ 78.44361105, 17.3538808 ] } },
{ "type": "Feature", "properties": { "lon": 78.48582775, "lat": 17.3357395, "highway": "residential", "point_id": 829 }, "geometry": { "type": "Point", "coordinates": [ 78.48582775, 17.3357395 ] } },
{ "type": "Feature", "properties": { "lon": 78.4638325, "lat": 17.35332365, "highway": "residential", "point_id": 830 }, "geometry": { "type": "Point", "coordinates": [ 78.4638325, 17.35332365 ] } },
{ "type": "Feature", "properties": { "lon": 78.50049215, "lat": 17.3547188, "highway": "residential", "point_id": 831 }, "geometry": { "type": "Point", "coordinates": [ 78.50049215, 17.3547188 ] } },
{ "type": "Feature", "properties": { "lon": 78.4216639, "lat": 17.34460325, "highway": "residential", "point_id": 832 }, "geometry": { "type": "Point", "coordinates": [ 78.4216639, 17.34460325 ] } },
{ "type": "Feature", "properties": { "lon": 78.46263095, "lat": 17.35152185, "highway": "residential", "point_id": 833 }, "geometry": { "type": "Point", "coordinates": [ 78.46263095, 17.35152185 ] } },
{ "type": "Feature", "properties": { "lon": 78.47594445, "lat": 17.36655605, "highway": "residential", "point_id": 834 }, "geometry": { "type": "Point", "coordinates": [ 78.47594445, 17.36655605 ] } },
{ "type": "Feature", "properties": { "lon": 78.4877029, "lat": 17.42318285, "highway": "residential", "point_id": 835 }, "geometry": { "type": "Point", "coordinates": [ 78.487702899999988, 17.42318285 ] } },
{ "type": "Feature", "properties": { "lon": 78.48430615000001, "lat": 17.33599515, "highway": "residential", "point_id": 836 }, "geometry": { "type": "Point", "coordinates": [ 78.48430615, 17.33599515 ] } },
{ "type": "Feature", "properties": { "lon": 78.41255105, "lat": 17.37795795, "highway": "residential", "point_id": 837 }, "geometry": { "type": "Point", "coordinates": [ 78.41255105, 17.37795795 ] } },
{ "type": "Feature", "properties": { "lon": 78.4723415, "lat": 17.38579655, "highway": "residential", "point_id": 838 }, "geometry": { "type": "Point", "coordinates": [ 78.4723415, 17.38579655 ] } },
{ "type": "Feature", "properties": { "lon": 78.44337245, "lat": 17.39174485, "highway": "residential", "point_id": 839 }, "geometry": { "type": "Point", "coordinates": [ 78.44337245, 17.39174485 ] } },
{ "type": "Feature", "properties": { "lon": 78.47075255, "lat": 17.32704705, "highway": "residential", "point_id": 840 }, "geometry": { "type": "Point", "coordinates": [ 78.47075255, 17.32704705 ] } },
{ "type": "Feature", "properties": { "lon": 78.49004685, "lat": 17.4527221, "highway": "residential", "point_id": 841 }, "geometry": { "type": "Point", "coordinates": [ 78.49004685, 17.4527221 ] } },
{ "type": "Feature", "properties": { "lon": 78.4299673, "lat": 17.4139859, "highway": "residential", "point_id": 842 }, "geometry": { "type": "Point", "coordinates": [ 78.4299673, 17.4139859 ] } },
{ "type": "Feature", "properties": { "lon": 78.49106845, "lat": 17.39278405, "highway": "residential", "point_id": 843 }, "geometry": { "type": "Point", "coordinates": [ 78.49106845, 17.39278405 ] } },
{ "type": "Feature", "properties": { "lon": 78.490666, "lat": 17.39469305, "highway": "residential", "point_id": 844 }, "geometry": { "type": "Point", "coordinates": [ 78.490666, 17.39469305 ] } },
{ "type": "Feature", "properties": { "lon": 78.4710956, "lat": 17.3360032, "highway": "residential", "point_id": 845 }, "geometry": { "type": "Point", "coordinates": [ 78.471095600000012, 17.3360032 ] } },
{ "type": "Feature", "properties": { "lon": 78.5353049, "lat": 17.43100225, "highway": "primary", "point_id": 846 }, "geometry": { "type": "Point", "coordinates": [ 78.5353049, 17.43100225 ] } },
{ "type": "Feature", "properties": { "lon": 78.4496743, "lat": 17.3935904, "highway": "tertiary", "point_id": 847 }, "geometry": { "type": "Point", "coordinates": [ 78.4496743, 17.3935904 ] } },
{ "type": "Feature", "properties": { "lon": 78.494790450000011, "lat": 17.41784455, "highway": "residential", "point_id": 848 }, "geometry": { "type": "Point", "coordinates": [ 78.494790450000011, 17.41784455 ] } },
{ "type": "Feature", "properties": { "lon": 78.51463565, "lat": 17.4150182, "highway": "residential", "point_id": 849 }, "geometry": { "type": "Point", "coordinates": [ 78.51463565, 17.4150182 ] } },
{ "type": "Feature", "properties": { "lon": 78.49185935, "lat": 17.4310138, "highway": "residential", "point_id": 850 }, "geometry": { "type": "Point", "coordinates": [ 78.49185935, 17.4310138 ] } },
{ "type": "Feature", "properties": { "lon": 78.46237295, "lat": 17.38379155, "highway": "tertiary", "point_id": 851 }, "geometry": { "type": "Point", "coordinates": [ 78.46237295, 17.38379155 ] } },
{ "type": "Feature", "properties": { "lon": 78.50189135, "lat": 17.4374495, "highway": "residential", "point_id": 852 }, "geometry": { "type": "Point", "coordinates": [ 78.50189135, 17.4374495 ] } },
{ "type": "Feature", "properties": { "lon": 78.47869705, "lat": 17.40715345, "highway": "residential", "point_id": 853 }, "geometry": { "type": "Point", "coordinates": [ 78.47869705, 17.40715345 ] } },
{ "type": "Feature", "properties": { "lon": 78.4844811, "lat": 17.3737496, "highway": "residential", "point_id": 854 }, "geometry": { "type": "Point", "coordinates": [ 78.484481100000011, 17.3737496 ] } },
{ "type": "Feature", "properties": { "lon": 78.50758695, "lat": 17.36675515, "highway": "residential", "point_id": 855 }, "geometry": { "type": "Point", "coordinates": [ 78.50758695, 17.36675515 ] } },
{ "type": "Feature", "properties": { "lon": 78.45089895000001, "lat": 17.3355547, "highway": "residential", "point_id": 856 }, "geometry": { "type": "Point", "coordinates": [ 78.45089895000001, 17.3355547 ] } },
{ "type": "Feature", "properties": { "lon": 78.51679875, "lat": 17.3847193, "highway": "residential", "point_id": 857 }, "geometry": { "type": "Point", "coordinates": [ 78.51679875, 17.3847193 ] } },
{ "type": "Feature", "properties": { "lon": 78.489557, "lat": 17.4012583, "highway": "residential", "point_id": 858 }, "geometry": { "type": "Point", "coordinates": [ 78.489557, 17.4012583 ] } },
{ "type": "Feature", "properties": { "lon": 78.5206553, "lat": 17.41455435, "highway": "residential", "point_id": 859 }, "geometry": { "type": "Point", "coordinates": [ 78.5206553, 17.41455435 ] } },
{ "type": "Feature", "properties": { "lon": 78.4009055, "lat": 17.43494325, "highway": "tertiary", "point_id": 860 }, "geometry": { "type": "Point", "coordinates": [ 78.4009055, 17.43494325 ] } },
{ "type": "Feature", "properties": { "lon": 78.4694261, "lat": 17.30367065, "highway": "tertiary", "point_id": 861 }, "geometry": { "type": "Point", "coordinates": [ 78.4694261, 17.30367065 ] } },
{ "type": "Feature", "properties": { "lon": 78.5022113, "lat": 17.45958545, "highway": "residential", "point_id": 862 }, "geometry": { "type": "Point", "coordinates": [ 78.5022113, 17.45958545 ] } },
{ "type": "Feature", "properties": { "lon": 78.45945145, "lat": 17.421922, "highway": "residential", "point_id": 863 }, "geometry": { "type": "Point", "coordinates": [ 78.45945145, 17.421922 ] } },
{ "type": "Feature", "properties": { "lon": 78.45248145, "lat": 17.34108605, "highway": "residential", "point_id": 864 }, "geometry": { "type": "Point", "coordinates": [ 78.45248145, 17.34108605 ] } },
{ "type": "Feature", "properties": { "lon": 78.44919095, "lat": 17.38834925, "highway": "residential", "point_id": 865 }, "geometry": { "type": "Point", "coordinates": [ 78.44919095, 17.38834925 ] } },
{ "type": "Feature", "properties": { "lon": 78.49841765, "lat": 17.35991065, "highway": "residential", "point_id": 866 }, "geometry": { "type": "Point", "coordinates": [ 78.49841765, 17.35991065 ] } },
{ "type": "Feature", "properties": { "lon": 78.500610450000011, "lat": 17.3421703, "highway": "residential", "point_id": 867 }, "geometry": { "type": "Point", "coordinates": [ 78.500610450000011, 17.3421703 ] } },
{ "type": "Feature", "properties": { "lon": 78.4004354, "lat": 17.39979715, "highway": "tertiary", "point_id": 868 }, "geometry": { "type": "Point", "coordinates": [ 78.4004354, 17.39979715 ] } },
{ "type": "Feature", "properties": { "lon": 78.4138942, "lat": 17.41368655, "highway": "residential", "point_id": 869 }, "geometry": { "type": "Point", "coordinates": [ 78.4138942, 17.41368655 ] } },
{ "type": "Feature", "properties": { "lon": 78.4203837, "lat": 17.34347545, "highway": "residential", "point_id": 870 }, "geometry": { "type": "Point", "coordinates": [ 78.4203837, 17.34347545 ] } },
{ "type": "Feature", "properties": { "lon": 78.41596995, "lat": 17.37874165, "highway": "residential", "point_id": 871 }, "geometry": { "type": "Point", "coordinates": [ 78.41596995, 17.37874165 ] } },
{ "type": "Feature", "properties": { "lon": 78.4758144, "lat": 17.33051115, "highway": "residential", "point_id": 872 }, "geometry": { "type": "Point", "coordinates": [ 78.4758144, 17.33051115 ] } },
{ "type": "Feature", "properties": { "lon": 78.51318455000001, "lat": 17.459636, "highway": "residential", "point_id": 873 }, "geometry": { "type": "Point", "coordinates": [ 78.51318455, 17.459636 ] } },
{ "type": "Feature", "properties": { "lon": 78.5053233, "lat": 17.39484035, "highway": "residential", "point_id": 874 }, "geometry": { "type": "Point", "coordinates": [ 78.5053233, 17.39484035 ] } },
{ "type": "Feature", "properties": { "lon": 78.44444455, "lat": 17.39655945, "highway": "residential", "point_id": 875 }, "geometry": { "type": "Point", "coordinates": [ 78.44444455, 17.39655945 ] } },
{ "type": "Feature", "properties": { "lon": 78.43831885, "lat": 17.41870785, "highway": "residential", "point_id": 876 }, "geometry": { "type": "Point", "coordinates": [ 78.43831885, 17.41870785 ] } },
{ "type": "Feature", "properties": { "lon": 78.456338, "lat": 17.370117, "highway": "residential", "point_id": 877 }, "geometry": { "type": "Point", "coordinates": [ 78.456338, 17.370117 ] } },
{ "type": "Feature", "properties": { "lon": 78.44517095, "lat": 17.39008175, "highway": "residential", "point_id": 878 }, "geometry": { "type": "Point", "coordinates": [ 78.44517095, 17.39008175 ] } },
{ "type": "Feature", "properties": { "lon": 78.46532785, "lat": 17.2948786, "highway": "residential", "point_id": 879 }, "geometry": { "type": "Point", "coordinates": [ 78.46532785, 17.2948786 ] } },
{ "type": "Feature", "properties": { "lon": 78.41025255, "lat": 17.3971972, "highway": "residential", "point_id": 880 }, "geometry": { "type": "Point", "coordinates": [ 78.41025255, 17.3971972 ] } },
{ "type": "Feature", "properties": { "lon": 78.50247295, "lat": 17.448879, "highway": "residential", "point_id": 881 }, "geometry": { "type": "Point", "coordinates": [ 78.50247295, 17.448879 ] } },
{ "type": "Feature", "properties": { "lon": 78.4658798, "lat": 17.383047, "highway": "secondary", "point_id": 882 }, "geometry": { "type": "Point", "coordinates": [ 78.46587980000001, 17.383047 ] } },
{ "type": "Feature", "properties": { "lon": 78.46038145, "lat": 17.39827665, "highway": "residential", "point_id": 883 }, "geometry": { "type": "Point", "coordinates": [ 78.46038145, 17.39827665 ] } },
{ "type": "Feature", "properties": { "lon": 78.4725481, "lat": 17.3726734, "highway": "residential", "point_id": 884 }, "geometry": { "type": "Point", "coordinates": [ 78.4725481, 17.3726734 ] } },
{ "type": "Feature", "properties": { "lon": 78.4880981, "lat": 17.45080765, "highway": "secondary", "point_id": 885 }, "geometry": { "type": "Point", "coordinates": [ 78.4880981, 17.45080765 ] } },
{ "type": "Feature", "properties": { "lon": 78.45952825000001, "lat": 17.3711888, "highway": "residential", "point_id": 886 }, "geometry": { "type": "Point", "coordinates": [ 78.45952825, 17.3711888 ] } },
{ "type": "Feature", "properties": { "lon": 78.44752075, "lat": 17.3711762, "highway": "residential", "point_id": 887 }, "geometry": { "type": "Point", "coordinates": [ 78.44752075, 17.3711762 ] } },
{ "type": "Feature", "properties": { "lon": 78.43599015000001, "lat": 17.41412125, "highway": "residential", "point_id": 888 }, "geometry": { "type": "Point", "coordinates": [ 78.43599015, 17.41412125 ] } },
{ "type": "Feature", "properties": { "lon": 78.48335265, "lat": 17.3402087, "highway": "residential", "point_id": 889 }, "geometry": { "type": "Point", "coordinates": [ 78.48335265, 17.3402087 ] } },
{ "type": "Feature", "properties": { "lon": 78.4929746, "lat": 17.33650725, "highway": "residential", "point_id": 890 }, "geometry": { "type": "Point", "coordinates": [ 78.4929746, 17.33650725 ] } },
{ "type": "Feature", "properties": { "lon": 78.46628225000001, "lat": 17.2987983, "highway": "residential", "point_id": 891 }, "geometry": { "type": "Point", "coordinates": [ 78.46628225, 17.2987983 ] } },
{ "type": "Feature", "properties": { "lon": 78.50983845, "lat": 17.38365455, "highway": "residential", "point_id": 892 }, "geometry": { "type": "Point", "coordinates": [ 78.50983845, 17.38365455 ] } },
{ "type": "Feature", "properties": { "lon": 78.486427850000013, "lat": 17.40593665, "highway": "residential", "point_id": 893 }, "geometry": { "type": "Point", "coordinates": [ 78.486427850000013, 17.40593665 ] } },
{ "type": "Feature", "properties": { "lon": 78.4778394, "lat": 17.3828475, "highway": "residential", "point_id": 894 }, "geometry": { "type": "Point", "coordinates": [ 78.4778394, 17.3828475 ] } },
{ "type": "Feature", "properties": { "lon": 78.40787705, "lat": 17.42137095, "highway": "residential", "point_id": 895 }, "geometry": { "type": "Point", "coordinates": [ 78.40787705, 17.42137095 ] } },
{ "type": "Feature", "properties": { "lon": 78.52612385, "lat": 17.3874104, "highway": "residential", "point_id": 896 }, "geometry": { "type": "Point", "coordinates": [ 78.52612385, 17.3874104 ] } },
{ "type": "Feature", "properties": { "lon": 78.4689089, "lat": 17.3180726, "highway": "residential", "point_id": 897 }, "geometry": { "type": "Point", "coordinates": [ 78.4689089, 17.3180726 ] } },
{ "type": "Feature", "properties": { "lon": 78.4201853, "lat": 17.4340151, "highway": "residential", "point_id": 898 }, "geometry": { "type": "Point", "coordinates": [ 78.4201853, 17.4340151 ] } },
{ "type": "Feature", "properties": { "lon": 78.5008315, "lat": 17.4344075, "highway": "tertiary", "point_id": 899 }, "geometry": { "type": "Point", "coordinates": [ 78.5008315, 17.4344075 ] } },
{ "type": "Feature", "properties": { "lon": 78.43070725, "lat": 17.351366, "highway": "unclassified", "point_id": 900 }, "geometry": { "type": "Point", "coordinates": [ 78.43070725, 17.351366 ] } },
{ "type": "Feature", "properties": { "lon": 78.4719401, "lat": 17.3825076, "highway": "residential", "point_id": 901 }, "geometry": { "type": "Point", "coordinates": [ 78.4719401, 17.3825076 ] } },
{ "type": "Feature", "properties": { "lon": 78.48274775, "lat": 17.4113654, "highway": "primary", "point_id": 902 }, "geometry": { "type": "Point", "coordinates": [ 78.48274775, 17.4113654 ] } },
{ "type": "Feature", "properties": { "lon": 78.51485485000001, "lat": 17.39056785, "highway": "residential", "point_id": 903 }, "geometry": { "type": "Point", "coordinates": [ 78.51485485, 17.39056785 ] } },
{ "type": "Feature", "properties": { "lon": 78.48619465, "lat": 17.3314489, "highway": "residential", "point_id": 904 }, "geometry": { "type": "Point", "coordinates": [ 78.48619465, 17.3314489 ] } },
{ "type": "Feature", "properties": { "lon": 78.4437648, "lat": 17.40453315, "highway": "residential", "point_id": 905 }, "geometry": { "type": "Point", "coordinates": [ 78.4437648, 17.40453315 ] } },
{ "type": "Feature", "properties": { "lon": 78.50842505, "lat": 17.35115125, "highway": "residential", "point_id": 906 }, "geometry": { "type": "Point", "coordinates": [ 78.50842505, 17.35115125 ] } },
{ "type": "Feature", "properties": { "lon": 78.4701123, "lat": 17.3614618, "highway": "residential", "point_id": 907 }, "geometry": { "type": "Point", "coordinates": [ 78.4701123, 17.3614618 ] } },
{ "type": "Feature", "properties": { "lon": 78.41135355, "lat": 17.44436175, "highway": "residential", "point_id": 908 }, "geometry": { "type": "Point", "coordinates": [ 78.41135355, 17.44436175 ] } },
{ "type": "Feature", "properties": { "lon": 78.49291065, "lat": 17.398771, "highway": "tertiary", "point_id": 909 }, "geometry": { "type": "Point", "coordinates": [ 78.49291065, 17.398771 ] } },
{ "type": "Feature", "properties": { "lon": 78.49677905, "lat": 17.43055455, "highway": "residential", "point_id": 910 }, "geometry": { "type": "Point", "coordinates": [ 78.49677905, 17.43055455 ] } },
{ "type": "Feature", "properties": { "lon": 78.4667065, "lat": 17.3256264, "highway": "residential", "point_id": 911 }, "geometry": { "type": "Point", "coordinates": [ 78.4667065, 17.3256264 ] } },
{ "type": "Feature", "properties": { "lon": 78.4946154, "lat": 17.32637685, "highway": "residential", "point_id": 912 }, "geometry": { "type": "Point", "coordinates": [ 78.4946154, 17.32637685 ] } },
{ "type": "Feature", "properties": { "lon": 78.4668593, "lat": 17.45643425, "highway": "residential", "point_id": 913 }, "geometry": { "type": "Point", "coordinates": [ 78.46685930000001, 17.45643425 ] } },
{ "type": "Feature", "properties": { "lon": 78.4784351, "lat": 17.3354213, "highway": "residential", "point_id": 914 }, "geometry": { "type": "Point", "coordinates": [ 78.478435100000013, 17.3354213 ] } },
{ "type": "Feature", "properties": { "lon": 78.48607795000001, "lat": 17.43113505, "highway": "secondary", "point_id": 915 }, "geometry": { "type": "Point", "coordinates": [ 78.48607795, 17.43113505 ] } },
{ "type": "Feature", "properties": { "lon": 78.49549845, "lat": 17.46539805, "highway": "residential", "point_id": 916 }, "geometry": { "type": "Point", "coordinates": [ 78.49549845, 17.46539805 ] } },
{ "type": "Feature", "properties": { "lon": 78.49176505, "lat": 17.4267813, "highway": "residential", "point_id": 917 }, "geometry": { "type": "Point", "coordinates": [ 78.49176505, 17.4267813 ] } },
{ "type": "Feature", "properties": { "lon": 78.4605093, "lat": 17.38054355, "highway": "residential", "point_id": 918 }, "geometry": { "type": "Point", "coordinates": [ 78.460509300000012, 17.38054355 ] } },
{ "type": "Feature", "properties": { "lon": 78.4520007, "lat": 17.3436142, "highway": "tertiary", "point_id": 919 }, "geometry": { "type": "Point", "coordinates": [ 78.4520007, 17.3436142 ] } },
{ "type": "Feature", "properties": { "lon": 78.4280115, "lat": 17.38941665, "highway": "tertiary", "point_id": 920 }, "geometry": { "type": "Point", "coordinates": [ 78.4280115, 17.38941665 ] } },
{ "type": "Feature", "properties": { "lon": 78.48284385, "lat": 17.4465637, "highway": "residential", "point_id": 921 }, "geometry": { "type": "Point", "coordinates": [ 78.48284385, 17.4465637 ] } },
{ "type": "Feature", "properties": { "lon": 78.4469416, "lat": 17.40097885, "highway": "residential", "point_id": 922 }, "geometry": { "type": "Point", "coordinates": [ 78.4469416, 17.40097885 ] } },
{ "type": "Feature", "properties": { "lon": 78.4772932, "lat": 17.32938325, "highway": "residential", "point_id": 923 }, "geometry": { "type": "Point", "coordinates": [ 78.4772932, 17.32938325 ] } },
{ "type": "Feature", "properties": { "lon": 78.45234, "lat": 17.35627125, "highway": "residential", "point_id": 924 }, "geometry": { "type": "Point", "coordinates": [ 78.45234, 17.35627125 ] } },
{ "type": "Feature", "properties": { "lon": 78.48711065000001, "lat": 17.39047305, "highway": "residential", "point_id": 925 }, "geometry": { "type": "Point", "coordinates": [ 78.48711065, 17.39047305 ] } },
{ "type": "Feature", "properties": { "lon": 78.4170963, "lat": 17.38154595, "highway": "residential", "point_id": 926 }, "geometry": { "type": "Point", "coordinates": [ 78.4170963, 17.38154595 ] } },
{ "type": "Feature", "properties": { "lon": 78.42522665, "lat": 17.40657015, "highway": "residential", "point_id": 927 }, "geometry": { "type": "Point", "coordinates": [ 78.42522665, 17.40657015 ] } },
{ "type": "Feature", "properties": { "lon": 78.43939385, "lat": 17.420862, "highway": "tertiary", "point_id": 928 }, "geometry": { "type": "Point", "coordinates": [ 78.43939385, 17.420862 ] } },
{ "type": "Feature", "properties": { "lon": 78.469761549999987, "lat": 17.37703495, "highway": "residential", "point_id": 929 }, "geometry": { "type": "Point", "coordinates": [ 78.469761549999987, 17.37703495 ] } },
{ "type": "Feature", "properties": { "lon": 78.5114826, "lat": 17.41119805, "highway": "tertiary", "point_id": 930 }, "geometry": { "type": "Point", "coordinates": [ 78.5114826, 17.41119805 ] } },
{ "type": "Feature", "properties": { "lon": 78.43194275, "lat": 17.43799225, "highway": "residential", "point_id": 931 }, "geometry": { "type": "Point", "coordinates": [ 78.43194275, 17.43799225 ] } },
{ "type": "Feature", "properties": { "lon": 78.46193465, "lat": 17.2984054, "highway": "residential", "point_id": 932 }, "geometry": { "type": "Point", "coordinates": [ 78.46193465, 17.2984054 ] } },
{ "type": "Feature", "properties": { "lon": 78.4694019, "lat": 17.4677044, "highway": "residential", "point_id": 933 }, "geometry": { "type": "Point", "coordinates": [ 78.4694019, 17.4677044 ] } },
{ "type": "Feature", "properties": { "lon": 78.49732405, "lat": 17.3556011, "highway": "residential", "point_id": 934 }, "geometry": { "type": "Point", "coordinates": [ 78.49732405, 17.3556011 ] } },
{ "type": "Feature", "properties": { "lon": 78.5047601, "lat": 17.40908285, "highway": "residential", "point_id": 935 }, "geometry": { "type": "Point", "coordinates": [ 78.5047601, 17.40908285 ] } },
{ "type": "Feature", "properties": { "lon": 78.5028758, "lat": 17.35734805, "highway": "residential", "point_id": 936 }, "geometry": { "type": "Point", "coordinates": [ 78.5028758, 17.35734805 ] } },
{ "type": "Feature", "properties": { "lon": 78.4483131, "lat": 17.334052, "highway": "residential", "point_id": 937 }, "geometry": { "type": "Point", "coordinates": [ 78.4483131, 17.334052 ] } },
{ "type": "Feature", "properties": { "lon": 78.4171855, "lat": 17.4463269, "highway": "residential", "point_id": 938 }, "geometry": { "type": "Point", "coordinates": [ 78.4171855, 17.4463269 ] } },
{ "type": "Feature", "properties": { "lon": 78.44827655, "lat": 17.43662535, "highway": "secondary", "point_id": 939 }, "geometry": { "type": "Point", "coordinates": [ 78.44827655, 17.43662535 ] } },
{ "type": "Feature", "properties": { "lon": 78.4210389, "lat": 17.39843665, "highway": "residential", "point_id": 940 }, "geometry": { "type": "Point", "coordinates": [ 78.4210389, 17.39843665 ] } },
{ "type": "Feature", "properties": { "lon": 78.46186635000001, "lat": 17.37635995, "highway": "residential", "point_id": 941 }, "geometry": { "type": "Point", "coordinates": [ 78.46186635, 17.37635995 ] } },
{ "type": "Feature", "properties": { "lon": 78.48231435, "lat": 17.395545, "highway": "residential", "point_id": 942 }, "geometry": { "type": "Point", "coordinates": [ 78.48231435, 17.395545 ] } },
{ "type": "Feature", "properties": { "lon": 78.5027911, "lat": 17.383908, "highway": "residential", "point_id": 943 }, "geometry": { "type": "Point", "coordinates": [ 78.5027911, 17.383908 ] } },
{ "type": "Feature", "properties": { "lon": 78.4694234, "lat": 17.4660654, "highway": "residential", "point_id": 944 }, "geometry": { "type": "Point", "coordinates": [ 78.4694234, 17.4660654 ] } },
{ "type": "Feature", "properties": { "lon": 78.42229955000001, "lat": 17.4050221, "highway": "residential", "point_id": 945 }, "geometry": { "type": "Point", "coordinates": [ 78.42229955, 17.4050221 ] } },
{ "type": "Feature", "properties": { "lon": 78.45095845, "lat": 17.32971785, "highway": "residential", "point_id": 946 }, "geometry": { "type": "Point", "coordinates": [ 78.45095845, 17.32971785 ] } },
{ "type": "Feature", "properties": { "lon": 78.4757524, "lat": 17.4585487, "highway": "residential", "point_id": 947 }, "geometry": { "type": "Point", "coordinates": [ 78.4757524, 17.4585487 ] } },
{ "type": "Feature", "properties": { "lon": 78.41259315, "lat": 17.37925, "highway": "tertiary", "point_id": 948 }, "geometry": { "type": "Point", "coordinates": [ 78.41259315, 17.37925 ] } },
{ "type": "Feature", "properties": { "lon": 78.5126377, "lat": 17.3986732, "highway": "secondary", "point_id": 949 }, "geometry": { "type": "Point", "coordinates": [ 78.5126377, 17.3986732 ] } },
{ "type": "Feature", "properties": { "lon": 78.47788255, "lat": 17.3131567, "highway": "trunk", "point_id": 950 }, "geometry": { "type": "Point", "coordinates": [ 78.47788255, 17.3131567 ] } },
{ "type": "Feature", "properties": { "lon": 78.4789921, "lat": 17.3471822, "highway": "residential", "point_id": 951 }, "geometry": { "type": "Point", "coordinates": [ 78.4789921, 17.3471822 ] } },
{ "type": "Feature", "properties": { "lon": 78.41780495, "lat": 17.39796065, "highway": "residential", "point_id": 952 }, "geometry": { "type": "Point", "coordinates": [ 78.41780495, 17.39796065 ] } },
{ "type": "Feature", "properties": { "lon": 78.4716234, "lat": 17.3634885, "highway": "residential", "point_id": 953 }, "geometry": { "type": "Point", "coordinates": [ 78.4716234, 17.3634885 ] } },
{ "type": "Feature", "properties": { "lon": 78.47603915, "lat": 17.40252425, "highway": "secondary", "point_id": 954 }, "geometry": { "type": "Point", "coordinates": [ 78.47603915, 17.40252425 ] } },
{ "type": "Feature", "properties": { "lon": 78.4752842, "lat": 17.46662645, "highway": "residential", "point_id": 955 }, "geometry": { "type": "Point", "coordinates": [ 78.4752842, 17.46662645 ] } },
{ "type": "Feature", "properties": { "lon": 78.4913197, "lat": 17.33547845, "highway": "residential", "point_id": 956 }, "geometry": { "type": "Point", "coordinates": [ 78.4913197, 17.33547845 ] } },
{ "type": "Feature", "properties": { "lon": 78.479765, "lat": 17.37760585, "highway": "residential", "point_id": 957 }, "geometry": { "type": "Point", "coordinates": [ 78.479765, 17.37760585 ] } },
{ "type": "Feature", "properties": { "lon": 78.51391555000001, "lat": 17.40950045, "highway": "residential", "point_id": 958 }, "geometry": { "type": "Point", "coordinates": [ 78.51391555, 17.40950045 ] } },
{ "type": "Feature", "properties": { "lon": 78.48247815, "lat": 17.45001595, "highway": "residential", "point_id": 959 }, "geometry": { "type": "Point", "coordinates": [ 78.48247815, 17.45001595 ] } },
{ "type": "Feature", "properties": { "lon": 78.45403985, "lat": 17.3455545, "highway": "residential", "point_id": 960 }, "geometry": { "type": "Point", "coordinates": [ 78.45403985, 17.3455545 ] } },
{ "type": "Feature", "properties": { "lon": 78.52580815, "lat": 17.3906836, "highway": "residential", "point_id": 961 }, "geometry": { "type": "Point", "coordinates": [ 78.52580815, 17.3906836 ] } },
{ "type": "Feature", "properties": { "lon": 78.48460075, "lat": 17.44158575, "highway": "residential", "point_id": 962 }, "geometry": { "type": "Point", "coordinates": [ 78.48460075, 17.44158575 ] } },
{ "type": "Feature", "properties": { "lon": 78.51684415, "lat": 17.35534015, "highway": "residential", "point_id": 963 }, "geometry": { "type": "Point", "coordinates": [ 78.51684415, 17.35534015 ] } },
{ "type": "Feature", "properties": { "lon": 78.4837767, "lat": 17.38812115, "highway": "residential", "point_id": 964 }, "geometry": { "type": "Point", "coordinates": [ 78.4837767, 17.38812115 ] } },
{ "type": "Feature", "properties": { "lon": 78.45216165, "lat": 17.4490197, "highway": "residential", "point_id": 965 }, "geometry": { "type": "Point", "coordinates": [ 78.45216165, 17.4490197 ] } },
{ "type": "Feature", "properties": { "lon": 78.42731645000001, "lat": 17.3464612, "highway": "residential", "point_id": 966 }, "geometry": { "type": "Point", "coordinates": [ 78.42731645, 17.3464612 ] } },
{ "type": "Feature", "properties": { "lon": 78.49030085, "lat": 17.37654105, "highway": "residential", "point_id": 967 }, "geometry": { "type": "Point", "coordinates": [ 78.49030085, 17.37654105 ] } },
{ "type": "Feature", "properties": { "lon": 78.4130412, "lat": 17.3823122, "highway": "residential", "point_id": 968 }, "geometry": { "type": "Point", "coordinates": [ 78.4130412, 17.3823122 ] } },
{ "type": "Feature", "properties": { "lon": 78.44067735, "lat": 17.386931, "highway": "residential", "point_id": 969 }, "geometry": { "type": "Point", "coordinates": [ 78.44067735, 17.386931 ] } },
{ "type": "Feature", "properties": { "lon": 78.4567008, "lat": 17.30964225, "highway": "tertiary", "point_id": 970 }, "geometry": { "type": "Point", "coordinates": [ 78.4567008, 17.30964225 ] } },
{ "type": "Feature", "properties": { "lon": 78.41725745, "lat": 17.37339915, "highway": "residential", "point_id": 971 }, "geometry": { "type": "Point", "coordinates": [ 78.41725745, 17.37339915 ] } },
{ "type": "Feature", "properties": { "lon": 78.4926553, "lat": 17.3510922, "highway": "residential", "point_id": 972 }, "geometry": { "type": "Point", "coordinates": [ 78.4926553, 17.3510922 ] } },
{ "type": "Feature", "properties": { "lon": 78.47053555, "lat": 17.36375385, "highway": "residential", "point_id": 973 }, "geometry": { "type": "Point", "coordinates": [ 78.47053555, 17.36375385 ] } },
{ "type": "Feature", "properties": { "lon": 78.42973645000001, "lat": 17.4426116, "highway": "residential", "point_id": 974 }, "geometry": { "type": "Point", "coordinates": [ 78.42973645, 17.4426116 ] } },
{ "type": "Feature", "properties": { "lon": 78.50673535, "lat": 17.42057455, "highway": "tertiary", "point_id": 975 }, "geometry": { "type": "Point", "coordinates": [ 78.50673535, 17.42057455 ] } },
{ "type": "Feature", "properties": { "lon": 78.48043565, "lat": 17.46638685, "highway": "residential", "point_id": 976 }, "geometry": { "type": "Point", "coordinates": [ 78.48043565, 17.46638685 ] } },
{ "type": "Feature", "properties": { "lon": 78.47244865, "lat": 17.3226203, "highway": "residential", "point_id": 977 }, "geometry": { "type": "Point", "coordinates": [ 78.47244865, 17.3226203 ] } },
{ "type": "Feature", "properties": { "lon": 78.46885725, "lat": 17.3459064, "highway": "residential", "point_id": 978 }, "geometry": { "type": "Point", "coordinates": [ 78.46885725, 17.3459064 ] } },
{ "type": "Feature", "properties": { "lon": 78.49894515, "lat": 17.3605146, "highway": "residential", "point_id": 979 }, "geometry": { "type": "Point", "coordinates": [ 78.49894515, 17.3605146 ] } },
{ "type": "Feature", "properties": { "lon": 78.44636945, "lat": 17.4446082, "highway": "residential", "point_id": 980 }, "geometry": { "type": "Point", "coordinates": [ 78.44636945, 17.4446082 ] } },
{ "type": "Feature", "properties": { "lon": 78.5091808, "lat": 17.3495269, "highway": "residential", "point_id": 981 }, "geometry": { "type": "Point", "coordinates": [ 78.5091808, 17.3495269 ] } },
{ "type": "Feature", "properties": { "lon": 78.4900812, "lat": 17.36125825, "highway": "residential", "point_id": 982 }, "geometry": { "type": "Point", "coordinates": [ 78.4900812, 17.36125825 ] } },
{ "type": "Feature", "properties": { "lon": 78.4635599, "lat": 17.31096925, "highway": "residential", "point_id": 983 }, "geometry": { "type": "Point", "coordinates": [ 78.4635599, 17.31096925 ] } },
{ "type": "Feature", "properties": { "lon": 78.40818155, "lat": 17.42127865, "highway": "residential", "point_id": 984 }, "geometry": { "type": "Point", "coordinates": [ 78.40818155, 17.42127865 ] } },
{ "type": "Feature", "properties": { "lon": 78.51648175, "lat": 17.42481525, "highway": "residential", "point_id": 985 }, "geometry": { "type": "Point", "coordinates": [ 78.51648175, 17.42481525 ] } },
{ "type": "Feature", "properties": { "lon": 78.46981025, "lat": 17.31792685, "highway": "residential", "point_id": 986 }, "geometry": { "type": "Point", "coordinates": [ 78.46981025, 17.31792685 ] } },
{ "type": "Feature", "properties": { "lon": 78.4308354, "lat": 17.346583, "highway": "residential", "point_id": 987 }, "geometry": { "type": "Point", "coordinates": [ 78.4308354, 17.346583 ] } },
{ "type": "Feature", "properties": { "lon": 78.47484, "lat": 17.4471773, "highway": "residential", "point_id": 988 }, "geometry": { "type": "Point", "coordinates": [ 78.47484, 17.4471773 ] } },
{ "type": "Feature", "properties": { "lon": 78.4768688, "lat": 17.4108833, "highway": "primary", "point_id": 989 }, "geometry": { "type": "Point", "coordinates": [ 78.4768688, 17.4108833 ] } },
{ "type": "Feature", "properties": { "lon": 78.47574105, "lat": 17.31087355, "highway": "residential", "point_id": 990 }, "geometry": { "type": "Point", "coordinates": [ 78.47574105, 17.31087355 ] } },
{ "type": "Feature", "properties": { "lon": 78.48580605000001, "lat": 17.38937415, "highway": "tertiary", "point_id": 991 }, "geometry": { "type": "Point", "coordinates": [ 78.48580605, 17.38937415 ] } },
{ "type": "Feature", "properties": { "lon": 78.41732495, "lat": 17.40914415, "highway": "residential", "point_id": 992 }, "geometry": { "type": "Point", "coordinates": [ 78.41732495, 17.40914415 ] } },
{ "type": "Feature", "properties": { "lon": 78.4155043, "lat": 17.4479906, "highway": "residential", "point_id": 993 }, "geometry": { "type": "Point", "coordinates": [ 78.4155043, 17.4479906 ] } },
{ "type": "Feature", "properties": { "lon": 78.4114231, "lat": 17.45005415, "highway": "residential", "point_id": 994 }, "geometry": { "type": "Point", "coordinates": [ 78.4114231, 17.45005415 ] } },
{ "type": "Feature", "properties": { "lon": 78.50088905, "lat": 17.3511367, "highway": "residential", "point_id": 995 }, "geometry": { "type": "Point", "coordinates": [ 78.50088905, 17.3511367 ] } },
{ "type": "Feature", "properties": { "lon": 78.4200587, "lat": 17.3797734, "highway": "residential", "point_id": 996 }, "geometry": { "type": "Point", "coordinates": [ 78.4200587, 17.3797734 ] } },
{ "type": "Feature", "properties": { "lon": 78.4701032, "lat": 17.3207613, "highway": "residential", "point_id": 997 }, "geometry": { "type": "Point", "coordinates": [ 78.4701032, 17.3207613 ] } },
{ "type": "Feature", "properties": { "lon": 78.46134725, "lat": 17.383058, "highway": "residential", "point_id": 998 }, "geometry": { "type": "Point", "coordinates": [ 78.46134725, 17.383058 ] } },
{ "type": "Feature", "properties": { "lon": 78.45072185000001, "lat": 17.3662751, "highway": "residential", "point_id": 999 }, "geometry": { "type": "Point", "coordinates": [ 78.45072185, 17.3662751 ] } }
]
}
