task_id,annotation_id,annotator_email,image,base_video_id,video_id,frame_number,timestamp_sec,source_folder,recording_datetime,frame_datetime,frame_hour,frame_dayofweek,video_duration_sec,camera_model,gps_lat,gps_lon,gps_alt,gps_time_diff_sec,men_count,women_count,men_twowheeler,women_twowheeler,footpath,lane_markings,potholes,litter,bus_station,railway_station,street_vendor
242854369,84954113,swathi@verifinity.ai,upload/221408/c594e56e-3_itinerary_7_frame05100_t000250_170.jpg,3_itinerary_7,3_itinerary_7_218663d3,5100,250.0,3,2025:03:31 11:47:22,2025-03-31 11:51:32,11,0,1364.0,HERO13 Black,19.006763888888887,72.83517222222221,9.029,0.0,3.0,2.0,4.0,,Paved,Yes,,,No,No,No
242854379,84976498,swathi@verifinity.ai,upload/221408/97906f71-1_itinerary_1_1_frame17400_t000940_580.jpg,1_itinerary_1_1,1_itinerary_1_1_8e5f0fc4,17400,940.0,1,2025:03:27 02:56:43,2025-03-27 03:12:23,3,3,602.0,HERO13 Black,,,,,,,1.0,,Paved,,,,No,No,No
242854381,84977079,swathi@verifinity.ai,upload/221408/da923199-1_itinerary_1_1_frame16800_t000920_560.jpg,1_itinerary_1_1,1_itinerary_1_1_8e5f0fc4,16800,920.0,1,2025:03:27 02:56:43,2025-03-27 03:12:03,3,3,602.0,HERO13 Black,,,,,8.0,7.0,2.0,1.0,Paved,Yes,,,No,No,No
242854383,84977592,swathi@verifinity.ai,upload/221408/17b36238-1_itinerary_1_1_frame16200_t000900_540.jpg,1_itinerary_1_1,1_itinerary_1_1_8e5f0fc4,16200,900.0,1,2025:03:27 02:56:43,2025-03-27 03:11:43,3,3,602.0,HERO13 Black,,,,,11.0,1.0,2.0,,,,,,No,No,No
242854384,84983074,swathi@verifinity.ai,upload/221408/f578febd-1_itinerary_1_1_frame15900_t000850_530.jpg,1_itinerary_1_1,1_itinerary_1_1_8e5f0fc4,15900,850.0,1,2025:03:27 02:56:43,2025-03-27 03:10:53,3,3,602.0,HERO13 Black,,,,,4.0,2.0,,,Paved,,,,No,No,No
242854386,85260562,swathi@verifinity.ai,upload/221408/48b5def0-1_itinerary_1_1_frame15300_t000830_510.jpg,1_itinerary_1_1,1_itinerary_1_1_8e5f0fc4,15300,830.0,1,2025:03:27 02:56:43,2025-03-27 03:10:33,3,3,602.0,HERO13 Black,,,,,1.0,1.0,1.0,,Paved,Yes,,,No,No,No
242854386,84989080,swathi@verifinity.ai,upload/221408/48b5def0-1_itinerary_1_1_frame15300_t000830_510.jpg,1_itinerary_1_1,1_itinerary_1_1_8e5f0fc4,15300,830.0,1,2025:03:27 02:56:43,2025-03-27 03:10:33,3,3,602.0,HERO13 Black,,,,,2.0,,1.0,,Paved,Yes,,,No,No,No
242854387,85006116,swathi@verifinity.ai,upload/221408/12a8dfab-1_itinerary_1_1_frame15000_t000820_500.jpg,1_itinerary_1_1,1_itinerary_1_1_8e5f0fc4,15000,820.0,1,2025:03:27 02:56:43,2025-03-27 03:10:23,3,3,602.0,HERO13 Black,,,,,,,,,,Yes,,,No,No,No
242854388,85005639,swathi@verifinity.ai,upload/221408/52919841-1_itinerary_1_1_frame14700_t000810_490.jpg,1_itinerary_1_1,1_itinerary_1_1_8e5f0fc4,14700,810.0,1,2025:03:27 02:56:43,2025-03-27 03:10:13,3,3,602.0,HERO13 Black,,,,,,,,,Paved,,,,No,No,No
242854389,85006231,swathi@verifinity.ai,upload/221408/78817e66-1_itinerary_1_1_frame14400_t000800_480.jpg,1_itinerary_1_1,1_itinerary_1_1_8e5f0fc4,14400,800.0,1,2025:03:27 02:56:43,2025-03-27 03:10:03,3,3,602.0,HERO13 Black,,,,,3.0,4.0,,,Paved - Blocked,Yes,,Yes,No,No,No
242854390,84995036,swathi@verifinity.ai,upload/221408/348c3b20-1_itinerary_1_1_frame14100_t000750_470.jpg,1_itinerary_1_1,1_itinerary_1_1_8e5f0fc4,14100,750.0,1,2025:03:27 02:56:43,2025-03-27 03:09:13,3,3,602.0,HERO13 Black,,,,,,,,,Paved,Yes,,,No,No,No
242854391,84296255,swathi@verifinity.ai,upload/221408/0db25cb5-1_itinerary_1_1_frame13800_t000740_460.jpg,1_itinerary_1_1,1_itinerary_1_1_8e5f0fc4,13800,740.0,1,2025:03:27 02:56:43,2025-03-27 03:09:03,3,3,602.0,HERO13 Black,,,,,,,1.0,1.0,,Yes,,,No,No,No
242854392,84360891,swathi@verifinity.ai,upload/221408/1b5b3faf-1_itinerary_1_1_frame13500_t000730_450.jpg,1_itinerary_1_1,1_itinerary_1_1_8e5f0fc4,13500,730.0,1,2025:03:27 02:56:43,2025-03-27 03:08:53,3,3,602.0,HERO13 Black,,,,,,,,,Paved,Yes,,,No,No,No
242854393,85010586,swathi@verifinity.ai,upload/221408/56e1c759-1_itinerary_1_1_frame13200_t000720_440.jpg,1_itinerary_1_1,1_itinerary_1_1_8e5f0fc4,13200,720.0,1,2025:03:27 02:56:43,2025-03-27 03:08:43,3,3,602.0,HERO13 Black,,,,,,,,,,Yes,,,No,No,No
242854394,85166081,swathi@verifinity.ai,upload/221408/59967466-1_itinerary_1_1_frame12900_t000710_430.jpg,1_itinerary_1_1,1_itinerary_1_1_8e5f0fc4,12900,710.0,1,2025:03:27 02:56:43,2025-03-27 03:08:33,3,3,602.0,HERO13 Black,,,,,2.0,,,,Paved - Blocked,Yes,,,No,No,No
242854395,84299492,swathi@verifinity.ai,upload/221408/c7781181-1_itinerary_1_1_frame12600_t000700_420.jpg,1_itinerary_1_1,1_itinerary_1_1_8e5f0fc4,12600,700.0,1,2025:03:27 02:56:43,2025-03-27 03:08:23,3,3,602.0,HERO13 Black,,,,,,,,,,Yes,,,No,No,No
242854405,84960582,swathi@verifinity.ai,upload/221408/ecb0c521-1_itinerary_1_1_frame09600_t000520_320.jpg,1_itinerary_1_1,1_itinerary_1_1_8e5f0fc4,9600,520.0,1,2025:03:27 02:56:43,2025-03-27 03:05:23,3,3,602.0,HERO13 Black,18.913552777777777,72.82081388888888,5.822,0.0,2.0,3.0,3.0,,Paved,,,,No,No,No
242854406,84960680,swathi@verifinity.ai,upload/221408/b90ee044-1_itinerary_1_1_frame09300_t000510_310.jpg,1_itinerary_1_1,1_itinerary_1_1_8e5f0fc4,9300,510.0,1,2025:03:27 02:56:43,2025-03-27 03:05:13,3,3,602.0,HERO13 Black,18.91313333333333,72.8204611111111,6.228,0.0,1.0,,,,,,,,No,No,No
242854411,84960874,swathi@verifinity.ai,upload/221408/da1b3fd2-1_itinerary_1_1_frame07800_t000420_260.jpg,1_itinerary_1_1,1_itinerary_1_1_8e5f0fc4,7800,420.0,1,2025:03:27 02:56:43,2025-03-27 03:03:43,3,3,602.0,HERO13 Black,18.913361111111108,72.82078055555556,4.946,0.0,1.0,,7.0,,,Yes,,,No,No,No
242854415,84961129,swathi@verifinity.ai,upload/221408/dff5a235-1_itinerary_1_1_frame06600_t000340_220.jpg,1_itinerary_1_1,1_itinerary_1_1_8e5f0fc4,6600,340.0,1,2025:03:27 02:56:43,2025-03-27 03:02:23,3,3,602.0,HERO13 Black,18.916402777777776,72.823325,1.774,0.0,2.0,,4.0,,,Yes,,,No,No,No
242854416,84961309,swathi@verifinity.ai,upload/221408/0286ab55-1_itinerary_1_1_frame06300_t000330_210.jpg,1_itinerary_1_1,1_itinerary_1_1_8e5f0fc4,6300,330.0,1,2025:03:27 02:56:43,2025-03-27 03:02:13,3,3,602.0,HERO13 Black,18.916113888888887,72.82305833333334,-1.887,0.0,4.0,4.0,1.0,,Paved,,,,No,No,No
242854419,84514955,swathi@verifinity.ai,upload/221408/19c98771-1_itinerary_1_1_frame05400_t000300_180.jpg,1_itinerary_1_1,1_itinerary_1_1_8e5f0fc4,5400,300.0,1,2025:03:27 02:56:43,2025-03-27 03:01:43,3,3,602.0,HERO13 Black,18.915863888888886,72.822825,0.312,0.0,5.0,1.0,2.0,,No sidewalk,Yes,,,No,No,No
242854420,85166194,swathi@verifinity.ai,upload/221408/6f0934b8-1_itinerary_1_1_frame05100_t000250_170.jpg,1_itinerary_1_1,1_itinerary_1_1_8e5f0fc4,5100,250.0,1,2025:03:27 02:56:43,2025-03-27 03:00:53,3,3,602.0,HERO13 Black,18.91587222222222,72.822825,5.467,0.0,11.0,1.0,4.0,,Paved,Yes,,,No,No,No
242854421,84961721,swathi@verifinity.ai,upload/221408/42d5b0cc-1_itinerary_1_1_frame04800_t000240_160.jpg,1_itinerary_1_1,1_itinerary_1_1_8e5f0fc4,4800,240.0,1,2025:03:27 02:56:43,2025-03-27 03:00:43,3,3,602.0,HERO13 Black,18.915827777777775,72.82279444444444,6.637,0.0,11.0,,9.0,,,Yes,,,No,No,No
242854423,84523704,swathi@verifinity.ai,upload/221408/972a5a7a-1_itinerary_1_1_frame04200_t000220_140.jpg,1_itinerary_1_1,1_itinerary_1_1_8e5f0fc4,4200,220.0,1,2025:03:27 02:56:43,2025-03-27 03:00:23,3,3,602.0,HERO13 Black,18.915813888888888,72.82279166666666,6.723,0.0,2.0,,1.0,,,Yes,,,No,No,No
242854424,84961942,swathi@verifinity.ai,upload/221408/0753eda6-1_itinerary_1_1_frame03900_t000210_130.jpg,1_itinerary_1_1,1_itinerary_1_1_8e5f0fc4,3900,210.0,1,2025:03:27 02:56:43,2025-03-27 03:00:13,3,3,602.0,HERO13 Black,18.91581111111111,72.82279166666666,8.399,0.0,4.0,1.0,2.0,,No sidewalk,Yes,,,No,No,No
242854425,84962278,swathi@verifinity.ai,upload/221408/d0db2922-1_itinerary_1_1_frame03600_t000200_120.jpg,1_itinerary_1_1,1_itinerary_1_1_8e5f0fc4,3600,200.0,1,2025:03:27 02:56:43,2025-03-27 03:00:03,3,3,602.0,HERO13 Black,18.91580833333333,72.82279166666666,7.702,0.0,2.0,,10.0,,,,,,No,No,No
242854429,84962872,swathi@verifinity.ai,upload/221408/72aa2703-1_itinerary_1_1_frame02400_t000120_080.jpg,1_itinerary_1_1,1_itinerary_1_1_8e5f0fc4,2400,120.0,1,2025:03:27 02:56:43,2025-03-27 02:58:43,2,3,602.0,HERO13 Black,18.917066666666667,72.82402222222221,7.8,0.0,4.0,,5.0,,,Yes,,,No,No,No
242854433,85166229,swathi@verifinity.ai,upload/221408/f974e2e3-1_itinerary_1_1_frame01200_t000040_040.jpg,1_itinerary_1_1,1_itinerary_1_1_8e5f0fc4,1200,40.0,1,2025:03:27 02:56:43,2025-03-27 02:57:23,2,3,602.0,HERO13 Black,18.92096111111111,72.82623888888888,7.564,0.0,3.0,,6.0,,,Yes,,,No,No,No
242854434,85166289,swathi@verifinity.ai,upload/221408/26e76675-1_itinerary_1_1_frame00900_t000030_030.jpg,1_itinerary_1_1,1_itinerary_1_1_8e5f0fc4,900,30.0,1,2025:03:27 02:56:43,2025-03-27 02:57:13,2,3,602.0,HERO13 Black,18.920952777777778,72.82623888888888,7.068,0.0,7.0,,3.0,,,Yes,,,No,No,No
242854435,85166395,swathi@verifinity.ai,upload/221408/8e382bbb-1_itinerary_1_1_frame00600_t000020_020.jpg,1_itinerary_1_1,1_itinerary_1_1_8e5f0fc4,600,20.0,1,2025:03:27 02:56:43,2025-03-27 02:57:03,2,3,602.0,HERO13 Black,18.920952777777778,72.82624166666666,5.988,0.0,1.0,,1.0,,,Yes,Yes,,No,No,No
243698992,85166700,swathi@verifinity.ai,gs://sawasdee-labelstudio/annotation_frames/10_itinerary_11_frame000000.jpg,10_itinerary_11,10_itinerary_11_7c12e80b,0,0.0,10,2025:04:17 10:38:06,2025-04-17 10:38:06,10,3,682.0,HERO13 Black,18.952883333333332,72.8173361111111,19.163,0.0,2.0,2.0,,,,Yes,,,No,No,No
243698994,84615569,swathi@verifinity.ai,gs://sawasdee-labelstudio/annotation_frames/10_itinerary_11_frame000002.jpg,10_itinerary_11,10_itinerary_11_7c12e80b,2,20.0,10,2025:04:17 10:38:06,2025-04-17 10:38:26,10,3,682.0,HERO13 Black,18.953675,72.81638055555555,21.986,0.0,4.0,,3.0,,,,,,No,No,No
243698995,85167011,swathi@verifinity.ai,gs://sawasdee-labelstudio/annotation_frames/10_itinerary_11_frame000003.jpg,10_itinerary_11,10_itinerary_11_7c12e80b,3,30.0,10,2025:04:17 10:38:06,2025-04-17 10:38:36,10,3,682.0,HERO13 Black,18.953841666666666,72.81616111111111,18.436,0.0,2.0,,2.0,,,Yes,,,No,No,No
243698996,85167069,swathi@verifinity.ai,gs://sawasdee-labelstudio/annotation_frames/10_itinerary_11_frame000004.jpg,10_itinerary_11,10_itinerary_11_7c12e80b,4,40.0,10,2025:04:17 10:38:06,2025-04-17 10:38:46,10,3,682.0,HERO13 Black,18.954019444444445,72.81595833333333,17.114,0.0,4.0,,,,No sidewalk,Yes,,,No,No,No
243698997,85167162,swathi@verifinity.ai,gs://sawasdee-labelstudio/annotation_frames/10_itinerary_11_frame000005.jpg,10_itinerary_11,10_itinerary_11_7c12e80b,5,50.0,10,2025:04:17 10:38:06,2025-04-17 10:38:56,10,3,682.0,HERO13 Black,18.95448611111111,72.81556111111111,20.432,0.0,2.0,,3.0,,No sidewalk,,,,No,No,No
243699000,85167441,swathi@verifinity.ai,gs://sawasdee-labelstudio/annotation_frames/10_itinerary_11_frame000008.jpg,10_itinerary_11,10_itinerary_11_7c12e80b,8,80.0,10,2025:04:17 10:38:06,2025-04-17 10:39:26,10,3,682.0,HERO13 Black,18.9563,72.81498611111111,13.757,0.0,1.0,,,,,,,,No,No,No
243699003,85167499,swathi@verifinity.ai,gs://sawasdee-labelstudio/annotation_frames/10_itinerary_11_frame000011.jpg,10_itinerary_11,10_itinerary_11_7c12e80b,11,110.0,10,2025:04:17 10:38:06,2025-04-17 10:39:56,10,3,682.0,HERO13 Black,18.956441666666667,72.81468888888888,18.027,0.0,,,1.0,,,,,,No,No,No
243699004,85167566,swathi@verifinity.ai,gs://sawasdee-labelstudio/annotation_frames/10_itinerary_11_frame000012.jpg,10_itinerary_11,10_itinerary_11_7c12e80b,12,120.0,10,2025:04:17 10:38:06,2025-04-17 10:40:06,10,3,682.0,HERO13 Black,18.956244444444444,72.81407777777777,16.307,0.0,6.0,,3.0,,Paved,Yes,,,No,No,No
243699005,84295924,swathi@verifinity.ai,gs://sawasdee-labelstudio/annotation_frames/10_itinerary_11_frame000013.jpg,10_itinerary_11,10_itinerary_11_7c12e80b,13,130.0,10,2025:04:17 10:38:06,2025-04-17 10:40:16,10,3,682.0,HERO13 Black,18.956030555555554,72.81338611111111,15.314,0.0,3.0,,1.0,,Paved,Yes,,,No,No,No
243699006,85167776,swathi@verifinity.ai,gs://sawasdee-labelstudio/annotation_frames/10_itinerary_11_frame000014.jpg,10_itinerary_11,10_itinerary_11_7c12e80b,14,140.0,10,2025:04:17 10:38:06,2025-04-17 10:40:26,10,3,682.0,HERO13 Black,18.95573333333333,72.81287222222223,15.148,0.0,7.0,1.0,3.0,,Paved,Yes,,,No,No,No
243699007,85167873,swathi@verifinity.ai,gs://sawasdee-labelstudio/annotation_frames/10_itinerary_11_frame000015.jpg,10_itinerary_11,10_itinerary_11_7c12e80b,15,150.0,10,2025:04:17 10:38:06,2025-04-17 10:40:36,10,3,682.0,HERO13 Black,18.955433333333332,72.81346111111111,15.638,0.0,5.0,,4.0,,Paved,Yes,,,Yes,No,No
243699008,85168410,swathi@verifinity.ai,gs://sawasdee-labelstudio/annotation_frames/10_itinerary_11_frame000016.jpg,10_itinerary_11,10_itinerary_11_7c12e80b,16,160.0,10,2025:04:17 10:38:06,2025-04-17 10:40:46,10,3,682.0,HERO13 Black,18.955088888888888,72.81405555555556,14.517,0.0,11.0,1.0,6.0,,,Yes,,,Yes,No,Yes
243699009,85168698,swathi@verifinity.ai,gs://sawasdee-labelstudio/annotation_frames/10_itinerary_11_frame000017.jpg,10_itinerary_11,10_itinerary_11_7c12e80b,17,170.0,10,2025:04:17 10:38:06,2025-04-17 10:40:56,10,3,682.0,HERO13 Black,18.954655555555554,72.81468333333333,13.327,0.0,11.0,1.0,3.0,1.0,Paved,Yes,,,No,No,No
243699010,85168860,swathi@verifinity.ai,gs://sawasdee-labelstudio/annotation_frames/10_itinerary_11_frame000018.jpg,10_itinerary_11,10_itinerary_11_7c12e80b,18,180.0,10,2025:04:17 10:38:06,2025-04-17 10:41:06,10,3,682.0,HERO13 Black,18.954155555555555,72.81531944444444,11.944,0.0,1.0,,3.0,2.0,,Yes,,,Yes,No,No
243699011,85168968,swathi@verifinity.ai,gs://sawasdee-labelstudio/annotation_frames/10_itinerary_11_frame000019.jpg,10_itinerary_11,10_itinerary_11_7c12e80b,19,190.0,10,2025:04:17 10:38:06,2025-04-17 10:41:16,10,3,682.0,HERO13 Black,18.953477777777778,72.81585277777778,14.954,0.0,5.0,,3.0,,,Yes,,,No,No,No
243699012,85169161,swathi@verifinity.ai,gs://sawasdee-labelstudio/annotation_frames/10_itinerary_11_frame000020.jpg,10_itinerary_11,10_itinerary_11_7c12e80b,20,200.0,10,2025:04:17 10:38:06,2025-04-17 10:41:26,10,3,682.0,HERO13 Black,18.952997222222223,72.81614722222221,16.398,0.0,11.0,,,,,Yes,,,No,No,No
243699013,85169218,swathi@verifinity.ai,gs://sawasdee-labelstudio/annotation_frames/10_itinerary_11_frame000021.jpg,10_itinerary_11,10_itinerary_11_7c12e80b,21,210.0,10,2025:04:17 10:38:06,2025-04-17 10:41:36,10,3,682.0,HERO13 Black,18.95296388888889,72.81614444444445,14.003,0.0,8.0,1.0,3.0,1.0,,Yes,,,No,No,No
243699014,84646974,swathi@verifinity.ai,gs://sawasdee-labelstudio/annotation_frames/10_itinerary_11_frame000022.jpg,10_itinerary_11,10_itinerary_11_7c12e80b,22,220.0,10,2025:04:17 10:38:06,2025-04-17 10:41:46,10,3,682.0,HERO13 Black,18.952966666666665,72.81613888888889,14.37,0.0,4.0,1.0,,,No sidewalk,Yes,,,No,No,No
243699015,85169258,swathi@verifinity.ai,gs://sawasdee-labelstudio/annotation_frames/10_itinerary_11_frame000023.jpg,10_itinerary_11,10_itinerary_11_7c12e80b,23,230.0,10,2025:04:17 10:38:06,2025-04-17 10:41:56,10,3,682.0,HERO13 Black,18.952966666666665,72.81614166666667,13.546,0.0,1.0,,1.0,,Paved,Yes,,,No,No,No
243699016,84392103,swathi@verifinity.ai,gs://sawasdee-labelstudio/annotation_frames/10_itinerary_11_frame000024.jpg,10_itinerary_11,10_itinerary_11_7c12e80b,24,240.0,10,2025:04:17 10:38:06,2025-04-17 10:42:06,10,3,682.0,HERO13 Black,18.95296388888889,72.81613333333333,15.327,0.0,2.0,2.0,2.0,,Paved,Yes,,,No,No,No
243699017,85169294,swathi@verifinity.ai,gs://sawasdee-labelstudio/annotation_frames/10_itinerary_11_frame000025.jpg,10_itinerary_11,10_itinerary_11_7c12e80b,25,250.0,10,2025:04:17 10:38:06,2025-04-17 10:42:16,10,3,682.0,HERO13 Black,18.95296388888889,72.81612222222222,17.773,0.0,,,1.0,1.0,Paved,Yes,,,No,No,No
243699018,84394664,swathi@verifinity.ai,gs://sawasdee-labelstudio/annotation_frames/10_itinerary_11_frame000026.jpg,10_itinerary_11,10_itinerary_11_7c12e80b,26,260.0,10,2025:04:17 10:38:06,2025-04-17 10:42:26,10,3,682.0,HERO13 Black,18.952969444444445,72.816125,20.015,0.0,,,,,Paved,Yes,,,No,No,No
243699019,85169346,swathi@verifinity.ai,gs://sawasdee-labelstudio/annotation_frames/10_itinerary_11_frame000027.jpg,10_itinerary_11,10_itinerary_11_7c12e80b,27,270.0,10,2025:04:17 10:38:06,2025-04-17 10:42:36,10,3,682.0,HERO13 Black,18.952966666666665,72.81612777777778,19.581,0.0,1.0,,3.0,1.0,Paved,Yes,,,No,No,No
243699020,85169492,swathi@verifinity.ai,gs://sawasdee-labelstudio/annotation_frames/10_itinerary_11_frame000028.jpg,10_itinerary_11,10_itinerary_11_7c12e80b,28,280.0,10,2025:04:17 10:38:06,2025-04-17 10:42:46,10,3,682.0,HERO13 Black,18.952949999999998,72.81613333333333,15.396,0.0,1.0,,3.0,,Paved,Yes,,,No,No,No
243699021,85169551,swathi@verifinity.ai,gs://sawasdee-labelstudio/annotation_frames/10_itinerary_11_frame000029.jpg,10_itinerary_11,10_itinerary_11_7c12e80b,29,290.0,10,2025:04:17 10:38:06,2025-04-17 10:42:56,10,3,682.0,HERO13 Black,18.952938888888887,72.81612222222222,12.676,0.0,,,2.0,,Paved,Yes,,,No,No,No
243699022,85169630,swathi@verifinity.ai,gs://sawasdee-labelstudio/annotation_frames/10_itinerary_11_frame000030.jpg,10_itinerary_11,10_itinerary_11_7c12e80b,30,300.0,10,2025:04:17 10:38:06,2025-04-17 10:43:06,10,3,682.0,HERO13 Black,18.953266666666664,72.81575555555555,10.753,0.0,1.0,,2.0,,Paved,Yes,,,No,No,No
243699023,85169734,swathi@verifinity.ai,gs://sawasdee-labelstudio/annotation_frames/10_itinerary_11_frame000031.jpg,10_itinerary_11,10_itinerary_11_7c12e80b,31,310.0,10,2025:04:17 10:38:06,2025-04-17 10:43:16,10,3,682.0,HERO13 Black,18.953766666666667,72.81540555555556,9.719,0.0,11.0,,4.0,,Paved,,,,No,No,No
243699024,85169819,swathi@verifinity.ai,gs://sawasdee-labelstudio/annotation_frames/10_itinerary_11_frame000032.jpg,10_itinerary_11,10_itinerary_11_7c12e80b,32,320.0,10,2025:04:17 10:38:06,2025-04-17 10:43:26,10,3,682.0,HERO13 Black,18.954208333333334,72.815,10.04,0.0,,3.0,7.0,,Paved - Blocked,Yes,,,No,No,No
243699025,85169853,swathi@verifinity.ai,gs://sawasdee-labelstudio/annotation_frames/10_itinerary_11_frame000033.jpg,10_itinerary_11,10_itinerary_11_7c12e80b,33,330.0,10,2025:04:17 10:38:06,2025-04-17 10:43:36,10,3,682.0,HERO13 Black,18.954616666666666,72.81445,9.953,0.0,6.0,,,,Paved,Yes,,,No,No,No
243699026,85169934,swathi@verifinity.ai,gs://sawasdee-labelstudio/annotation_frames/10_itinerary_11_frame000034.jpg,10_itinerary_11,10_itinerary_11_7c12e80b,34,340.0,10,2025:04:17 10:38:06,2025-04-17 10:43:46,10,3,682.0,HERO13 Black,18.955019444444442,72.81386388888889,10.342,0.0,2.0,,4.0,,,Yes,,,Yes,No,No
243699027,85173082,swathi@verifinity.ai,gs://sawasdee-labelstudio/annotation_frames/10_itinerary_11_frame000035.jpg,10_itinerary_11,10_itinerary_11_7c12e80b,35,350.0,10,2025:04:17 10:38:06,2025-04-17 10:43:56,10,3,682.0,HERO13 Black,18.955347222222223,72.8132,11.09,1.0,5.0,1.0,,,,Yes,,,No,No,No
243699028,85173161,swathi@verifinity.ai,gs://sawasdee-labelstudio/annotation_frames/10_itinerary_11_frame000036.jpg,10_itinerary_11,10_itinerary_11_7c12e80b,36,360.0,10,2025:04:17 10:38:06,2025-04-17 10:44:06,10,3,682.0,HERO13 Black,18.955347222222223,72.8132,11.09,11.0,,,,,,Yes,,,No,No,No
243699029,85173951,swathi@verifinity.ai,gs://sawasdee-labelstudio/annotation_frames/10_itinerary_11_frame000037.jpg,10_itinerary_11,10_itinerary_11_7c12e80b,37,370.0,10,2025:04:17 10:38:06,2025-04-17 10:44:16,10,3,682.0,HERO13 Black,18.955347222222223,72.8132,11.09,21.0,10.0,1.0,,,No sidewalk,Yes,,,No,No,No
243699031,85174046,swathi@verifinity.ai,gs://sawasdee-labelstudio/annotation_frames/10_itinerary_11_frame000038.jpg,10_itinerary_11,10_itinerary_11_7c12e80b,38,380.0,10,2025:04:17 10:38:06,2025-04-17 10:44:26,10,3,682.0,HERO13 Black,,,,,6.0,,1.0,,Paved,Yes,,,No,No,No
243699032,85174091,swathi@verifinity.ai,gs://sawasdee-labelstudio/annotation_frames/10_itinerary_11_frame000039.jpg,10_itinerary_11,10_itinerary_11_7c12e80b,39,390.0,10,2025:04:17 10:38:06,2025-04-17 10:44:36,10,3,682.0,HERO13 Black,,,,,2.0,,1.0,,Paved,Yes,,,No,No,No
243699033,84393280,swathi@verifinity.ai,gs://sawasdee-labelstudio/annotation_frames/10_itinerary_11_frame000040.jpg,10_itinerary_11,10_itinerary_11_7c12e80b,40,400.0,10,2025:04:17 10:38:06,2025-04-17 10:44:46,10,3,682.0,HERO13 Black,,,,,2.0,,,,,Yes,,,No,No,No
243699034,85174206,swathi@verifinity.ai,gs://sawasdee-labelstudio/annotation_frames/10_itinerary_11_frame000041.jpg,10_itinerary_11,10_itinerary_11_7c12e80b,41,410.0,10,2025:04:17 10:38:06,2025-04-17 10:44:56,10,3,682.0,HERO13 Black,,,,,,,,,No sidewalk,Yes,,,No,No,No
243699035,85174253,swathi@verifinity.ai,gs://sawasdee-labelstudio/annotation_frames/10_itinerary_11_frame000042.jpg,10_itinerary_11,10_itinerary_11_7c12e80b,42,420.0,10,2025:04:17 10:38:06,2025-04-17 10:45:06,10,3,682.0,HERO13 Black,,,,,2.0,,2.0,,,Yes,,,No,No,No
243699036,84494949,swathi@verifinity.ai,gs://sawasdee-labelstudio/annotation_frames/10_itinerary_11_frame000043.jpg,10_itinerary_11,10_itinerary_11_7c12e80b,43,430.0,10,2025:04:17 10:38:06,2025-04-17 10:45:16,10,3,682.0,HERO13 Black,,,,,,,2.0,,Paved,,,,No,No,No
243699037,85174464,swathi@verifinity.ai,gs://sawasdee-labelstudio/annotation_frames/10_itinerary_11_frame000044.jpg,10_itinerary_11,10_itinerary_11_7c12e80b,44,440.0,10,2025:04:17 10:38:06,2025-04-17 10:45:26,10,3,682.0,HERO13 Black,,,,,3.0,,3.0,,Paved,Yes,,,No,No,No
243699038,85174547,swathi@verifinity.ai,gs://sawasdee-labelstudio/annotation_frames/10_itinerary_11_frame000045.jpg,10_itinerary_11,10_itinerary_11_7c12e80b,45,450.0,10,2025:04:17 10:38:06,2025-04-17 10:45:36,10,3,682.0,HERO13 Black,,,,,4.0,,,,Paved - Blocked,Yes,,,No,No,No
243699039,84500710,swathi@verifinity.ai,gs://sawasdee-labelstudio/annotation_frames/10_itinerary_11_frame000046.jpg,10_itinerary_11,10_itinerary_11_7c12e80b,46,460.0,10,2025:04:17 10:38:06,2025-04-17 10:45:46,10,3,682.0,HERO13 Black,,,,,6.0,,,,Paved,Yes,,,No,No,No
243699040,85174640,swathi@verifinity.ai,gs://sawasdee-labelstudio/annotation_frames/10_itinerary_11_frame000047.jpg,10_itinerary_11,10_itinerary_11_7c12e80b,47,470.0,10,2025:04:17 10:38:06,2025-04-17 10:45:56,10,3,682.0,HERO13 Black,,,,,1.0,2.0,3.0,,Paved,Yes,,,No,No,No
243699041,85174813,swathi@verifinity.ai,gs://sawasdee-labelstudio/annotation_frames/10_itinerary_11_frame000048.jpg,10_itinerary_11,10_itinerary_11_7c12e80b,48,480.0,10,2025:04:17 10:38:06,2025-04-17 10:46:06,10,3,682.0,HERO13 Black,,,,,3.0,1.0,3.0,,Paved,Yes,,,No,No,No
243699042,85175001,swathi@verifinity.ai,gs://sawasdee-labelstudio/annotation_frames/10_itinerary_11_frame000049.jpg,10_itinerary_11,10_itinerary_11_7c12e80b,49,490.0,10,2025:04:17 10:38:06,2025-04-17 10:46:16,10,3,682.0,HERO13 Black,,,,,1.0,,,,Paved,Yes,,,No,No,No
243699043,85175158,swathi@verifinity.ai,gs://sawasdee-labelstudio/annotation_frames/10_itinerary_11_frame000050.jpg,10_itinerary_11,10_itinerary_11_7c12e80b,50,500.0,10,2025:04:17 10:38:06,2025-04-17 10:46:26,10,3,682.0,HERO13 Black,,,,,3.0,,1.0,,No sidewalk,Yes,,,No,No,No
243699044,85175262,swathi@verifinity.ai,gs://sawasdee-labelstudio/annotation_frames/10_itinerary_11_frame000051.jpg,10_itinerary_11,10_itinerary_11_7c12e80b,51,510.0,10,2025:04:17 10:38:06,2025-04-17 10:46:36,10,3,682.0,HERO13 Black,,,,,5.0,2.0,,,Paved,Yes,,,No,No,No
243699045,85175320,swathi@verifinity.ai,gs://sawasdee-labelstudio/annotation_frames/10_itinerary_11_frame000052.jpg,10_itinerary_11,10_itinerary_11_7c12e80b,52,520.0,10,2025:04:17 10:38:06,2025-04-17 10:46:46,10,3,682.0,HERO13 Black,,,,,3.0,,,,Paved,Yes,,,No,No,No
243699046,85175426,swathi@verifinity.ai,gs://sawasdee-labelstudio/annotation_frames/10_itinerary_11_frame000053.jpg,10_itinerary_11,10_itinerary_11_7c12e80b,53,530.0,10,2025:04:17 10:38:06,2025-04-17 10:46:56,10,3,682.0,HERO13 Black,,,,,3.0,,6.0,1.0,Paved,Yes,,,No,No,No
243699047,85175471,swathi@verifinity.ai,gs://sawasdee-labelstudio/annotation_frames/10_itinerary_11_frame000054.jpg,10_itinerary_11,10_itinerary_11_7c12e80b,54,540.0,10,2025:04:17 10:38:06,2025-04-17 10:47:06,10,3,682.0,HERO13 Black,,,,,2.0,,,,Paved,Yes,,,No,No,No
243699048,85175515,swathi@verifinity.ai,gs://sawasdee-labelstudio/annotation_frames/10_itinerary_11_frame000055.jpg,10_itinerary_11,10_itinerary_11_7c12e80b,55,550.0,10,2025:04:17 10:38:06,2025-04-17 10:47:16,10,3,682.0,HERO13 Black,,,,,2.0,,,,,Yes,,,Yes,No,No
243699049,84519888,swathi@verifinity.ai,gs://sawasdee-labelstudio/annotation_frames/10_itinerary_11_frame000056.jpg,10_itinerary_11,10_itinerary_11_7c12e80b,56,560.0,10,2025:04:17 10:38:06,2025-04-17 10:47:26,10,3,682.0,HERO13 Black,,,,,2.0,,1.0,,,Yes,,,No,No,No
243699050,84640303,swathi@verifinity.ai,gs://sawasdee-labelstudio/annotation_frames/10_itinerary_11_frame000057.jpg,10_itinerary_11,10_itinerary_11_7c12e80b,57,570.0,10,2025:04:17 10:38:06,2025-04-17 10:47:36,10,3,682.0,HERO13 Black,,,,,4.0,,,,,,,,No,No,No
243699051,85175634,swathi@verifinity.ai,gs://sawasdee-labelstudio/annotation_frames/10_itinerary_11_frame000058.jpg,10_itinerary_11,10_itinerary_11_7c12e80b,58,580.0,10,2025:04:17 10:38:06,2025-04-17 10:47:46,10,3,682.0,HERO13 Black,,,,,5.0,,2.0,,Paved,Yes,,,No,No,No
243699053,85176346,swathi@verifinity.ai,gs://sawasdee-labelstudio/annotation_frames/10_itinerary_11_frame000060.jpg,10_itinerary_11,10_itinerary_11_7c12e80b,60,600.0,10,2025:04:17 10:38:06,2025-04-17 10:48:06,10,3,682.0,HERO13 Black,,,,,4.0,,2.0,,Paved,Yes,,,No,No,No
243699054,85176424,swathi@verifinity.ai,gs://sawasdee-labelstudio/annotation_frames/10_itinerary_11_frame000061.jpg,10_itinerary_11,10_itinerary_11_7c12e80b,61,610.0,10,2025:04:17 10:38:06,2025-04-17 10:48:16,10,3,682.0,HERO13 Black,,,,,3.0,,1.0,,Paved,,,,No,No,No
243699055,85178304,swathi@verifinity.ai,gs://sawasdee-labelstudio/annotation_frames/10_itinerary_11_frame000062.jpg,10_itinerary_11,10_itinerary_11_7c12e80b,62,620.0,10,2025:04:17 10:38:06,2025-04-17 10:48:26,10,3,682.0,HERO13 Black,,,,,7.0,1.0,2.0,,Paved,Yes,,,Yes,No,No
243699056,85178363,swathi@verifinity.ai,gs://sawasdee-labelstudio/annotation_frames/10_itinerary_11_frame000063.jpg,10_itinerary_11,10_itinerary_11_7c12e80b,63,630.0,10,2025:04:17 10:38:06,2025-04-17 10:48:36,10,3,682.0,HERO13 Black,,,,,5.0,,1.0,,Paved,Yes,,,No,No,No
243699057,85178578,swathi@verifinity.ai,gs://sawasdee-labelstudio/annotation_frames/10_itinerary_11_frame000064.jpg,10_itinerary_11,10_itinerary_11_7c12e80b,64,640.0,10,2025:04:17 10:38:06,2025-04-17 10:48:46,10,3,682.0,HERO13 Black,,,,,2.0,4.0,2.0,,Paved,Yes,,,No,No,No
243699058,85178980,swathi@verifinity.ai,gs://sawasdee-labelstudio/annotation_frames/10_itinerary_11_frame000065.jpg,10_itinerary_11,10_itinerary_11_7c12e80b,65,650.0,10,2025:04:17 10:38:06,2025-04-17 10:48:56,10,3,682.0,HERO13 Black,,,,,4.0,1.0,2.0,,Paved,Yes,,,Yes,No,No
243699059,85179193,swathi@verifinity.ai,gs://sawasdee-labelstudio/annotation_frames/10_itinerary_11_frame000066.jpg,10_itinerary_11,10_itinerary_11_7c12e80b,66,660.0,10,2025:04:17 10:38:06,2025-04-17 10:49:06,10,3,682.0,HERO13 Black,,,,,2.0,,1.0,,,Yes,,,No,No,No
243699060,84646913,swathi@verifinity.ai,gs://sawasdee-labelstudio/annotation_frames/10_itinerary_11_frame000067.jpg,10_itinerary_11,10_itinerary_11_7c12e80b,67,670.0,10,2025:04:17 10:38:06,2025-04-17 10:49:16,10,3,682.0,HERO13 Black,,,,,1.0,,,,Paved,Yes,,,No,No,No
243699061,85179877,swathi@verifinity.ai,gs://sawasdee-labelstudio/annotation_frames/10_itinerary_12_frame000000.jpg,10_itinerary_12,10_itinerary_12_c70b6c34,0,0.0,10,2025:04:17 11:07:49,2025-04-17 11:07:49,11,3,1160.0,HERO13 Black,18.963980555555555,72.81843333333333,13.15,0.0,4.0,,3.0,,,Yes,,,No,No,No
243699062,85179992,swathi@verifinity.ai,gs://sawasdee-labelstudio/annotation_frames/10_itinerary_12_frame000001.jpg,10_itinerary_12,10_itinerary_12_c70b6c34,1,10.0,10,2025:04:17 11:07:49,2025-04-17 11:07:59,11,3,1160.0,HERO13 Black,18.964069444444444,72.81898055555556,12.357,0.0,2.0,,2.0,,Paved,Yes,,,No,No,No
243699063,85180096,swathi@verifinity.ai,gs://sawasdee-labelstudio/annotation_frames/10_itinerary_12_frame000002.jpg,10_itinerary_12,10_itinerary_12_c70b6c34,2,20.0,10,2025:04:17 11:07:49,2025-04-17 11:08:09,11,3,1160.0,HERO13 Black,18.96423888888889,72.81941388888889,15.015,0.0,6.0,,3.0,,Paved,Yes,,,No,No,No
243699064,85182446,swathi@verifinity.ai,gs://sawasdee-labelstudio/annotation_frames/10_itinerary_12_frame000003.jpg,10_itinerary_12,10_itinerary_12_c70b6c34,3,30.0,10,2025:04:17 11:07:49,2025-04-17 11:08:19,11,3,1160.0,HERO13 Black,18.964391666666668,72.81979444444444,13.874,0.0,4.0,,1.0,,Paved,Yes,,,No,No,No
243699065,85182504,swathi@verifinity.ai,gs://sawasdee-labelstudio/annotation_frames/10_itinerary_12_frame000004.jpg,10_itinerary_12,10_itinerary_12_c70b6c34,4,40.0,10,2025:04:17 11:07:49,2025-04-17 11:08:29,11,3,1160.0,HERO13 Black,18.96458611111111,72.82004722222221,13.321,0.0,7.0,,,,Paved,Yes,,,No,No,No
243699066,85182643,swathi@verifinity.ai,gs://sawasdee-labelstudio/annotation_frames/10_itinerary_12_frame000005.jpg,10_itinerary_12,10_itinerary_12_c70b6c34,5,50.0,10,2025:04:17 11:07:49,2025-04-17 11:08:39,11,3,1160.0,HERO13 Black,18.96462777777778,72.82018888888888,13.147,0.0,7.0,,6.0,4.0,Paved,Yes,,,No,No,No
243699067,85182820,swathi@verifinity.ai,gs://sawasdee-labelstudio/annotation_frames/10_itinerary_12_frame000006.jpg,10_itinerary_12,10_itinerary_12_c70b6c34,6,60.0,10,2025:04:17 11:07:49,2025-04-17 11:08:49,11,3,1160.0,HERO13 Black,18.964694444444444,72.82052499999999,12.916,0.0,4.0,,3.0,3.0,Paved,Yes,,,No,No,No
243699068,85182924,swathi@verifinity.ai,gs://sawasdee-labelstudio/annotation_frames/10_itinerary_12_frame000007.jpg,10_itinerary_12,10_itinerary_12_c70b6c34,7,70.0,10,2025:04:17 11:07:49,2025-04-17 11:08:59,11,3,1160.0,HERO13 Black,18.96483611111111,72.82095277777778,12.747,0.0,2.0,,11.0,5.0,,Yes,,,No,No,No
243699069,84375549,swathi@verifinity.ai,gs://sawasdee-labelstudio/annotation_frames/10_itinerary_12_frame000008.jpg,10_itinerary_12,10_itinerary_12_c70b6c34,8,80.0,10,2025:04:17 11:07:49,2025-04-17 11:09:09,11,3,1160.0,HERO13 Black,18.96476111111111,72.82080555555555,10.65,0.0,7.0,1.0,7.0,2.0,Paved - Blocked,Yes,,,No,No,Yes
243699070,85182962,swathi@verifinity.ai,gs://sawasdee-labelstudio/annotation_frames/10_itinerary_12_frame000009.jpg,10_itinerary_12,10_itinerary_12_c70b6c34,9,90.0,10,2025:04:17 11:07:49,2025-04-17 11:09:19,11,3,1160.0,HERO13 Black,18.96459722222222,72.82041944444444,10.655,0.0,,,,,Paved,Yes,,,No,No,No
243699071,85183091,swathi@verifinity.ai,gs://sawasdee-labelstudio/annotation_frames/10_itinerary_12_frame000010.jpg,10_itinerary_12,10_itinerary_12_c70b6c34,10,100.0,10,2025:04:17 11:07:49,2025-04-17 11:09:29,11,3,1160.0,HERO13 Black,18.964327777777775,72.82022777777777,9.445,0.0,4.0,1.0,2.0,2.0,,Yes,,,No,No,No
243699072,84544867,swathi@verifinity.ai,gs://sawasdee-labelstudio/annotation_frames/10_itinerary_12_frame000011.jpg,10_itinerary_12,10_itinerary_12_c70b6c34,11,110.0,10,2025:04:17 11:07:49,2025-04-17 11:09:39,11,3,1160.0,HERO13 Black,18.96404722222222,72.82008333333333,10.301,0.0,6.0,1.0,7.0,,Paved,Yes,,,No,No,No
243699073,85183174,swathi@verifinity.ai,gs://sawasdee-labelstudio/annotation_frames/10_itinerary_12_frame000012.jpg,10_itinerary_12,10_itinerary_12_c70b6c34,12,120.0,10,2025:04:17 11:07:49,2025-04-17 11:09:49,11,3,1160.0,HERO13 Black,18.96396111111111,72.82005555555556,9.766,0.0,1.0,,4.0,,Paved,Yes,,,No,No,No
243699074,85183248,swathi@verifinity.ai,gs://sawasdee-labelstudio/annotation_frames/10_itinerary_12_frame000013.jpg,10_itinerary_12,10_itinerary_12_c70b6c34,13,130.0,10,2025:04:17 11:07:49,2025-04-17 11:09:59,11,3,1160.0,HERO13 Black,18.963916666666666,72.82002777777777,9.089,0.0,9.0,,2.0,,,Yes,,,Yes,No,No
243699075,85183318,swathi@verifinity.ai,gs://sawasdee-labelstudio/annotation_frames/10_itinerary_12_frame000014.jpg,10_itinerary_12,10_itinerary_12_c70b6c34,14,140.0,10,2025:04:17 11:07:49,2025-04-17 11:10:09,11,3,1160.0,HERO13 Black,18.963880555555555,72.81999722222221,8.857,0.0,11.0,2.0,2.0,,,Yes,,,No,No,No
243699076,85183384,swathi@verifinity.ai,gs://sawasdee-labelstudio/annotation_frames/10_itinerary_12_frame000015.jpg,10_itinerary_12,10_itinerary_12_c70b6c34,15,150.0,10,2025:04:17 11:07:49,2025-04-17 11:10:19,11,3,1160.0,HERO13 Black,18.963544444444445,72.819975,9.986,0.0,11.0,,2.0,,Paved,Yes,,,No,No,No
243699077,85183462,swathi@verifinity.ai,gs://sawasdee-labelstudio/annotation_frames/10_itinerary_12_frame000016.jpg,10_itinerary_12,10_itinerary_12_c70b6c34,16,160.0,10,2025:04:17 11:07:49,2025-04-17 11:10:29,11,3,1160.0,HERO13 Black,18.963124999999998,72.81995555555555,10.611,0.0,10.0,,,,,Yes,,,No,No,Yes
243699078,85183589,swathi@verifinity.ai,gs://sawasdee-labelstudio/annotation_frames/10_itinerary_12_frame000017.jpg,10_itinerary_12,10_itinerary_12_c70b6c34,17,170.0,10,2025:04:17 11:07:49,2025-04-17 11:10:39,11,3,1160.0,HERO13 Black,18.96254722222222,72.81994166666667,11.644,0.0,9.0,,2.0,,Paved,Yes,,,No,No,No
243699079,85183645,swathi@verifinity.ai,gs://sawasdee-labelstudio/annotation_frames/10_itinerary_12_frame000018.jpg,10_itinerary_12,10_itinerary_12_c70b6c34,18,180.0,10,2025:04:17 11:07:49,2025-04-17 11:10:49,11,3,1160.0,HERO13 Black,18.962113888888886,72.81995277777777,12.701,0.0,1.0,,3.0,,,Yes,,,No,No,No
243699080,84618183,swathi@verifinity.ai,gs://sawasdee-labelstudio/annotation_frames/10_itinerary_12_frame000019.jpg,10_itinerary_12,10_itinerary_12_c70b6c34,19,190.0,10,2025:04:17 11:07:49,2025-04-17 11:10:59,11,3,1160.0,HERO13 Black,18.96211111111111,72.81995833333333,14.534,0.0,7.0,,1.0,,Paved,Yes,,,No,No,No
243699081,85183723,swathi@verifinity.ai,gs://sawasdee-labelstudio/annotation_frames/10_itinerary_12_frame000020.jpg,10_itinerary_12,10_itinerary_12_c70b6c34,20,200.0,10,2025:04:17 11:07:49,2025-04-17 11:11:09,11,3,1160.0,HERO13 Black,18.962105555555556,72.81996666666666,15.226,0.0,6.0,,5.0,,Paved,Yes,,,No,No,No
243699082,85183819,swathi@verifinity.ai,gs://sawasdee-labelstudio/annotation_frames/10_itinerary_12_frame000021.jpg,10_itinerary_12,10_itinerary_12_c70b6c34,21,210.0,10,2025:04:17 11:07:49,2025-04-17 11:11:19,11,3,1160.0,HERO13 Black,18.962097222222223,72.81996666666666,15.319,0.0,6.0,1.0,9.0,1.0,Paved,Yes,,,No,No,No
243699083,84369417,swathi@verifinity.ai,gs://sawasdee-labelstudio/annotation_frames/10_itinerary_12_frame000022.jpg,10_itinerary_12,10_itinerary_12_c70b6c34,22,220.0,10,2025:04:17 11:07:49,2025-04-17 11:11:29,11,3,1160.0,HERO13 Black,18.962077777777775,72.81996388888888,15.632,0.0,,,6.0,2.0,,,,,No,No,No
243699084,85183876,swathi@verifinity.ai,gs://sawasdee-labelstudio/annotation_frames/10_itinerary_12_frame000023.jpg,10_itinerary_12,10_itinerary_12_c70b6c34,23,230.0,10,2025:04:17 11:07:49,2025-04-17 11:11:39,11,3,1160.0,HERO13 Black,18.96206388888889,72.81995555555555,15.693,0.0,4.0,,4.0,,,,,,No,No,No
243699085,85183915,swathi@verifinity.ai,gs://sawasdee-labelstudio/annotation_frames/10_itinerary_12_frame000024.jpg,10_itinerary_12,10_itinerary_12_c70b6c34,24,240.0,10,2025:04:17 11:07:49,2025-04-17 11:11:49,11,3,1160.0,HERO13 Black,18.962097222222223,72.81995555555555,11.011,0.0,1.0,,7.0,,,,,,No,No,No
243699086,85183989,swathi@verifinity.ai,gs://sawasdee-labelstudio/annotation_frames/10_itinerary_12_frame000025.jpg,10_itinerary_12,10_itinerary_12_c70b6c34,25,250.0,10,2025:04:17 11:07:49,2025-04-17 11:11:59,11,3,1160.0,HERO13 Black,18.962080555555556,72.81995277777777,9.726,0.0,11.0,,5.0,,,,,,No,No,No
243699088,84290826,swathi@verifinity.ai,gs://sawasdee-labelstudio/annotation_frames/10_itinerary_12_frame000026.jpg,10_itinerary_12,10_itinerary_12_c70b6c34,26,260.0,10,2025:04:17 11:07:49,2025-04-17 11:12:09,11,3,1160.0,HERO13 Black,18.962030555555554,72.81995555555555,5.542,0.0,5.0,,5.0,,,,,,No,No,No
243699089,85184093,swathi@verifinity.ai,gs://sawasdee-labelstudio/annotation_frames/10_itinerary_12_frame000027.jpg,10_itinerary_12,10_itinerary_12_c70b6c34,27,270.0,10,2025:04:17 11:07:49,2025-04-17 11:12:19,11,3,1160.0,HERO13 Black,18.96183333333333,72.81985555555555,6.308,0.0,9.0,2.0,5.0,,,,,,No,No,No
243699090,84297456,swathi@verifinity.ai,gs://sawasdee-labelstudio/annotation_frames/10_itinerary_12_frame000028.jpg,10_itinerary_12,10_itinerary_12_c70b6c34,28,280.0,10,2025:04:17 11:07:49,2025-04-17 11:12:29,11,3,1160.0,HERO13 Black,18.96184722222222,72.81925277777778,7.645,0.0,1.0,,,,,,,,No,No,No
243699091,85184126,swathi@verifinity.ai,gs://sawasdee-labelstudio/annotation_frames/10_itinerary_12_frame000029.jpg,10_itinerary_12,10_itinerary_12_c70b6c34,29,290.0,10,2025:04:17 11:07:49,2025-04-17 11:12:39,11,3,1160.0,HERO13 Black,18.961869444444442,72.81850277777778,8.768,0.0,1.0,,1.0,,No sidewalk,,,,No,No,No
243699092,85184155,swathi@verifinity.ai,gs://sawasdee-labelstudio/annotation_frames/10_itinerary_12_frame000030.jpg,10_itinerary_12,10_itinerary_12_c70b6c34,30,300.0,10,2025:04:17 11:07:49,2025-04-17 11:12:49,11,3,1160.0,HERO13 Black,18.961869444444442,72.81784444444445,9.699,0.0,,1.0,1.0,,No sidewalk,,,,No,No,No
243699093,85184184,swathi@verifinity.ai,gs://sawasdee-labelstudio/annotation_frames/10_itinerary_12_frame000031.jpg,10_itinerary_12,10_itinerary_12_c70b6c34,31,310.0,10,2025:04:17 11:07:49,2025-04-17 11:12:59,11,3,1160.0,HERO13 Black,18.961894444444443,72.81756388888888,9.652,0.0,1.0,,1.0,,No sidewalk,,,,No,No,No
243699094,85184266,swathi@verifinity.ai,gs://sawasdee-labelstudio/annotation_frames/10_itinerary_12_frame000032.jpg,10_itinerary_12,10_itinerary_12_c70b6c34,32,320.0,10,2025:04:17 11:07:49,2025-04-17 11:13:09,11,3,1160.0,HERO13 Black,18.962269444444445,72.81772777777778,10.09,0.0,10.0,,6.0,1.0,,,,,No,No,No
243699095,84289846,swathi@verifinity.ai,gs://sawasdee-labelstudio/annotation_frames/10_itinerary_12_frame000033.jpg,10_itinerary_12,10_itinerary_12_c70b6c34,33,330.0,10,2025:04:17 11:07:49,2025-04-17 11:13:19,11,3,1160.0,HERO13 Black,18.96286111111111,72.81798055555555,11.181,0.0,7.0,,2.0,,Paved,,,,No,No,No
243699096,85184356,swathi@verifinity.ai,gs://sawasdee-labelstudio/annotation_frames/10_itinerary_12_frame000034.jpg,10_itinerary_12,10_itinerary_12_c70b6c34,34,340.0,10,2025:04:17 11:07:49,2025-04-17 11:13:29,11,3,1160.0,HERO13 Black,18.96336388888889,72.81816666666666,11.805,0.0,11.0,,6.0,,,,,,No,No,No
243699097,84644420,swathi@verifinity.ai,gs://sawasdee-labelstudio/annotation_frames/10_itinerary_12_frame000035.jpg,10_itinerary_12,10_itinerary_12_c70b6c34,35,350.0,10,2025:04:17 11:07:49,2025-04-17 11:13:39,11,3,1160.0,HERO13 Black,18.963819444444443,72.81832777777777,11.456,0.0,5.0,,4.0,,,,,,No,No,No
243699098,85184415,swathi@verifinity.ai,gs://sawasdee-labelstudio/annotation_frames/10_itinerary_12_frame000036.jpg,10_itinerary_12,10_itinerary_12_c70b6c34,36,360.0,10,2025:04:17 11:07:49,2025-04-17 11:13:49,11,3,1160.0,HERO13 Black,18.963880555555555,72.81835277777778,11.86,0.0,2.0,,5.0,1.0,,Yes,,,No,No,No
243699099,85184477,swathi@verifinity.ai,gs://sawasdee-labelstudio/annotation_frames/10_itinerary_12_frame000037.jpg,10_itinerary_12,10_itinerary_12_c70b6c34,37,370.0,10,2025:04:17 11:07:49,2025-04-17 11:13:59,11,3,1160.0,HERO13 Black,18.963994444444445,72.81859166666666,15.367,0.0,1.0,,2.0,,Paved,Yes,,,No,No,No
243699100,85184579,swathi@verifinity.ai,gs://sawasdee-labelstudio/annotation_frames/10_itinerary_12_frame000038.jpg,10_itinerary_12,10_itinerary_12_c70b6c34,38,380.0,10,2025:04:17 11:07:49,2025-04-17 11:14:09,11,3,1160.0,HERO13 Black,18.964152777777777,72.81913888888889,18.834,0.0,4.0,,3.0,,Paved,,,,No,No,No
243699101,85190456,swathi@verifinity.ai,gs://sawasdee-labelstudio/annotation_frames/10_itinerary_12_frame000039.jpg,10_itinerary_12,10_itinerary_12_c70b6c34,39,390.0,10,2025:04:17 11:07:49,2025-04-17 11:14:19,11,3,1160.0,HERO13 Black,18.964325,72.81963055555555,21.196,0.0,9.0,,9.0,,Paved,Yes,,,No,No,Yes
243699102,85190600,swathi@verifinity.ai,gs://sawasdee-labelstudio/annotation_frames/10_itinerary_12_frame000040.jpg,10_itinerary_12,10_itinerary_12_c70b6c34,40,400.0,10,2025:04:17 11:07:49,2025-04-17 11:14:29,11,3,1160.0,HERO13 Black,18.964477777777777,72.81991944444444,21.261,0.0,,,2.0,,No sidewalk,Yes,,,No,No,No
243699103,85190705,swathi@verifinity.ai,gs://sawasdee-labelstudio/annotation_frames/10_itinerary_12_frame000041.jpg,10_itinerary_12,10_itinerary_12_c70b6c34,41,410.0,10,2025:04:17 11:07:49,2025-04-17 11:14:39,11,3,1160.0,HERO13 Black,18.96465,72.81997777777778,19.152,0.0,5.0,,5.0,,No sidewalk,Yes,,Yes,No,No,No
243699104,85190818,swathi@verifinity.ai,gs://sawasdee-labelstudio/annotation_frames/10_itinerary_12_frame000042.jpg,10_itinerary_12,10_itinerary_12_c70b6c34,42,420.0,10,2025:04:17 11:07:49,2025-04-17 11:14:49,11,3,1160.0,HERO13 Black,18.964983333333333,72.81970555555556,15.376,0.0,8.0,1.0,4.0,,,,,Yes,No,No,No
243699105,85019461,swathi@verifinity.ai,gs://sawasdee-labelstudio/annotation_frames/10_itinerary_12_frame000043.jpg,10_itinerary_12,10_itinerary_12_c70b6c34,43,430.0,10,2025:04:17 11:07:49,2025-04-17 11:14:59,11,3,1160.0,HERO13 Black,18.9653,72.81942222222222,14.535,0.0,1.0,,4.0,,Paved,,,,No,No,No
243699106,85190893,swathi@verifinity.ai,gs://sawasdee-labelstudio/annotation_frames/10_itinerary_12_frame000044.jpg,10_itinerary_12,10_itinerary_12_c70b6c34,44,440.0,10,2025:04:17 11:07:49,2025-04-17 11:15:09,11,3,1160.0,HERO13 Black,18.965394444444442,72.81934444444444,13.552,0.0,11.0,,1.0,3.0,Paved - Blocked,,,,No,No,No
243699107,85190923,swathi@verifinity.ai,gs://sawasdee-labelstudio/annotation_frames/10_itinerary_12_frame000045.jpg,10_itinerary_12,10_itinerary_12_c70b6c34,45,450.0,10,2025:04:17 11:07:49,2025-04-17 11:15:19,11,3,1160.0,HERO13 Black,18.96545,72.8194,12.739,0.0,5.0,,3.0,2.0,Paved - Blocked,,,,No,No,No
243699108,85191025,swathi@verifinity.ai,gs://sawasdee-labelstudio/annotation_frames/10_itinerary_12_frame000046.jpg,10_itinerary_12,10_itinerary_12_c70b6c34,46,460.0,10,2025:04:17 11:07:49,2025-04-17 11:15:29,11,3,1160.0,HERO13 Black,18.965505555555556,72.81946388888889,12.984,0.0,10.0,1.0,,,,,,,No,No,No
243699109,84999404,swathi@verifinity.ai,gs://sawasdee-labelstudio/annotation_frames/10_itinerary_12_frame000047.jpg,10_itinerary_12,10_itinerary_12_c70b6c34,47,470.0,10,2025:04:17 11:07:49,2025-04-17 11:15:39,11,3,1160.0,HERO13 Black,18.965516666666666,72.81946666666666,15.626,0.0,1.0,,,,,Yes,,,No,No,No
243699110,85191053,swathi@verifinity.ai,gs://sawasdee-labelstudio/annotation_frames/10_itinerary_12_frame000048.jpg,10_itinerary_12,10_itinerary_12_c70b6c34,48,480.0,10,2025:04:17 11:07:49,2025-04-17 11:15:49,11,3,1160.0,HERO13 Black,18.965569444444444,72.81951388888889,15.44,0.0,4.0,,4.0,1.0,,Yes,,,No,No,No
243699111,85191088,swathi@verifinity.ai,gs://sawasdee-labelstudio/annotation_frames/10_itinerary_12_frame000049.jpg,10_itinerary_12,10_itinerary_12_c70b6c34,49,490.0,10,2025:04:17 11:07:49,2025-04-17 11:15:59,11,3,1160.0,HERO13 Black,18.96558333333333,72.81953333333333,17.373,0.0,9.0,1.0,3.0,1.0,Paved,Yes,,,No,No,No
243699112,85191196,swathi@verifinity.ai,gs://sawasdee-labelstudio/annotation_frames/10_itinerary_12_frame000050.jpg,10_itinerary_12,10_itinerary_12_c70b6c34,50,500.0,10,2025:04:17 11:07:49,2025-04-17 11:16:09,11,3,1160.0,HERO13 Black,18.96561388888889,72.81953055555554,20.36,0.0,4.0,,5.0,1.0,Paved,Yes,,,No,No,No
243699113,84643894,swathi@verifinity.ai,gs://sawasdee-labelstudio/annotation_frames/10_itinerary_12_frame000051.jpg,10_itinerary_12,10_itinerary_12_c70b6c34,51,510.0,10,2025:04:17 11:07:49,2025-04-17 11:16:19,11,3,1160.0,HERO13 Black,18.965775,72.81928611111111,18.837,0.0,1.0,,,,Paved,,,,No,No,No
243699114,85191266,swathi@verifinity.ai,gs://sawasdee-labelstudio/annotation_frames/10_itinerary_12_frame000052.jpg,10_itinerary_12,10_itinerary_12_c70b6c34,52,520.0,10,2025:04:17 11:07:49,2025-04-17 11:16:29,11,3,1160.0,HERO13 Black,18.96609722222222,72.81919166666667,17.344,0.0,3.0,,,2.0,,Yes,,,No,No,No
243699115,85191295,swathi@verifinity.ai,gs://sawasdee-labelstudio/annotation_frames/10_itinerary_12_frame000053.jpg,10_itinerary_12,10_itinerary_12_c70b6c34,53,530.0,10,2025:04:17 11:07:49,2025-04-17 11:16:39,11,3,1160.0,HERO13 Black,18.966649999999998,72.81949444444444,15.057,0.0,,,1.0,,,Yes,,,No,No,No
243699116,85191319,swathi@verifinity.ai,gs://sawasdee-labelstudio/annotation_frames/10_itinerary_12_frame000054.jpg,10_itinerary_12,10_itinerary_12_c70b6c34,54,540.0,10,2025:04:17 11:07:49,2025-04-17 11:16:49,11,3,1160.0,HERO13 Black,18.967,72.81967777777777,14.726,0.0,,,2.0,,,Yes,,,No,No,No
243699117,85192025,swathi@verifinity.ai,gs://sawasdee-labelstudio/annotation_frames/10_itinerary_12_frame000055.jpg,10_itinerary_12,10_itinerary_12_c70b6c34,55,550.0,10,2025:04:17 11:07:49,2025-04-17 11:16:59,11,3,1160.0,HERO13 Black,18.96738333333333,72.819925,14.346,0.0,2.0,,4.0,3.0,Paved,,,,No,No,No
243699119,85192106,swathi@verifinity.ai,gs://sawasdee-labelstudio/annotation_frames/10_itinerary_12_frame000057.jpg,10_itinerary_12,10_itinerary_12_c70b6c34,57,570.0,10,2025:04:17 11:07:49,2025-04-17 11:17:19,11,3,1160.0,HERO13 Black,18.968549999999997,72.82055,14.825,0.0,2.0,,1.0,,Paved,,,,No,No,No
243699120,85192220,swathi@verifinity.ai,gs://sawasdee-labelstudio/annotation_frames/10_itinerary_12_frame000058.jpg,10_itinerary_12,10_itinerary_12_c70b6c34,58,580.0,10,2025:04:17 11:07:49,2025-04-17 11:17:29,11,3,1160.0,HERO13 Black,18.969016666666665,72.82073333333334,13.474,0.0,,,6.0,2.0,Paved,,,,No,No,No
243699121,85192452,swathi@verifinity.ai,gs://sawasdee-labelstudio/annotation_frames/10_itinerary_12_frame000059.jpg,10_itinerary_12,10_itinerary_12_c70b6c34,59,590.0,10,2025:04:17 11:07:49,2025-04-17 11:17:39,11,3,1160.0,HERO13 Black,18.96946111111111,72.82077777777778,12.211,0.0,3.0,,10.0,4.0,,Yes,,,No,No,No
243699122,85192552,swathi@verifinity.ai,gs://sawasdee-labelstudio/annotation_frames/10_itinerary_12_frame000060.jpg,10_itinerary_12,10_itinerary_12_c70b6c34,60,600.0,10,2025:04:17 11:07:49,2025-04-17 11:17:49,11,3,1160.0,HERO13 Black,18.96937222222222,72.82053611111111,10.579,0.0,,,7.0,,,Yes,,,No,No,No
243699123,85192642,swathi@verifinity.ai,gs://sawasdee-labelstudio/annotation_frames/10_itinerary_12_frame000061.jpg,10_itinerary_12,10_itinerary_12_c70b6c34,61,610.0,10,2025:04:17 11:07:49,2025-04-17 11:17:59,11,3,1160.0,HERO13 Black,18.969213888888888,72.82008611111111,9.492,0.0,6.0,,3.0,,,Yes,,,No,No,No
243699124,85192783,swathi@verifinity.ai,gs://sawasdee-labelstudio/annotation_frames/10_itinerary_12_frame000062.jpg,10_itinerary_12,10_itinerary_12_c70b6c34,62,620.0,10,2025:04:17 11:07:49,2025-04-17 11:18:09,11,3,1160.0,HERO13 Black,18.96956388888889,72.81998333333333,9.866,0.0,3.0,2.0,4.0,1.0,No sidewalk,Yes,,,No,No,No
243699125,84383796,swathi@verifinity.ai,gs://sawasdee-labelstudio/annotation_frames/10_itinerary_12_frame000063.jpg,10_itinerary_12,10_itinerary_12_c70b6c34,63,630.0,10,2025:04:17 11:07:49,2025-04-17 11:18:19,11,3,1160.0,HERO13 Black,18.969997222222222,72.81995833333333,10.237,0.0,3.0,,8.0,,No sidewalk,,,,No,No,No
243699126,85192831,swathi@verifinity.ai,gs://sawasdee-labelstudio/annotation_frames/10_itinerary_12_frame000064.jpg,10_itinerary_12,10_itinerary_12_c70b6c34,64,640.0,10,2025:04:17 11:07:49,2025-04-17 11:18:29,11,3,1160.0,HERO13 Black,18.970455555555553,72.81994999999999,10.335,0.0,6.0,1.0,4.0,,No sidewalk,,Yes,,No,No,No
243699127,85192885,swathi@verifinity.ai,gs://sawasdee-labelstudio/annotation_frames/10_itinerary_12_frame000065.jpg,10_itinerary_12,10_itinerary_12_c70b6c34,65,650.0,10,2025:04:17 11:07:49,2025-04-17 11:18:39,11,3,1160.0,HERO13 Black,18.971041666666665,72.82000277777777,7.212,0.0,6.0,1.0,4.0,1.0,No sidewalk,,,,No,No,No
243699128,85192967,swathi@verifinity.ai,gs://sawasdee-labelstudio/annotation_frames/10_itinerary_12_frame000066.jpg,10_itinerary_12,10_itinerary_12_c70b6c34,66,660.0,10,2025:04:17 11:07:49,2025-04-17 11:18:49,11,3,1160.0,HERO13 Black,18.971705555555555,72.82007777777777,4.986,0.0,2.0,,3.0,1.0,Paved,,,,No,No,No
243699129,85193019,swathi@verifinity.ai,gs://sawasdee-labelstudio/annotation_frames/10_itinerary_12_frame000067.jpg,10_itinerary_12,10_itinerary_12_c70b6c34,67,670.0,10,2025:04:17 11:07:49,2025-04-17 11:18:59,11,3,1160.0,HERO13 Black,18.97225,72.82016944444445,3.965,0.0,,1.0,,,Paved,,,,No,No,No
243699130,85193056,swathi@verifinity.ai,gs://sawasdee-labelstudio/annotation_frames/10_itinerary_12_frame000068.jpg,10_itinerary_12,10_itinerary_12_c70b6c34,68,680.0,10,2025:04:17 11:07:49,2025-04-17 11:19:09,11,3,1160.0,HERO13 Black,18.972241666666665,72.82068888888888,5.007,0.0,4.0,,4.0,,,,,,No,No,No
243699131,85193090,swathi@verifinity.ai,gs://sawasdee-labelstudio/annotation_frames/10_itinerary_12_frame000069.jpg,10_itinerary_12,10_itinerary_12_c70b6c34,69,690.0,10,2025:04:17 11:07:49,2025-04-17 11:19:19,11,3,1160.0,HERO13 Black,18.97212222222222,72.82110555555555,6.425,0.0,3.0,,3.0,,,Yes,,,No,No,No
243699132,85193228,swathi@verifinity.ai,gs://sawasdee-labelstudio/annotation_frames/10_itinerary_12_frame000070.jpg,10_itinerary_12,10_itinerary_12_c70b6c34,70,700.0,10,2025:04:17 11:07:49,2025-04-17 11:19:29,11,3,1160.0,HERO13 Black,18.972088888888887,72.82125555555555,6.825,0.0,11.0,,4.0,,,,,Yes,No,No,No
243699133,85193272,swathi@verifinity.ai,gs://sawasdee-labelstudio/annotation_frames/10_itinerary_12_frame000071.jpg,10_itinerary_12,10_itinerary_12_c70b6c34,71,710.0,10,2025:04:17 11:07:49,2025-04-17 11:19:39,11,3,1160.0,HERO13 Black,18.972069444444443,72.82138611111111,7.155,0.0,2.0,1.0,3.0,,,,,,No,No,No
243699134,84295673,swathi@verifinity.ai,gs://sawasdee-labelstudio/annotation_frames/10_itinerary_12_frame000072.jpg,10_itinerary_12,10_itinerary_12_c70b6c34,72,720.0,10,2025:04:17 11:07:49,2025-04-17 11:19:49,11,3,1160.0,HERO13 Black,18.972044444444442,72.82146388888889,7.2985,0.1,,,5.0,,,Yes,,,No,No,No
243699135,85193358,swathi@verifinity.ai,gs://sawasdee-labelstudio/annotation_frames/10_itinerary_12_frame000073.jpg,10_itinerary_12,10_itinerary_12_c70b6c34,73,730.0,10,2025:04:17 11:07:49,2025-04-17 11:19:59,11,3,1160.0,HERO13 Black,18.97199722222222,72.82158472222221,9.169,0.1,6.0,,2.0,,,,,,No,No,No
243699136,85193433,swathi@verifinity.ai,gs://sawasdee-labelstudio/annotation_frames/10_itinerary_12_frame000074.jpg,10_itinerary_12,10_itinerary_12_c70b6c34,74,740.0,10,2025:04:17 11:07:49,2025-04-17 11:20:09,11,3,1160.0,HERO13 Black,18.971952777777776,72.82168333333333,10.1795,0.1,,2.0,4.0,,,,,,No,No,No
243699137,85193572,swathi@verifinity.ai,gs://sawasdee-labelstudio/annotation_frames/10_itinerary_12_frame000075.jpg,10_itinerary_12,10_itinerary_12_c70b6c34,75,750.0,10,2025:04:17 11:07:49,2025-04-17 11:20:19,11,3,1160.0,HERO13 Black,18.971944444444443,72.82168055555555,11.24,0.1,5.0,3.0,5.0,1.0,,Yes,,,Yes,No,No
243699138,85193616,swathi@verifinity.ai,gs://sawasdee-labelstudio/annotation_frames/10_itinerary_12_frame000076.jpg,10_itinerary_12,10_itinerary_12_c70b6c34,76,760.0,10,2025:04:17 11:07:49,2025-04-17 11:20:29,11,3,1160.0,HERO13 Black,18.971938888888886,72.8216861111111,10.889,0.1,1.0,,1.0,,Paved,Yes,,,No,No,No
243699139,85193662,swathi@verifinity.ai,gs://sawasdee-labelstudio/annotation_frames/10_itinerary_12_frame000077.jpg,10_itinerary_12,10_itinerary_12_c70b6c34,77,770.0,10,2025:04:17 11:07:49,2025-04-17 11:20:39,11,3,1160.0,HERO13 Black,18.971725,72.82169305555556,10.7405,0.1,,,1.0,,,Yes,,,No,No,No
243699140,85193761,swathi@verifinity.ai,gs://sawasdee-labelstudio/annotation_frames/10_itinerary_12_frame000078.jpg,10_itinerary_12,10_itinerary_12_c70b6c34,78,780.0,10,2025:04:17 11:07:49,2025-04-17 11:20:49,11,3,1160.0,HERO13 Black,18.971272166666665,72.82157359722221,10.308665,0.099,4.0,,11.0,,,Yes,,,No,No,No
243699141,85193853,swathi@verifinity.ai,gs://sawasdee-labelstudio/annotation_frames/10_itinerary_12_frame000079.jpg,10_itinerary_12,10_itinerary_12_c70b6c34,79,790.0,10,2025:04:17 11:07:49,2025-04-17 11:20:59,11,3,1160.0,HERO13 Black,18.970683277777777,72.82141804166666,10.575585,0.099,5.0,,7.0,,,,,,No,No,No
243699145,85193962,swathi@verifinity.ai,gs://sawasdee-labelstudio/annotation_frames/10_itinerary_12_frame000082.jpg,10_itinerary_12,10_itinerary_12_c70b6c34,82,820.0,10,2025:04:17 11:07:49,2025-04-17 11:21:29,11,3,1160.0,HERO13 Black,18.969280555555553,72.82093333333333,11.226,0.0,,,5.0,,,,,,No,No,No
243699146,84379427,swathi@verifinity.ai,gs://sawasdee-labelstudio/annotation_frames/10_itinerary_12_frame000083.jpg,10_itinerary_12,10_itinerary_12_c70b6c34,83,830.0,10,2025:04:17 11:07:49,2025-04-17 11:21:39,11,3,1160.0,HERO13 Black,18.96897222222222,72.820825,11.421,2.601,4.0,,1.0,,Paved,Yes,,,No,No,No
243699147,85194022,swathi@verifinity.ai,gs://sawasdee-labelstudio/annotation_frames/10_itinerary_12_frame000084.jpg,10_itinerary_12,10_itinerary_12_c70b6c34,84,840.0,10,2025:04:17 11:07:49,2025-04-17 11:21:49,11,3,1160.0,HERO13 Black,18.96897222222222,72.820825,11.421,12.601,2.0,2.0,8.0,,Paved,,,,No,No,No
243699148,85194077,swathi@verifinity.ai,gs://sawasdee-labelstudio/annotation_frames/10_itinerary_12_frame000085.jpg,10_itinerary_12,10_itinerary_12_c70b6c34,85,850.0,10,2025:04:17 11:07:49,2025-04-17 11:21:59,11,3,1160.0,HERO13 Black,18.96897222222222,72.820825,11.421,22.601,4.0,,4.0,,Paved - Blocked,Yes,,,No,No,No
243699149,85194153,swathi@verifinity.ai,gs://sawasdee-labelstudio/annotation_frames/10_itinerary_12_frame000086.jpg,10_itinerary_12,10_itinerary_12_c70b6c34,86,860.0,10,2025:04:17 11:07:49,2025-04-17 11:22:09,11,3,1160.0,HERO13 Black,,,,,4.0,,6.0,2.0,,Yes,,,No,No,No
243699150,84541713,swathi@verifinity.ai,gs://sawasdee-labelstudio/annotation_frames/10_itinerary_12_frame000087.jpg,10_itinerary_12,10_itinerary_12_c70b6c34,87,870.0,10,2025:04:17 11:07:49,2025-04-17 11:22:19,11,3,1160.0,HERO13 Black,,,,,3.0,,2.0,1.0,No sidewalk,Yes,,,No,No,No
243699151,85194204,swathi@verifinity.ai,gs://sawasdee-labelstudio/annotation_frames/10_itinerary_12_frame000088.jpg,10_itinerary_12,10_itinerary_12_c70b6c34,88,880.0,10,2025:04:17 11:07:49,2025-04-17 11:22:29,11,3,1160.0,HERO13 Black,,,,,1.0,1.0,6.0,1.0,,Yes,,,No,No,No
243699152,85194288,swathi@verifinity.ai,gs://sawasdee-labelstudio/annotation_frames/10_itinerary_12_frame000089.jpg,10_itinerary_12,10_itinerary_12_c70b6c34,89,890.0,10,2025:04:17 11:07:49,2025-04-17 11:22:39,11,3,1160.0,HERO13 Black,,,,,11.0,1.0,3.0,,No sidewalk,,,,No,No,No
243699153,85194377,swathi@verifinity.ai,gs://sawasdee-labelstudio/annotation_frames/10_itinerary_12_frame000090.jpg,10_itinerary_12,10_itinerary_12_c70b6c34,90,900.0,10,2025:04:17 11:07:49,2025-04-17 11:22:49,11,3,1160.0,HERO13 Black,,,,,8.0,2.0,6.0,,,,,,No,No,No
243699154,85194446,swathi@verifinity.ai,gs://sawasdee-labelstudio/annotation_frames/10_itinerary_12_frame000091.jpg,10_itinerary_12,10_itinerary_12_c70b6c34,91,910.0,10,2025:04:17 11:07:49,2025-04-17 11:22:59,11,3,1160.0,HERO13 Black,,,,,11.0,,5.0,,,,,,No,No,Yes
243699155,85194496,swathi@verifinity.ai,gs://sawasdee-labelstudio/annotation_frames/10_itinerary_12_frame000092.jpg,10_itinerary_12,10_itinerary_12_c70b6c34,92,920.0,10,2025:04:17 11:07:49,2025-04-17 11:23:09,11,3,1160.0,HERO13 Black,,,,,11.0,2.0,,,No sidewalk,,,,No,Yes,No
243699156,84262282,swathi@verifinity.ai,gs://sawasdee-labelstudio/annotation_frames/10_itinerary_12_frame000093.jpg,10_itinerary_12,10_itinerary_12_c70b6c34,93,930.0,10,2025:04:17 11:07:49,2025-04-17 11:23:19,11,3,1160.0,HERO13 Black,,,,,3.0,,,,Paved,Yes,,Yes,No,No,No
243699157,84640989,swathi@verifinity.ai,gs://sawasdee-labelstudio/annotation_frames/10_itinerary_12_frame000094.jpg,10_itinerary_12,10_itinerary_12_c70b6c34,94,940.0,10,2025:04:17 11:07:49,2025-04-17 11:23:29,11,3,1160.0,HERO13 Black,,,,,11.0,1.0,,,,,,,No,Yes,No
243699158,85194535,swathi@verifinity.ai,gs://sawasdee-labelstudio/annotation_frames/10_itinerary_12_frame000095.jpg,10_itinerary_12,10_itinerary_12_c70b6c34,95,950.0,10,2025:04:17 11:07:49,2025-04-17 11:23:39,11,3,1160.0,HERO13 Black,,,,,11.0,5.0,,,No sidewalk,,,,No,Yes,No
243699159,84644913,swathi@verifinity.ai,gs://sawasdee-labelstudio/annotation_frames/10_itinerary_12_frame000096.jpg,10_itinerary_12,10_itinerary_12_c70b6c34,96,960.0,10,2025:04:17 11:07:49,2025-04-17 11:23:49,11,3,1160.0,HERO13 Black,,,,,7.0,1.0,,,,Yes,,,No,Yes,No
243699160,84521458,swathi@verifinity.ai,gs://sawasdee-labelstudio/annotation_frames/10_itinerary_12_frame000097.jpg,10_itinerary_12,10_itinerary_12_c70b6c34,97,970.0,10,2025:04:17 11:07:49,2025-04-17 11:23:59,11,3,1160.0,HERO13 Black,,,,,5.0,3.0,2.0,,Paved,Yes,,,No,No,No
243699161,85194574,swathi@verifinity.ai,gs://sawasdee-labelstudio/annotation_frames/10_itinerary_12_frame000098.jpg,10_itinerary_12,10_itinerary_12_c70b6c34,98,980.0,10,2025:04:17 11:07:49,2025-04-17 11:24:09,11,3,1160.0,HERO13 Black,,,,,3.0,,1.0,,Paved,Yes,,,No,Yes,No
243699162,85194625,swathi@verifinity.ai,gs://sawasdee-labelstudio/annotation_frames/10_itinerary_12_frame000099.jpg,10_itinerary_12,10_itinerary_12_c70b6c34,99,990.0,10,2025:04:17 11:07:49,2025-04-17 11:24:19,11,3,1160.0,HERO13 Black,,,,,11.0,,1.0,,Paved,,,,No,Yes,No
243699163,84525103,swathi@verifinity.ai,gs://sawasdee-labelstudio/annotation_frames/10_itinerary_12_frame000100.jpg,10_itinerary_12,10_itinerary_12_c70b6c34,100,1000.0,10,2025:04:17 11:07:49,2025-04-17 11:24:29,11,3,1160.0,HERO13 Black,,,,,5.0,2.0,4.0,,Paved,,,,No,No,No
243699164,85194689,swathi@verifinity.ai,gs://sawasdee-labelstudio/annotation_frames/10_itinerary_12_frame000101.jpg,10_itinerary_12,10_itinerary_12_c70b6c34,101,1010.0,10,2025:04:17 11:07:49,2025-04-17 11:24:39,11,3,1160.0,HERO13 Black,,,,,6.0,1.0,1.0,,Paved,,,Yes,No,No,No
243699165,85194739,swathi@verifinity.ai,gs://sawasdee-labelstudio/annotation_frames/10_itinerary_12_frame000102.jpg,10_itinerary_12,10_itinerary_12_c70b6c34,102,1020.0,10,2025:04:17 11:07:49,2025-04-17 11:24:49,11,3,1160.0,HERO13 Black,,,,,11.0,5.0,1.0,,Paved,,,,No,No,No
243699166,84611943,swathi@verifinity.ai,gs://sawasdee-labelstudio/annotation_frames/10_itinerary_12_frame000103.jpg,10_itinerary_12,10_itinerary_12_c70b6c34,103,1030.0,10,2025:04:17 11:07:49,2025-04-17 11:24:59,11,3,1160.0,HERO13 Black,,,,,4.0,2.0,,,No sidewalk,,,,No,No,No
243699167,85194776,swathi@verifinity.ai,gs://sawasdee-labelstudio/annotation_frames/10_itinerary_12_frame000104.jpg,10_itinerary_12,10_itinerary_12_c70b6c34,104,1040.0,10,2025:04:17 11:07:49,2025-04-17 11:25:09,11,3,1160.0,HERO13 Black,,,,,2.0,7.0,,,,,,,No,No,No
243699168,85194805,swathi@verifinity.ai,gs://sawasdee-labelstudio/annotation_frames/10_itinerary_12_frame000105.jpg,10_itinerary_12,10_itinerary_12_c70b6c34,105,1050.0,10,2025:04:17 11:07:49,2025-04-17 11:25:19,11,3,1160.0,HERO13 Black,,,,,3.0,4.0,,,,,,Yes,No,No,No
243699169,85194895,swathi@verifinity.ai,gs://sawasdee-labelstudio/annotation_frames/10_itinerary_12_frame000106.jpg,10_itinerary_12,10_itinerary_12_c70b6c34,106,1060.0,10,2025:04:17 11:07:49,2025-04-17 11:25:29,11,3,1160.0,HERO13 Black,,,,,3.0,,3.0,,,,Yes,,No,No,No
243699170,84513721,swathi@verifinity.ai,gs://sawasdee-labelstudio/annotation_frames/10_itinerary_12_frame000107.jpg,10_itinerary_12,10_itinerary_12_c70b6c34,107,1070.0,10,2025:04:17 11:07:49,2025-04-17 11:25:39,11,3,1160.0,HERO13 Black,,,,,8.0,1.0,3.0,,,Yes,,,No,No,No
243699171,85194972,swathi@verifinity.ai,gs://sawasdee-labelstudio/annotation_frames/10_itinerary_12_frame000108.jpg,10_itinerary_12,10_itinerary_12_c70b6c34,108,1080.0,10,2025:04:17 11:07:49,2025-04-17 11:25:49,11,3,1160.0,HERO13 Black,,,,,9.0,1.0,8.0,2.0,,,,,No,No,No
243699172,85195038,swathi@verifinity.ai,gs://sawasdee-labelstudio/annotation_frames/10_itinerary_12_frame000109.jpg,10_itinerary_12,10_itinerary_12_c70b6c34,109,1090.0,10,2025:04:17 11:07:49,2025-04-17 11:25:59,11,3,1160.0,HERO13 Black,,,,,3.0,2.0,5.0,,,,Yes,,No,No,No
243699173,85195079,swathi@verifinity.ai,gs://sawasdee-labelstudio/annotation_frames/10_itinerary_12_frame000110.jpg,10_itinerary_12,10_itinerary_12_c70b6c34,110,1100.0,10,2025:04:17 11:07:49,2025-04-17 11:26:09,11,3,1160.0,HERO13 Black,,,,,,,,,No sidewalk,,,,No,No,No
243699174,85195158,swathi@verifinity.ai,gs://sawasdee-labelstudio/annotation_frames/10_itinerary_12_frame000111.jpg,10_itinerary_12,10_itinerary_12_c70b6c34,111,1110.0,10,2025:04:17 11:07:49,2025-04-17 11:26:19,11,3,1160.0,HERO13 Black,,,,,1.0,,,,,,,Construction debris,No,No,No
243699175,85195187,swathi@verifinity.ai,gs://sawasdee-labelstudio/annotation_frames/10_itinerary_12_frame000112.jpg,10_itinerary_12,10_itinerary_12_c70b6c34,112,1120.0,10,2025:04:17 11:07:49,2025-04-17 11:26:29,11,3,1160.0,HERO13 Black,,,,,1.0,,1.0,,,,,,No,No,No
243699176,85195203,swathi@verifinity.ai,gs://sawasdee-labelstudio/annotation_frames/10_itinerary_12_frame000113.jpg,10_itinerary_12,10_itinerary_12_c70b6c34,113,1130.0,10,2025:04:17 11:07:49,2025-04-17 11:26:39,11,3,1160.0,HERO13 Black,,,,,,1.0,2.0,,,,,,No,No,No
243699177,85014121,swathi@verifinity.ai,gs://sawasdee-labelstudio/annotation_frames/10_itinerary_12_frame000114.jpg,10_itinerary_12,10_itinerary_12_c70b6c34,114,1140.0,10,2025:04:17 11:07:49,2025-04-17 11:26:49,11,3,1160.0,HERO13 Black,,,,,4.0,1.0,5.0,1.0,No sidewalk,,,,No,No,No
243699178,85195245,swathi@verifinity.ai,gs://sawasdee-labelstudio/annotation_frames/10_itinerary_12_frame000115.jpg,10_itinerary_12,10_itinerary_12_c70b6c34,115,1150.0,10,2025:04:17 11:07:49,2025-04-17 11:26:59,11,3,1160.0,HERO13 Black,,,,,1.0,2.0,6.0,3.0,,,,,No,No,No
243699179,85195267,swathi@verifinity.ai,gs://sawasdee-labelstudio/annotation_frames/10_itinerary_1_frame000000.jpg,10_itinerary_1,10_itinerary_1_166d42e8,0,0.0,10,2025:04:17 03:54:24,2025-04-17 03:54:24,3,3,645.0,HERO13 Black,19.02719722222222,72.85511666666666,-115.595,0.0,3.0,1.0,2.0,,Paved,,,,No,No,No
243699180,84266151,swathi@verifinity.ai,gs://sawasdee-labelstudio/annotation_frames/10_itinerary_1_frame000001.jpg,10_itinerary_1,10_itinerary_1_166d42e8,1,10.0,10,2025:04:17 03:54:24,2025-04-17 03:54:34,3,3,645.0,HERO13 Black,19.027424999999997,72.85558888888889,-67.79,0.0,3.0,,2.0,,Paved,Yes,,,No,No,No
243699181,85195291,swathi@verifinity.ai,gs://sawasdee-labelstudio/annotation_frames/10_itinerary_1_frame000002.jpg,10_itinerary_1,10_itinerary_1_166d42e8,2,20.0,10,2025:04:17 03:54:24,2025-04-17 03:54:44,3,3,645.0,HERO13 Black,19.027269444444443,72.85581944444444,-42.882,0.0,6.0,,3.0,,Paved,Yes,,,No,No,No
243699182,84643656,swathi@verifinity.ai,gs://sawasdee-labelstudio/annotation_frames/10_itinerary_1_frame000003.jpg,10_itinerary_1,10_itinerary_1_166d42e8,3,30.0,10,2025:04:17 03:54:24,2025-04-17 03:54:54,3,3,645.0,HERO13 Black,19.027252777777775,72.85584722222222,-16.092,0.0,1.0,,,,Paved - Blocked,Yes,,,No,No,No
243699182,85259427,varun.rama@usc.edu,gs://sawasdee-labelstudio/annotation_frames/10_itinerary_1_frame000003.jpg,10_itinerary_1,10_itinerary_1_166d42e8,3,30.0,10,2025:04:17 03:54:24,2025-04-17 03:54:54,3,3,645.0,HERO13 Black,19.027252777777775,72.85584722222222,-16.092,0.0,1.0,,2.0,,,,,,No,No,No
243699183,85195316,swathi@verifinity.ai,gs://sawasdee-labelstudio/annotation_frames/10_itinerary_1_frame000004.jpg,10_itinerary_1,10_itinerary_1_166d42e8,4,40.0,10,2025:04:17 03:54:24,2025-04-17 03:55:04,3,3,645.0,HERO13 Black,19.027388888888886,72.85563888888888,-12.718,0.0,4.0,,3.0,,Paved,Yes,,,No,No,No
243699184,85195338,swathi@verifinity.ai,gs://sawasdee-labelstudio/annotation_frames/10_itinerary_1_frame000005.jpg,10_itinerary_1,10_itinerary_1_166d42e8,5,50.0,10,2025:04:17 03:54:24,2025-04-17 03:55:14,3,3,645.0,HERO13 Black,19.027469444444442,72.85555833333333,-17.447,0.0,4.0,1.0,1.0,,Paved,Yes,,,No,No,No
243699185,85195359,swathi@verifinity.ai,gs://sawasdee-labelstudio/annotation_frames/10_itinerary_1_frame000006.jpg,10_itinerary_1,10_itinerary_1_166d42e8,6,60.0,10,2025:04:17 03:54:24,2025-04-17 03:55:24,3,3,645.0,HERO13 Black,19.027372222222223,72.85565833333332,-14.331,0.0,,,1.0,,Paved,,,,No,No,No
243699186,84998442,swathi@verifinity.ai,gs://sawasdee-labelstudio/annotation_frames/10_itinerary_1_frame000007.jpg,10_itinerary_1,10_itinerary_1_166d42e8,7,70.0,10,2025:04:17 03:54:24,2025-04-17 03:55:34,3,3,645.0,HERO13 Black,19.026691666666665,72.85585833333333,-7.226,0.0,6.0,3.0,,,Paved,Yes,,,No,No,Yes
243699187,84542894,swathi@verifinity.ai,gs://sawasdee-labelstudio/annotation_frames/10_itinerary_1_frame000008.jpg,10_itinerary_1,10_itinerary_1_166d42e8,8,80.0,10,2025:04:17 03:54:24,2025-04-17 03:55:44,3,3,645.0,HERO13 Black,19.026333333333334,72.85541666666666,-1.667,0.0,1.0,1.0,,,Paved,Yes,,,No,No,Yes
243699187,84950901,gsood07@gmail.com,gs://sawasdee-labelstudio/annotation_frames/10_itinerary_1_frame000008.jpg,10_itinerary_1,10_itinerary_1_166d42e8,8,80.0,10,2025:04:17 03:54:24,2025-04-17 03:55:44,3,3,645.0,HERO13 Black,19.026333333333334,72.85541666666666,-1.667,0.0,3.0,,,,Not visible,,,,No,No,No
243699187,85259387,varun.rama@usc.edu,gs://sawasdee-labelstudio/annotation_frames/10_itinerary_1_frame000008.jpg,10_itinerary_1,10_itinerary_1_166d42e8,8,80.0,10,2025:04:17 03:54:24,2025-04-17 03:55:44,3,3,645.0,HERO13 Black,19.026333333333334,72.85541666666666,-1.667,0.0,4.0,1.0,,,,,,,No,No,Yes
243699188,85195374,swathi@verifinity.ai,gs://sawasdee-labelstudio/annotation_frames/10_itinerary_1_frame000009.jpg,10_itinerary_1,10_itinerary_1_166d42e8,9,90.0,10,2025:04:17 03:54:24,2025-04-17 03:55:54,3,3,645.0,HERO13 Black,19.026327777777777,72.85533333333333,-1.352,0.0,,,1.0,,Paved,,,,No,No,No
243699189,85195392,swathi@verifinity.ai,gs://sawasdee-labelstudio/annotation_frames/10_itinerary_1_frame000010.jpg,10_itinerary_1,10_itinerary_1_166d42e8,10,100.0,10,2025:04:17 03:54:24,2025-04-17 03:56:04,3,3,645.0,HERO13 Black,19.02632222222222,72.85533333333333,-0.019,0.0,,,,,Paved,,,,No,No,No
243699190,85199423,swathi@verifinity.ai,gs://sawasdee-labelstudio/annotation_frames/10_itinerary_1_frame000011.jpg,10_itinerary_1,10_itinerary_1_166d42e8,11,110.0,10,2025:04:17 03:54:24,2025-04-17 03:56:14,3,3,645.0,HERO13 Black,19.026238888888887,72.85490833333333,2.428,0.0,4.0,1.0,1.0,,Paved,Yes,,,No,No,No
243699191,84298044,swathi@verifinity.ai,gs://sawasdee-labelstudio/annotation_frames/10_itinerary_1_frame000012.jpg,10_itinerary_1,10_itinerary_1_166d42e8,12,120.0,10,2025:04:17 03:54:24,2025-04-17 03:56:24,3,3,645.0,HERO13 Black,19.025788888888886,72.85437499999999,-4.626,0.0,2.0,,,,,Yes,,,No,No,No
243699192,85199442,swathi@verifinity.ai,gs://sawasdee-labelstudio/annotation_frames/10_itinerary_1_frame000013.jpg,10_itinerary_1,10_itinerary_1_166d42e8,13,130.0,10,2025:04:17 03:54:24,2025-04-17 03:56:34,3,3,645.0,HERO13 Black,19.025144444444443,72.85369166666666,-12.745,0.0,2.0,,,,Paved,Yes,,,No,No,No
243699193,85199533,swathi@verifinity.ai,gs://sawasdee-labelstudio/annotation_frames/10_itinerary_1_frame000014.jpg,10_itinerary_1,10_itinerary_1_166d42e8,14,140.0,10,2025:04:17 03:54:24,2025-04-17 03:56:44,3,3,645.0,HERO13 Black,19.024630555555554,72.85291111111111,-6.982,0.0,5.0,,1.0,,Paved,Yes,,,No,No,No
243699194,85199562,swathi@verifinity.ai,gs://sawasdee-labelstudio/annotation_frames/10_itinerary_1_frame000015.jpg,10_itinerary_1,10_itinerary_1_166d42e8,15,150.0,10,2025:04:17 03:54:24,2025-04-17 03:56:54,3,3,645.0,HERO13 Black,19.02396111111111,72.85178611111111,92.971,0.0,3.0,,,,Paved - Blocked,,,,No,No,No
243699195,85199583,swathi@verifinity.ai,gs://sawasdee-labelstudio/annotation_frames/10_itinerary_1_frame000016.jpg,10_itinerary_1,10_itinerary_1_166d42e8,16,160.0,10,2025:04:17 03:54:24,2025-04-17 03:57:04,3,3,645.0,HERO13 Black,19.023430555555553,72.85059722222222,168.087,0.0,1.0,,,,Paved,,,,No,No,No
243699197,84614828,swathi@verifinity.ai,gs://sawasdee-labelstudio/annotation_frames/10_itinerary_1_frame000017.jpg,10_itinerary_1,10_itinerary_1_166d42e8,17,170.0,10,2025:04:17 03:54:24,2025-04-17 03:57:14,3,3,645.0,HERO13 Black,19.022927777777777,72.84976944444443,208.693,0.0,4.0,,,,Paved,,,,No,No,No
243699198,84282739,swathi@verifinity.ai,gs://sawasdee-labelstudio/annotation_frames/10_itinerary_1_frame000018.jpg,10_itinerary_1,10_itinerary_1_166d42e8,18,180.0,10,2025:04:17 03:54:24,2025-04-17 03:57:24,3,3,645.0,HERO13 Black,19.022675,72.8497111111111,193.779,0.0,5.0,1.0,,,Paved,,,,No,No,No
243699199,85199594,swathi@verifinity.ai,gs://sawasdee-labelstudio/annotation_frames/10_itinerary_1_frame000019.jpg,10_itinerary_1,10_itinerary_1_166d42e8,19,190.0,10,2025:04:17 03:54:24,2025-04-17 03:57:34,3,3,645.0,HERO13 Black,19.022499999999997,72.8505861111111,102.249,0.0,1.0,2.0,,,Paved,,,,No,No,No
243699200,85199635,swathi@verifinity.ai,gs://sawasdee-labelstudio/annotation_frames/10_itinerary_1_frame000020.jpg,10_itinerary_1,10_itinerary_1_166d42e8,20,200.0,10,2025:04:17 03:54:24,2025-04-17 03:57:44,3,3,645.0,HERO13 Black,19.02296388888889,72.85139722222222,51.898,0.0,1.0,,,,Paved - Blocked,,,,No,No,No
243699201,84638925,swathi@verifinity.ai,gs://sawasdee-labelstudio/annotation_frames/10_itinerary_1_frame000021.jpg,10_itinerary_1,10_itinerary_1_166d42e8,21,210.0,10,2025:04:17 03:54:24,2025-04-17 03:57:54,3,3,645.0,HERO13 Black,19.023530555555556,72.85201111111111,24.021,0.0,2.0,,,,Paved - Blocked,,,Yes,No,No,No
243699202,85199653,swathi@verifinity.ai,gs://sawasdee-labelstudio/annotation_frames/10_itinerary_1_frame000022.jpg,10_itinerary_1,10_itinerary_1_166d42e8,22,220.0,10,2025:04:17 03:54:24,2025-04-17 03:58:04,3,3,645.0,HERO13 Black,19.024116666666664,72.85256388888888,16.656,0.0,,,,,Paved,,,,No,No,No
243699203,85199681,swathi@verifinity.ai,gs://sawasdee-labelstudio/annotation_frames/10_itinerary_1_frame000023.jpg,10_itinerary_1,10_itinerary_1_166d42e8,23,230.0,10,2025:04:17 03:54:24,2025-04-17 03:58:14,3,3,645.0,HERO13 Black,19.02467222222222,72.85316388888889,11.814,0.0,5.0,,,,Paved - Blocked,,,,No,No,No
243699204,85199703,swathi@verifinity.ai,gs://sawasdee-labelstudio/annotation_frames/10_itinerary_1_frame000024.jpg,10_itinerary_1,10_itinerary_1_166d42e8,24,240.0,10,2025:04:17 03:54:24,2025-04-17 03:58:24,3,3,645.0,HERO13 Black,19.025316666666665,72.85374444444444,12.995,0.0,1.0,,1.0,,,Yes,,,No,No,No
243699205,85199736,swathi@verifinity.ai,gs://sawasdee-labelstudio/annotation_frames/10_itinerary_1_frame000025.jpg,10_itinerary_1,10_itinerary_1_166d42e8,25,250.0,10,2025:04:17 03:54:24,2025-04-17 03:58:34,3,3,645.0,HERO13 Black,19.025941666666665,72.85433888888889,14.09,0.0,4.0,,1.0,1.0,Paved,Yes,,,No,No,No
243699206,85199754,swathi@verifinity.ai,gs://sawasdee-labelstudio/annotation_frames/10_itinerary_1_frame000026.jpg,10_itinerary_1,10_itinerary_1_166d42e8,26,260.0,10,2025:04:17 03:54:24,2025-04-17 03:58:44,3,3,645.0,HERO13 Black,19.02643611111111,72.85478055555555,14.195,0.0,,1.0,,,Paved,Yes,,,No,No,No
243699207,85199780,swathi@verifinity.ai,gs://sawasdee-labelstudio/annotation_frames/10_itinerary_1_frame000027.jpg,10_itinerary_1,10_itinerary_1_166d42e8,27,270.0,10,2025:04:17 03:54:24,2025-04-17 03:58:54,3,3,645.0,HERO13 Black,19.027030555555555,72.85472777777777,11.885,0.0,,1.0,1.0,,Paved,Yes,,,No,No,No
243699208,85199802,swathi@verifinity.ai,gs://sawasdee-labelstudio/annotation_frames/10_itinerary_1_frame000028.jpg,10_itinerary_1,10_itinerary_1_166d42e8,28,280.0,10,2025:04:17 03:54:24,2025-04-17 03:59:04,3,3,645.0,HERO13 Black,19.02724444444444,72.85423333333333,13.631,0.0,,1.0,,,,Yes,,,No,No,No
243699209,85199825,swathi@verifinity.ai,gs://sawasdee-labelstudio/annotation_frames/10_itinerary_1_frame000029.jpg,10_itinerary_1,10_itinerary_1_166d42e8,29,290.0,10,2025:04:17 03:54:24,2025-04-17 03:59:14,3,3,645.0,HERO13 Black,19.027019444444445,72.85409444444444,19.873,0.0,2.0,,,,Paved - Blocked,Yes,,,No,No,No
243699210,85199872,swathi@verifinity.ai,gs://sawasdee-labelstudio/annotation_frames/10_itinerary_1_frame000030.jpg,10_itinerary_1,10_itinerary_1_166d42e8,30,300.0,10,2025:04:17 03:54:24,2025-04-17 03:59:24,3,3,645.0,HERO13 Black,19.02653611111111,72.85414166666666,19.27,0.0,5.0,2.0,3.0,,,Yes,,,No,No,No
243699211,85199901,swathi@verifinity.ai,gs://sawasdee-labelstudio/annotation_frames/10_itinerary_1_frame000031.jpg,10_itinerary_1,10_itinerary_1_166d42e8,31,310.0,10,2025:04:17 03:54:24,2025-04-17 03:59:34,3,3,645.0,HERO13 Black,19.026175,72.85435,20.665,0.0,4.0,1.0,2.0,,,Yes,,,No,No,No
243699213,85200073,swathi@verifinity.ai,gs://sawasdee-labelstudio/annotation_frames/10_itinerary_1_frame000032.jpg,10_itinerary_1,10_itinerary_1_166d42e8,32,320.0,10,2025:04:17 03:54:24,2025-04-17 03:59:44,3,3,645.0,HERO13 Black,19.026177777777775,72.85440833333332,19.511,3.9,9.0,2.0,,,Paved,Yes,,,No,No,No
243699214,85200167,swathi@verifinity.ai,gs://sawasdee-labelstudio/annotation_frames/10_itinerary_1_frame000033.jpg,10_itinerary_1,10_itinerary_1_166d42e8,33,330.0,10,2025:04:17 03:54:24,2025-04-17 03:59:54,3,3,645.0,HERO13 Black,19.026177777777775,72.85440833333332,19.511,13.9,3.0,,2.0,,,Yes,,,Yes,No,No
243699215,85200194,swathi@verifinity.ai,gs://sawasdee-labelstudio/annotation_frames/10_itinerary_1_frame000034.jpg,10_itinerary_1,10_itinerary_1_166d42e8,34,340.0,10,2025:04:17 03:54:24,2025-04-17 04:00:04,4,3,645.0,HERO13 Black,19.026177777777775,72.85440833333332,19.511,23.9,3.0,1.0,4.0,1.0,,Yes,,,No,No,No
243699216,85200304,swathi@verifinity.ai,gs://sawasdee-labelstudio/annotation_frames/10_itinerary_1_frame000035.jpg,10_itinerary_1,10_itinerary_1_166d42e8,35,350.0,10,2025:04:17 03:54:24,2025-04-17 04:00:14,4,3,645.0,HERO13 Black,,,,,11.0,2.0,2.0,,Paved,,,,Yes,No,Yes
243699217,85200488,swathi@verifinity.ai,gs://sawasdee-labelstudio/annotation_frames/10_itinerary_1_frame000036.jpg,10_itinerary_1,10_itinerary_1_166d42e8,36,360.0,10,2025:04:17 03:54:24,2025-04-17 04:00:24,4,3,645.0,HERO13 Black,,,,,11.0,2.0,2.0,2.0,Paved,Yes,,,Yes,No,No
243699218,84298258,swathi@verifinity.ai,gs://sawasdee-labelstudio/annotation_frames/10_itinerary_1_frame000037.jpg,10_itinerary_1,10_itinerary_1_166d42e8,37,370.0,10,2025:04:17 03:54:24,2025-04-17 04:00:34,4,3,645.0,HERO13 Black,,,,,6.0,,1.0,,Paved,,,,No,No,No
243699219,85200582,swathi@verifinity.ai,gs://sawasdee-labelstudio/annotation_frames/10_itinerary_1_frame000038.jpg,10_itinerary_1,10_itinerary_1_166d42e8,38,380.0,10,2025:04:17 03:54:24,2025-04-17 04:00:44,4,3,645.0,HERO13 Black,,,,,11.0,1.0,5.0,,Paved,Yes,,,Yes,No,No
243699220,84295429,swathi@verifinity.ai,gs://sawasdee-labelstudio/annotation_frames/10_itinerary_1_frame000039.jpg,10_itinerary_1,10_itinerary_1_166d42e8,39,390.0,10,2025:04:17 03:54:24,2025-04-17 04:00:54,4,3,645.0,HERO13 Black,,,,,,,7.0,,,Yes,,,No,No,No
243699221,85200784,swathi@verifinity.ai,gs://sawasdee-labelstudio/annotation_frames/10_itinerary_1_frame000040.jpg,10_itinerary_1,10_itinerary_1_166d42e8,40,400.0,10,2025:04:17 03:54:24,2025-04-17 04:01:04,4,3,645.0,HERO13 Black,,,,,2.0,,7.0,,Paved,Yes,,,Yes,No,No
243699222,85200837,swathi@verifinity.ai,gs://sawasdee-labelstudio/annotation_frames/10_itinerary_1_frame000041.jpg,10_itinerary_1,10_itinerary_1_166d42e8,41,410.0,10,2025:04:17 03:54:24,2025-04-17 04:01:14,4,3,645.0,HERO13 Black,,,,,9.0,1.0,2.0,1.0,Paved,Yes,,,No,No,No
243699223,85200953,swathi@verifinity.ai,gs://sawasdee-labelstudio/annotation_frames/10_itinerary_1_frame000042.jpg,10_itinerary_1,10_itinerary_1_166d42e8,42,420.0,10,2025:04:17 03:54:24,2025-04-17 04:01:24,4,3,645.0,HERO13 Black,,,,,10.0,3.0,2.0,,Paved,Yes,,,No,No,No
243699224,85201052,swathi@verifinity.ai,gs://sawasdee-labelstudio/annotation_frames/10_itinerary_1_frame000043.jpg,10_itinerary_1,10_itinerary_1_166d42e8,43,430.0,10,2025:04:17 03:54:24,2025-04-17 04:01:34,4,3,645.0,HERO13 Black,,,,,8.0,2.0,3.0,1.0,Paved,Yes,,,No,No,No
243699225,85201109,swathi@verifinity.ai,gs://sawasdee-labelstudio/annotation_frames/10_itinerary_1_frame000044.jpg,10_itinerary_1,10_itinerary_1_166d42e8,44,440.0,10,2025:04:17 03:54:24,2025-04-17 04:01:44,4,3,645.0,HERO13 Black,,,,,,,6.0,,Paved,Yes,,,No,No,No
243699227,85201152,swathi@verifinity.ai,gs://sawasdee-labelstudio/annotation_frames/10_itinerary_1_frame000046.jpg,10_itinerary_1,10_itinerary_1_166d42e8,46,460.0,10,2025:04:17 03:54:24,2025-04-17 04:02:04,4,3,645.0,HERO13 Black,,,,,3.0,,6.0,,Paved,Yes,,,No,No,No
243699228,85201193,swathi@verifinity.ai,gs://sawasdee-labelstudio/annotation_frames/10_itinerary_1_frame000047.jpg,10_itinerary_1,10_itinerary_1_166d42e8,47,470.0,10,2025:04:17 03:54:24,2025-04-17 04:02:14,4,3,645.0,HERO13 Black,,,,,2.0,1.0,4.0,,Paved,Yes,,,No,No,No
243699229,84379867,swathi@verifinity.ai,gs://sawasdee-labelstudio/annotation_frames/10_itinerary_1_frame000048.jpg,10_itinerary_1,10_itinerary_1_166d42e8,48,480.0,10,2025:04:17 03:54:24,2025-04-17 04:02:24,4,3,645.0,HERO13 Black,,,,,4.0,,,,,Yes,,,No,No,No
243699230,85201232,swathi@verifinity.ai,gs://sawasdee-labelstudio/annotation_frames/10_itinerary_1_frame000049.jpg,10_itinerary_1,10_itinerary_1_166d42e8,49,490.0,10,2025:04:17 03:54:24,2025-04-17 04:02:34,4,3,645.0,HERO13 Black,,,,,3.0,,3.0,,Paved,Yes,,,Yes,No,No
243699231,85201253,swathi@verifinity.ai,gs://sawasdee-labelstudio/annotation_frames/10_itinerary_1_frame000050.jpg,10_itinerary_1,10_itinerary_1_166d42e8,50,500.0,10,2025:04:17 03:54:24,2025-04-17 04:02:44,4,3,645.0,HERO13 Black,,,,,,,,,Paved,,,,No,No,No
243699232,85201332,swathi@verifinity.ai,gs://sawasdee-labelstudio/annotation_frames/10_itinerary_1_frame000051.jpg,10_itinerary_1,10_itinerary_1_166d42e8,51,510.0,10,2025:04:17 03:54:24,2025-04-17 04:02:54,4,3,645.0,HERO13 Black,,,,,2.0,1.0,1.0,,Paved,Yes,,,No,No,No
243699233,85201352,swathi@verifinity.ai,gs://sawasdee-labelstudio/annotation_frames/10_itinerary_1_frame000052.jpg,10_itinerary_1,10_itinerary_1_166d42e8,52,520.0,10,2025:04:17 03:54:24,2025-04-17 04:03:04,4,3,645.0,HERO13 Black,,,,,,,,,,Yes,,,No,No,No
243699234,85201438,swathi@verifinity.ai,gs://sawasdee-labelstudio/annotation_frames/10_itinerary_1_frame000053.jpg,10_itinerary_1,10_itinerary_1_166d42e8,53,530.0,10,2025:04:17 03:54:24,2025-04-17 04:03:14,4,3,645.0,HERO13 Black,,,,,1.0,,1.0,,Paved,Yes,,,Yes,No,No
243699235,85201503,swathi@verifinity.ai,gs://sawasdee-labelstudio/annotation_frames/10_itinerary_1_frame000054.jpg,10_itinerary_1,10_itinerary_1_166d42e8,54,540.0,10,2025:04:17 03:54:24,2025-04-17 04:03:24,4,3,645.0,HERO13 Black,,,,,,2.0,1.0,,Paved,Yes,,,No,No,No
243699236,85201529,swathi@verifinity.ai,gs://sawasdee-labelstudio/annotation_frames/10_itinerary_1_frame000055.jpg,10_itinerary_1,10_itinerary_1_166d42e8,55,550.0,10,2025:04:17 03:54:24,2025-04-17 04:03:34,4,3,645.0,HERO13 Black,,,,,2.0,,,,Paved,Yes,,,No,No,No
243699237,85201557,swathi@verifinity.ai,gs://sawasdee-labelstudio/annotation_frames/10_itinerary_1_frame000056.jpg,10_itinerary_1,10_itinerary_1_166d42e8,56,560.0,10,2025:04:17 03:54:24,2025-04-17 04:03:44,4,3,645.0,HERO13 Black,,,,,,,1.0,,Paved - Blocked,Yes,,,No,No,No
243699238,85201583,swathi@verifinity.ai,gs://sawasdee-labelstudio/annotation_frames/10_itinerary_1_frame000057.jpg,10_itinerary_1,10_itinerary_1_166d42e8,57,570.0,10,2025:04:17 03:54:24,2025-04-17 04:03:54,4,3,645.0,HERO13 Black,,,,,,,1.0,,Paved,Yes,,,No,No,No
243699239,85201650,swathi@verifinity.ai,gs://sawasdee-labelstudio/annotation_frames/10_itinerary_1_frame000058.jpg,10_itinerary_1,10_itinerary_1_166d42e8,58,580.0,10,2025:04:17 03:54:24,2025-04-17 04:04:04,4,3,645.0,HERO13 Black,,,,,4.0,1.0,,,Paved,Yes,,,No,No,No
243699240,85201737,swathi@verifinity.ai,gs://sawasdee-labelstudio/annotation_frames/10_itinerary_1_frame000059.jpg,10_itinerary_1,10_itinerary_1_166d42e8,59,590.0,10,2025:04:17 03:54:24,2025-04-17 04:04:14,4,3,645.0,HERO13 Black,,,,,7.0,2.0,1.0,,Paved,Yes,,,Yes,No,No
243699241,85201810,swathi@verifinity.ai,gs://sawasdee-labelstudio/annotation_frames/10_itinerary_1_frame000060.jpg,10_itinerary_1,10_itinerary_1_166d42e8,60,600.0,10,2025:04:17 03:54:24,2025-04-17 04:04:24,4,3,645.0,HERO13 Black,,,,,3.0,,,,Paved,Yes,,,No,No,No
243699242,85201897,swathi@verifinity.ai,gs://sawasdee-labelstudio/annotation_frames/10_itinerary_1_frame000061.jpg,10_itinerary_1,10_itinerary_1_166d42e8,61,610.0,10,2025:04:17 03:54:24,2025-04-17 04:04:34,4,3,645.0,HERO13 Black,,,,,3.0,4.0,,,No sidewalk,,,Yes,No,No,No
243699243,84645120,swathi@verifinity.ai,gs://sawasdee-labelstudio/annotation_frames/10_itinerary_1_frame000062.jpg,10_itinerary_1,10_itinerary_1_166d42e8,62,620.0,10,2025:04:17 03:54:24,2025-04-17 04:04:44,4,3,645.0,HERO13 Black,,,,,2.0,1.0,,,,Yes,,,No,No,No
243699244,84988574,swathi@verifinity.ai,gs://sawasdee-labelstudio/annotation_frames/10_itinerary_1_frame000063.jpg,10_itinerary_1,10_itinerary_1_166d42e8,63,630.0,10,2025:04:17 03:54:24,2025-04-17 04:04:54,4,3,645.0,HERO13 Black,,,,,,,,,No sidewalk,Yes,,,No,No,No
243699245,85201948,swathi@verifinity.ai,gs://sawasdee-labelstudio/annotation_frames/10_itinerary_1_frame000064.jpg,10_itinerary_1,10_itinerary_1_166d42e8,64,640.0,10,2025:04:17 03:54:24,2025-04-17 04:05:04,4,3,645.0,HERO13 Black,,,,,1.0,1.0,,,Paved,Yes,,,No,No,No
243699246,85202008,swathi@verifinity.ai,gs://sawasdee-labelstudio/annotation_frames/10_itinerary_2_frame000000.jpg,10_itinerary_2,10_itinerary_2_82ad928b,0,0.0,10,2025:04:17 04:32:39,2025-04-17 04:32:39,4,3,859.0,HERO13 Black,19.039183333333334,72.84290277777777,15.904,0.0,2.0,2.0,1.0,,Paved,,,,No,No,No
243699247,85202147,swathi@verifinity.ai,gs://sawasdee-labelstudio/annotation_frames/10_itinerary_2_frame000001.jpg,10_itinerary_2,10_itinerary_2_82ad928b,1,10.0,10,2025:04:17 04:32:39,2025-04-17 04:32:49,4,3,859.0,HERO13 Black,19.03928888888889,72.84348333333332,13.165,0.0,7.0,4.0,,,,Yes,,,No,No,No
243699248,85202186,swathi@verifinity.ai,gs://sawasdee-labelstudio/annotation_frames/10_itinerary_2_frame000002.jpg,10_itinerary_2,10_itinerary_2_82ad928b,2,20.0,10,2025:04:17 04:32:39,2025-04-17 04:32:59,4,3,859.0,HERO13 Black,19.039575000000003,72.84370555555554,12.196,0.0,2.0,1.0,,,Paved,,,,No,No,No
243699249,85202234,swathi@verifinity.ai,gs://sawasdee-labelstudio/annotation_frames/10_itinerary_2_frame000003.jpg,10_itinerary_2,10_itinerary_2_82ad928b,3,30.0,10,2025:04:17 04:32:39,2025-04-17 04:33:09,4,3,859.0,HERO13 Black,19.040069444444445,72.84345833333333,13.023,0.0,3.0,3.0,1.0,,Paved,,,,No,No,No
243699250,85202300,swathi@verifinity.ai,gs://sawasdee-labelstudio/annotation_frames/10_itinerary_2_frame000004.jpg,10_itinerary_2,10_itinerary_2_82ad928b,4,40.0,10,2025:04:17 04:32:39,2025-04-17 04:33:19,4,3,859.0,HERO13 Black,19.040513888888892,72.84320555555556,13.543,0.0,2.0,,2.0,,Paved,,,,No,No,No
243699251,85202367,swathi@verifinity.ai,gs://sawasdee-labelstudio/annotation_frames/10_itinerary_2_frame000005.jpg,10_itinerary_2,10_itinerary_2_82ad928b,5,50.0,10,2025:04:17 04:32:39,2025-04-17 04:33:29,4,3,859.0,HERO13 Black,19.040661111111113,72.84309166666667,13.179,0.0,5.0,4.0,,,Paved,Yes,,,No,No,No
243699252,85202433,swathi@verifinity.ai,gs://sawasdee-labelstudio/annotation_frames/10_itinerary_2_frame000006.jpg,10_itinerary_2,10_itinerary_2_82ad928b,6,60.0,10,2025:04:17 04:32:39,2025-04-17 04:33:39,4,3,859.0,HERO13 Black,19.04090277777778,72.84295,12.933,0.0,3.0,2.0,3.0,,Paved - Blocked,,,Yes,No,No,No
243699253,85202455,swathi@verifinity.ai,gs://sawasdee-labelstudio/annotation_frames/10_itinerary_2_frame000007.jpg,10_itinerary_2,10_itinerary_2_82ad928b,7,70.0,10,2025:04:17 04:32:39,2025-04-17 04:33:49,4,3,859.0,HERO13 Black,19.0409,72.84267222222222,12.462,0.0,1.0,,1.0,1.0,,,,,No,No,No
243699254,85202510,swathi@verifinity.ai,gs://sawasdee-labelstudio/annotation_frames/10_itinerary_2_frame000008.jpg,10_itinerary_2,10_itinerary_2_82ad928b,8,80.0,10,2025:04:17 04:32:39,2025-04-17 04:33:59,4,3,859.0,HERO13 Black,19.040733333333336,72.84239444444444,16.185,0.0,3.0,,3.0,1.0,Paved - Blocked,,,,No,No,No
243699255,85202642,swathi@verifinity.ai,gs://sawasdee-labelstudio/annotation_frames/10_itinerary_2_frame000009.jpg,10_itinerary_2,10_itinerary_2_82ad928b,9,90.0,10,2025:04:17 04:32:39,2025-04-17 04:34:09,4,3,859.0,HERO13 Black,19.040927777777778,72.84263333333332,12.365,0.0,8.0,3.0,6.0,1.0,Paved,Yes,,,No,No,No
243699256,84630935,swathi@verifinity.ai,gs://sawasdee-labelstudio/annotation_frames/10_itinerary_2_frame000010.jpg,10_itinerary_2,10_itinerary_2_82ad928b,10,100.0,10,2025:04:17 04:32:39,2025-04-17 04:34:19,4,3,859.0,HERO13 Black,19.041330555555557,72.84263055555554,13.122,0.0,2.0,1.0,2.0,,Paved,,,,No,No,No
243699257,85202691,swathi@verifinity.ai,gs://sawasdee-labelstudio/annotation_frames/10_itinerary_2_frame000011.jpg,10_itinerary_2,10_itinerary_2_82ad928b,11,110.0,10,2025:04:17 04:32:39,2025-04-17 04:34:29,4,3,859.0,HERO13 Black,19.04173888888889,72.84232777777777,13.311,0.0,4.0,1.0,1.0,,Paved - Blocked,,,,No,No,No
243699258,85202756,swathi@verifinity.ai,gs://sawasdee-labelstudio/annotation_frames/10_itinerary_2_frame000012.jpg,10_itinerary_2,10_itinerary_2_82ad928b,12,120.0,10,2025:04:17 04:32:39,2025-04-17 04:34:39,4,3,859.0,HERO13 Black,19.042180555555557,72.84192499999999,12.201,0.0,1.0,,,,No sidewalk,,,,No,No,Yes
243699259,85202832,swathi@verifinity.ai,gs://sawasdee-labelstudio/annotation_frames/10_itinerary_2_frame000013.jpg,10_itinerary_2,10_itinerary_2_82ad928b,13,130.0,10,2025:04:17 04:32:39,2025-04-17 04:34:49,4,3,859.0,HERO13 Black,19.042486111111113,72.84164444444444,10.434,0.0,3.0,3.0,1.0,,Paved,,,,Yes,No,No
243699260,85202915,swathi@verifinity.ai,gs://sawasdee-labelstudio/annotation_frames/10_itinerary_2_frame000014.jpg,10_itinerary_2,10_itinerary_2_82ad928b,14,140.0,10,2025:04:17 04:32:39,2025-04-17 04:34:59,4,3,859.0,HERO13 Black,19.042508333333334,72.84165555555555,10.158,0.0,3.0,5.0,1.0,,Paved,,,,No,No,Yes
243699261,84501428,swathi@verifinity.ai,gs://sawasdee-labelstudio/annotation_frames/10_itinerary_2_frame000015.jpg,10_itinerary_2,10_itinerary_2_82ad928b,15,150.0,10,2025:04:17 04:32:39,2025-04-17 04:35:09,4,3,859.0,HERO13 Black,19.042147222222223,72.84192499999999,8.913,0.0,6.0,1.0,1.0,,Paved,,,,No,No,No
243699262,85202952,swathi@verifinity.ai,gs://sawasdee-labelstudio/annotation_frames/10_itinerary_2_frame000016.jpg,10_itinerary_2,10_itinerary_2_82ad928b,16,160.0,10,2025:04:17 04:32:39,2025-04-17 04:35:19,4,3,859.0,HERO13 Black,19.04195,72.84169999999999,12.527,0.0,1.0,,,,Paved,,,,No,No,No
243699263,85203023,swathi@verifinity.ai,gs://sawasdee-labelstudio/annotation_frames/10_itinerary_2_frame000017.jpg,10_itinerary_2,10_itinerary_2_82ad928b,17,170.0,10,2025:04:17 04:32:39,2025-04-17 04:35:29,4,3,859.0,HERO13 Black,19.04183888888889,72.841675,15.816,0.0,2.0,,2.0,,No sidewalk,Yes,,,No,No,No
243699264,84395935,swathi@verifinity.ai,gs://sawasdee-labelstudio/annotation_frames/10_itinerary_2_frame000018.jpg,10_itinerary_2,10_itinerary_2_82ad928b,18,180.0,10,2025:04:17 04:32:39,2025-04-17 04:35:39,4,3,859.0,HERO13 Black,19.041844444444447,72.84168888888888,14.317,0.0,,1.0,,,Paved - Blocked,,,,No,No,No
243699265,85203059,swathi@verifinity.ai,gs://sawasdee-labelstudio/annotation_frames/10_itinerary_2_frame000019.jpg,10_itinerary_2,10_itinerary_2_82ad928b,19,190.0,10,2025:04:17 04:32:39,2025-04-17 04:35:49,4,3,859.0,HERO13 Black,19.041972222222224,72.84178333333332,8.382,0.0,1.0,,1.0,1.0,Paved - Blocked,,,,No,No,No
243699266,85016493,swathi@verifinity.ai,gs://sawasdee-labelstudio/annotation_frames/10_itinerary_2_frame000020.jpg,10_itinerary_2,10_itinerary_2_82ad928b,20,200.0,10,2025:04:17 04:32:39,2025-04-17 04:35:59,4,3,859.0,HERO13 Black,19.04221388888889,72.84190555555556,7.877,0.0,2.0,,,,Paved,,,,No,No,No
243699267,84620258,swathi@verifinity.ai,gs://sawasdee-labelstudio/annotation_frames/10_itinerary_2_frame000021.jpg,10_itinerary_2,10_itinerary_2_82ad928b,21,210.0,10,2025:04:17 04:32:39,2025-04-17 04:36:09,4,3,859.0,HERO13 Black,19.042587500000003,72.8415861111111,8.387,0.1,5.0,,,,Paved - Blocked,Yes,,Construction debris,No,No,No
243699268,85203087,swathi@verifinity.ai,gs://sawasdee-labelstudio/annotation_frames/10_itinerary_2_frame000022.jpg,10_itinerary_2,10_itinerary_2_82ad928b,22,220.0,10,2025:04:17 04:32:39,2025-04-17 04:36:19,4,3,859.0,HERO13 Black,19.04300277777778,72.84132083333333,8.4175,0.1,1.0,2.0,,,,,,,No,No,No
243699269,85203173,swathi@verifinity.ai,gs://sawasdee-labelstudio/annotation_frames/10_itinerary_2_frame000023.jpg,10_itinerary_2,10_itinerary_2_82ad928b,23,230.0,10,2025:04:17 04:32:39,2025-04-17 04:36:29,4,3,859.0,HERO13 Black,19.042948611111115,72.8409111111111,8.8975,0.1,5.0,1.0,1.0,,Paved,Yes,,,No,No,No
243699270,85203207,swathi@verifinity.ai,gs://sawasdee-labelstudio/annotation_frames/10_itinerary_2_frame000025.jpg,10_itinerary_2,10_itinerary_2_82ad928b,25,250.0,10,2025:04:17 04:32:39,2025-04-17 04:36:49,4,3,859.0,HERO13 Black,19.042901388888893,72.84040972222222,6.464499999999999,0.1,1.0,2.0,,,,Yes,,,No,No,No
243699271,84639453,swathi@verifinity.ai,gs://sawasdee-labelstudio/annotation_frames/10_itinerary_2_frame000026.jpg,10_itinerary_2,10_itinerary_2_82ad928b,26,260.0,10,2025:04:17 04:32:39,2025-04-17 04:36:59,4,3,859.0,HERO13 Black,19.043056944444444,72.83994305555555,6.725,0.1,,,1.0,,Paved,Yes,,Yes,No,No,No
243699272,85203251,swathi@verifinity.ai,gs://sawasdee-labelstudio/annotation_frames/10_itinerary_2_frame000027.jpg,10_itinerary_2,10_itinerary_2_82ad928b,27,270.0,10,2025:04:17 04:32:39,2025-04-17 04:37:09,4,3,859.0,HERO13 Black,19.04349861111111,72.83970555555555,7.3635,0.1,,1.0,,,Paved,Yes,,,No,No,No
243699273,85203293,swathi@verifinity.ai,gs://sawasdee-labelstudio/annotation_frames/10_itinerary_2_frame000028.jpg,10_itinerary_2,10_itinerary_2_82ad928b,28,280.0,10,2025:04:17 04:32:39,2025-04-17 04:37:19,4,3,859.0,HERO13 Black,19.044019444444444,72.83944166666666,7.5545,0.1,1.0,1.0,,,Paved,,,,No,No,No
243699274,84646537,swathi@verifinity.ai,gs://sawasdee-labelstudio/annotation_frames/10_itinerary_2_frame000029.jpg,10_itinerary_2,10_itinerary_2_82ad928b,29,290.0,10,2025:04:17 04:32:39,2025-04-17 04:37:29,4,3,859.0,HERO13 Black,19.044600000000003,72.8391361111111,7.385,0.0,1.0,4.0,,,Paved - Blocked,,,Yes,No,No,No
243699275,84609365,swathi@verifinity.ai,gs://sawasdee-labelstudio/annotation_frames/10_itinerary_2_frame000030.jpg,10_itinerary_2,10_itinerary_2_82ad928b,30,300.0,10,2025:04:17 04:32:39,2025-04-17 04:37:39,4,3,859.0,HERO13 Black,19.045247222222223,72.83880277777777,6.983,0.0,6.0,2.0,2.0,,Paved - Blocked,,,Construction debris,No,No,No
243699276,85203328,swathi@verifinity.ai,gs://sawasdee-labelstudio/annotation_frames/10_itinerary_2_frame000031.jpg,10_itinerary_2,10_itinerary_2_82ad928b,31,310.0,10,2025:04:17 04:32:39,2025-04-17 04:37:49,4,3,859.0,HERO13 Black,19.04583888888889,72.83853055555555,6.589,0.0,6.0,,,,Paved,,,,No,No,No
243699278,85203403,swathi@verifinity.ai,gs://sawasdee-labelstudio/annotation_frames/10_itinerary_2_frame000033.jpg,10_itinerary_2,10_itinerary_2_82ad928b,33,330.0,10,2025:04:17 04:32:39,2025-04-17 04:38:09,4,3,859.0,HERO13 Black,19.04717777777778,72.83818888888888,6.894,0.0,1.0,1.0,1.0,,Paved,Yes,,,No,No,No
243699279,85203452,swathi@verifinity.ai,gs://sawasdee-labelstudio/annotation_frames/10_itinerary_2_frame000034.jpg,10_itinerary_2,10_itinerary_2_82ad928b,34,340.0,10,2025:04:17 04:32:39,2025-04-17 04:38:19,4,3,859.0,HERO13 Black,19.047880555555558,72.83822222222221,7.948,0.0,1.0,,,,Paved - Blocked,,,Construction debris,No,No,No
243699280,85203482,swathi@verifinity.ai,gs://sawasdee-labelstudio/annotation_frames/10_itinerary_2_frame000035.jpg,10_itinerary_2,10_itinerary_2_82ad928b,35,350.0,10,2025:04:17 04:32:39,2025-04-17 04:38:29,4,3,859.0,HERO13 Black,19.048575000000003,72.83826111111111,7.74,0.0,1.0,,2.0,,,Yes,,,No,No,No
243699281,85203542,swathi@verifinity.ai,gs://sawasdee-labelstudio/annotation_frames/10_itinerary_2_frame000036.jpg,10_itinerary_2,10_itinerary_2_82ad928b,36,360.0,10,2025:04:17 04:32:39,2025-04-17 04:38:39,4,3,859.0,HERO13 Black,19.049286111111112,72.83826666666666,6.969,0.0,1.0,1.0,2.0,,Paved - Blocked,Yes,,,No,No,No
243699282,85203650,swathi@verifinity.ai,gs://sawasdee-labelstudio/annotation_frames/10_itinerary_2_frame000037.jpg,10_itinerary_2,10_itinerary_2_82ad928b,37,370.0,10,2025:04:17 04:32:39,2025-04-17 04:38:49,4,3,859.0,HERO13 Black,19.049458333333334,72.83827222222222,6.615,0.0,2.0,1.0,,,Paved - Blocked,,,,No,No,No
243699283,85203686,swathi@verifinity.ai,gs://sawasdee-labelstudio/annotation_frames/10_itinerary_2_frame000038.jpg,10_itinerary_2,10_itinerary_2_82ad928b,38,380.0,10,2025:04:17 04:32:39,2025-04-17 04:38:59,4,3,859.0,HERO13 Black,19.04941388888889,72.83831111111111,5.936,0.0,1.0,1.0,1.0,,Paved - Blocked,,,,No,No,No
243699284,85203752,swathi@verifinity.ai,gs://sawasdee-labelstudio/annotation_frames/10_itinerary_2_frame000039.jpg,10_itinerary_2,10_itinerary_2_82ad928b,39,390.0,10,2025:04:17 04:32:39,2025-04-17 04:39:09,4,3,859.0,HERO13 Black,19.048911111111114,72.83834166666666,5.734,0.0,2.0,,,,Paved,,,,No,No,No
243699285,85203836,swathi@verifinity.ai,gs://sawasdee-labelstudio/annotation_frames/10_itinerary_2_frame000040.jpg,10_itinerary_2,10_itinerary_2_82ad928b,40,400.0,10,2025:04:17 04:32:39,2025-04-17 04:39:19,4,3,859.0,HERO13 Black,19.048555555555556,72.83831111111111,5.951,0.0,2.0,,,,Paved,Yes,,Yes,No,No,No
243699286,84370801,swathi@verifinity.ai,gs://sawasdee-labelstudio/annotation_frames/10_itinerary_2_frame000041.jpg,10_itinerary_2,10_itinerary_2_82ad928b,41,410.0,10,2025:04:17 04:32:39,2025-04-17 04:39:29,4,3,859.0,HERO13 Black,19.047936111111113,72.838325,5.688,0.0,,1.0,,,Paved - Blocked,,,,No,No,No
243699287,85203896,swathi@verifinity.ai,gs://sawasdee-labelstudio/annotation_frames/10_itinerary_2_frame000042.jpg,10_itinerary_2,10_itinerary_2_82ad928b,42,420.0,10,2025:04:17 04:32:39,2025-04-17 04:39:39,4,3,859.0,HERO13 Black,19.047269444444446,72.8383361111111,4.838,0.0,8.0,,,,Paved,Yes,,,No,No,Yes
243699288,85205326,swathi@verifinity.ai,gs://sawasdee-labelstudio/annotation_frames/10_itinerary_2_frame000043.jpg,10_itinerary_2,10_itinerary_2_82ad928b,43,430.0,10,2025:04:17 04:32:39,2025-04-17 04:39:49,4,3,859.0,HERO13 Black,19.04650555555556,72.83850555555556,4.179,0.0,9.0,1.0,1.0,,Paved,Yes,,,No,No,No
243699289,85205376,swathi@verifinity.ai,gs://sawasdee-labelstudio/annotation_frames/10_itinerary_2_frame000044.jpg,10_itinerary_2,10_itinerary_2_82ad928b,44,440.0,10,2025:04:17 04:32:39,2025-04-17 04:39:59,4,3,859.0,HERO13 Black,19.04579166666667,72.83873888888888,4.264,0.0,7.0,,,1.0,Paved,Yes,,,No,No,No
243699290,85205421,swathi@verifinity.ai,gs://sawasdee-labelstudio/annotation_frames/10_itinerary_2_frame000045.jpg,10_itinerary_2,10_itinerary_2_82ad928b,45,450.0,10,2025:04:17 04:32:39,2025-04-17 04:40:09,4,3,859.0,HERO13 Black,19.045072222222224,72.83909444444444,4.347,0.0,3.0,,1.0,,Paved,Yes,,,No,No,No
243699291,84540027,swathi@verifinity.ai,gs://sawasdee-labelstudio/annotation_frames/10_itinerary_2_frame000046.jpg,10_itinerary_2,10_itinerary_2_82ad928b,46,460.0,10,2025:04:17 04:32:39,2025-04-17 04:40:19,4,3,859.0,HERO13 Black,19.044855555555557,72.83938055555555,4.338,0.0,1.0,,,,Paved,Yes,,,No,No,No
243699292,84369550,swathi@verifinity.ai,gs://sawasdee-labelstudio/annotation_frames/10_itinerary_2_frame000047.jpg,10_itinerary_2,10_itinerary_2_82ad928b,47,470.0,10,2025:04:17 04:32:39,2025-04-17 04:40:29,4,3,859.0,HERO13 Black,19.045222222222225,72.83966666666666,4.359,0.0,4.0,,,,Paved,Yes,,Yes,No,No,No
243699293,85205450,swathi@verifinity.ai,gs://sawasdee-labelstudio/annotation_frames/10_itinerary_2_frame000048.jpg,10_itinerary_2,10_itinerary_2_82ad928b,48,480.0,10,2025:04:17 04:32:39,2025-04-17 04:40:39,4,3,859.0,HERO13 Black,19.045255555555556,72.84021944444444,5.691,0.0,,,,,No sidewalk,,,Yes,No,No,No
243699294,85205475,swathi@verifinity.ai,gs://sawasdee-labelstudio/annotation_frames/10_itinerary_2_frame000049.jpg,10_itinerary_2,10_itinerary_2_82ad928b,49,490.0,10,2025:04:17 04:32:39,2025-04-17 04:40:49,4,3,859.0,HERO13 Black,19.045305555555558,72.84065277777778,6.298,0.0,,,,,No sidewalk,,,Yes,No,No,No
243699297,85205519,swathi@verifinity.ai,gs://sawasdee-labelstudio/annotation_frames/10_itinerary_2_frame000051.jpg,10_itinerary_2,10_itinerary_2_82ad928b,51,510.0,10,2025:04:17 04:32:39,2025-04-17 04:41:09,4,3,859.0,HERO13 Black,19.044777777777778,72.84056388888888,6.172,0.0,,,,,No sidewalk,,,Yes,No,No,No
243699298,85205542,swathi@verifinity.ai,gs://sawasdee-labelstudio/annotation_frames/10_itinerary_2_frame000052.jpg,10_itinerary_2,10_itinerary_2_82ad928b,52,520.0,10,2025:04:17 04:32:39,2025-04-17 04:41:19,4,3,859.0,HERO13 Black,19.044730555555557,72.84023333333333,6.62,0.0,1.0,1.0,,,Paved,,,,No,No,No
243699299,84498879,swathi@verifinity.ai,gs://sawasdee-labelstudio/annotation_frames/10_itinerary_2_frame000053.jpg,10_itinerary_2,10_itinerary_2_82ad928b,53,530.0,10,2025:04:17 04:32:39,2025-04-17 04:41:29,4,3,859.0,HERO13 Black,19.044719444444446,72.84013333333333,6.163,1.4,6.0,,2.0,,Paved,Yes,,,No,No,No
243699300,85205602,swathi@verifinity.ai,gs://sawasdee-labelstudio/annotation_frames/10_itinerary_2_frame000054.jpg,10_itinerary_2,10_itinerary_2_82ad928b,54,540.0,10,2025:04:17 04:32:39,2025-04-17 04:41:39,4,3,859.0,HERO13 Black,19.044719444444446,72.84013333333333,6.163,11.4,7.0,,2.0,,Paved,Yes,,,No,No,No
243699301,84996007,swathi@verifinity.ai,gs://sawasdee-labelstudio/annotation_frames/10_itinerary_2_frame000055.jpg,10_itinerary_2,10_itinerary_2_82ad928b,55,550.0,10,2025:04:17 04:32:39,2025-04-17 04:41:49,4,3,859.0,HERO13 Black,19.044719444444446,72.84013333333333,6.163,21.4,1.0,,,,Paved,,,,No,No,No
243699302,85205633,swathi@verifinity.ai,gs://sawasdee-labelstudio/annotation_frames/10_itinerary_2_frame000056.jpg,10_itinerary_2,10_itinerary_2_82ad928b,56,560.0,10,2025:04:17 04:32:39,2025-04-17 04:41:59,4,3,859.0,HERO13 Black,,,,,2.0,,1.0,,Paved,,,,No,No,No
243699303,85205677,swathi@verifinity.ai,gs://sawasdee-labelstudio/annotation_frames/10_itinerary_2_frame000057.jpg,10_itinerary_2,10_itinerary_2_82ad928b,57,570.0,10,2025:04:17 04:32:39,2025-04-17 04:42:09,4,3,859.0,HERO13 Black,,,,,,,1.0,,Paved,Yes,,,No,No,No
243699304,85205726,swathi@verifinity.ai,gs://sawasdee-labelstudio/annotation_frames/10_itinerary_2_frame000058.jpg,10_itinerary_2,10_itinerary_2_82ad928b,58,580.0,10,2025:04:17 04:32:39,2025-04-17 04:42:19,4,3,859.0,HERO13 Black,,,,,1.0,,6.0,,Paved,,,,No,No,No
243699305,85205762,swathi@verifinity.ai,gs://sawasdee-labelstudio/annotation_frames/10_itinerary_2_frame000059.jpg,10_itinerary_2,10_itinerary_2_82ad928b,59,590.0,10,2025:04:17 04:32:39,2025-04-17 04:42:29,4,3,859.0,HERO13 Black,,,,,,,2.0,,Paved,Yes,,,No,No,No
243699306,85205815,swathi@verifinity.ai,gs://sawasdee-labelstudio/annotation_frames/10_itinerary_2_frame000060.jpg,10_itinerary_2,10_itinerary_2_82ad928b,60,600.0,10,2025:04:17 04:32:39,2025-04-17 04:42:39,4,3,859.0,HERO13 Black,,,,,1.0,,3.0,,Paved - Blocked,,,,No,No,No
243699307,84610289,swathi@verifinity.ai,gs://sawasdee-labelstudio/annotation_frames/10_itinerary_2_frame000061.jpg,10_itinerary_2,10_itinerary_2_82ad928b,61,610.0,10,2025:04:17 04:32:39,2025-04-17 04:42:49,4,3,859.0,HERO13 Black,,,,,,,4.0,1.0,Paved,,,,No,No,No
243699308,85205861,swathi@verifinity.ai,gs://sawasdee-labelstudio/annotation_frames/10_itinerary_2_frame000062.jpg,10_itinerary_2,10_itinerary_2_82ad928b,62,620.0,10,2025:04:17 04:32:39,2025-04-17 04:42:59,4,3,859.0,HERO13 Black,,,,,,,3.0,,Paved,,,,No,No,No
243699309,85205904,swathi@verifinity.ai,gs://sawasdee-labelstudio/annotation_frames/10_itinerary_2_frame000063.jpg,10_itinerary_2,10_itinerary_2_82ad928b,63,630.0,10,2025:04:17 04:32:39,2025-04-17 04:43:09,4,3,859.0,HERO13 Black,,,,,,,4.0,,Paved,Yes,,,No,No,No
243699310,84998201,swathi@verifinity.ai,gs://sawasdee-labelstudio/annotation_frames/10_itinerary_2_frame000064.jpg,10_itinerary_2,10_itinerary_2_82ad928b,64,640.0,10,2025:04:17 04:32:39,2025-04-17 04:43:19,4,3,859.0,HERO13 Black,,,,,2.0,,1.0,,Paved - Blocked,,,,No,No,No
243699311,85205931,swathi@verifinity.ai,gs://sawasdee-labelstudio/annotation_frames/10_itinerary_2_frame000065.jpg,10_itinerary_2,10_itinerary_2_82ad928b,65,650.0,10,2025:04:17 04:32:39,2025-04-17 04:43:29,4,3,859.0,HERO13 Black,,,,,1.0,,,,Paved,,,Yes,No,No,No
243699312,85205988,swathi@verifinity.ai,gs://sawasdee-labelstudio/annotation_frames/10_itinerary_2_frame000066.jpg,10_itinerary_2,10_itinerary_2_82ad928b,66,660.0,10,2025:04:17 04:32:39,2025-04-17 04:43:39,4,3,859.0,HERO13 Black,,,,,,1.0,,,,,,,No,No,No
243699313,85206020,swathi@verifinity.ai,gs://sawasdee-labelstudio/annotation_frames/10_itinerary_2_frame000067.jpg,10_itinerary_2,10_itinerary_2_82ad928b,67,670.0,10,2025:04:17 04:32:39,2025-04-17 04:43:49,4,3,859.0,HERO13 Black,,,,,,,1.0,,Paved,,,,No,No,No
243699314,84389642,swathi@verifinity.ai,gs://sawasdee-labelstudio/annotation_frames/10_itinerary_2_frame000068.jpg,10_itinerary_2,10_itinerary_2_82ad928b,68,680.0,10,2025:04:17 04:32:39,2025-04-17 04:43:59,4,3,859.0,HERO13 Black,,,,,,,7.0,,No sidewalk,Yes,,,No,No,No
243699315,85206059,swathi@verifinity.ai,gs://sawasdee-labelstudio/annotation_frames/10_itinerary_2_frame000069.jpg,10_itinerary_2,10_itinerary_2_82ad928b,69,690.0,10,2025:04:17 04:32:39,2025-04-17 04:44:09,4,3,859.0,HERO13 Black,,,,,,,3.0,,,Yes,,,No,No,No
243699316,85206095,swathi@verifinity.ai,gs://sawasdee-labelstudio/annotation_frames/10_itinerary_2_frame000070.jpg,10_itinerary_2,10_itinerary_2_82ad928b,70,700.0,10,2025:04:17 04:32:39,2025-04-17 04:44:19,4,3,859.0,HERO13 Black,,,,,,,4.0,,Paved,Yes,,,No,No,No
243699317,85206140,swathi@verifinity.ai,gs://sawasdee-labelstudio/annotation_frames/10_itinerary_2_frame000071.jpg,10_itinerary_2,10_itinerary_2_82ad928b,71,710.0,10,2025:04:17 04:32:39,2025-04-17 04:44:29,4,3,859.0,HERO13 Black,,,,,3.0,,3.0,,,Yes,,,No,No,No
243699318,84647758,swathi@verifinity.ai,gs://sawasdee-labelstudio/annotation_frames/10_itinerary_2_frame000072.jpg,10_itinerary_2,10_itinerary_2_82ad928b,72,720.0,10,2025:04:17 04:32:39,2025-04-17 04:44:39,4,3,859.0,HERO13 Black,,,,,,,1.0,,,,,,No,No,No
243699319,85206178,swathi@verifinity.ai,gs://sawasdee-labelstudio/annotation_frames/10_itinerary_2_frame000073.jpg,10_itinerary_2,10_itinerary_2_82ad928b,73,730.0,10,2025:04:17 04:32:39,2025-04-17 04:44:49,4,3,859.0,HERO13 Black,,,,,2.0,,,,Paved,,,,No,No,No
243699320,85206228,swathi@verifinity.ai,gs://sawasdee-labelstudio/annotation_frames/10_itinerary_2_frame000074.jpg,10_itinerary_2,10_itinerary_2_82ad928b,74,740.0,10,2025:04:17 04:32:39,2025-04-17 04:44:59,4,3,859.0,HERO13 Black,,,,,1.0,,2.0,,,,,,No,No,No
243699321,85206334,swathi@verifinity.ai,gs://sawasdee-labelstudio/annotation_frames/10_itinerary_2_frame000075.jpg,10_itinerary_2,10_itinerary_2_82ad928b,75,750.0,10,2025:04:17 04:32:39,2025-04-17 04:45:09,4,3,859.0,HERO13 Black,,,,,6.0,,2.0,,Paved,,,Yes,Yes,No,No
243699322,85206359,swathi@verifinity.ai,gs://sawasdee-labelstudio/annotation_frames/10_itinerary_2_frame000076.jpg,10_itinerary_2,10_itinerary_2_82ad928b,76,760.0,10,2025:04:17 04:32:39,2025-04-17 04:45:19,4,3,859.0,HERO13 Black,,,,,,,1.0,,Paved,,,,No,No,No
243699323,85206427,swathi@verifinity.ai,gs://sawasdee-labelstudio/annotation_frames/10_itinerary_2_frame000077.jpg,10_itinerary_2,10_itinerary_2_82ad928b,77,770.0,10,2025:04:17 04:32:39,2025-04-17 04:45:29,4,3,859.0,HERO13 Black,,,,,1.0,1.0,5.0,,Paved,,,,No,No,No
243699324,85206486,swathi@verifinity.ai,gs://sawasdee-labelstudio/annotation_frames/10_itinerary_2_frame000078.jpg,10_itinerary_2,10_itinerary_2_82ad928b,78,780.0,10,2025:04:17 04:32:39,2025-04-17 04:45:39,4,3,859.0,HERO13 Black,,,,,3.0,3.0,2.0,,Paved,,,,No,No,No
243699325,85206556,swathi@verifinity.ai,gs://sawasdee-labelstudio/annotation_frames/10_itinerary_2_frame000079.jpg,10_itinerary_2,10_itinerary_2_82ad928b,79,790.0,10,2025:04:17 04:32:39,2025-04-17 04:45:49,4,3,859.0,HERO13 Black,,,,,2.0,,,,Paved,,,Yes,No,No,No
243699326,85206622,swathi@verifinity.ai,gs://sawasdee-labelstudio/annotation_frames/10_itinerary_2_frame000080.jpg,10_itinerary_2,10_itinerary_2_82ad928b,80,800.0,10,2025:04:17 04:32:39,2025-04-17 04:45:59,4,3,859.0,HERO13 Black,,,,,3.0,,3.0,,Paved - Blocked,,,,No,No,No
243699327,84385760,swathi@verifinity.ai,gs://sawasdee-labelstudio/annotation_frames/10_itinerary_2_frame000081.jpg,10_itinerary_2,10_itinerary_2_82ad928b,81,810.0,10,2025:04:17 04:32:39,2025-04-17 04:46:09,4,3,859.0,HERO13 Black,,,,,2.0,2.0,1.0,,Paved - Blocked,Yes,,,No,No,No
243699328,85206765,swathi@verifinity.ai,gs://sawasdee-labelstudio/annotation_frames/10_itinerary_2_frame000082.jpg,10_itinerary_2,10_itinerary_2_82ad928b,82,820.0,10,2025:04:17 04:32:39,2025-04-17 04:46:19,4,3,859.0,HERO13 Black,,,,,3.0,7.0,,1.0,Paved - Blocked,,,,No,No,Yes
243699329,85206950,swathi@verifinity.ai,gs://sawasdee-labelstudio/annotation_frames/10_itinerary_2_frame000083.jpg,10_itinerary_2,10_itinerary_2_82ad928b,83,830.0,10,2025:04:17 04:32:39,2025-04-17 04:46:29,4,3,859.0,HERO13 Black,,,,,8.0,5.0,,,No sidewalk,,,,No,No,Yes
243699330,85207056,swathi@verifinity.ai,gs://sawasdee-labelstudio/annotation_frames/10_itinerary_2_frame000084.jpg,10_itinerary_2,10_itinerary_2_82ad928b,84,840.0,10,2025:04:17 04:32:39,2025-04-17 04:46:39,4,3,859.0,HERO13 Black,,,,,8.0,2.0,2.0,,Paved - Blocked,Yes,,,No,No,No
243699331,85207107,swathi@verifinity.ai,gs://sawasdee-labelstudio/annotation_frames/10_itinerary_2_frame000085.jpg,10_itinerary_2,10_itinerary_2_82ad928b,85,850.0,10,2025:04:17 04:32:39,2025-04-17 04:46:49,4,3,859.0,HERO13 Black,,,,,1.0,,,,Paved - Blocked,,,Yes,No,No,No
243699332,85207141,swathi@verifinity.ai,gs://sawasdee-labelstudio/annotation_frames/10_itinerary_3_frame000000.jpg,10_itinerary_3,10_itinerary_3_ab76dded,0,0.0,10,2025:04:17 04:57:14,2025-04-17 04:57:14,4,3,940.0,HERO13 Black,19.03362777777778,72.83861944444443,8.043,0.0,1.0,3.0,,,Paved,Yes,,,No,No,No
243699333,85207173,swathi@verifinity.ai,gs://sawasdee-labelstudio/annotation_frames/10_itinerary_3_frame000001.jpg,10_itinerary_3,10_itinerary_3_ab76dded,1,10.0,10,2025:04:17 04:57:14,2025-04-17 04:57:24,4,3,940.0,HERO13 Black,19.033630555555558,72.83862222222221,8.435,0.0,,,,,Paved,,,,No,No,No
243699334,84382029,swathi@verifinity.ai,gs://sawasdee-labelstudio/annotation_frames/10_itinerary_3_frame000002.jpg,10_itinerary_3,10_itinerary_3_ab76dded,2,20.0,10,2025:04:17 04:57:14,2025-04-17 04:57:34,4,3,940.0,HERO13 Black,19.033697222222223,72.83864444444444,8.816,0.0,,,1.0,,Paved,Yes,,,No,No,No
243699335,84644655,swathi@verifinity.ai,gs://sawasdee-labelstudio/annotation_frames/10_itinerary_3_frame000003.jpg,10_itinerary_3,10_itinerary_3_ab76dded,3,30.0,10,2025:04:17 04:57:14,2025-04-17 04:57:44,4,3,940.0,HERO13 Black,19.03416388888889,72.83874722222222,9.201,0.0,4.0,3.0,,,Paved,Yes,,,No,No,No
243699336,85018648,swathi@verifinity.ai,gs://sawasdee-labelstudio/annotation_frames/10_itinerary_3_frame000004.jpg,10_itinerary_3,10_itinerary_3_ab76dded,4,40.0,10,2025:04:17 04:57:14,2025-04-17 04:57:54,4,3,940.0,HERO13 Black,19.0347,72.83885277777777,9.352,0.0,2.0,,1.0,1.0,Paved,,,,No,No,No
243699337,85207256,swathi@verifinity.ai,gs://sawasdee-labelstudio/annotation_frames/10_itinerary_3_frame000005.jpg,10_itinerary_3,10_itinerary_3_ab76dded,5,50.0,10,2025:04:17 04:57:14,2025-04-17 04:58:04,4,3,940.0,HERO13 Black,19.035130555555558,72.83893333333333,9.021,0.0,6.0,2.0,1.0,1.0,Paved,,,,No,No,No
243699338,85207288,swathi@verifinity.ai,gs://sawasdee-labelstudio/annotation_frames/10_itinerary_3_frame000006.jpg,10_itinerary_3,10_itinerary_3_ab76dded,6,60.0,10,2025:04:17 04:57:14,2025-04-17 04:58:14,4,3,940.0,HERO13 Black,19.035469444444445,72.83897222222221,8.177,0.0,,,1.0,1.0,Paved,,,,No,No,No
243699339,85207435,swathi@verifinity.ai,gs://sawasdee-labelstudio/annotation_frames/10_itinerary_3_frame000007.jpg,10_itinerary_3,10_itinerary_3_ab76dded,7,70.0,10,2025:04:17 04:57:14,2025-04-17 04:58:24,4,3,940.0,HERO13 Black,19.035683333333335,72.839,9.062,0.0,5.0,1.0,3.0,1.0,Paved,,,,No,No,No
243699340,85207511,swathi@verifinity.ai,gs://sawasdee-labelstudio/annotation_frames/10_itinerary_3_frame000008.jpg,10_itinerary_3,10_itinerary_3_ab76dded,8,80.0,10,2025:04:17 04:57:14,2025-04-17 04:58:34,4,3,940.0,HERO13 Black,19.035669444444448,72.83902499999999,10.054,0.0,,2.0,3.0,1.0,Paved,Yes,,,No,No,No
243699341,85207560,swathi@verifinity.ai,gs://sawasdee-labelstudio/annotation_frames/10_itinerary_3_frame000009.jpg,10_itinerary_3,10_itinerary_3_ab76dded,9,90.0,10,2025:04:17 04:57:14,2025-04-17 04:58:44,4,3,940.0,HERO13 Black,19.03584166666667,72.83914999999999,7.926,0.0,3.0,,2.0,,Paved,,,,No,No,No
243699342,85207665,swathi@verifinity.ai,gs://sawasdee-labelstudio/annotation_frames/10_itinerary_3_frame000010.jpg,10_itinerary_3,10_itinerary_3_ab76dded,10,100.0,10,2025:04:17 04:57:14,2025-04-17 04:58:54,4,3,940.0,HERO13 Black,19.03578611111111,72.839675,6.377,0.0,3.0,,4.0,,Paved,,,,No,No,No
243699343,85207716,swathi@verifinity.ai,gs://sawasdee-labelstudio/annotation_frames/10_itinerary_3_frame000011.jpg,10_itinerary_3,10_itinerary_3_ab76dded,11,110.0,10,2025:04:17 04:57:14,2025-04-17 04:59:04,4,3,940.0,HERO13 Black,19.03565,72.84021944444444,9.65,0.0,2.0,,3.0,,Paved,,,,No,No,No
243699344,85207793,swathi@verifinity.ai,gs://sawasdee-labelstudio/annotation_frames/10_itinerary_3_frame000012.jpg,10_itinerary_3,10_itinerary_3_ab76dded,12,120.0,10,2025:04:17 04:57:14,2025-04-17 04:59:14,4,3,940.0,HERO13 Black,19.035386111111112,72.84044722222222,7.502,0.0,11.0,2.0,3.0,,Paved,,,,No,No,No
243699346,84540131,swathi@verifinity.ai,gs://sawasdee-labelstudio/annotation_frames/10_itinerary_3_frame000013.jpg,10_itinerary_3,10_itinerary_3_ab76dded,13,130.0,10,2025:04:17 04:57:14,2025-04-17 04:59:24,4,3,940.0,HERO13 Black,19.03487777777778,72.84036111111111,5.222,0.0,1.0,,,,Paved,Yes,,,No,No,No
243699347,85207847,swathi@verifinity.ai,gs://sawasdee-labelstudio/annotation_frames/10_itinerary_3_frame000014.jpg,10_itinerary_3,10_itinerary_3_ab76dded,14,140.0,10,2025:04:17 04:57:14,2025-04-17 04:59:34,4,3,940.0,HERO13 Black,19.03443888888889,72.84031666666667,7.482,0.0,,,1.0,,Paved,Yes,,,No,No,No
243699349,84379133,swathi@verifinity.ai,gs://sawasdee-labelstudio/annotation_frames/10_itinerary_3_frame000015.jpg,10_itinerary_3,10_itinerary_3_ab76dded,15,150.0,10,2025:04:17 04:57:14,2025-04-17 04:59:44,4,3,940.0,HERO13 Black,19.034319444444446,72.84026666666666,6.852,0.0,2.0,,,,Paved,Yes,,,No,No,No
243699350,84293163,swathi@verifinity.ai,gs://sawasdee-labelstudio/annotation_frames/10_itinerary_3_frame000016.jpg,10_itinerary_3,10_itinerary_3_ab76dded,16,160.0,10,2025:04:17 04:57:14,2025-04-17 04:59:54,4,3,940.0,HERO13 Black,19.034733333333335,72.84030833333333,5.594,0.0,1.0,,6.0,,,Yes,,,No,No,No
243699351,85207887,swathi@verifinity.ai,gs://sawasdee-labelstudio/annotation_frames/10_itinerary_3_frame000017.jpg,10_itinerary_3,10_itinerary_3_ab76dded,17,170.0,10,2025:04:17 04:57:14,2025-04-17 05:00:04,5,3,940.0,HERO13 Black,19.03522777777778,72.84032499999999,7.156,0.0,3.0,1.0,,,Paved,Yes,,,No,No,No
243699352,85207971,swathi@verifinity.ai,gs://sawasdee-labelstudio/annotation_frames/10_itinerary_3_frame000018.jpg,10_itinerary_3,10_itinerary_3_ab76dded,18,180.0,10,2025:04:17 04:57:14,2025-04-17 05:00:14,5,3,940.0,HERO13 Black,19.035569444444445,72.84046111111111,12.237,0.0,,,4.0,,Paved,Yes,,,No,No,No
243699353,85207990,swathi@verifinity.ai,gs://sawasdee-labelstudio/annotation_frames/10_itinerary_3_frame000019.jpg,10_itinerary_3,10_itinerary_3_ab76dded,19,190.0,10,2025:04:17 04:57:14,2025-04-17 05:00:24,5,3,940.0,HERO13 Black,19.03550277777778,72.84108888888889,13.827,0.0,3.0,,,,Paved,Yes,,,No,No,No
243699354,85208024,swathi@verifinity.ai,gs://sawasdee-labelstudio/annotation_frames/10_itinerary_3_frame000020.jpg,10_itinerary_3,10_itinerary_3_ab76dded,20,200.0,10,2025:04:17 04:57:14,2025-04-17 05:00:34,5,3,940.0,HERO13 Black,19.03547777777778,72.84174999999999,11.785,0.0,,,1.0,,Paved,Yes,,,No,No,No
243699355,84614524,swathi@verifinity.ai,gs://sawasdee-labelstudio/annotation_frames/10_itinerary_3_frame000021.jpg,10_itinerary_3,10_itinerary_3_ab76dded,21,210.0,10,2025:04:17 04:57:14,2025-04-17 05:00:44,5,3,940.0,HERO13 Black,19.03545277777778,72.84212777777778,11.258,0.0,,1.0,2.0,,Paved,Yes,,,No,No,No
243699356,84385428,swathi@verifinity.ai,gs://sawasdee-labelstudio/annotation_frames/10_itinerary_3_frame000022.jpg,10_itinerary_3,10_itinerary_3_ab76dded,22,220.0,10,2025:04:17 04:57:14,2025-04-17 05:00:54,5,3,940.0,HERO13 Black,19.03546111111111,72.84216388888889,5.19,0.0,2.0,,,,Paved,Yes,,,No,No,No
243699357,85019547,swathi@verifinity.ai,gs://sawasdee-labelstudio/annotation_frames/10_itinerary_3_frame000023.jpg,10_itinerary_3,10_itinerary_3_ab76dded,23,230.0,10,2025:04:17 04:57:14,2025-04-17 05:01:04,5,3,940.0,HERO13 Black,19.03545277777778,72.842175,3.521,0.0,2.0,1.0,2.0,,Paved,Yes,,,No,No,No
243699358,85208069,swathi@verifinity.ai,gs://sawasdee-labelstudio/annotation_frames/10_itinerary_3_frame000024.jpg,10_itinerary_3,10_itinerary_3_ab76dded,24,240.0,10,2025:04:17 04:57:14,2025-04-17 05:01:14,5,3,940.0,HERO13 Black,19.035441666666667,72.84218333333332,3.279,0.0,1.0,2.0,3.0,,Paved,Yes,,,No,No,No
243699359,84545596,swathi@verifinity.ai,gs://sawasdee-labelstudio/annotation_frames/10_itinerary_3_frame000025.jpg,10_itinerary_3,10_itinerary_3_ab76dded,25,250.0,10,2025:04:17 04:57:14,2025-04-17 05:01:24,5,3,940.0,HERO13 Black,19.035436111111114,72.8421861111111,1.768,0.0,,,1.0,,Paved,Yes,,,No,No,No
243699360,85208111,swathi@verifinity.ai,gs://sawasdee-labelstudio/annotation_frames/10_itinerary_3_frame000026.jpg,10_itinerary_3,10_itinerary_3_ab76dded,26,260.0,10,2025:04:17 04:57:14,2025-04-17 05:01:34,5,3,940.0,HERO13 Black,19.03543888888889,72.84220555555555,5.247,0.0,6.0,1.0,3.0,,Paved,Yes,,,No,No,No
243699361,85208148,swathi@verifinity.ai,gs://sawasdee-labelstudio/annotation_frames/10_itinerary_3_frame000027.jpg,10_itinerary_3,10_itinerary_3_ab76dded,27,270.0,10,2025:04:17 04:57:14,2025-04-17 05:01:44,5,3,940.0,HERO13 Black,19.035444444444447,72.84220555555555,3.946,0.0,2.0,,4.0,,Paved,Yes,,,No,No,No
243699362,85208176,swathi@verifinity.ai,gs://sawasdee-labelstudio/annotation_frames/10_itinerary_3_frame000028.jpg,10_itinerary_3,10_itinerary_3_ab76dded,28,280.0,10,2025:04:17 04:57:14,2025-04-17 05:01:54,5,3,940.0,HERO13 Black,19.035436111111114,72.842275,2.596,0.0,3.0,,3.0,,Paved,Yes,,,No,No,No
243699363,85208228,swathi@verifinity.ai,gs://sawasdee-labelstudio/annotation_frames/10_itinerary_3_frame000029.jpg,10_itinerary_3,10_itinerary_3_ab76dded,29,290.0,10,2025:04:17 04:57:14,2025-04-17 05:02:04,5,3,940.0,HERO13 Black,19.035058333333335,72.84241388888888,0.809,0.0,,,4.0,,Paved,Yes,,,No,No,No
243699364,85208280,swathi@verifinity.ai,gs://sawasdee-labelstudio/annotation_frames/10_itinerary_3_frame000030.jpg,10_itinerary_3,10_itinerary_3_ab76dded,30,300.0,10,2025:04:17 04:57:14,2025-04-17 05:02:14,5,3,940.0,HERO13 Black,19.034408333333335,72.84236944444444,1.251,0.0,2.0,,3.0,,Paved,Yes,,,No,No,No
243699365,85208374,swathi@verifinity.ai,gs://sawasdee-labelstudio/annotation_frames/10_itinerary_3_frame000031.jpg,10_itinerary_3,10_itinerary_3_ab76dded,31,310.0,10,2025:04:17 04:57:14,2025-04-17 05:02:24,5,3,940.0,HERO13 Black,19.033763888888892,72.84230555555555,1.628,0.0,4.0,3.0,4.0,,Paved,Yes,,,No,No,No
243699366,85208440,swathi@verifinity.ai,gs://sawasdee-labelstudio/annotation_frames/10_itinerary_3_frame000032.jpg,10_itinerary_3,10_itinerary_3_ab76dded,32,320.0,10,2025:04:17 04:57:14,2025-04-17 05:02:34,5,3,940.0,HERO13 Black,19.033175,72.84224444444445,1.685,0.0,4.0,2.0,5.0,1.0,Paved,Yes,,,No,No,No
243699367,85208511,swathi@verifinity.ai,gs://sawasdee-labelstudio/annotation_frames/10_itinerary_3_frame000033.jpg,10_itinerary_3,10_itinerary_3_ab76dded,33,330.0,10,2025:04:17 04:57:14,2025-04-17 05:02:44,5,3,940.0,HERO13 Black,19.03261388888889,72.84221666666666,1.054,0.0,1.0,1.0,3.0,,Paved,Yes,,,No,No,Yes
243699368,85208556,swathi@verifinity.ai,gs://sawasdee-labelstudio/annotation_frames/10_itinerary_3_frame000034.jpg,10_itinerary_3,10_itinerary_3_ab76dded,34,340.0,10,2025:04:17 04:57:14,2025-04-17 05:02:54,5,3,940.0,HERO13 Black,19.032044444444445,72.84214722222222,0.515,0.0,3.0,1.0,1.0,,Paved,Yes,,,No,No,No
243699369,85208609,swathi@verifinity.ai,gs://sawasdee-labelstudio/annotation_frames/10_itinerary_3_frame000035.jpg,10_itinerary_3,10_itinerary_3_ab76dded,35,350.0,10,2025:04:17 04:57:14,2025-04-17 05:03:04,5,3,940.0,HERO13 Black,19.031791666666667,72.84206944444443,2.172,0.0,1.0,,3.0,,,Yes,,,Yes,No,No
243699370,85208646,swathi@verifinity.ai,gs://sawasdee-labelstudio/annotation_frames/10_itinerary_3_frame000036.jpg,10_itinerary_3,10_itinerary_3_ab76dded,36,360.0,10,2025:04:17 04:57:14,2025-04-17 05:03:14,5,3,940.0,HERO13 Black,19.03179722222222,72.84207222222221,1.044,0.0,1.0,,3.0,1.0,,Yes,,,No,No,No
243699371,85208709,swathi@verifinity.ai,gs://sawasdee-labelstudio/annotation_frames/10_itinerary_3_frame000037.jpg,10_itinerary_3,10_itinerary_3_ab76dded,37,370.0,10,2025:04:17 04:57:14,2025-04-17 05:03:24,5,3,940.0,HERO13 Black,19.03178611111111,72.84209166666666,1.373,0.0,2.0,1.0,2.0,,Paved,Yes,,,No,No,No
243699372,85208786,swathi@verifinity.ai,gs://sawasdee-labelstudio/annotation_frames/10_itinerary_3_frame000038.jpg,10_itinerary_3,10_itinerary_3_ab76dded,38,380.0,10,2025:04:17 04:57:14,2025-04-17 05:03:34,5,3,940.0,HERO13 Black,19.031788888888887,72.84209166666666,0.877,0.0,1.0,1.0,7.0,,Paved,Yes,,,No,No,No
243699373,85208838,swathi@verifinity.ai,gs://sawasdee-labelstudio/annotation_frames/10_itinerary_3_frame000039.jpg,10_itinerary_3,10_itinerary_3_ab76dded,39,390.0,10,2025:04:17 04:57:14,2025-04-17 05:03:44,5,3,940.0,HERO13 Black,19.031775,72.84209166666666,2.144,0.0,2.0,,4.0,,Paved,Yes,,,No,No,No
243699374,85210158,swathi@verifinity.ai,gs://sawasdee-labelstudio/annotation_frames/10_itinerary_3_frame000040.jpg,10_itinerary_3,10_itinerary_3_ab76dded,40,400.0,10,2025:04:17 04:57:14,2025-04-17 05:03:54,5,3,940.0,HERO13 Black,19.031772222222223,72.84209722222222,1.984,0.0,2.0,1.0,9.0,,Paved,,,,No,No,No
243699375,84267484,swathi@verifinity.ai,gs://sawasdee-labelstudio/annotation_frames/10_itinerary_3_frame000041.jpg,10_itinerary_3,10_itinerary_3_ab76dded,41,410.0,10,2025:04:17 04:57:14,2025-04-17 05:04:04,5,3,940.0,HERO13 Black,19.031777777777776,72.84210277777777,2.264,0.0,,,7.0,1.0,Paved,Yes,,,No,No,No
243699376,85210817,swathi@verifinity.ai,gs://sawasdee-labelstudio/annotation_frames/10_itinerary_3_frame000042.jpg,10_itinerary_3,10_itinerary_3_ab76dded,42,420.0,10,2025:04:17 04:57:14,2025-04-17 05:04:14,5,3,940.0,HERO13 Black,19.03172777777778,72.842075,3.455,0.0,2.0,,5.0,,Paved,Yes,,,Yes,No,No
243699377,84996673,swathi@verifinity.ai,gs://sawasdee-labelstudio/annotation_frames/10_itinerary_3_frame000043.jpg,10_itinerary_3,10_itinerary_3_ab76dded,43,430.0,10,2025:04:17 04:57:14,2025-04-17 05:04:24,5,3,940.0,HERO13 Black,19.031599999999997,72.84169444444444,2.153,0.0,1.0,,3.0,,Paved,,,,No,No,No
243699378,85211012,swathi@verifinity.ai,gs://sawasdee-labelstudio/annotation_frames/10_itinerary_3_frame000044.jpg,10_itinerary_3,10_itinerary_3_ab76dded,44,440.0,10,2025:04:17 04:57:14,2025-04-17 05:04:34,5,3,940.0,HERO13 Black,19.03175,72.84106666666666,2.4,0.0,2.0,,2.0,,Paved,,,,No,No,No
243699379,85211047,swathi@verifinity.ai,gs://sawasdee-labelstudio/annotation_frames/10_itinerary_3_frame000045.jpg,10_itinerary_3,10_itinerary_3_ab76dded,45,450.0,10,2025:04:17 04:57:14,2025-04-17 05:04:44,5,3,940.0,HERO13 Black,19.03188611111111,72.84047777777778,4.268,0.0,,3.0,4.0,,Paved,,,,No,No,No
243699380,85211121,swathi@verifinity.ai,gs://sawasdee-labelstudio/annotation_frames/10_itinerary_3_frame000046.jpg,10_itinerary_3,10_itinerary_3_ab76dded,46,460.0,10,2025:04:17 04:57:14,2025-04-17 05:04:54,5,3,940.0,HERO13 Black,19.03193333333333,72.84014166666667,-6.249,0.0,6.0,1.0,4.0,,Paved,,,,No,No,No
243699382,85211214,swathi@verifinity.ai,gs://sawasdee-labelstudio/annotation_frames/10_itinerary_3_frame000047.jpg,10_itinerary_3,10_itinerary_3_ab76dded,47,470.0,10,2025:04:17 04:57:14,2025-04-17 05:05:04,5,3,940.0,HERO13 Black,19.031605555555554,72.84001944444444,-0.577,0.0,2.0,,2.0,,Paved,,,,No,No,No
243699383,85211284,swathi@verifinity.ai,gs://sawasdee-labelstudio/annotation_frames/10_itinerary_3_frame000048.jpg,10_itinerary_3,10_itinerary_3_ab76dded,48,480.0,10,2025:04:17 04:57:14,2025-04-17 05:05:14,5,3,940.0,HERO13 Black,19.031038888888887,72.83996944444443,3.936,0.0,3.0,2.0,2.0,,Paved - Blocked,,,,No,No,No
243699384,85211335,swathi@verifinity.ai,gs://sawasdee-labelstudio/annotation_frames/10_itinerary_3_frame000049.jpg,10_itinerary_3,10_itinerary_3_ab76dded,49,490.0,10,2025:04:17 04:57:14,2025-04-17 05:05:24,5,3,940.0,HERO13 Black,19.030480555555556,72.83989444444444,7.12,0.0,1.0,,2.0,,Paved,,,,No,No,No
243699385,85211397,swathi@verifinity.ai,gs://sawasdee-labelstudio/annotation_frames/10_itinerary_3_frame000050.jpg,10_itinerary_3,10_itinerary_3_ab76dded,50,500.0,10,2025:04:17 04:57:14,2025-04-17 05:05:34,5,3,940.0,HERO13 Black,19.029894444444444,72.83980555555556,7.433,0.0,5.0,,3.0,,Paved - Blocked,,,,No,No,No
243699386,85211554,swathi@verifinity.ai,gs://sawasdee-labelstudio/annotation_frames/10_itinerary_3_frame000051.jpg,10_itinerary_3,10_itinerary_3_ab76dded,51,510.0,10,2025:04:17 04:57:14,2025-04-17 05:05:44,5,3,940.0,HERO13 Black,19.02941111111111,72.83985833333332,8.181,0.0,2.0,,,,Paved,,,,No,No,No
243699387,85211616,swathi@verifinity.ai,gs://sawasdee-labelstudio/annotation_frames/10_itinerary_3_frame000052.jpg,10_itinerary_3,10_itinerary_3_ab76dded,52,520.0,10,2025:04:17 04:57:14,2025-04-17 05:05:54,5,3,940.0,HERO13 Black,19.029216666666667,72.840175,12.824,0.0,1.0,3.0,2.0,,Paved,,,,No,No,No
243699388,85211690,swathi@verifinity.ai,gs://sawasdee-labelstudio/annotation_frames/10_itinerary_3_frame000053.jpg,10_itinerary_3,10_itinerary_3_ab76dded,53,530.0,10,2025:04:17 04:57:14,2025-04-17 05:06:04,5,3,940.0,HERO13 Black,19.029016666666667,72.8404861111111,8.856,0.0,4.0,3.0,6.0,,Paved,Yes,,,No,No,No
243699389,85211759,swathi@verifinity.ai,gs://sawasdee-labelstudio/annotation_frames/10_itinerary_3_frame000054.jpg,10_itinerary_3,10_itinerary_3_ab76dded,54,540.0,10,2025:04:17 04:57:14,2025-04-17 05:06:14,5,3,940.0,HERO13 Black,19.02879722222222,72.84089444444444,10.39,0.0,3.0,1.0,3.0,,Paved,Yes,,,No,No,No
243699390,85211821,swathi@verifinity.ai,gs://sawasdee-labelstudio/annotation_frames/10_itinerary_3_frame000055.jpg,10_itinerary_3,10_itinerary_3_ab76dded,55,550.0,10,2025:04:17 04:57:14,2025-04-17 05:06:24,5,3,940.0,HERO13 Black,19.028588888888887,72.84139166666667,5.147,0.0,,,7.0,2.0,Paved,Yes,,,No,No,No
243699391,85211867,swathi@verifinity.ai,gs://sawasdee-labelstudio/annotation_frames/10_itinerary_3_frame000056.jpg,10_itinerary_3,10_itinerary_3_ab76dded,56,560.0,10,2025:04:17 04:57:14,2025-04-17 05:06:34,5,3,940.0,HERO13 Black,19.028530555555555,72.84185,6.692,0.0,3.0,,2.0,,Paved,Yes,,,No,No,No
243699392,85211939,swathi@verifinity.ai,gs://sawasdee-labelstudio/annotation_frames/10_itinerary_3_frame000057.jpg,10_itinerary_3,10_itinerary_3_ab76dded,57,570.0,10,2025:04:17 04:57:14,2025-04-17 05:06:44,5,3,940.0,HERO13 Black,19.028519444444445,72.842,2.126,0.0,4.0,,1.0,2.0,Paved,Yes,,,No,No,No
243699393,85212010,swathi@verifinity.ai,gs://sawasdee-labelstudio/annotation_frames/10_itinerary_3_frame000058.jpg,10_itinerary_3,10_itinerary_3_ab76dded,58,580.0,10,2025:04:17 04:57:14,2025-04-17 05:06:54,5,3,940.0,HERO13 Black,19.028927777777778,72.84209444444444,6.117,0.0,1.0,,7.0,1.0,Paved,Yes,,,No,No,No
243699394,85212093,swathi@verifinity.ai,gs://sawasdee-labelstudio/annotation_frames/10_itinerary_3_frame000059.jpg,10_itinerary_3,10_itinerary_3_ab76dded,59,590.0,10,2025:04:17 04:57:14,2025-04-17 05:07:04,5,3,940.0,HERO13 Black,19.029344444444444,72.842125,11.596,0.0,5.0,1.0,4.0,1.0,Paved,Yes,,,No,No,No
243699395,84292312,swathi@verifinity.ai,gs://sawasdee-labelstudio/annotation_frames/10_itinerary_3_frame000060.jpg,10_itinerary_3,10_itinerary_3_ab76dded,60,600.0,10,2025:04:17 04:57:14,2025-04-17 05:07:14,5,3,940.0,HERO13 Black,19.02943611111111,72.84255833333333,12.585,0.0,3.0,1.0,4.0,1.0,Paved,Yes,,,No,No,No
243699396,85212204,swathi@verifinity.ai,gs://sawasdee-labelstudio/annotation_frames/10_itinerary_3_frame000061.jpg,10_itinerary_3,10_itinerary_3_ab76dded,61,610.0,10,2025:04:17 04:57:14,2025-04-17 05:07:24,5,3,940.0,HERO13 Black,19.029233333333334,72.84269166666667,16.567,0.8,5.0,,1.0,,,Yes,,,No,No,No
243699397,85212275,swathi@verifinity.ai,gs://sawasdee-labelstudio/annotation_frames/10_itinerary_3_frame000062.jpg,10_itinerary_3,10_itinerary_3_ab76dded,62,620.0,10,2025:04:17 04:57:14,2025-04-17 05:07:34,5,3,940.0,HERO13 Black,19.029233333333334,72.84269166666667,16.567,10.8,5.0,,2.0,,Paved,Yes,,Yes,Yes,No,No
243699398,85212331,swathi@verifinity.ai,gs://sawasdee-labelstudio/annotation_frames/10_itinerary_3_frame000063.jpg,10_itinerary_3,10_itinerary_3_ab76dded,63,630.0,10,2025:04:17 04:57:14,2025-04-17 05:07:44,5,3,940.0,HERO13 Black,19.029233333333334,72.84269166666667,16.567,20.8,7.0,,,,,Yes,,Yes,Yes,No,No
243699399,85212479,swathi@verifinity.ai,gs://sawasdee-labelstudio/annotation_frames/10_itinerary_3_frame000064.jpg,10_itinerary_3,10_itinerary_3_ab76dded,64,640.0,10,2025:04:17 04:57:14,2025-04-17 05:07:54,5,3,940.0,HERO13 Black,,,,,5.0,4.0,,,,Yes,,,No,No,No
243699400,85212571,swathi@verifinity.ai,gs://sawasdee-labelstudio/annotation_frames/10_itinerary_3_frame000065.jpg,10_itinerary_3,10_itinerary_3_ab76dded,65,650.0,10,2025:04:17 04:57:14,2025-04-17 05:08:04,5,3,940.0,HERO13 Black,,,,,8.0,,2.0,,Paved - Blocked,Yes,,,Yes,No,No
243699401,85212616,swathi@verifinity.ai,gs://sawasdee-labelstudio/annotation_frames/10_itinerary_3_frame000066.jpg,10_itinerary_3,10_itinerary_3_ab76dded,66,660.0,10,2025:04:17 04:57:14,2025-04-17 05:08:14,5,3,940.0,HERO13 Black,,,,,3.0,,,,Paved - Blocked,,,,No,No,Yes
243699402,85212704,swathi@verifinity.ai,gs://sawasdee-labelstudio/annotation_frames/10_itinerary_3_frame000067.jpg,10_itinerary_3,10_itinerary_3_ab76dded,67,670.0,10,2025:04:17 04:57:14,2025-04-17 05:08:24,5,3,940.0,HERO13 Black,,,,,,1.0,8.0,,,Yes,,,No,No,No
243699403,85212855,swathi@verifinity.ai,gs://sawasdee-labelstudio/annotation_frames/10_itinerary_3_frame000068.jpg,10_itinerary_3,10_itinerary_3_ab76dded,68,680.0,10,2025:04:17 04:57:14,2025-04-17 05:08:34,5,3,940.0,HERO13 Black,,,,,4.0,2.0,3.0,,Paved - Blocked,,,,No,No,Yes
243699407,85212918,swathi@verifinity.ai,gs://sawasdee-labelstudio/annotation_frames/10_itinerary_3_frame000071.jpg,10_itinerary_3,10_itinerary_3_ab76dded,71,710.0,10,2025:04:17 04:57:14,2025-04-17 05:09:04,5,3,940.0,HERO13 Black,,,,,2.0,,,,,,,,No,No,No
243699410,85212980,swathi@verifinity.ai,gs://sawasdee-labelstudio/annotation_frames/10_itinerary_3_frame000074.jpg,10_itinerary_3,10_itinerary_3_ab76dded,74,740.0,10,2025:04:17 04:57:14,2025-04-17 05:09:34,5,3,940.0,HERO13 Black,,,,,3.0,,,,,,,,No,No,No
243699411,85213048,swathi@verifinity.ai,gs://sawasdee-labelstudio/annotation_frames/10_itinerary_3_frame000075.jpg,10_itinerary_3,10_itinerary_3_ab76dded,75,750.0,10,2025:04:17 04:57:14,2025-04-17 05:09:44,5,3,940.0,HERO13 Black,,,,,4.0,2.0,5.0,,Paved,Yes,,,No,No,No
243699412,85213107,swathi@verifinity.ai,gs://sawasdee-labelstudio/annotation_frames/10_itinerary_3_frame000076.jpg,10_itinerary_3,10_itinerary_3_ab76dded,76,760.0,10,2025:04:17 04:57:14,2025-04-17 05:09:54,5,3,940.0,HERO13 Black,,,,,3.0,1.0,2.0,,Paved,,,,No,No,No
243699413,85213175,swathi@verifinity.ai,gs://sawasdee-labelstudio/annotation_frames/10_itinerary_3_frame000077.jpg,10_itinerary_3,10_itinerary_3_ab76dded,77,770.0,10,2025:04:17 04:57:14,2025-04-17 05:10:04,5,3,940.0,HERO13 Black,,,,,5.0,3.0,,,Paved,,,,No,No,No
243699414,85213212,swathi@verifinity.ai,gs://sawasdee-labelstudio/annotation_frames/10_itinerary_3_frame000078.jpg,10_itinerary_3,10_itinerary_3_ab76dded,78,780.0,10,2025:04:17 04:57:14,2025-04-17 05:10:14,5,3,940.0,HERO13 Black,,,,,3.0,1.0,,,Paved,,,,No,No,No
243699415,85213241,swathi@verifinity.ai,gs://sawasdee-labelstudio/annotation_frames/10_itinerary_3_frame000079.jpg,10_itinerary_3,10_itinerary_3_ab76dded,79,790.0,10,2025:04:17 04:57:14,2025-04-17 05:10:24,5,3,940.0,HERO13 Black,,,,,,,1.0,,Paved,,,,No,No,No
243699416,85213304,swathi@verifinity.ai,gs://sawasdee-labelstudio/annotation_frames/10_itinerary_3_frame000080.jpg,10_itinerary_3,10_itinerary_3_ab76dded,80,800.0,10,2025:04:17 04:57:14,2025-04-17 05:10:34,5,3,940.0,HERO13 Black,,,,,,1.0,3.0,,Paved,,,Yes,No,No,No
243699417,85213374,swathi@verifinity.ai,gs://sawasdee-labelstudio/annotation_frames/10_itinerary_3_frame000081.jpg,10_itinerary_3,10_itinerary_3_ab76dded,81,810.0,10,2025:04:17 04:57:14,2025-04-17 05:10:44,5,3,940.0,HERO13 Black,,,,,3.0,1.0,3.0,1.0,Paved,,,,No,No,No
243699418,85213429,swathi@verifinity.ai,gs://sawasdee-labelstudio/annotation_frames/10_itinerary_3_frame000082.jpg,10_itinerary_3,10_itinerary_3_ab76dded,82,820.0,10,2025:04:17 04:57:14,2025-04-17 05:10:54,5,3,940.0,HERO13 Black,,,,,3.0,,5.0,,Paved,,,,No,No,No
243699419,85213474,swathi@verifinity.ai,gs://sawasdee-labelstudio/annotation_frames/10_itinerary_3_frame000083.jpg,10_itinerary_3,10_itinerary_3_ab76dded,83,830.0,10,2025:04:17 04:57:14,2025-04-17 05:11:04,5,3,940.0,HERO13 Black,,,,,2.0,,1.0,,Paved,Yes,,,No,No,No
243699420,85213629,swathi@verifinity.ai,gs://sawasdee-labelstudio/annotation_frames/10_itinerary_3_frame000084.jpg,10_itinerary_3,10_itinerary_3_ab76dded,84,840.0,10,2025:04:17 04:57:14,2025-04-17 05:11:14,5,3,940.0,HERO13 Black,,,,,3.0,,1.0,,Paved - Blocked,,,,No,No,No
243699421,85213737,swathi@verifinity.ai,gs://sawasdee-labelstudio/annotation_frames/10_itinerary_3_frame000085.jpg,10_itinerary_3,10_itinerary_3_ab76dded,85,850.0,10,2025:04:17 04:57:14,2025-04-17 05:11:24,5,3,940.0,HERO13 Black,,,,,2.0,,2.0,1.0,,,,,No,No,No
243699422,85224807,swathi@verifinity.ai,gs://sawasdee-labelstudio/annotation_frames/10_itinerary_3_frame000086.jpg,10_itinerary_3,10_itinerary_3_ab76dded,86,860.0,10,2025:04:17 04:57:14,2025-04-17 05:11:34,5,3,940.0,HERO13 Black,,,,,5.0,,2.0,,Paved - Blocked,,,,No,No,No
243699423,85224871,swathi@verifinity.ai,gs://sawasdee-labelstudio/annotation_frames/10_itinerary_3_frame000087.jpg,10_itinerary_3,10_itinerary_3_ab76dded,87,870.0,10,2025:04:17 04:57:14,2025-04-17 05:11:44,5,3,940.0,HERO13 Black,,,,,3.0,,9.0,1.0,,Yes,,Yes,No,No,No
243699424,84608128,swathi@verifinity.ai,gs://sawasdee-labelstudio/annotation_frames/10_itinerary_3_frame000088.jpg,10_itinerary_3,10_itinerary_3_ab76dded,88,880.0,10,2025:04:17 04:57:14,2025-04-17 05:11:54,5,3,940.0,HERO13 Black,,,,,2.0,1.0,5.0,,No sidewalk,Yes,,,No,No,No
243699425,85224924,swathi@verifinity.ai,gs://sawasdee-labelstudio/annotation_frames/10_itinerary_3_frame000089.jpg,10_itinerary_3,10_itinerary_3_ab76dded,89,890.0,10,2025:04:17 04:57:14,2025-04-17 05:12:04,5,3,940.0,HERO13 Black,,,,,1.0,2.0,2.0,,,,,,No,No,No
243699426,85224956,swathi@verifinity.ai,gs://sawasdee-labelstudio/annotation_frames/10_itinerary_3_frame000090.jpg,10_itinerary_3,10_itinerary_3_ab76dded,90,900.0,10,2025:04:17 04:57:14,2025-04-17 05:12:14,5,3,940.0,HERO13 Black,,,,,,,,,,Yes,,,No,No,No
243699428,84298667,swathi@verifinity.ai,gs://sawasdee-labelstudio/annotation_frames/10_itinerary_3_frame000092.jpg,10_itinerary_3,10_itinerary_3_ab76dded,92,920.0,10,2025:04:17 04:57:14,2025-04-17 05:12:34,5,3,940.0,HERO13 Black,,,,,1.0,,1.0,,,,,,No,No,No
243699429,85225016,swathi@verifinity.ai,gs://sawasdee-labelstudio/annotation_frames/10_itinerary_3_frame000093.jpg,10_itinerary_3,10_itinerary_3_ab76dded,93,930.0,10,2025:04:17 04:57:14,2025-04-17 05:12:44,5,3,940.0,HERO13 Black,,,,,1.0,1.0,2.0,,Paved - Blocked,Yes,,,No,No,No
243699430,85225060,swathi@verifinity.ai,gs://sawasdee-labelstudio/annotation_frames/10_itinerary_4_1_frame000000.jpg,10_itinerary_4_1,10_itinerary_4_1_1cec29c8,0,0.0,10,2025:04:17 05:24:16,2025-04-17 05:24:16,5,3,2114.0,HERO13 Black,19.034844444444445,72.84223333333333,9.768,0.0,6.0,1.0,3.0,,Paved,,,,No,No,No
243699431,85225079,swathi@verifinity.ai,gs://sawasdee-labelstudio/annotation_frames/10_itinerary_4_1_frame000001.jpg,10_itinerary_4_1,10_itinerary_4_1_1cec29c8,1,10.0,10,2025:04:17 05:24:16,2025-04-17 05:24:26,5,3,2114.0,HERO13 Black,19.035308333333337,72.84224999999999,9.093,0.0,2.0,,2.0,1.0,Paved,Yes,,,No,No,No
243699432,85225118,swathi@verifinity.ai,gs://sawasdee-labelstudio/annotation_frames/10_itinerary_4_1_frame000002.jpg,10_itinerary_4_1,10_itinerary_4_1_1cec29c8,2,20.0,10,2025:04:17 05:24:16,2025-04-17 05:24:36,5,3,2114.0,HERO13 Black,19.035347222222224,72.84228055555555,10.024,0.0,6.0,1.0,2.0,,Paved,Yes,,,No,No,No
243699433,85225160,swathi@verifinity.ai,gs://sawasdee-labelstudio/annotation_frames/10_itinerary_4_1_frame000003.jpg,10_itinerary_4_1,10_itinerary_4_1_1cec29c8,3,30.0,10,2025:04:17 05:24:16,2025-04-17 05:24:46,5,3,2114.0,HERO13 Black,19.035352777777778,72.84228611111111,10.129,0.0,8.0,1.0,4.0,,Paved,Yes,,,No,No,No
243699434,85225187,swathi@verifinity.ai,gs://sawasdee-labelstudio/annotation_frames/10_itinerary_4_1_frame000004.jpg,10_itinerary_4_1,10_itinerary_4_1_1cec29c8,4,40.0,10,2025:04:17 05:24:16,2025-04-17 05:24:56,5,3,2114.0,HERO13 Black,19.035355555555558,72.84229166666667,9.538,0.0,,3.0,4.0,,Paved,,,,No,No,No
243699435,85225213,swathi@verifinity.ai,gs://sawasdee-labelstudio/annotation_frames/10_itinerary_4_1_frame000005.jpg,10_itinerary_4_1,10_itinerary_4_1_1cec29c8,5,50.0,10,2025:04:17 05:24:16,2025-04-17 05:25:06,5,3,2114.0,HERO13 Black,19.035358333333335,72.84229722222221,8.667,0.0,2.0,2.0,5.0,,Paved,Yes,,,No,No,No
243699436,84537067,swathi@verifinity.ai,gs://sawasdee-labelstudio/annotation_frames/10_itinerary_4_1_frame000006.jpg,10_itinerary_4_1,10_itinerary_4_1_1cec29c8,6,60.0,10,2025:04:17 05:24:16,2025-04-17 05:25:16,5,3,2114.0,HERO13 Black,19.035369444444445,72.84232222222222,8.117,0.0,2.0,1.0,1.0,1.0,,Yes,,,No,No,No
243699437,85225251,swathi@verifinity.ai,gs://sawasdee-labelstudio/annotation_frames/10_itinerary_4_1_frame000007.jpg,10_itinerary_4_1,10_itinerary_4_1_1cec29c8,7,70.0,10,2025:04:17 05:24:16,2025-04-17 05:25:26,5,3,2114.0,HERO13 Black,19.034905555555557,72.84234722222222,7.676,0.0,3.0,,1.0,,Paved,Yes,,,No,No,No
243699438,84638711,swathi@verifinity.ai,gs://sawasdee-labelstudio/annotation_frames/10_itinerary_4_1_frame000008.jpg,10_itinerary_4_1,10_itinerary_4_1_1cec29c8,8,80.0,10,2025:04:17 05:24:16,2025-04-17 05:25:36,5,3,2114.0,HERO13 Black,19.034272222222224,72.8423,9.606,0.0,2.0,,1.0,,Paved,Yes,,,No,No,No
243699439,84645519,swathi@verifinity.ai,gs://sawasdee-labelstudio/annotation_frames/10_itinerary_4_1_frame000009.jpg,10_itinerary_4_1,10_itinerary_4_1_1cec29c8,9,90.0,10,2025:04:17 05:24:16,2025-04-17 05:25:46,5,3,2114.0,HERO13 Black,19.033672222222226,72.842225,12.52,0.0,,1.0,2.0,,Paved,,,,No,No,No
243699440,85225328,swathi@verifinity.ai,gs://sawasdee-labelstudio/annotation_frames/10_itinerary_4_1_frame000010.jpg,10_itinerary_4_1,10_itinerary_4_1_1cec29c8,10,100.0,10,2025:04:17 05:24:16,2025-04-17 05:25:56,5,3,2114.0,HERO13 Black,19.033083333333334,72.84215555555555,13.311,0.0,2.0,,2.0,,Paved,,,,No,No,No
243699441,85225351,swathi@verifinity.ai,gs://sawasdee-labelstudio/annotation_frames/10_itinerary_4_1_frame000011.jpg,10_itinerary_4_1,10_itinerary_4_1_1cec29c8,11,110.0,10,2025:04:17 05:24:16,2025-04-17 05:26:06,5,3,2114.0,HERO13 Black,19.032794444444445,72.84214166666666,13.983,0.0,3.0,2.0,2.0,,Paved,Yes,,,No,No,No
243699442,85225366,swathi@verifinity.ai,gs://sawasdee-labelstudio/annotation_frames/10_itinerary_4_1_frame000012.jpg,10_itinerary_4_1,10_itinerary_4_1_1cec29c8,12,120.0,10,2025:04:17 05:24:16,2025-04-17 05:26:16,5,3,2114.0,HERO13 Black,19.03228888888889,72.84210833333333,13.439,0.0,1.0,1.0,2.0,,Paved - Blocked,Yes,,,No,No,No
243699443,84534011,swathi@verifinity.ai,gs://sawasdee-labelstudio/annotation_frames/10_itinerary_4_1_frame000013.jpg,10_itinerary_4_1,10_itinerary_4_1_1cec29c8,13,130.0,10,2025:04:17 05:24:16,2025-04-17 05:26:26,5,3,2114.0,HERO13 Black,19.031872222222223,72.84207777777777,13.42,0.0,3.0,1.0,1.0,,Paved,,,,No,No,No
243699444,85225385,swathi@verifinity.ai,gs://sawasdee-labelstudio/annotation_frames/10_itinerary_4_1_frame000014.jpg,10_itinerary_4_1,10_itinerary_4_1_1cec29c8,14,140.0,10,2025:04:17 05:24:16,2025-04-17 05:26:36,5,3,2114.0,HERO13 Black,19.031758333333332,72.84206388888889,13.53,0.0,1.0,,4.0,,Paved,,,,No,No,No
243699445,85225403,swathi@verifinity.ai,gs://sawasdee-labelstudio/annotation_frames/10_itinerary_4_1_frame000015.jpg,10_itinerary_4_1,10_itinerary_4_1_1cec29c8,15,150.0,10,2025:04:17 05:24:16,2025-04-17 05:26:46,5,3,2114.0,HERO13 Black,19.031755555555556,72.84207222222221,13.85,0.0,1.0,1.0,,,Paved,,,Yes,No,No,No
243699446,85225423,swathi@verifinity.ai,gs://sawasdee-labelstudio/annotation_frames/10_itinerary_4_1_frame000016.jpg,10_itinerary_4_1,10_itinerary_4_1_1cec29c8,16,160.0,10,2025:04:17 05:24:16,2025-04-17 05:26:56,5,3,2114.0,HERO13 Black,19.031752777777776,72.842075,13.584,0.0,2.0,,,,,,,,No,No,No
243699447,85225450,swathi@verifinity.ai,gs://sawasdee-labelstudio/annotation_frames/10_itinerary_4_1_frame000017.jpg,10_itinerary_4_1,10_itinerary_4_1_1cec29c8,17,170.0,10,2025:04:17 05:24:16,2025-04-17 05:27:06,5,3,2114.0,HERO13 Black,19.031752777777776,72.8420861111111,12.045,0.0,5.0,1.0,3.0,1.0,,,,,No,No,No
243699448,85225484,swathi@verifinity.ai,gs://sawasdee-labelstudio/annotation_frames/10_itinerary_4_1_frame000018.jpg,10_itinerary_4_1,10_itinerary_4_1_1cec29c8,18,180.0,10,2025:04:17 05:24:16,2025-04-17 05:27:16,5,3,2114.0,HERO13 Black,19.031441666666666,72.84200555555555,11.128,0.0,11.0,1.0,4.0,,Paved,,,,No,No,No
243699449,85225504,swathi@verifinity.ai,gs://sawasdee-labelstudio/annotation_frames/10_itinerary_4_1_frame000019.jpg,10_itinerary_4_1,10_itinerary_4_1_1cec29c8,19,190.0,10,2025:04:17 05:24:16,2025-04-17 05:27:26,5,3,2114.0,HERO13 Black,19.03085833333333,72.841875,11.638,0.0,3.0,,1.0,,Paved,,,Yes,No,No,No
243699450,85225543,swathi@verifinity.ai,gs://sawasdee-labelstudio/annotation_frames/10_itinerary_4_1_frame000020.jpg,10_itinerary_4_1,10_itinerary_4_1_1cec29c8,20,200.0,10,2025:04:17 05:24:16,2025-04-17 05:27:36,5,3,2114.0,HERO13 Black,19.030224999999998,72.84174999999999,12.646,0.0,,,1.0,,Paved - Blocked,,,,No,No,No
243699451,85225605,swathi@verifinity.ai,gs://sawasdee-labelstudio/annotation_frames/10_itinerary_4_1_frame000021.jpg,10_itinerary_4_1,10_itinerary_4_1_1cec29c8,21,210.0,10,2025:04:17 05:24:16,2025-04-17 05:27:46,5,3,2114.0,HERO13 Black,19.029619444444442,72.84161944444443,13.406,0.0,5.0,4.0,2.0,,Paved,,,,No,No,Yes
243699452,84385502,swathi@verifinity.ai,gs://sawasdee-labelstudio/annotation_frames/10_itinerary_4_1_frame000022.jpg,10_itinerary_4_1,10_itinerary_4_1_1cec29c8,22,220.0,10,2025:04:17 05:24:16,2025-04-17 05:27:56,5,3,2114.0,HERO13 Black,19.029013888888887,72.84150555555556,13.181,0.0,2.0,,1.0,,,Yes,,,No,No,No
243699453,85225632,swathi@verifinity.ai,gs://sawasdee-labelstudio/annotation_frames/10_itinerary_4_1_frame000023.jpg,10_itinerary_4_1,10_itinerary_4_1_1cec29c8,23,230.0,10,2025:04:17 05:24:16,2025-04-17 05:28:06,5,3,2114.0,HERO13 Black,19.02849722222222,72.84140833333333,12.81,0.0,3.0,,1.0,,Paved,,,,No,No,No
243699454,85225652,swathi@verifinity.ai,gs://sawasdee-labelstudio/annotation_frames/10_itinerary_4_1_frame000024.jpg,10_itinerary_4_1,10_itinerary_4_1_1cec29c8,24,240.0,10,2025:04:17 05:24:16,2025-04-17 05:28:16,5,3,2114.0,HERO13 Black,19.027991666666665,72.84128888888888,13.608,0.0,,,,,Paved,Yes,,,No,No,No
243699455,85225734,swathi@verifinity.ai,gs://sawasdee-labelstudio/annotation_frames/10_itinerary_4_1_frame000025.jpg,10_itinerary_4_1,10_itinerary_4_1_1cec29c8,25,250.0,10,2025:04:17 05:24:16,2025-04-17 05:28:26,5,3,2114.0,HERO13 Black,19.027538888888888,72.84116944444445,12.916,0.0,3.0,1.0,1.0,,Paved,Yes,,,No,No,No
243699456,85225773,swathi@verifinity.ai,gs://sawasdee-labelstudio/annotation_frames/10_itinerary_4_1_frame000026.jpg,10_itinerary_4_1,10_itinerary_4_1_1cec29c8,26,260.0,10,2025:04:17 05:24:16,2025-04-17 05:28:36,5,3,2114.0,HERO13 Black,19.027041666666666,72.84101666666666,14.657,0.0,4.0,1.0,,,Paved,Yes,,,No,No,Yes
243699458,85225815,swathi@verifinity.ai,gs://sawasdee-labelstudio/annotation_frames/10_itinerary_4_1_frame000027.jpg,10_itinerary_4_1,10_itinerary_4_1_1cec29c8,27,270.0,10,2025:04:17 05:24:16,2025-04-17 05:28:46,5,3,2114.0,HERO13 Black,19.02665,72.84091111111111,18.991,0.0,7.0,,1.0,,Paved,Yes,,,No,No,No
243699459,85225841,swathi@verifinity.ai,gs://sawasdee-labelstudio/annotation_frames/10_itinerary_4_1_frame000028.jpg,10_itinerary_4_1,10_itinerary_4_1_1cec29c8,28,280.0,10,2025:04:17 05:24:16,2025-04-17 05:28:56,5,3,2114.0,HERO13 Black,19.026374999999998,72.84086388888889,21.086,0.0,3.0,2.0,1.0,,Paved,Yes,,,No,No,No
243699460,85225888,swathi@verifinity.ai,gs://sawasdee-labelstudio/annotation_frames/10_itinerary_4_1_frame000029.jpg,10_itinerary_4_1,10_itinerary_4_1_1cec29c8,29,290.0,10,2025:04:17 05:24:16,2025-04-17 05:29:06,5,3,2114.0,HERO13 Black,19.02631111111111,72.84087222222222,14.399,0.0,3.0,,1.0,,Paved,Yes,,,No,No,No
243699461,84643634,swathi@verifinity.ai,gs://sawasdee-labelstudio/annotation_frames/10_itinerary_4_1_frame000030.jpg,10_itinerary_4_1,10_itinerary_4_1_1cec29c8,30,300.0,10,2025:04:17 05:24:16,2025-04-17 05:29:16,5,3,2114.0,HERO13 Black,19.026175,72.84084722222222,12.621,0.0,2.0,,,,,,,,No,No,No
243699462,85225936,swathi@verifinity.ai,gs://sawasdee-labelstudio/annotation_frames/10_itinerary_4_1_frame000031.jpg,10_itinerary_4_1,10_itinerary_4_1_1cec29c8,31,310.0,10,2025:04:17 05:24:16,2025-04-17 05:29:26,5,3,2114.0,HERO13 Black,19.025869444444442,72.84078333333333,12.583,0.0,9.0,3.0,,,Paved,Yes,,,Yes,No,No
243699463,84546315,swathi@verifinity.ai,gs://sawasdee-labelstudio/annotation_frames/10_itinerary_4_1_frame000032.jpg,10_itinerary_4_1,10_itinerary_4_1_1cec29c8,32,320.0,10,2025:04:17 05:24:16,2025-04-17 05:29:36,5,3,2114.0,HERO13 Black,19.025505555555554,72.84073888888888,12.249,0.0,1.0,1.0,,,Paved,Yes,,,No,No,No
243699464,85225965,swathi@verifinity.ai,gs://sawasdee-labelstudio/annotation_frames/10_itinerary_4_1_frame000033.jpg,10_itinerary_4_1,10_itinerary_4_1_1cec29c8,33,330.0,10,2025:04:17 05:24:16,2025-04-17 05:29:46,5,3,2114.0,HERO13 Black,19.02551111111111,72.84093888888889,10.427,0.0,1.0,,2.0,,Paved,Yes,,,No,No,No
243699465,85226039,swathi@verifinity.ai,gs://sawasdee-labelstudio/annotation_frames/10_itinerary_4_1_frame000034.jpg,10_itinerary_4_1,10_itinerary_4_1_1cec29c8,34,340.0,10,2025:04:17 05:24:16,2025-04-17 05:29:56,5,3,2114.0,HERO13 Black,19.025672222222223,72.84143055555555,13.701,0.0,5.0,,4.0,,Paved,Yes,,,No,No,No
243699466,85226088,swathi@verifinity.ai,gs://sawasdee-labelstudio/annotation_frames/10_itinerary_4_1_frame000035.jpg,10_itinerary_4_1,10_itinerary_4_1_1cec29c8,35,350.0,10,2025:04:17 05:24:16,2025-04-17 05:30:06,5,3,2114.0,HERO13 Black,19.025855555555555,72.84208333333333,18.515,0.0,8.0,4.0,4.0,1.0,Paved,Yes,,,No,No,No
243699467,85226131,swathi@verifinity.ai,gs://sawasdee-labelstudio/annotation_frames/10_itinerary_4_1_frame000036.jpg,10_itinerary_4_1,10_itinerary_4_1_1cec29c8,36,360.0,10,2025:04:17 05:24:16,2025-04-17 05:30:16,5,3,2114.0,HERO13 Black,19.02603333333333,72.84259166666666,19.633,0.0,6.0,2.0,4.0,,Paved - Blocked,Yes,,,No,No,No
243699468,85226156,swathi@verifinity.ai,gs://sawasdee-labelstudio/annotation_frames/10_itinerary_4_1_frame000037.jpg,10_itinerary_4_1,10_itinerary_4_1_1cec29c8,37,370.0,10,2025:04:17 05:24:16,2025-04-17 05:30:26,5,3,2114.0,HERO13 Black,19.026225,72.84313333333333,19.122,0.0,1.0,3.0,1.0,,Paved,Yes,,,No,No,No
243699469,85226232,swathi@verifinity.ai,gs://sawasdee-labelstudio/annotation_frames/10_itinerary_4_1_frame000038.jpg,10_itinerary_4_1,10_itinerary_4_1_1cec29c8,38,380.0,10,2025:04:17 05:24:16,2025-04-17 05:30:36,5,3,2114.0,HERO13 Black,19.02589722222222,72.84319722222222,19.769,0.0,1.0,2.0,5.0,,Paved,Yes,,,No,No,No
243699470,85226266,swathi@verifinity.ai,gs://sawasdee-labelstudio/annotation_frames/10_itinerary_4_1_frame000039.jpg,10_itinerary_4_1,10_itinerary_4_1_1cec29c8,39,390.0,10,2025:04:17 05:24:16,2025-04-17 05:30:46,5,3,2114.0,HERO13 Black,19.025333333333332,72.84314166666667,16.283,0.0,3.0,,2.0,,Paved,Yes,,,No,No,No
243699471,85226303,swathi@verifinity.ai,gs://sawasdee-labelstudio/annotation_frames/10_itinerary_4_1_frame000040.jpg,10_itinerary_4_1,10_itinerary_4_1_1cec29c8,40,400.0,10,2025:04:17 05:24:16,2025-04-17 05:30:56,5,3,2114.0,HERO13 Black,19.024941666666667,72.84309722222221,14.916,0.0,3.0,,2.0,,Paved,Yes,,,No,No,No
243699472,85226353,swathi@verifinity.ai,gs://sawasdee-labelstudio/annotation_frames/10_itinerary_4_1_frame000041.jpg,10_itinerary_4_1,10_itinerary_4_1_1cec29c8,41,410.0,10,2025:04:17 05:24:16,2025-04-17 05:31:06,5,3,2114.0,HERO13 Black,19.02453333333333,72.84306388888888,18.852,0.0,7.0,2.0,1.0,,Paved,Yes,,,Yes,No,No
243699473,85226397,swathi@verifinity.ai,gs://sawasdee-labelstudio/annotation_frames/10_itinerary_4_1_frame000042.jpg,10_itinerary_4_1,10_itinerary_4_1_1cec29c8,42,420.0,10,2025:04:17 05:24:16,2025-04-17 05:31:16,5,3,2114.0,HERO13 Black,19.02422222222222,72.84299999999999,16.883,0.0,4.0,3.0,2.0,,Paved,Yes,,,No,No,No
243699474,85017765,swathi@verifinity.ai,gs://sawasdee-labelstudio/annotation_frames/10_itinerary_4_1_frame000043.jpg,10_itinerary_4_1,10_itinerary_4_1_1cec29c8,43,430.0,10,2025:04:17 05:24:16,2025-04-17 05:31:26,5,3,2114.0,HERO13 Black,19.023880555555554,72.84289444444444,14.154,0.0,3.0,1.0,,,Paved,Yes,,,No,No,No
243699475,85226446,swathi@verifinity.ai,gs://sawasdee-labelstudio/annotation_frames/10_itinerary_4_1_frame000044.jpg,10_itinerary_4_1,10_itinerary_4_1_1cec29c8,44,440.0,10,2025:04:17 05:24:16,2025-04-17 05:31:36,5,3,2114.0,HERO13 Black,19.02345,72.8427111111111,12.422,0.0,4.0,,4.0,,Paved,Yes,,,No,No,Yes
243699476,85226510,swathi@verifinity.ai,gs://sawasdee-labelstudio/annotation_frames/10_itinerary_4_1_frame000045.jpg,10_itinerary_4_1,10_itinerary_4_1_1cec29c8,45,450.0,10,2025:04:17 05:24:16,2025-04-17 05:31:46,5,3,2114.0,HERO13 Black,19.023105555555556,72.84252222222221,11.177,0.0,5.0,1.0,1.0,1.0,Paved - Blocked,,,,No,No,Yes
243699477,84376962,swathi@verifinity.ai,gs://sawasdee-labelstudio/annotation_frames/10_itinerary_4_1_frame000046.jpg,10_itinerary_4_1,10_itinerary_4_1_1cec29c8,46,460.0,10,2025:04:17 05:24:16,2025-04-17 05:31:56,5,3,2114.0,HERO13 Black,19.022558333333333,72.84243611111111,9.683,0.0,5.0,4.0,3.0,2.0,,,,,No,No,No
243699478,85226557,swathi@verifinity.ai,gs://sawasdee-labelstudio/annotation_frames/10_itinerary_4_1_frame000047.jpg,10_itinerary_4_1,10_itinerary_4_1_1cec29c8,47,470.0,10,2025:04:17 05:24:16,2025-04-17 05:32:06,5,3,2114.0,HERO13 Black,19.0219,72.84250555555555,10.699,0.0,5.0,4.0,4.0,,Paved,Yes,,,No,No,No
243699479,85226628,swathi@verifinity.ai,gs://sawasdee-labelstudio/annotation_frames/10_itinerary_4_1_frame000048.jpg,10_itinerary_4_1,10_itinerary_4_1_1cec29c8,48,480.0,10,2025:04:17 05:24:16,2025-04-17 05:32:16,5,3,2114.0,HERO13 Black,19.021288888888886,72.84269722222221,11.582,0.0,8.0,7.0,3.0,,Paved,Yes,,,No,No,No
243699480,85226674,swathi@verifinity.ai,gs://sawasdee-labelstudio/annotation_frames/10_itinerary_4_1_frame000049.jpg,10_itinerary_4_1,10_itinerary_4_1_1cec29c8,49,490.0,10,2025:04:17 05:24:16,2025-04-17 05:32:26,5,3,2114.0,HERO13 Black,19.021088888888887,72.84243333333333,9.931,0.0,6.0,6.0,5.0,,Paved,,,,No,No,No
243699481,85226749,swathi@verifinity.ai,gs://sawasdee-labelstudio/annotation_frames/10_itinerary_4_1_frame000050.jpg,10_itinerary_4_1,10_itinerary_4_1_1cec29c8,50,500.0,10,2025:04:17 05:24:16,2025-04-17 05:32:36,5,3,2114.0,HERO13 Black,19.021255555555555,72.84205833333333,7.483,0.0,8.0,5.0,6.0,,Paved,Yes,,,No,No,No
243699482,85226957,swathi@verifinity.ai,gs://sawasdee-labelstudio/annotation_frames/10_itinerary_4_1_frame000051.jpg,10_itinerary_4_1,10_itinerary_4_1_1cec29c8,51,510.0,10,2025:04:17 05:24:16,2025-04-17 05:32:46,5,3,2114.0,HERO13 Black,19.02178611111111,72.84226666666666,6.577,0.0,11.0,4.0,4.0,,,Yes,,,No,No,Yes
243699483,85227018,swathi@verifinity.ai,gs://sawasdee-labelstudio/annotation_frames/10_itinerary_4_1_frame000052.jpg,10_itinerary_4_1,10_itinerary_4_1_1cec29c8,52,520.0,10,2025:04:17 05:24:16,2025-04-17 05:32:56,5,3,2114.0,HERO13 Black,19.02239722222222,72.84241944444445,6.312,0.0,4.0,,5.0,,Paved - Blocked,Yes,,Yes,No,No,No
243699484,84522001,swathi@verifinity.ai,gs://sawasdee-labelstudio/annotation_frames/10_itinerary_4_1_frame000053.jpg,10_itinerary_4_1,10_itinerary_4_1_1cec29c8,53,530.0,10,2025:04:17 05:24:16,2025-04-17 05:33:06,5,3,2114.0,HERO13 Black,19.023,72.84225277777777,7.071,0.0,4.0,,5.0,1.0,,Yes,,,Yes,No,No
243699485,85227090,swathi@verifinity.ai,gs://sawasdee-labelstudio/annotation_frames/10_itinerary_4_1_frame000054.jpg,10_itinerary_4_1,10_itinerary_4_1_1cec29c8,54,540.0,10,2025:04:17 05:24:16,2025-04-17 05:33:16,5,3,2114.0,HERO13 Black,19.023397222222222,72.84169999999999,5.621,0.0,2.0,,3.0,,Paved - Blocked,Yes,,,No,No,Yes
243699486,85227176,swathi@verifinity.ai,gs://sawasdee-labelstudio/annotation_frames/10_itinerary_4_1_frame000055.jpg,10_itinerary_4_1,10_itinerary_4_1_1cec29c8,55,550.0,10,2025:04:17 05:24:16,2025-04-17 05:33:26,5,3,2114.0,HERO13 Black,19.023844444444443,72.84115833333333,5.655,0.0,7.0,,2.0,1.0,Paved - Blocked,Yes,,,No,No,
243699487,84524847,swathi@verifinity.ai,gs://sawasdee-labelstudio/annotation_frames/10_itinerary_4_1_frame000056.jpg,10_itinerary_4_1,10_itinerary_4_1_1cec29c8,56,560.0,10,2025:04:17 05:24:16,2025-04-17 05:33:36,5,3,2114.0,HERO13 Black,19.02441111111111,72.84080277777777,4.634,0.0,2.0,2.0,3.0,,Paved,,,,No,No,No
243699488,85227204,swathi@verifinity.ai,gs://sawasdee-labelstudio/annotation_frames/10_itinerary_4_1_frame000057.jpg,10_itinerary_4_1,10_itinerary_4_1_1cec29c8,57,570.0,10,2025:04:17 05:24:16,2025-04-17 05:33:46,5,3,2114.0,HERO13 Black,19.02471111111111,72.84061388888888,2.841,0.0,2.0,,2.0,,Paved,,,Yes,No,No,No
243699489,84522352,swathi@verifinity.ai,gs://sawasdee-labelstudio/annotation_frames/10_itinerary_4_1_frame000058.jpg,10_itinerary_4_1,10_itinerary_4_1_1cec29c8,58,580.0,10,2025:04:17 05:24:16,2025-04-17 05:33:56,5,3,2114.0,HERO13 Black,19.024725,72.84062222222222,5.337,0.0,1.0,,2.0,,Paved - Blocked,,,,No,No,No
243699490,85227248,swathi@verifinity.ai,gs://sawasdee-labelstudio/annotation_frames/10_itinerary_4_1_frame000059.jpg,10_itinerary_4_1,10_itinerary_4_1_1cec29c8,59,590.0,10,2025:04:17 05:24:16,2025-04-17 05:34:06,5,3,2114.0,HERO13 Black,19.024738888888887,72.84062362499999,7.892595,0.099,4.0,,3.0,,Paved,Yes,,,Yes,No,No
243699491,85227283,swathi@verifinity.ai,gs://sawasdee-labelstudio/annotation_frames/10_itinerary_4_1_frame000060.jpg,10_itinerary_4_1,10_itinerary_4_1_1cec29c8,60,600.0,10,2025:04:17 05:24:16,2025-04-17 05:34:16,5,3,2114.0,HERO13 Black,19.024755555555554,72.84062359722222,10.58633,0.099,1.0,,3.0,,Paved,Yes,,,No,No,No
243699492,85227308,swathi@verifinity.ai,gs://sawasdee-labelstudio/annotation_frames/10_itinerary_4_1_frame000061.jpg,10_itinerary_4_1,10_itinerary_4_1_1cec29c8,61,610.0,10,2025:04:17 05:24:16,2025-04-17 05:34:26,5,3,2114.0,HERO13 Black,19.024779180555555,72.84061666666666,14.56147,0.099,,,4.0,,Paved,,,,No,No,No
243699493,85020237,swathi@verifinity.ai,gs://sawasdee-labelstudio/annotation_frames/10_itinerary_4_1_frame000062.jpg,10_itinerary_4_1,10_itinerary_4_1_1cec29c8,62,620.0,10,2025:04:17 05:24:16,2025-04-17 05:34:36,5,3,2114.0,HERO13 Black,19.024791666666665,72.84061388888888,17.4866,0.099,,,1.0,,Paved,,,Yes,No,No,No
243699494,85227341,swathi@verifinity.ai,gs://sawasdee-labelstudio/annotation_frames/10_itinerary_4_1_frame000063.jpg,10_itinerary_4_1,10_itinerary_4_1_1cec29c8,63,630.0,10,2025:04:17 05:24:16,2025-04-17 05:34:46,5,3,2114.0,HERO13 Black,19.024843069444444,72.84059722222221,18.34921,0.099,2.0,1.0,4.0,,Paved,Yes,,,No,No,No
243699495,85227386,swathi@verifinity.ai,gs://sawasdee-labelstudio/annotation_frames/10_itinerary_4_1_frame000064.jpg,10_itinerary_4_1,10_itinerary_4_1_1cec29c8,64,640.0,10,2025:04:17 05:24:16,2025-04-17 05:34:56,5,3,2114.0,HERO13 Black,19.024959763888887,72.84051108333333,17.612444999999997,0.099,1.0,1.0,4.0,,Paved,,,,No,No,No
243699496,85227440,swathi@verifinity.ai,gs://sawasdee-labelstudio/annotation_frames/10_itinerary_4_1_frame000065.jpg,10_itinerary_4_1,10_itinerary_4_1_1cec29c8,65,650.0,10,2025:04:17 05:24:16,2025-04-17 05:35:06,5,3,2114.0,HERO13 Black,19.025362541666667,72.84007634722221,15.022405,0.099,11.0,,1.0,,Paved - Blocked,,,Yes,No,No,No
243699497,85227482,swathi@verifinity.ai,gs://sawasdee-labelstudio/annotation_frames/10_itinerary_4_1_frame000066.jpg,10_itinerary_4_1,10_itinerary_4_1_1cec29c8,66,660.0,10,2025:04:17 05:24:16,2025-04-17 05:35:16,5,3,2114.0,HERO13 Black,19.025579180555553,72.8398124861111,14.012055,0.099,5.0,,1.0,,Paved,Yes,,,No,No,No
243699498,85227493,swathi@verifinity.ai,gs://sawasdee-labelstudio/annotation_frames/10_itinerary_4_1_frame000067.jpg,10_itinerary_4_1,10_itinerary_4_1_1cec29c8,67,670.0,10,2025:04:17 05:24:16,2025-04-17 05:35:26,5,3,2114.0,HERO13 Black,19.02578611111111,72.83958333333332,13.798,0.0,,,,,Paved - Blocked,Yes,,,No,No,No
243699499,85227530,swathi@verifinity.ai,gs://sawasdee-labelstudio/annotation_frames/10_itinerary_4_1_frame000068.jpg,10_itinerary_4_1,10_itinerary_4_1_1cec29c8,68,680.0,10,2025:04:17 05:24:16,2025-04-17 05:35:36,5,3,2114.0,HERO13 Black,19.026016666666667,72.83937777777777,13.496,0.0,2.0,,4.0,1.0,,Yes,,,No,No,No
243699500,85227540,swathi@verifinity.ai,gs://sawasdee-labelstudio/annotation_frames/10_itinerary_4_1_frame000069.jpg,10_itinerary_4_1,10_itinerary_4_1_1cec29c8,69,690.0,10,2025:04:17 05:24:16,2025-04-17 05:35:46,5,3,2114.0,HERO13 Black,19.025877777777776,72.83958055555556,15.627,0.0,,,,,,Yes,,,No,No,No
243699501,85262994,swathi@verifinity.ai,gs://sawasdee-labelstudio/annotation_frames/10_itinerary_4_1_frame000070.jpg,10_itinerary_4_1,10_itinerary_4_1_1cec29c8,70,700.0,10,2025:04:17 05:24:16,2025-04-17 05:35:56,5,3,2114.0,HERO13 Black,19.025877777777776,72.839575,16.83,0.0,3.0,,4.0,,,,,,No,No,No
243699502,85263090,swathi@verifinity.ai,gs://sawasdee-labelstudio/annotation_frames/10_itinerary_4_1_frame000071.jpg,10_itinerary_4_1,10_itinerary_4_1_1cec29c8,71,710.0,10,2025:04:17 05:24:16,2025-04-17 05:36:06,5,3,2114.0,HERO13 Black,19.025866666666666,72.83956388888889,14.527,0.0,4.0,1.0,4.0,,Paved,Yes,,,No,No,No
243699503,85263145,swathi@verifinity.ai,gs://sawasdee-labelstudio/annotation_frames/10_itinerary_4_1_frame000072.jpg,10_itinerary_4_1,10_itinerary_4_1_1cec29c8,72,720.0,10,2025:04:17 05:24:16,2025-04-17 05:36:16,5,3,2114.0,HERO13 Black,19.025855555555555,72.839575,10.528,0.0,3.0,,3.0,,Paved,Yes,,,No,No,No
243699504,85263170,swathi@verifinity.ai,gs://sawasdee-labelstudio/annotation_frames/10_itinerary_4_1_frame000073.jpg,10_itinerary_4_1,10_itinerary_4_1_1cec29c8,73,730.0,10,2025:04:17 05:24:16,2025-04-17 05:36:26,5,3,2114.0,HERO13 Black,19.0258,72.83962222222222,12.061,0.0,2.0,,2.0,,Paved,Yes,,,No,No,No
243699505,85263315,swathi@verifinity.ai,gs://sawasdee-labelstudio/annotation_frames/10_itinerary_4_1_frame000074.jpg,10_itinerary_4_1,10_itinerary_4_1_1cec29c8,74,740.0,10,2025:04:17 05:24:16,2025-04-17 05:36:36,5,3,2114.0,HERO13 Black,19.025766666666666,72.83961944444444,25.064,0.0,3.0,1.0,2.0,,Paved,Yes,,,No,No,No
243699506,85263353,swathi@verifinity.ai,gs://sawasdee-labelstudio/annotation_frames/10_itinerary_4_1_frame000075.jpg,10_itinerary_4_1,10_itinerary_4_1_1cec29c8,75,750.0,10,2025:04:17 05:24:16,2025-04-17 05:36:46,5,3,2114.0,HERO13 Black,19.02563333333333,72.83975555555556,30.741,0.0,4.0,,5.0,,Paved,Yes,,,No,No,No
243699507,85263811,swathi@verifinity.ai,gs://sawasdee-labelstudio/annotation_frames/10_itinerary_4_1_frame000076.jpg,10_itinerary_4_1,10_itinerary_4_1_1cec29c8,76,760.0,10,2025:04:17 05:24:16,2025-04-17 05:36:56,5,3,2114.0,HERO13 Black,19.025616666666664,72.83978888888889,22.131,0.0,10.0,3.0,3.0,,Paved - Blocked,Yes,,,No,No,No
243699508,84639616,swathi@verifinity.ai,gs://sawasdee-labelstudio/annotation_frames/10_itinerary_4_1_frame000077.jpg,10_itinerary_4_1,10_itinerary_4_1_1cec29c8,77,770.0,10,2025:04:17 05:24:16,2025-04-17 05:37:06,5,3,2114.0,HERO13 Black,19.025580555555553,72.83983611111111,19.641,0.0,6.0,3.0,2.0,,Paved - Blocked,Yes,,,No,No,No
243699509,85263902,swathi@verifinity.ai,gs://sawasdee-labelstudio/annotation_frames/10_itinerary_4_1_frame000078.jpg,10_itinerary_4_1,10_itinerary_4_1_1cec29c8,78,780.0,10,2025:04:17 05:24:16,2025-04-17 05:37:16,5,3,2114.0,HERO13 Black,19.02556388888889,72.83986388888889,13.612,0.0,5.0,3.0,3.0,,Paved,Yes,,,No,No,No
243699511,85263995,swathi@verifinity.ai,gs://sawasdee-labelstudio/annotation_frames/10_itinerary_4_1_frame000079.jpg,10_itinerary_4_1,10_itinerary_4_1_1cec29c8,79,790.0,10,2025:04:17 05:24:16,2025-04-17 05:37:26,5,3,2114.0,HERO13 Black,19.025544444444442,72.83988611111111,7.846,0.0,11.0,4.0,3.0,,Paved,Yes,,,No,No,No
243699512,85264056,swathi@verifinity.ai,gs://sawasdee-labelstudio/annotation_frames/10_itinerary_4_1_frame000080.jpg,10_itinerary_4_1,10_itinerary_4_1_1cec29c8,80,800.0,10,2025:04:17 05:24:16,2025-04-17 05:37:36,5,3,2114.0,HERO13 Black,19.025552777777776,72.83989444444444,4.837,0.0,7.0,3.0,1.0,,Paved,Yes,,,No,No,No
243699513,85264218,swathi@verifinity.ai,gs://sawasdee-labelstudio/annotation_frames/10_itinerary_4_1_frame000081.jpg,10_itinerary_4_1,10_itinerary_4_1_1cec29c8,81,810.0,10,2025:04:17 05:24:16,2025-04-17 05:37:46,5,3,2114.0,HERO13 Black,19.02558611111111,72.8399,0.764,0.0,6.0,2.0,3.0,1.0,Paved,Yes,,,Yes,No,No
243699514,85266645,swathi@verifinity.ai,gs://sawasdee-labelstudio/annotation_frames/10_itinerary_4_1_frame000082.jpg,10_itinerary_4_1,10_itinerary_4_1_1cec29c8,82,820.0,10,2025:04:17 05:24:16,2025-04-17 05:37:56,5,3,2114.0,HERO13 Black,19.025602777777777,72.83989166666666,1.669,0.0,11.0,9.0,3.0,,Paved,Yes,,,Yes,No,No
243699515,85267067,swathi@verifinity.ai,gs://sawasdee-labelstudio/annotation_frames/10_itinerary_4_1_frame000083.jpg,10_itinerary_4_1,10_itinerary_4_1_1cec29c8,83,830.0,10,2025:04:17 05:24:16,2025-04-17 05:38:06,5,3,2114.0,HERO13 Black,19.02557222222222,72.83989166666666,4.069,0.0,9.0,5.0,3.0,,Paved,Yes,,,Yes,No,No
243699516,85267256,swathi@verifinity.ai,gs://sawasdee-labelstudio/annotation_frames/10_itinerary_4_1_frame000084.jpg,10_itinerary_4_1,10_itinerary_4_1_1cec29c8,84,840.0,10,2025:04:17 05:24:16,2025-04-17 05:38:16,5,3,2114.0,HERO13 Black,19.02555,72.83988611111111,5.512,0.0,11.0,3.0,6.0,,Paved - Blocked,Yes,,,No,No,No
243699517,85267381,swathi@verifinity.ai,gs://sawasdee-labelstudio/annotation_frames/10_itinerary_4_1_frame000085.jpg,10_itinerary_4_1,10_itinerary_4_1_1cec29c8,85,850.0,10,2025:04:17 05:24:16,2025-04-17 05:38:26,5,3,2114.0,HERO13 Black,19.02553888888889,72.83989444444444,9.408,0.0,11.0,1.0,,,Paved,Yes,,,No,No,Yes
243699518,85267529,swathi@verifinity.ai,gs://sawasdee-labelstudio/annotation_frames/10_itinerary_4_1_frame000086.jpg,10_itinerary_4_1,10_itinerary_4_1_1cec29c8,86,860.0,10,2025:04:17 05:24:16,2025-04-17 05:38:36,5,3,2114.0,HERO13 Black,19.02552222222222,72.83989722222222,9.996,0.0,6.0,3.0,4.0,,Paved,Yes,,,No,No,No
243699519,85267685,swathi@verifinity.ai,gs://sawasdee-labelstudio/annotation_frames/10_itinerary_4_1_frame000087.jpg,10_itinerary_4_1,10_itinerary_4_1_1cec29c8,87,870.0,10,2025:04:17 05:24:16,2025-04-17 05:38:46,5,3,2114.0,HERO13 Black,19.025375,72.8400361111111,4.35,0.0,7.0,1.0,2.0,,Paved,Yes,,,No,No,Yes
243699520,84267089,swathi@verifinity.ai,gs://sawasdee-labelstudio/annotation_frames/10_itinerary_4_1_frame000088.jpg,10_itinerary_4_1,10_itinerary_4_1_1cec29c8,88,880.0,10,2025:04:17 05:24:16,2025-04-17 05:38:56,5,3,2114.0,HERO13 Black,19.025230555555556,72.84010833333333,-3.43,0.0,4.0,4.0,,,Paved,Yes,,,No,No,No
243699521,85267854,swathi@verifinity.ai,gs://sawasdee-labelstudio/annotation_frames/10_itinerary_4_1_frame000089.jpg,10_itinerary_4_1,10_itinerary_4_1_1cec29c8,89,890.0,10,2025:04:17 05:24:16,2025-04-17 05:39:06,5,3,2114.0,HERO13 Black,19.025544444444442,72.83978333333333,-4.492,0.0,9.0,,2.0,,Paved,Yes,,,No,No,No
243699522,85267971,swathi@verifinity.ai,gs://sawasdee-labelstudio/annotation_frames/10_itinerary_4_1_frame000090.jpg,10_itinerary_4_1,10_itinerary_4_1_1cec29c8,90,900.0,10,2025:04:17 05:24:16,2025-04-17 05:39:16,5,3,2114.0,HERO13 Black,19.0259,72.83929444444443,-3.45,0.0,2.0,,1.0,,Paved,Yes,,,No,No,No
243699523,85268053,swathi@verifinity.ai,gs://sawasdee-labelstudio/annotation_frames/10_itinerary_4_1_frame000091.jpg,10_itinerary_4_1,10_itinerary_4_1_1cec29c8,91,910.0,10,2025:04:17 05:24:16,2025-04-17 05:39:26,5,3,2114.0,HERO13 Black,19.025575,72.83875555555555,-1.89,0.0,3.0,2.0,2.0,,Paved,Yes,,,No,No,No
243699524,85268110,swathi@verifinity.ai,gs://sawasdee-labelstudio/annotation_frames/10_itinerary_4_1_frame000092.jpg,10_itinerary_4_1,10_itinerary_4_1_1cec29c8,92,920.0,10,2025:04:17 05:24:16,2025-04-17 05:39:36,5,3,2114.0,HERO13 Black,19.025402777777778,72.83808333333333,-0.205,0.0,,,2.0,,,,,,No,No,No
243699525,84383998,swathi@verifinity.ai,gs://sawasdee-labelstudio/annotation_frames/10_itinerary_4_1_frame000093.jpg,10_itinerary_4_1,10_itinerary_4_1_1cec29c8,93,930.0,10,2025:04:17 05:24:16,2025-04-17 05:39:46,5,3,2114.0,HERO13 Black,19.025494444444444,72.83753333333333,2.525,0.0,2.0,,,,,,,,No,No,No
243699526,85268282,swathi@verifinity.ai,gs://sawasdee-labelstudio/annotation_frames/10_itinerary_4_1_frame000094.jpg,10_itinerary_4_1,10_itinerary_4_1_1cec29c8,94,940.0,10,2025:04:17 05:24:16,2025-04-17 05:39:56,5,3,2114.0,HERO13 Black,19.025724999999998,72.83708888888889,4.039,0.0,4.0,1.0,7.0,1.0,Paved,Yes,,,No,No,No
243699527,85268383,swathi@verifinity.ai,gs://sawasdee-labelstudio/annotation_frames/10_itinerary_4_1_frame000095.jpg,10_itinerary_4_1,10_itinerary_4_1_1cec29c8,95,950.0,10,2025:04:17 05:24:16,2025-04-17 05:40:06,5,3,2114.0,HERO13 Black,19.025747222222222,72.83703333333332,5.347,0.0,3.0,,3.0,,,Yes,,,No,No,No
243699528,85268571,swathi@verifinity.ai,gs://sawasdee-labelstudio/annotation_frames/10_itinerary_4_1_frame000096.jpg,10_itinerary_4_1,10_itinerary_4_1_1cec29c8,96,960.0,10,2025:04:17 05:24:16,2025-04-17 05:40:16,5,3,2114.0,HERO13 Black,19.025919444444444,72.83674722222221,6.501,0.0,9.0,3.0,11.0,1.0,Paved,Yes,,,No,No,No
243699529,85268678,swathi@verifinity.ai,gs://sawasdee-labelstudio/annotation_frames/10_itinerary_4_1_frame000097.jpg,10_itinerary_4_1,10_itinerary_4_1_1cec29c8,97,970.0,10,2025:04:17 05:24:16,2025-04-17 05:40:26,5,3,2114.0,HERO13 Black,19.02613611111111,72.83628333333333,5.453,0.0,4.0,1.0,5.0,,Paved,Yes,,,No,No,No
243699530,85268830,swathi@verifinity.ai,gs://sawasdee-labelstudio/annotation_frames/10_itinerary_4_1_frame000098.jpg,10_itinerary_4_1,10_itinerary_4_1_1cec29c8,98,980.0,10,2025:04:17 05:24:16,2025-04-17 05:40:36,5,3,2114.0,HERO13 Black,19.025694444444444,72.83598055555555,4.792,0.0,11.0,1.0,2.0,,Paved,Yes,,,No,No,No
243699531,85268935,swathi@verifinity.ai,gs://sawasdee-labelstudio/annotation_frames/10_itinerary_4_1_frame000099.jpg,10_itinerary_4_1,10_itinerary_4_1_1cec29c8,99,990.0,10,2025:04:17 05:24:16,2025-04-17 05:40:46,5,3,2114.0,HERO13 Black,19.025355555555553,72.83603055555555,4.387,0.0,4.0,,2.0,,Paved - Blocked,Yes,,,No,No,No
243699532,85268996,swathi@verifinity.ai,gs://sawasdee-labelstudio/annotation_frames/10_itinerary_4_1_frame000100.jpg,10_itinerary_4_1,10_itinerary_4_1_1cec29c8,100,1000.0,10,2025:04:17 05:24:16,2025-04-17 05:40:56,5,3,2114.0,HERO13 Black,19.02505,72.83659444444444,7.856,0.0,5.0,,5.0,,Paved,Yes,,,No,No,No
243699533,85269050,swathi@verifinity.ai,gs://sawasdee-labelstudio/annotation_frames/10_itinerary_4_1_frame000101.jpg,10_itinerary_4_1,10_itinerary_4_1_1cec29c8,101,1010.0,10,2025:04:17 05:24:16,2025-04-17 05:41:06,5,3,2114.0,HERO13 Black,19.0247,72.83724444444444,8.708,0.0,2.0,,3.0,,Paved,Yes,,,No,No,No
243699534,85269088,swathi@verifinity.ai,gs://sawasdee-labelstudio/annotation_frames/10_itinerary_4_1_frame000102.jpg,10_itinerary_4_1,10_itinerary_4_1_1cec29c8,102,1020.0,10,2025:04:17 05:24:16,2025-04-17 05:41:16,5,3,2114.0,HERO13 Black,19.024505555555553,72.83768055555555,7.297,0.0,,,3.0,,Paved,,,,No,No,No
243699535,85269108,swathi@verifinity.ai,gs://sawasdee-labelstudio/annotation_frames/10_itinerary_4_1_frame000103.jpg,10_itinerary_4_1,10_itinerary_4_1_1cec29c8,103,1030.0,10,2025:04:17 05:24:16,2025-04-17 05:41:26,5,3,2114.0,HERO13 Black,19.024177777777776,72.83781111111111,6.856,0.0,,,3.0,,,Yes,,,No,No,No
243699536,84384513,swathi@verifinity.ai,gs://sawasdee-labelstudio/annotation_frames/10_itinerary_4_1_frame000104.jpg,10_itinerary_4_1,10_itinerary_4_1_1cec29c8,104,1040.0,10,2025:04:17 05:24:16,2025-04-17 05:41:36,5,3,2114.0,HERO13 Black,19.023927777777775,72.83794722222221,8.294,0.0,2.0,,,,,,,,No,No,No
243699537,85269232,swathi@verifinity.ai,gs://sawasdee-labelstudio/annotation_frames/10_itinerary_4_1_frame000105.jpg,10_itinerary_4_1,10_itinerary_4_1_1cec29c8,105,1050.0,10,2025:04:17 05:24:16,2025-04-17 05:41:46,5,3,2114.0,HERO13 Black,19.023544444444443,72.83816388888889,12.446,0.0,,,5.0,,Paved,Yes,,,No,No,No
243699538,84642980,swathi@verifinity.ai,gs://sawasdee-labelstudio/annotation_frames/10_itinerary_4_1_frame000106.jpg,10_itinerary_4_1,10_itinerary_4_1_1cec29c8,106,1060.0,10,2025:04:17 05:24:16,2025-04-17 05:41:56,5,3,2114.0,HERO13 Black,19.023327777777777,72.83828055555556,11.025,0.0,,,1.0,,,Yes,,,No,No,No
243699539,85269301,swathi@verifinity.ai,gs://sawasdee-labelstudio/annotation_frames/10_itinerary_4_1_frame000107.jpg,10_itinerary_4_1,10_itinerary_4_1_1cec29c8,107,1070.0,10,2025:04:17 05:24:16,2025-04-17 05:42:06,5,3,2114.0,HERO13 Black,19.023149999999998,72.83838333333333,10.495,0.0,11.0,1.0,2.0,,Paved,Yes,,,No,No,No
243699540,85269427,swathi@verifinity.ai,gs://sawasdee-labelstudio/annotation_frames/10_itinerary_4_1_frame000108.jpg,10_itinerary_4_1,10_itinerary_4_1_1cec29c8,108,1080.0,10,2025:04:17 05:24:16,2025-04-17 05:42:16,5,3,2114.0,HERO13 Black,19.023,72.83848333333333,10.301,0.0,3.0,1.0,3.0,,,Yes,,,No,No,No
243699541,85021179,swathi@verifinity.ai,gs://sawasdee-labelstudio/annotation_frames/10_itinerary_4_1_frame000109.jpg,10_itinerary_4_1,10_itinerary_4_1_1cec29c8,109,1090.0,10,2025:04:17 05:24:16,2025-04-17 05:42:26,5,3,2114.0,HERO13 Black,19.02285277777778,72.83854722222222,6.292,0.0,6.0,1.0,,,Paved - Blocked,Yes,,,No,No,No
243699542,84644399,swathi@verifinity.ai,gs://sawasdee-labelstudio/annotation_frames/10_itinerary_4_1_frame000110.jpg,10_itinerary_4_1,10_itinerary_4_1_1cec29c8,110,1100.0,10,2025:04:17 05:24:16,2025-04-17 05:42:36,5,3,2114.0,HERO13 Black,19.022683333333333,72.83863333333333,4.346,0.0,7.0,,,,Paved,Yes,,,No,No,No
243699543,85271698,swathi@verifinity.ai,gs://sawasdee-labelstudio/annotation_frames/10_itinerary_4_1_frame000111.jpg,10_itinerary_4_1,10_itinerary_4_1_1cec29c8,111,1110.0,10,2025:04:17 05:24:16,2025-04-17 05:42:46,5,3,2114.0,HERO13 Black,19.022227777777776,72.838875,2.387,0.0,,1.0,2.0,,Paved,Yes,,,No,No,No
243699544,84368914,swathi@verifinity.ai,gs://sawasdee-labelstudio/annotation_frames/10_itinerary_4_1_frame000112.jpg,10_itinerary_4_1,10_itinerary_4_1_1cec29c8,112,1120.0,10,2025:04:17 05:24:16,2025-04-17 05:42:56,5,3,2114.0,HERO13 Black,19.021841666666667,72.839175,3.341,0.0,,1.0,1.0,,,Yes,,,No,No,No
243699545,85271965,swathi@verifinity.ai,gs://sawasdee-labelstudio/annotation_frames/10_itinerary_4_1_frame000113.jpg,10_itinerary_4_1,10_itinerary_4_1_1cec29c8,113,1130.0,10,2025:04:17 05:24:16,2025-04-17 05:43:06,5,3,2114.0,HERO13 Black,19.02162222222222,72.83945833333333,2.025,0.0,1.0,1.0,4.0,,,Yes,,,No,No,No
243699546,85272029,swathi@verifinity.ai,gs://sawasdee-labelstudio/annotation_frames/10_itinerary_4_1_frame000114.jpg,10_itinerary_4_1,10_itinerary_4_1_1cec29c8,114,1140.0,10,2025:04:17 05:24:16,2025-04-17 05:43:16,5,3,2114.0,HERO13 Black,19.021469444444442,72.83966944444444,2.298,0.0,1.0,,5.0,,,Yes,,,No,No,No
243699547,85272059,swathi@verifinity.ai,gs://sawasdee-labelstudio/annotation_frames/10_itinerary_4_1_frame000115.jpg,10_itinerary_4_1,10_itinerary_4_1_1cec29c8,115,1150.0,10,2025:04:17 05:24:16,2025-04-17 05:43:26,5,3,2114.0,HERO13 Black,19.02128611111111,72.83989444444444,2.961,0.0,1.0,,3.0,,Paved,Yes,,,No,No,No
243699548,85272112,swathi@verifinity.ai,gs://sawasdee-labelstudio/annotation_frames/10_itinerary_4_1_frame000116.jpg,10_itinerary_4_1,10_itinerary_4_1_1cec29c8,116,1160.0,10,2025:04:17 05:24:16,2025-04-17 05:43:36,5,3,2114.0,HERO13 Black,19.021002777777777,72.84026388888888,4.276,0.0,8.0,,,,Paved,,,,No,No,No
243699549,85272159,swathi@verifinity.ai,gs://sawasdee-labelstudio/annotation_frames/10_itinerary_4_1_frame000117.jpg,10_itinerary_4_1,10_itinerary_4_1_1cec29c8,117,1170.0,10,2025:04:17 05:24:16,2025-04-17 05:43:46,5,3,2114.0,HERO13 Black,19.020805555555555,72.84056388888888,5.668,0.0,2.0,,4.0,,Paved,Yes,,,No,No,No
243699550,85272193,swathi@verifinity.ai,gs://sawasdee-labelstudio/annotation_frames/10_itinerary_4_1_frame000118.jpg,10_itinerary_4_1,10_itinerary_4_1_1cec29c8,118,1180.0,10,2025:04:17 05:24:16,2025-04-17 05:43:56,5,3,2114.0,HERO13 Black,19.02073888888889,72.84060555555556,9.161,0.0,5.0,1.0,2.0,,Paved,Yes,,,No,No,No
243699551,85272238,swathi@verifinity.ai,gs://sawasdee-labelstudio/annotation_frames/10_itinerary_4_1_frame000119.jpg,10_itinerary_4_1,10_itinerary_4_1_1cec29c8,119,1190.0,10,2025:04:17 05:24:16,2025-04-17 05:44:06,5,3,2114.0,HERO13 Black,19.020991666666667,72.84026944444444,11.048,0.0,3.0,1.0,,,Paved,Yes,,,No,No,No
243699552,85272293,swathi@verifinity.ai,gs://sawasdee-labelstudio/annotation_frames/10_itinerary_4_1_frame000120.jpg,10_itinerary_4_1,10_itinerary_4_1_1cec29c8,120,1200.0,10,2025:04:17 05:24:16,2025-04-17 05:44:16,5,3,2114.0,HERO13 Black,19.02123611111111,72.83996111111111,10.156,0.0,,1.0,7.0,,Paved,Yes,,,No,No,No
243699553,85272339,swathi@verifinity.ai,gs://sawasdee-labelstudio/annotation_frames/10_itinerary_4_1_frame000121.jpg,10_itinerary_4_1,10_itinerary_4_1_1cec29c8,121,1210.0,10,2025:04:17 05:24:16,2025-04-17 05:44:26,5,3,2114.0,HERO13 Black,19.021405555555553,72.839725,8.972,0.0,11.0,,,1.0,Paved,Yes,,,No,No,No
243699554,85272393,swathi@verifinity.ai,gs://sawasdee-labelstudio/annotation_frames/10_itinerary_4_1_frame000122.jpg,10_itinerary_4_1,10_itinerary_4_1_1cec29c8,122,1220.0,10,2025:04:17 05:24:16,2025-04-17 05:44:36,5,3,2114.0,HERO13 Black,19.021633333333334,72.83943333333333,8.511,0.0,4.0,1.0,1.0,,Paved,Yes,,,No,No,No
243699555,85272470,swathi@verifinity.ai,gs://sawasdee-labelstudio/annotation_frames/10_itinerary_4_1_frame000123.jpg,10_itinerary_4_1,10_itinerary_4_1_1cec29c8,123,1230.0,10,2025:04:17 05:24:16,2025-04-17 05:44:46,5,3,2114.0,HERO13 Black,19.02178611111111,72.8394861111111,8.619,0.0,2.0,1.0,,,Paved,Yes,,,No,No,No
243699556,84991741,swathi@verifinity.ai,gs://sawasdee-labelstudio/annotation_frames/10_itinerary_4_1_frame000124.jpg,10_itinerary_4_1,10_itinerary_4_1_1cec29c8,124,1240.0,10,2025:04:17 05:24:16,2025-04-17 05:44:56,5,3,2114.0,HERO13 Black,19.022005555555555,72.83985833333332,8.391,0.0,3.0,1.0,,,Paved,,,,No,No,No
243699557,85272527,swathi@verifinity.ai,gs://sawasdee-labelstudio/annotation_frames/10_itinerary_4_1_frame000125.jpg,10_itinerary_4_1,10_itinerary_4_1_1cec29c8,125,1250.0,10,2025:04:17 05:24:16,2025-04-17 05:45:06,5,3,2114.0,HERO13 Black,19.022175,72.84024444444444,9.378,0.0,6.0,1.0,,,Paved,Yes,,,No,No,No
243699559,85272556,swathi@verifinity.ai,gs://sawasdee-labelstudio/annotation_frames/10_itinerary_4_1_frame000126.jpg,10_itinerary_4_1,10_itinerary_4_1_1cec29c8,126,1260.0,10,2025:04:17 05:24:16,2025-04-17 05:45:16,5,3,2114.0,HERO13 Black,19.02213611111111,72.84044166666666,9.23,0.0,2.0,,,,Paved,Yes,,,No,No,No
243699560,85272606,swathi@verifinity.ai,gs://sawasdee-labelstudio/annotation_frames/10_itinerary_4_1_frame000127.jpg,10_itinerary_4_1,10_itinerary_4_1_1cec29c8,127,1270.0,10,2025:04:17 05:24:16,2025-04-17 05:45:26,5,3,2114.0,HERO13 Black,19.02213888888889,72.84083055555556,2.261,0.0,5.0,,,,,,,,No,No,No
243699561,85273655,swathi@verifinity.ai,gs://sawasdee-labelstudio/annotation_frames/10_itinerary_4_1_frame000128.jpg,10_itinerary_4_1,10_itinerary_4_1_1cec29c8,128,1280.0,10,2025:04:17 05:24:16,2025-04-17 05:45:36,5,3,2114.0,HERO13 Black,19.022033333333333,72.84126388888889,6.711,0.0,,,,,Paved,,,,No,No,No
243699562,85273701,swathi@verifinity.ai,gs://sawasdee-labelstudio/annotation_frames/10_itinerary_4_1_frame000129.jpg,10_itinerary_4_1,10_itinerary_4_1_1cec29c8,129,1290.0,10,2025:04:17 05:24:16,2025-04-17 05:45:46,5,3,2114.0,HERO13 Black,19.02189444444444,72.84152222222222,15.996,0.0,3.0,,2.0,,Paved,Yes,,,No,No,No
243699563,85273796,swathi@verifinity.ai,gs://sawasdee-labelstudio/annotation_frames/10_itinerary_4_1_frame000130.jpg,10_itinerary_4_1,10_itinerary_4_1_1cec29c8,130,1300.0,10,2025:04:17 05:24:16,2025-04-17 05:45:56,5,3,2114.0,HERO13 Black,19.02172222222222,72.84190555555556,12.882,0.0,1.0,,2.0,,Paved,Yes,,,No,No,No
243699564,85273916,swathi@verifinity.ai,gs://sawasdee-labelstudio/annotation_frames/10_itinerary_4_1_frame000131.jpg,10_itinerary_4_1,10_itinerary_4_1_1cec29c8,131,1310.0,10,2025:04:17 05:24:16,2025-04-17 05:46:06,5,3,2114.0,HERO13 Black,19.02156111111111,72.84216388888889,6.904,0.0,2.0,1.0,2.0,,Paved,Yes,,,No,No,No
243699565,84280100,swathi@verifinity.ai,gs://sawasdee-labelstudio/annotation_frames/10_itinerary_4_1_frame000132.jpg,10_itinerary_4_1,10_itinerary_4_1_1cec29c8,132,1320.0,10,2025:04:17 05:24:16,2025-04-17 05:46:16,5,3,2114.0,HERO13 Black,19.02168611111111,72.8424611111111,5.048,0.0,4.0,,,,Paved - Blocked,Yes,,,No,No,No
243699566,85273956,swathi@verifinity.ai,gs://sawasdee-labelstudio/annotation_frames/10_itinerary_4_1_frame000133.jpg,10_itinerary_4_1,10_itinerary_4_1_1cec29c8,133,1330.0,10,2025:04:17 05:24:16,2025-04-17 05:46:26,5,3,2114.0,HERO13 Black,19.021266666666666,72.84275,6.367,0.0,3.0,1.0,,,Paved,Yes,,,No,No,No
243699567,84533113,swathi@verifinity.ai,gs://sawasdee-labelstudio/annotation_frames/10_itinerary_4_1_frame000134.jpg,10_itinerary_4_1,10_itinerary_4_1_1cec29c8,134,1340.0,10,2025:04:17 05:24:16,2025-04-17 05:46:36,5,3,2114.0,HERO13 Black,19.02087222222222,72.8431111111111,6.914,0.0,4.0,,2.0,1.0,Paved,,,,No,No,No
243699568,85286684,swathi@verifinity.ai,gs://sawasdee-labelstudio/annotation_frames/10_itinerary_4_1_frame000135.jpg,10_itinerary_4_1,10_itinerary_4_1_1cec29c8,135,1350.0,10,2025:04:17 05:24:16,2025-04-17 05:46:46,5,3,2114.0,HERO13 Black,19.020569444444444,72.8436111111111,8.799,0.0,7.0,2.0,5.0,2.0,Paved,,,,No,No,No
243699569,85286740,swathi@verifinity.ai,gs://sawasdee-labelstudio/annotation_frames/10_itinerary_4_1_frame000136.jpg,10_itinerary_4_1,10_itinerary_4_1_1cec29c8,136,1360.0,10,2025:04:17 05:24:16,2025-04-17 05:46:56,5,3,2114.0,HERO13 Black,19.020255555555554,72.84411388888888,10.152,0.0,,,2.0,1.0,Paved,Yes,,,No,No,No
243699570,85286790,swathi@verifinity.ai,gs://sawasdee-labelstudio/annotation_frames/10_itinerary_4_1_frame000137.jpg,10_itinerary_4_1,10_itinerary_4_1_1cec29c8,137,1370.0,10,2025:04:17 05:24:16,2025-04-17 05:47:06,5,3,2114.0,HERO13 Black,19.019869444444442,72.84471388888889,10.315,0.0,2.0,2.0,,,Paved,,,,No,No,No
243699571,85291902,swathi@verifinity.ai,gs://sawasdee-labelstudio/annotation_frames/10_itinerary_4_1_frame000138.jpg,10_itinerary_4_1,10_itinerary_4_1_1cec29c8,138,1380.0,10,2025:04:17 05:24:16,2025-04-17 05:47:16,5,3,2114.0,HERO13 Black,19.01948611111111,72.84528611111111,9.521,0.0,5.0,1.0,,,Paved,,,,No,No,No
243699572,85291970,swathi@verifinity.ai,gs://sawasdee-labelstudio/annotation_frames/10_itinerary_4_1_frame000139.jpg,10_itinerary_4_1,10_itinerary_4_1_1cec29c8,139,1390.0,10,2025:04:17 05:24:16,2025-04-17 05:47:26,5,3,2114.0,HERO13 Black,19.019158333333333,72.84578611111111,6.264,0.0,2.0,,,,,,,Yes,No,No,No
243699573,85292296,swathi@verifinity.ai,gs://sawasdee-labelstudio/annotation_frames/10_itinerary_4_1_frame000140.jpg,10_itinerary_4_1,10_itinerary_4_1_1cec29c8,140,1400.0,10,2025:04:17 05:24:16,2025-04-17 05:47:36,5,3,2114.0,HERO13 Black,19.01881111111111,72.84636944444443,3.2,0.0,8.0,1.0,1.0,,,,,Yes,No,No,No
243699574,85292401,swathi@verifinity.ai,gs://sawasdee-labelstudio/annotation_frames/10_itinerary_4_1_frame000141.jpg,10_itinerary_4_1,10_itinerary_4_1_1cec29c8,141,1410.0,10,2025:04:17 05:24:16,2025-04-17 05:47:46,5,3,2114.0,HERO13 Black,19.018508333333333,72.84678888888888,1.527,0.0,6.0,1.0,3.0,,,Yes,,,No,No,No
243699575,85292506,swathi@verifinity.ai,gs://sawasdee-labelstudio/annotation_frames/10_itinerary_4_1_frame000142.jpg,10_itinerary_4_1,10_itinerary_4_1_1cec29c8,142,1420.0,10,2025:04:17 05:24:16,2025-04-17 05:47:56,5,3,2114.0,HERO13 Black,19.018275,72.84715833333333,2.118,0.0,11.0,3.0,4.0,,,,,Construction debris,No,No,No
243699576,85292908,swathi@verifinity.ai,gs://sawasdee-labelstudio/annotation_frames/10_itinerary_4_1_frame000143.jpg,10_itinerary_4_1,10_itinerary_4_1_1cec29c8,143,1430.0,10,2025:04:17 05:24:16,2025-04-17 05:48:06,5,3,2114.0,HERO13 Black,19.018280555555556,72.84715833333333,1.139,0.0,11.0,3.0,3.0,,Paved,,,,No,No,No
243699577,85293086,swathi@verifinity.ai,gs://sawasdee-labelstudio/annotation_frames/10_itinerary_4_1_frame000144.jpg,10_itinerary_4_1,10_itinerary_4_1_1cec29c8,144,1440.0,10,2025:04:17 05:24:16,2025-04-17 05:48:16,5,3,2114.0,HERO13 Black,19.01816388888889,72.84734722222221,0.162,0.0,9.0,4.0,4.0,,Paved,Yes,,,No,No,No
243699578,85293244,swathi@verifinity.ai,gs://sawasdee-labelstudio/annotation_frames/10_itinerary_4_1_frame000145.jpg,10_itinerary_4_1,10_itinerary_4_1_1cec29c8,145,1450.0,10,2025:04:17 05:24:16,2025-04-17 05:48:26,5,3,2114.0,HERO13 Black,19.018069444444443,72.84791388888888,1.162,0.0,11.0,4.0,2.0,,,,,,No,No,Yes
243699579,84396109,swathi@verifinity.ai,gs://sawasdee-labelstudio/annotation_frames/10_itinerary_4_1_frame000146.jpg,10_itinerary_4_1,10_itinerary_4_1_1cec29c8,146,1460.0,10,2025:04:17 05:24:16,2025-04-17 05:48:36,5,3,2114.0,HERO13 Black,19.017652777777776,72.84796944444444,1.054,0.0,7.0,2.0,,,Paved,Yes,,,No,No,No
243699580,85293287,swathi@verifinity.ai,gs://sawasdee-labelstudio/annotation_frames/10_itinerary_4_1_frame000147.jpg,10_itinerary_4_1,10_itinerary_4_1_1cec29c8,147,1470.0,10,2025:04:17 05:24:16,2025-04-17 05:48:46,5,3,2114.0,HERO13 Black,19.01757222222222,72.84784722222221,0.855,0.0,11.0,3.0,1.0,,,Yes,,,No,No,Yes
243699581,85293360,swathi@verifinity.ai,gs://sawasdee-labelstudio/annotation_frames/10_itinerary_4_1_frame000148.jpg,10_itinerary_4_1,10_itinerary_4_1_1cec29c8,148,1480.0,10,2025:04:17 05:24:16,2025-04-17 05:48:56,5,3,2114.0,HERO13 Black,19.017355555555554,72.84758611111111,0.977,0.0,11.0,1.0,1.0,,Paved,Yes,,,No,No,Yes
243699582,85293582,swathi@verifinity.ai,gs://sawasdee-labelstudio/annotation_frames/10_itinerary_4_1_frame000149.jpg,10_itinerary_4_1,10_itinerary_4_1_1cec29c8,149,1490.0,10,2025:04:17 05:24:16,2025-04-17 05:49:06,5,3,2114.0,HERO13 Black,19.01682222222222,72.84716666666667,1.215,0.0,4.0,2.0,3.0,,Paved,Yes,,,No,No,No
243699583,85293776,swathi@verifinity.ai,gs://sawasdee-labelstudio/annotation_frames/10_itinerary_4_1_frame000150.jpg,10_itinerary_4_1,10_itinerary_4_1_1cec29c8,150,1500.0,10,2025:04:17 05:24:16,2025-04-17 05:49:16,5,3,2114.0,HERO13 Black,19.01631666666667,72.84675555555555,1.083,0.0,7.0,2.0,,,,,,,No,No,Yes
243699584,85293841,swathi@verifinity.ai,gs://sawasdee-labelstudio/annotation_frames/10_itinerary_4_1_frame000151.jpg,10_itinerary_4_1,10_itinerary_4_1_1cec29c8,151,1510.0,10,2025:04:17 05:24:16,2025-04-17 05:49:26,5,3,2114.0,HERO13 Black,19.015811111111113,72.84636111111111,0.603,0.0,8.0,2.0,1.0,,Paved - Blocked,Yes,,,No,No,Yes
243699585,85293982,swathi@verifinity.ai,gs://sawasdee-labelstudio/annotation_frames/10_itinerary_4_1_frame000152.jpg,10_itinerary_4_1,10_itinerary_4_1_1cec29c8,152,1520.0,10,2025:04:17 05:24:16,2025-04-17 05:49:36,5,3,2114.0,HERO13 Black,19.01551111111111,72.84609999999999,-0.526,0.0,10.0,3.0,,,Paved,Yes,,,No,No,No
243699586,85294175,swathi@verifinity.ai,gs://sawasdee-labelstudio/annotation_frames/10_itinerary_4_1_frame000153.jpg,10_itinerary_4_1,10_itinerary_4_1_1cec29c8,153,1530.0,10,2025:04:17 05:24:16,2025-04-17 05:49:46,5,3,2114.0,HERO13 Black,19.0151,72.84582777777777,0.41,0.0,10.0,4.0,3.0,,Paved - Blocked,Yes,,,No,No,Yes
243699587,85294225,swathi@verifinity.ai,gs://sawasdee-labelstudio/annotation_frames/10_itinerary_4_1_frame000154.jpg,10_itinerary_4_1,10_itinerary_4_1_1cec29c8,154,1540.0,10,2025:04:17 05:24:16,2025-04-17 05:49:56,5,3,2114.0,HERO13 Black,19.01459722222222,72.84546388888889,-0.005,0.0,4.0,2.0,3.0,1.0,Paved - Blocked,Yes,,,No,No,Yes
243699588,85294303,swathi@verifinity.ai,gs://sawasdee-labelstudio/annotation_frames/10_itinerary_4_1_frame000155.jpg,10_itinerary_4_1,10_itinerary_4_1_1cec29c8,155,1550.0,10,2025:04:17 05:24:16,2025-04-17 05:50:06,5,3,2114.0,HERO13 Black,19.014094444444446,72.84511111111111,-0.484,0.0,11.0,1.0,7.0,,Paved - Blocked,,,,No,No,Yes
243699589,85294442,swathi@verifinity.ai,gs://sawasdee-labelstudio/annotation_frames/10_itinerary_4_1_frame000156.jpg,10_itinerary_4_1,10_itinerary_4_1_1cec29c8,156,1560.0,10,2025:04:17 05:24:16,2025-04-17 05:50:16,5,3,2114.0,HERO13 Black,19.01367777777778,72.84483055555555,-0.107,0.0,9.0,1.0,2.0,,Paved - Blocked,Yes,,,No,No,No
243699590,83686036,varun.rama@usc.edu,gs://sawasdee-labelstudio/annotation_frames/10_itinerary_4_1_frame000157.jpg,10_itinerary_4_1,10_itinerary_4_1_1cec29c8,157,1570.0,10,2025:04:17 05:24:16,2025-04-17 05:50:26,5,3,2114.0,HERO13 Black,19.013169444444443,72.84448888888889,0.7,0.0,6.0,1.0,4.0,0.0,Paved,Yes,No,No,No,No,No
243699591,85294495,swathi@verifinity.ai,gs://sawasdee-labelstudio/annotation_frames/10_itinerary_4_1_frame000158.jpg,10_itinerary_4_1,10_itinerary_4_1_1cec29c8,158,1580.0,10,2025:04:17 05:24:16,2025-04-17 05:50:36,5,3,2114.0,HERO13 Black,19.01265,72.84414166666666,1.393,0.0,5.0,,2.0,,Paved - Blocked,,,,No,No,No
243699592,85294583,swathi@verifinity.ai,gs://sawasdee-labelstudio/annotation_frames/10_itinerary_4_1_frame000159.jpg,10_itinerary_4_1,10_itinerary_4_1_1cec29c8,159,1590.0,10,2025:04:17 05:24:16,2025-04-17 05:50:46,5,3,2114.0,HERO13 Black,19.01211111111111,72.84379722222222,1.744,0.0,9.0,1.0,2.0,,,Yes,,,No,No,No
243699593,85294676,swathi@verifinity.ai,gs://sawasdee-labelstudio/annotation_frames/10_itinerary_4_1_frame000160.jpg,10_itinerary_4_1,10_itinerary_4_1_1cec29c8,160,1600.0,10,2025:04:17 05:24:16,2025-04-17 05:50:56,5,3,2114.0,HERO13 Black,19.01162777777778,72.84345277777777,1.843,0.0,3.0,1.0,2.0,,Paved,Yes,,Construction debris,No,No,No
243699594,85294838,swathi@verifinity.ai,gs://sawasdee-labelstudio/annotation_frames/10_itinerary_4_1_frame000161.jpg,10_itinerary_4_1,10_itinerary_4_1_1cec29c8,161,1610.0,10,2025:04:17 05:24:16,2025-04-17 05:51:06,5,3,2114.0,HERO13 Black,19.01107777777778,72.84310138888888,1.7415,0.1,5.0,2.0,2.0,,Paved,Yes,,,No,No,No
243699595,85294873,swathi@verifinity.ai,gs://sawasdee-labelstudio/annotation_frames/10_itinerary_4_1_frame000162.jpg,10_itinerary_4_1,10_itinerary_4_1_1cec29c8,162,1620.0,10,2025:04:17 05:24:16,2025-04-17 05:51:16,5,3,2114.0,HERO13 Black,19.010488888888887,72.84271805555555,2.105,0.1,4.0,1.0,1.0,,Paved,Yes,,,No,No,No
243699596,85295003,swathi@verifinity.ai,gs://sawasdee-labelstudio/annotation_frames/10_itinerary_4_1_frame000163.jpg,10_itinerary_4_1,10_itinerary_4_1_1cec29c8,163,1630.0,10,2025:04:17 05:24:16,2025-04-17 05:51:26,5,3,2114.0,HERO13 Black,19.009944444444443,72.84235555555554,2.945,0.1,6.0,2.0,6.0,,Paved,Yes,,,No,No,No
243699597,85295082,swathi@verifinity.ai,gs://sawasdee-labelstudio/annotation_frames/10_itinerary_4_1_frame000164.jpg,10_itinerary_4_1,10_itinerary_4_1_1cec29c8,164,1640.0,10,2025:04:17 05:24:16,2025-04-17 05:51:36,5,3,2114.0,HERO13 Black,19.009612500000003,72.84210416666666,3.4635,0.1,6.0,,1.0,,,,,,No,No,No
243699598,85295133,swathi@verifinity.ai,gs://sawasdee-labelstudio/annotation_frames/10_itinerary_4_1_frame000165.jpg,10_itinerary_4_1,10_itinerary_4_1_1cec29c8,165,1650.0,10,2025:04:17 05:24:16,2025-04-17 05:51:46,5,3,2114.0,HERO13 Black,19.00957222222222,72.84206666666667,4.12,0.1,7.0,2.0,1.0,1.0,Paved,Yes,,,No,No,No
243699599,85295211,swathi@verifinity.ai,gs://sawasdee-labelstudio/annotation_frames/10_itinerary_4_1_frame000166.jpg,10_itinerary_4_1,10_itinerary_4_1_1cec29c8,166,1660.0,10,2025:04:17 05:24:16,2025-04-17 05:51:56,5,3,2114.0,HERO13 Black,19.009575,72.84206944444443,5.34,0.1,6.0,1.0,3.0,1.0,Paved,,,,No,No,No
243699600,85295267,swathi@verifinity.ai,gs://sawasdee-labelstudio/annotation_frames/10_itinerary_4_1_frame000167.jpg,10_itinerary_4_1,10_itinerary_4_1_1cec29c8,167,1670.0,10,2025:04:17 05:24:16,2025-04-17 05:52:06,5,3,2114.0,HERO13 Black,19.009569444444445,72.84206944444443,6.1485,0.1,1.0,,1.0,,Paved,Yes,,,No,No,No
243699601,85295277,swathi@verifinity.ai,gs://sawasdee-labelstudio/annotation_frames/10_itinerary_4_1_frame000168.jpg,10_itinerary_4_1,10_itinerary_4_1_1cec29c8,168,1680.0,10,2025:04:17 05:24:16,2025-04-17 05:52:16,5,3,2114.0,HERO13 Black,19.009330555555554,72.84189722222222,5.856,0.0,,,,,Paved,,,,No,No,No
243699602,84361855,swathi@verifinity.ai,gs://sawasdee-labelstudio/annotation_frames/10_itinerary_4_1_frame000169.jpg,10_itinerary_4_1,10_itinerary_4_1_1cec29c8,169,1690.0,10,2025:04:17 05:24:16,2025-04-17 05:52:26,5,3,2114.0,HERO13 Black,19.008816666666668,72.84165,4.539,0.0,,,2.0,1.0,Paved,Yes,,,No,No,No
243699603,85295370,swathi@verifinity.ai,gs://sawasdee-labelstudio/annotation_frames/10_itinerary_4_1_frame000170.jpg,10_itinerary_4_1,10_itinerary_4_1_1cec29c8,170,1700.0,10,2025:04:17 05:24:16,2025-04-17 05:52:36,5,3,2114.0,HERO13 Black,19.008194444444445,72.84145555555556,4.624,0.0,,,4.0,2.0,Paved,Yes,,,No,No,No
243699604,85295384,swathi@verifinity.ai,gs://sawasdee-labelstudio/annotation_frames/10_itinerary_4_1_frame000171.jpg,10_itinerary_4_1,10_itinerary_4_1_1cec29c8,171,1710.0,10,2025:04:17 05:24:16,2025-04-17 05:52:46,5,3,2114.0,HERO13 Black,19.00755,72.84123333333334,4.149,0.0,5.0,,4.0,,Paved,,,Yes,No,No,No
243699605,85295491,swathi@verifinity.ai,gs://sawasdee-labelstudio/annotation_frames/10_itinerary_4_1_frame000172.jpg,10_itinerary_4_1,10_itinerary_4_1_1cec29c8,172,1720.0,10,2025:04:17 05:24:16,2025-04-17 05:52:56,5,3,2114.0,HERO13 Black,19.006972222222224,72.84097777777777,3.411,0.0,,,3.0,1.0,Paved,,,,No,No,No
243699606,85295553,swathi@verifinity.ai,gs://sawasdee-labelstudio/annotation_frames/10_itinerary_4_1_frame000173.jpg,10_itinerary_4_1,10_itinerary_4_1_1cec29c8,173,1730.0,10,2025:04:17 05:24:16,2025-04-17 05:53:06,5,3,2114.0,HERO13 Black,19.006355555555555,72.8406111111111,3.67,0.0,,,7.0,1.0,Paved,,,,No,No,No
243699607,85295605,swathi@verifinity.ai,gs://sawasdee-labelstudio/annotation_frames/10_itinerary_4_1_frame000174.jpg,10_itinerary_4_1,10_itinerary_4_1_1cec29c8,174,1740.0,10,2025:04:17 05:24:16,2025-04-17 05:53:16,5,3,2114.0,HERO13 Black,19.005844444444445,72.84028611111111,2.182,0.0,1.0,3.0,7.0,2.0,Paved,Yes,,Yes,No,No,No
243699608,85295844,swathi@verifinity.ai,gs://sawasdee-labelstudio/annotation_frames/10_itinerary_4_1_frame000175.jpg,10_itinerary_4_1,10_itinerary_4_1_1cec29c8,175,1750.0,10,2025:04:17 05:24:16,2025-04-17 05:53:26,5,3,2114.0,HERO13 Black,19.005775,72.84025,1.92,0.0,,,4.0,2.0,,Yes,,,No,No,No
243699609,85295869,swathi@verifinity.ai,gs://sawasdee-labelstudio/annotation_frames/10_itinerary_4_1_frame000176.jpg,10_itinerary_4_1,10_itinerary_4_1_1cec29c8,176,1760.0,10,2025:04:17 05:24:16,2025-04-17 05:53:36,5,3,2114.0,HERO13 Black,19.005647222222223,72.84014722222221,1.373,0.0,,,5.0,1.0,,,,Yes,No,No,No
243699610,84299681,swathi@verifinity.ai,gs://sawasdee-labelstudio/annotation_frames/10_itinerary_4_1_frame000177.jpg,10_itinerary_4_1,10_itinerary_4_1_1cec29c8,177,1770.0,10,2025:04:17 05:24:16,2025-04-17 05:53:46,5,3,2114.0,HERO13 Black,19.005466666666667,72.84002222222222,0.68,0.0,,,1.0,,,Yes,,,No,No,No
243699611,85295916,swathi@verifinity.ai,gs://sawasdee-labelstudio/annotation_frames/10_itinerary_4_1_frame000178.jpg,10_itinerary_4_1,10_itinerary_4_1_1cec29c8,178,1780.0,10,2025:04:17 05:24:16,2025-04-17 05:53:56,5,3,2114.0,HERO13 Black,19.005133333333333,72.840075,-2.415,0.0,5.0,,4.0,,Paved,Yes,,,No,No,No
243699612,85296017,swathi@verifinity.ai,gs://sawasdee-labelstudio/annotation_frames/10_itinerary_4_1_frame000179.jpg,10_itinerary_4_1,10_itinerary_4_1_1cec29c8,179,1790.0,10,2025:04:17 05:24:16,2025-04-17 05:54:06,5,3,2114.0,HERO13 Black,19.00503611111111,72.84023333333333,-2.072,7.0,5.0,1.0,2.0,,Paved - Blocked,Yes,,,No,No,Yes
243699613,85296066,swathi@verifinity.ai,gs://sawasdee-labelstudio/annotation_frames/10_itinerary_4_1_frame000180.jpg,10_itinerary_4_1,10_itinerary_4_1_1cec29c8,180,1800.0,10,2025:04:17 05:24:16,2025-04-17 05:54:16,5,3,2114.0,HERO13 Black,19.00503611111111,72.84023333333333,-2.072,17.0,1.0,,,,,Yes,,,No,No,No
243699614,85296111,swathi@verifinity.ai,gs://sawasdee-labelstudio/annotation_frames/10_itinerary_4_1_frame000181.jpg,10_itinerary_4_1,10_itinerary_4_1_1cec29c8,181,1810.0,10,2025:04:17 05:24:16,2025-04-17 05:54:26,5,3,2114.0,HERO13 Black,19.00503611111111,72.84023333333333,-2.072,27.0,8.0,3.0,2.0,,Paved,Yes,,,Yes,No,No
243699615,85296877,swathi@verifinity.ai,gs://sawasdee-labelstudio/annotation_frames/10_itinerary_4_1_frame000182.jpg,10_itinerary_4_1,10_itinerary_4_1_1cec29c8,182,1820.0,10,2025:04:17 05:24:16,2025-04-17 05:54:36,5,3,2114.0,HERO13 Black,,,,,11.0,1.0,,,Paved,Yes,,,No,No,Yes
243699617,85296972,swathi@verifinity.ai,gs://sawasdee-labelstudio/annotation_frames/10_itinerary_4_1_frame000183.jpg,10_itinerary_4_1,10_itinerary_4_1_1cec29c8,183,1830.0,10,2025:04:17 05:24:16,2025-04-17 05:54:46,5,3,2114.0,HERO13 Black,,,,,11.0,1.0,,,Paved,Yes,,,No,No,No
243699618,85297005,swathi@verifinity.ai,gs://sawasdee-labelstudio/annotation_frames/10_itinerary_4_1_frame000184.jpg,10_itinerary_4_1,10_itinerary_4_1_1cec29c8,184,1840.0,10,2025:04:17 05:24:16,2025-04-17 05:54:56,5,3,2114.0,HERO13 Black,,,,,5.0,,3.0,,Paved,Yes,,,No,No,No
243699619,85297032,swathi@verifinity.ai,gs://sawasdee-labelstudio/annotation_frames/10_itinerary_4_1_frame000185.jpg,10_itinerary_4_1,10_itinerary_4_1_1cec29c8,185,1850.0,10,2025:04:17 05:24:16,2025-04-17 05:55:06,5,3,2114.0,HERO13 Black,,,,,3.0,1.0,2.0,,Paved,Yes,,,No,No,No
243699620,85297110,swathi@verifinity.ai,gs://sawasdee-labelstudio/annotation_frames/10_itinerary_4_1_frame000186.jpg,10_itinerary_4_1,10_itinerary_4_1_1cec29c8,186,1860.0,10,2025:04:17 05:24:16,2025-04-17 05:55:16,5,3,2114.0,HERO13 Black,,,,,6.0,2.0,4.0,2.0,Paved,Yes,,,No,No,No
243699621,85298045,swathi@verifinity.ai,gs://sawasdee-labelstudio/annotation_frames/10_itinerary_4_1_frame000187.jpg,10_itinerary_4_1,10_itinerary_4_1_1cec29c8,187,1870.0,10,2025:04:17 05:24:16,2025-04-17 05:55:26,5,3,2114.0,HERO13 Black,,,,,4.0,,6.0,1.0,,Yes,,,No,No,No
243699622,85298076,swathi@verifinity.ai,gs://sawasdee-labelstudio/annotation_frames/10_itinerary_4_1_frame000188.jpg,10_itinerary_4_1,10_itinerary_4_1_1cec29c8,188,1880.0,10,2025:04:17 05:24:16,2025-04-17 05:55:36,5,3,2114.0,HERO13 Black,,,,,3.0,,3.0,,Paved,Yes,,,No,No,No
243699623,85298111,swathi@verifinity.ai,gs://sawasdee-labelstudio/annotation_frames/10_itinerary_4_1_frame000189.jpg,10_itinerary_4_1,10_itinerary_4_1_1cec29c8,189,1890.0,10,2025:04:17 05:24:16,2025-04-17 05:55:46,5,3,2114.0,HERO13 Black,,,,,4.0,,2.0,1.0,Paved,Yes,,,No,No,No
243699624,85298184,swathi@verifinity.ai,gs://sawasdee-labelstudio/annotation_frames/10_itinerary_4_1_frame000190.jpg,10_itinerary_4_1,10_itinerary_4_1_1cec29c8,190,1900.0,10,2025:04:17 05:24:16,2025-04-17 05:55:56,5,3,2114.0,HERO13 Black,,,,,3.0,,4.0,,Paved,Yes,,,No,No,No
243699625,84984372,swathi@verifinity.ai,gs://sawasdee-labelstudio/annotation_frames/10_itinerary_4_1_frame000191.jpg,10_itinerary_4_1,10_itinerary_4_1_1cec29c8,191,1910.0,10,2025:04:17 05:24:16,2025-04-17 05:56:06,5,3,2114.0,HERO13 Black,,,,,1.0,2.0,6.0,1.0,Paved,Yes,,,No,No,No
243699626,84386228,swathi@verifinity.ai,gs://sawasdee-labelstudio/annotation_frames/10_itinerary_4_1_frame000192.jpg,10_itinerary_4_1,10_itinerary_4_1_1cec29c8,192,1920.0,10,2025:04:17 05:24:16,2025-04-17 05:56:16,5,3,2114.0,HERO13 Black,,,,,11.0,7.0,4.0,2.0,Paved - Blocked,,,,No,No,Yes
243699627,85298249,swathi@verifinity.ai,gs://sawasdee-labelstudio/annotation_frames/10_itinerary_4_1_frame000193.jpg,10_itinerary_4_1,10_itinerary_4_1_1cec29c8,193,1930.0,10,2025:04:17 05:24:16,2025-04-17 05:56:26,5,3,2114.0,HERO13 Black,,,,,1.0,,,,Paved,Yes,,,No,No,No
243699628,84296659,swathi@verifinity.ai,gs://sawasdee-labelstudio/annotation_frames/10_itinerary_4_1_frame000194.jpg,10_itinerary_4_1,10_itinerary_4_1_1cec29c8,194,1940.0,10,2025:04:17 05:24:16,2025-04-17 05:56:36,5,3,2114.0,HERO13 Black,,,,,,,2.0,,Paved,Yes,,,Yes,No,No
243699629,85298311,swathi@verifinity.ai,gs://sawasdee-labelstudio/annotation_frames/10_itinerary_4_1_frame000195.jpg,10_itinerary_4_1,10_itinerary_4_1_1cec29c8,195,1950.0,10,2025:04:17 05:24:16,2025-04-17 05:56:46,5,3,2114.0,HERO13 Black,,,,,5.0,,2.0,,Paved,Yes,,,No,No,No
243699630,85298330,swathi@verifinity.ai,gs://sawasdee-labelstudio/annotation_frames/10_itinerary_4_1_frame000196.jpg,10_itinerary_4_1,10_itinerary_4_1_1cec29c8,196,1960.0,10,2025:04:17 05:24:16,2025-04-17 05:56:56,5,3,2114.0,HERO13 Black,,,,,,,1.0,,Paved,,,,No,No,No
243699631,85298372,swathi@verifinity.ai,gs://sawasdee-labelstudio/annotation_frames/10_itinerary_4_1_frame000197.jpg,10_itinerary_4_1,10_itinerary_4_1_1cec29c8,197,1970.0,10,2025:04:17 05:24:16,2025-04-17 05:57:06,5,3,2114.0,HERO13 Black,,,,,2.0,1.0,,,Paved,Yes,,,No,No,No
243699633,85298397,swathi@verifinity.ai,gs://sawasdee-labelstudio/annotation_frames/10_itinerary_4_1_frame000198.jpg,10_itinerary_4_1,10_itinerary_4_1_1cec29c8,198,1980.0,10,2025:04:17 05:24:16,2025-04-17 05:57:16,5,3,2114.0,HERO13 Black,,,,,3.0,,1.0,1.0,Paved,,,,No,No,No
243699634,84643763,swathi@verifinity.ai,gs://sawasdee-labelstudio/annotation_frames/10_itinerary_4_1_frame000199.jpg,10_itinerary_4_1,10_itinerary_4_1_1cec29c8,199,1990.0,10,2025:04:17 05:24:16,2025-04-17 05:57:26,5,3,2114.0,HERO13 Black,,,,,4.0,1.0,1.0,1.0,Paved,,,,No,No,No
243699635,85298429,swathi@verifinity.ai,gs://sawasdee-labelstudio/annotation_frames/10_itinerary_4_1_frame000200.jpg,10_itinerary_4_1,10_itinerary_4_1_1cec29c8,200,2000.0,10,2025:04:17 05:24:16,2025-04-17 05:57:36,5,3,2114.0,HERO13 Black,,,,,1.0,,1.0,1.0,Paved,,,,No,No,No
243699636,84630515,swathi@verifinity.ai,gs://sawasdee-labelstudio/annotation_frames/10_itinerary_4_1_frame000201.jpg,10_itinerary_4_1,10_itinerary_4_1_1cec29c8,201,2010.0,10,2025:04:17 05:24:16,2025-04-17 05:57:46,5,3,2114.0,HERO13 Black,,,,,2.0,,1.0,1.0,Paved,Yes,,,No,No,No
243699637,85298527,swathi@verifinity.ai,gs://sawasdee-labelstudio/annotation_frames/10_itinerary_4_1_frame000202.jpg,10_itinerary_4_1,10_itinerary_4_1_1cec29c8,202,2020.0,10,2025:04:17 05:24:16,2025-04-17 05:57:56,5,3,2114.0,HERO13 Black,,,,,5.0,,1.0,1.0,Paved,Yes,,,No,No,No
243699638,84643506,swathi@verifinity.ai,gs://sawasdee-labelstudio/annotation_frames/10_itinerary_4_1_frame000203.jpg,10_itinerary_4_1,10_itinerary_4_1_1cec29c8,203,2030.0,10,2025:04:17 05:24:16,2025-04-17 05:58:06,5,3,2114.0,HERO13 Black,,,,,2.0,,2.0,,Paved,Yes,,,No,No,No
243699639,85298577,swathi@verifinity.ai,gs://sawasdee-labelstudio/annotation_frames/10_itinerary_4_1_frame000204.jpg,10_itinerary_4_1,10_itinerary_4_1_1cec29c8,204,2040.0,10,2025:04:17 05:24:16,2025-04-17 05:58:16,5,3,2114.0,HERO13 Black,,,,,6.0,2.0,1.0,1.0,Paved,Yes,,,No,No,No
243699640,85298616,swathi@verifinity.ai,gs://sawasdee-labelstudio/annotation_frames/10_itinerary_4_1_frame000205.jpg,10_itinerary_4_1,10_itinerary_4_1_1cec29c8,205,2050.0,10,2025:04:17 05:24:16,2025-04-17 05:58:26,5,3,2114.0,HERO13 Black,,,,,,1.0,3.0,1.0,Paved,Yes,,,No,No,No
243699641,85298668,swathi@verifinity.ai,gs://sawasdee-labelstudio/annotation_frames/10_itinerary_4_1_frame000206.jpg,10_itinerary_4_1,10_itinerary_4_1_1cec29c8,206,2060.0,10,2025:04:17 05:24:16,2025-04-17 05:58:36,5,3,2114.0,HERO13 Black,,,,,4.0,3.0,2.0,,Paved,Yes,,,No,No,No
243699642,85298721,swathi@verifinity.ai,gs://sawasdee-labelstudio/annotation_frames/10_itinerary_4_1_frame000207.jpg,10_itinerary_4_1,10_itinerary_4_1_1cec29c8,207,2070.0,10,2025:04:17 05:24:16,2025-04-17 05:58:46,5,3,2114.0,HERO13 Black,,,,,6.0,3.0,3.0,1.0,Paved - Blocked,,,,No,No,No
243699643,84263386,swathi@verifinity.ai,gs://sawasdee-labelstudio/annotation_frames/10_itinerary_4_1_frame000208.jpg,10_itinerary_4_1,10_itinerary_4_1_1cec29c8,208,2080.0,10,2025:04:17 05:24:16,2025-04-17 05:58:56,5,3,2114.0,HERO13 Black,,,,,5.0,,2.0,,Paved - Blocked,Yes,,,No,No,No
243699644,84646360,swathi@verifinity.ai,gs://sawasdee-labelstudio/annotation_frames/10_itinerary_4_1_frame000209.jpg,10_itinerary_4_1,10_itinerary_4_1_1cec29c8,209,2090.0,10,2025:04:17 05:24:16,2025-04-17 05:59:06,5,3,2114.0,HERO13 Black,,,,,4.0,4.0,3.0,,Paved,Yes,,,No,No,No
243699645,84383670,swathi@verifinity.ai,gs://sawasdee-labelstudio/annotation_frames/10_itinerary_4_1_frame000210.jpg,10_itinerary_4_1,10_itinerary_4_1_1cec29c8,210,2100.0,10,2025:04:17 05:24:16,2025-04-17 05:59:16,5,3,2114.0,HERO13 Black,,,,,11.0,3.0,,,,Yes,,,No,No,No
243699646,85004191,swathi@verifinity.ai,gs://sawasdee-labelstudio/annotation_frames/10_itinerary_4_2_frame000000.jpg,10_itinerary_4_2,10_itinerary_4_2_d62b40dd,0,0.0,10,2025:04:17 05:24:16,2025-04-17 05:24:16,5,3,177.0,HERO13 Black,,,,,11.0,1.0,4.0,,Paved - Blocked,,,,Yes,No,No
243699647,85298816,swathi@verifinity.ai,gs://sawasdee-labelstudio/annotation_frames/10_itinerary_4_2_frame000001.jpg,10_itinerary_4_2,10_itinerary_4_2_d62b40dd,1,10.0,10,2025:04:17 05:24:16,2025-04-17 05:24:26,5,3,177.0,HERO13 Black,,,,,11.0,3.0,1.0,,Paved,,,,No,No,No
243699648,85298841,swathi@verifinity.ai,gs://sawasdee-labelstudio/annotation_frames/10_itinerary_4_2_frame000002.jpg,10_itinerary_4_2,10_itinerary_4_2_d62b40dd,2,20.0,10,2025:04:17 05:24:16,2025-04-17 05:24:36,5,3,177.0,HERO13 Black,,,,,11.0,1.0,1.0,,Paved - Blocked,Yes,,,No,No,No
243699649,85298861,swathi@verifinity.ai,gs://sawasdee-labelstudio/annotation_frames/10_itinerary_4_2_frame000003.jpg,10_itinerary_4_2,10_itinerary_4_2_d62b40dd,3,30.0,10,2025:04:17 05:24:16,2025-04-17 05:24:46,5,3,177.0,HERO13 Black,,,,,6.0,2.0,,,No sidewalk,Yes,,,No,No,No
243699650,85298882,swathi@verifinity.ai,gs://sawasdee-labelstudio/annotation_frames/10_itinerary_4_2_frame000004.jpg,10_itinerary_4_2,10_itinerary_4_2_d62b40dd,4,40.0,10,2025:04:17 05:24:16,2025-04-17 05:24:56,5,3,177.0,HERO13 Black,,,,,9.0,,,,No sidewalk,Yes,,,No,No,Yes
243699651,85298907,swathi@verifinity.ai,gs://sawasdee-labelstudio/annotation_frames/10_itinerary_4_2_frame000005.jpg,10_itinerary_4_2,10_itinerary_4_2_d62b40dd,5,50.0,10,2025:04:17 05:24:16,2025-04-17 05:25:06,5,3,177.0,HERO13 Black,,,,,1.0,2.0,,,Paved,Yes,,,No,No,No
243699652,84543391,swathi@verifinity.ai,gs://sawasdee-labelstudio/annotation_frames/10_itinerary_4_2_frame000006.jpg,10_itinerary_4_2,10_itinerary_4_2_d62b40dd,6,60.0,10,2025:04:17 05:24:16,2025-04-17 05:25:16,5,3,177.0,HERO13 Black,,,,,7.0,3.0,,,Paved - Blocked,Yes,,,No,No,No
243699653,85019049,swathi@verifinity.ai,gs://sawasdee-labelstudio/annotation_frames/10_itinerary_4_2_frame000007.jpg,10_itinerary_4_2,10_itinerary_4_2_d62b40dd,7,70.0,10,2025:04:17 05:24:16,2025-04-17 05:25:26,5,3,177.0,HERO13 Black,,,,,4.0,2.0,,,No sidewalk,Yes,,,No,No,No
243699654,85298925,swathi@verifinity.ai,gs://sawasdee-labelstudio/annotation_frames/10_itinerary_4_2_frame000008.jpg,10_itinerary_4_2,10_itinerary_4_2_d62b40dd,8,80.0,10,2025:04:17 05:24:16,2025-04-17 05:25:36,5,3,177.0,HERO13 Black,,,,,3.0,1.0,,,Paved - Blocked,Yes,,,No,No,No
243699655,85298961,swathi@verifinity.ai,gs://sawasdee-labelstudio/annotation_frames/10_itinerary_4_2_frame000009.jpg,10_itinerary_4_2,10_itinerary_4_2_d62b40dd,9,90.0,10,2025:04:17 05:24:16,2025-04-17 05:25:46,5,3,177.0,HERO13 Black,,,,,3.0,2.0,,,Paved - Blocked,Yes,,,No,No,No
243699656,85298973,swathi@verifinity.ai,gs://sawasdee-labelstudio/annotation_frames/10_itinerary_4_2_frame000010.jpg,10_itinerary_4_2,10_itinerary_4_2_d62b40dd,10,100.0,10,2025:04:17 05:24:16,2025-04-17 05:25:56,5,3,177.0,HERO13 Black,,,,,5.0,,,,,Yes,,,No,No,No
243699657,84536691,swathi@verifinity.ai,gs://sawasdee-labelstudio/annotation_frames/10_itinerary_4_2_frame000011.jpg,10_itinerary_4_2,10_itinerary_4_2_d62b40dd,11,110.0,10,2025:04:17 05:24:16,2025-04-17 05:26:06,5,3,177.0,HERO13 Black,,,,,,,,,No sidewalk,Yes,,,No,No,No
243699658,85298986,swathi@verifinity.ai,gs://sawasdee-labelstudio/annotation_frames/10_itinerary_4_2_frame000012.jpg,10_itinerary_4_2,10_itinerary_4_2_d62b40dd,12,120.0,10,2025:04:17 05:24:16,2025-04-17 05:26:16,5,3,177.0,HERO13 Black,,,,,,,,,No sidewalk,,,,No,No,No
243699659,84267006,swathi@verifinity.ai,gs://sawasdee-labelstudio/annotation_frames/10_itinerary_4_2_frame000013.jpg,10_itinerary_4_2,10_itinerary_4_2_d62b40dd,13,130.0,10,2025:04:17 05:24:16,2025-04-17 05:26:26,5,3,177.0,HERO13 Black,,,,,3.0,1.0,,,Paved,Yes,,,No,No,No
243699660,85299012,swathi@verifinity.ai,gs://sawasdee-labelstudio/annotation_frames/10_itinerary_4_2_frame000014.jpg,10_itinerary_4_2,10_itinerary_4_2_d62b40dd,14,140.0,10,2025:04:17 05:24:16,2025-04-17 05:26:36,5,3,177.0,HERO13 Black,,,,,3.0,,,,Paved,Yes,,,No,No,No
243699661,84378964,swathi@verifinity.ai,gs://sawasdee-labelstudio/annotation_frames/10_itinerary_4_2_frame000015.jpg,10_itinerary_4_2,10_itinerary_4_2_d62b40dd,15,150.0,10,2025:04:17 05:24:16,2025-04-17 05:26:46,5,3,177.0,HERO13 Black,,,,,8.0,2.0,3.0,,Paved,Yes,,,No,No,No
243699662,85299126,swathi@verifinity.ai,gs://sawasdee-labelstudio/annotation_frames/10_itinerary_4_2_frame000016.jpg,10_itinerary_4_2,10_itinerary_4_2_d62b40dd,16,160.0,10,2025:04:17 05:24:16,2025-04-17 05:26:56,5,3,177.0,HERO13 Black,,,,,11.0,3.0,4.0,,Paved - Blocked,Yes,,Yes,No,No,No
243699663,83686545,varun.rama@usc.edu,gs://sawasdee-labelstudio/annotation_frames/10_itinerary_4_2_frame000017.jpg,10_itinerary_4_2,10_itinerary_4_2_d62b40dd,17,170.0,10,2025:04:17 05:24:16,2025-04-17 05:27:06,5,3,177.0,HERO13 Black,,,,,2.0,1.0,1.0,0.0,Paved - Blocked,Yes,No,No,No,No,Yes
243699664,85299163,swathi@verifinity.ai,gs://sawasdee-labelstudio/annotation_frames/10_itinerary_5_frame000000.jpg,10_itinerary_5,10_itinerary_5_5ba7a4ba,0,0.0,10,2025:04:17 06:33:27,2025-04-17 06:33:27,6,3,814.0,HERO13 Black,19.01703611111111,72.86488333333332,7.365,0.0,,,4.0,,Paved,Yes,,,No,No,No
243699665,84384639,swathi@verifinity.ai,gs://sawasdee-labelstudio/annotation_frames/10_itinerary_5_frame000001.jpg,10_itinerary_5,10_itinerary_5_5ba7a4ba,1,10.0,10,2025:04:17 06:33:27,2025-04-17 06:33:37,6,3,814.0,HERO13 Black,19.01714722222222,72.864925,8.056,0.0,2.0,,2.0,,Paved,Yes,,,No,No,No
243699666,84507468,swathi@verifinity.ai,gs://sawasdee-labelstudio/annotation_frames/10_itinerary_5_frame000002.jpg,10_itinerary_5,10_itinerary_5_5ba7a4ba,2,20.0,10,2025:04:17 06:33:27,2025-04-17 06:33:47,6,3,814.0,HERO13 Black,19.017325,72.86497777777777,8.273,0.0,5.0,,,,Paved,Yes,,,No,No,No
243699667,85299187,swathi@verifinity.ai,gs://sawasdee-labelstudio/annotation_frames/10_itinerary_5_frame000003.jpg,10_itinerary_5,10_itinerary_5_5ba7a4ba,3,30.0,10,2025:04:17 06:33:27,2025-04-17 06:33:57,6,3,814.0,HERO13 Black,19.01771944444444,72.86519166666666,8.952,0.0,3.0,,1.0,,Paved,Yes,,,No,No,No
243699668,85299215,swathi@verifinity.ai,gs://sawasdee-labelstudio/annotation_frames/10_itinerary_5_frame000004.jpg,10_itinerary_5,10_itinerary_5_5ba7a4ba,4,40.0,10,2025:04:17 06:33:27,2025-04-17 06:34:07,6,3,814.0,HERO13 Black,19.018316666666667,72.86544444444444,9.734,0.0,2.0,1.0,,,No sidewalk,,,Yes,No,No,No
243699670,84279986,swathi@verifinity.ai,gs://sawasdee-labelstudio/annotation_frames/10_itinerary_5_frame000005.jpg,10_itinerary_5,10_itinerary_5_5ba7a4ba,5,50.0,10,2025:04:17 06:33:27,2025-04-17 06:34:17,6,3,814.0,HERO13 Black,19.01897222222222,72.86552499999999,9.578,0.0,1.0,,,,No sidewalk,,,Yes,No,No,No
243699671,84533446,swathi@verifinity.ai,gs://sawasdee-labelstudio/annotation_frames/10_itinerary_5_frame000006.jpg,10_itinerary_5,10_itinerary_5_5ba7a4ba,6,60.0,10,2025:04:17 06:33:27,2025-04-17 06:34:27,6,3,814.0,HERO13 Black,19.019744444444445,72.86561111111111,9.752,0.0,,,1.0,,Paved - Blocked,,,,No,No,No
243699672,85299283,swathi@verifinity.ai,gs://sawasdee-labelstudio/annotation_frames/10_itinerary_5_frame000007.jpg,10_itinerary_5,10_itinerary_5_5ba7a4ba,7,70.0,10,2025:04:17 06:33:27,2025-04-17 06:34:37,6,3,814.0,HERO13 Black,19.020408333333332,72.86579722222221,9.011,0.0,8.0,2.0,3.0,,Paved - Blocked,,,Yes,No,No,No
243699673,84256178,swathi@verifinity.ai,gs://sawasdee-labelstudio/annotation_frames/10_itinerary_5_frame000008.jpg,10_itinerary_5,10_itinerary_5_5ba7a4ba,8,80.0,10,2025:04:17 06:33:27,2025-04-17 06:34:47,6,3,814.0,HERO13 Black,19.02112222222222,72.86604444444444,7.648,0.0,1.0,,,,No sidewalk,,,,No,No,No
243699674,85299305,swathi@verifinity.ai,gs://sawasdee-labelstudio/annotation_frames/10_itinerary_5_frame000009.jpg,10_itinerary_5,10_itinerary_5_5ba7a4ba,9,90.0,10,2025:04:17 06:33:27,2025-04-17 06:34:57,6,3,814.0,HERO13 Black,19.021774999999998,72.86616666666666,6.205,0.0,4.0,2.0,,,Paved,,,,No,No,No
243699675,85299359,swathi@verifinity.ai,gs://sawasdee-labelstudio/annotation_frames/10_itinerary_5_frame000010.jpg,10_itinerary_5,10_itinerary_5_5ba7a4ba,10,100.0,10,2025:04:17 06:33:27,2025-04-17 06:35:07,6,3,814.0,HERO13 Black,19.022299999999998,72.86609722222222,8.184,0.0,5.0,,1.0,,No sidewalk,,,Yes,No,No,No
243699676,85299379,swathi@verifinity.ai,gs://sawasdee-labelstudio/annotation_frames/10_itinerary_5_frame000011.jpg,10_itinerary_5,10_itinerary_5_5ba7a4ba,11,110.0,10,2025:04:17 06:33:27,2025-04-17 06:35:17,6,3,814.0,HERO13 Black,19.02255,72.86597222222221,9.396,0.0,0.0,0.0,,,No sidewalk,,,,No,No,No
243699677,85299397,swathi@verifinity.ai,gs://sawasdee-labelstudio/annotation_frames/10_itinerary_5_frame000012.jpg,10_itinerary_5,10_itinerary_5_5ba7a4ba,12,120.0,10,2025:04:17 06:33:27,2025-04-17 06:35:27,6,3,814.0,HERO13 Black,19.023038888888887,72.86597222222221,6.135,0.0,1.0,1.0,,,No sidewalk,,,,No,No,No
243699678,85299412,swathi@verifinity.ai,gs://sawasdee-labelstudio/annotation_frames/10_itinerary_5_frame000013.jpg,10_itinerary_5,10_itinerary_5_5ba7a4ba,13,130.0,10,2025:04:17 06:33:27,2025-04-17 06:35:37,6,3,814.0,HERO13 Black,19.023494444444445,72.8660361111111,9.333,0.0,0.0,0.0,,,,,,Yes,No,No,No
243699679,85299426,swathi@verifinity.ai,gs://sawasdee-labelstudio/annotation_frames/10_itinerary_5_frame000014.jpg,10_itinerary_5,10_itinerary_5_5ba7a4ba,14,140.0,10,2025:04:17 06:33:27,2025-04-17 06:35:47,6,3,814.0,HERO13 Black,19.024033333333332,72.8660861111111,8.567,0.0,0.0,0.0,,,,,,,No,No,No
243699680,85299481,swathi@verifinity.ai,gs://sawasdee-labelstudio/annotation_frames/10_itinerary_5_frame000015.jpg,10_itinerary_5,10_itinerary_5_5ba7a4ba,15,150.0,10,2025:04:17 06:33:27,2025-04-17 06:35:57,6,3,814.0,HERO13 Black,19.02442222222222,72.86615833333333,10.084,0.0,2.0,,,,Paved - Blocked,,,,No,No,No
243699681,85299514,swathi@verifinity.ai,gs://sawasdee-labelstudio/annotation_frames/10_itinerary_5_frame000016.jpg,10_itinerary_5,10_itinerary_5_5ba7a4ba,16,160.0,10,2025:04:17 06:33:27,2025-04-17 06:36:07,6,3,814.0,HERO13 Black,19.024905555555556,72.86614444444444,10.436,0.0,0.0,0.0,,,,,,,No,No,No
243699682,84632515,swathi@verifinity.ai,gs://sawasdee-labelstudio/annotation_frames/10_itinerary_5_frame000017.jpg,10_itinerary_5,10_itinerary_5_5ba7a4ba,17,170.0,10,2025:04:17 06:33:27,2025-04-17 06:36:17,6,3,814.0,HERO13 Black,19.025205555555555,72.86611388888889,8.346,0.0,,1.0,,,No sidewalk,,,,No,No,No
243699683,85299567,swathi@verifinity.ai,gs://sawasdee-labelstudio/annotation_frames/10_itinerary_5_frame000018.jpg,10_itinerary_5,10_itinerary_5_5ba7a4ba,18,180.0,10,2025:04:17 06:33:27,2025-04-17 06:36:27,6,3,814.0,HERO13 Black,19.025744444444445,72.86610277777777,7.297,0.0,11.0,1.0,,,No sidewalk,,,,No,No,No
243699684,85299671,swathi@verifinity.ai,gs://sawasdee-labelstudio/annotation_frames/10_itinerary_5_frame000019.jpg,10_itinerary_5,10_itinerary_5_5ba7a4ba,19,190.0,10,2025:04:17 06:33:27,2025-04-17 06:36:37,6,3,814.0,HERO13 Black,19.026172222222222,72.866125,6.376,0.0,11.0,2.0,,,No sidewalk,,,,No,No,No
243699685,85299721,swathi@verifinity.ai,gs://sawasdee-labelstudio/annotation_frames/10_itinerary_5_frame000020.jpg,10_itinerary_5,10_itinerary_5_5ba7a4ba,20,200.0,10,2025:04:17 06:33:27,2025-04-17 06:36:47,6,3,814.0,HERO13 Black,19.026608333333332,72.86627222222222,6.928,0.0,,4.0,,,No sidewalk,,,Yes,No,No,No
243699686,85299745,swathi@verifinity.ai,gs://sawasdee-labelstudio/annotation_frames/10_itinerary_5_frame000021.jpg,10_itinerary_5,10_itinerary_5_5ba7a4ba,21,210.0,10,2025:04:17 06:33:27,2025-04-17 06:36:57,6,3,814.0,HERO13 Black,19.027130555555555,72.86653333333332,6.334,0.0,1.0,3.0,,,No sidewalk,,,,No,No,No
243699687,85299785,swathi@verifinity.ai,gs://sawasdee-labelstudio/annotation_frames/10_itinerary_5_frame000022.jpg,10_itinerary_5,10_itinerary_5_5ba7a4ba,22,220.0,10,2025:04:17 06:33:27,2025-04-17 06:37:07,6,3,814.0,HERO13 Black,19.027741666666667,72.86656388888888,6.494,0.0,,2.0,,,No sidewalk,,,Yes,No,No,No
243699688,85299835,swathi@verifinity.ai,gs://sawasdee-labelstudio/annotation_frames/10_itinerary_5_frame000023.jpg,10_itinerary_5,10_itinerary_5_5ba7a4ba,23,230.0,10,2025:04:17 06:33:27,2025-04-17 06:37:17,6,3,814.0,HERO13 Black,19.028458333333333,72.86639444444444,7.805,0.0,,1.0,,,No sidewalk,,,,No,No,No
243699689,85299860,swathi@verifinity.ai,gs://sawasdee-labelstudio/annotation_frames/10_itinerary_5_frame000024.jpg,10_itinerary_5,10_itinerary_5_5ba7a4ba,24,240.0,10,2025:04:17 06:33:27,2025-04-17 06:37:27,6,3,814.0,HERO13 Black,19.029102777777776,72.86649444444444,7.611,0.0,3.0,1.0,1.0,,No sidewalk,,,Yes,No,No,No
243699690,85299880,swathi@verifinity.ai,gs://sawasdee-labelstudio/annotation_frames/10_itinerary_5_frame000025.jpg,10_itinerary_5,10_itinerary_5_5ba7a4ba,25,250.0,10,2025:04:17 06:33:27,2025-04-17 06:37:37,6,3,814.0,HERO13 Black,19.02958611111111,72.86658055555554,6.81,0.0,7.0,2.0,,,No sidewalk,,,Yes,No,No,No
243699691,85299922,swathi@verifinity.ai,gs://sawasdee-labelstudio/annotation_frames/10_itinerary_5_frame000026.jpg,10_itinerary_5,10_itinerary_5_5ba7a4ba,26,260.0,10,2025:04:17 06:33:27,2025-04-17 06:37:47,6,3,814.0,HERO13 Black,19.029577777777778,72.86589722222222,4.518,0.0,5.0,,,,,Yes,,,No,No,No
243699692,85299961,swathi@verifinity.ai,gs://sawasdee-labelstudio/annotation_frames/10_itinerary_5_frame000027.jpg,10_itinerary_5,10_itinerary_5_5ba7a4ba,27,270.0,10,2025:04:17 06:33:27,2025-04-17 06:37:57,6,3,814.0,HERO13 Black,19.02954722222222,72.865175,3.866,0.0,7.0,2.0,,,Paved - Blocked,Yes,,,No,No,Yes
243699693,84635850,swathi@verifinity.ai,gs://sawasdee-labelstudio/annotation_frames/10_itinerary_5_frame000028.jpg,10_itinerary_5,10_itinerary_5_5ba7a4ba,28,280.0,10,2025:04:17 06:33:27,2025-04-17 06:38:07,6,3,814.0,HERO13 Black,19.02951111111111,72.86443055555554,2.466,0.0,5.0,4.0,,,No sidewalk,,,,No,No,No
243699694,85300008,swathi@verifinity.ai,gs://sawasdee-labelstudio/annotation_frames/10_itinerary_5_frame000029.jpg,10_itinerary_5,10_itinerary_5_5ba7a4ba,29,290.0,10,2025:04:17 06:33:27,2025-04-17 06:38:17,6,3,814.0,HERO13 Black,19.029480555555555,72.863675,1.635,0.0,2.0,,,,Paved,Yes,,,No,No,No
243699695,85300034,swathi@verifinity.ai,gs://sawasdee-labelstudio/annotation_frames/10_itinerary_5_frame000030.jpg,10_itinerary_5,10_itinerary_5_5ba7a4ba,30,300.0,10,2025:04:17 06:33:27,2025-04-17 06:38:27,6,3,814.0,HERO13 Black,19.029374999999998,72.86306666666665,1.706,0.0,1.0,,,,Paved - Blocked,Yes,,,No,No,No
243699696,85300082,swathi@verifinity.ai,gs://sawasdee-labelstudio/annotation_frames/10_itinerary_5_frame000031.jpg,10_itinerary_5,10_itinerary_5_5ba7a4ba,31,310.0,10,2025:04:17 06:33:27,2025-04-17 06:38:37,6,3,814.0,HERO13 Black,19.029574999999998,72.86310277777777,0.466,0.0,1.0,1.0,2.0,,Paved,Yes,,,No,No,No
243699697,85300133,swathi@verifinity.ai,gs://sawasdee-labelstudio/annotation_frames/10_itinerary_5_frame000032.jpg,10_itinerary_5,10_itinerary_5_5ba7a4ba,32,320.0,10,2025:04:17 06:33:27,2025-04-17 06:38:47,6,3,814.0,HERO13 Black,19.029133333333334,72.86306944444443,0.071,0.0,,3.0,,,Paved,Yes,,,No,No,No
243699698,84509790,swathi@verifinity.ai,gs://sawasdee-labelstudio/annotation_frames/10_itinerary_5_frame000033.jpg,10_itinerary_5,10_itinerary_5_5ba7a4ba,33,330.0,10,2025:04:17 06:33:27,2025-04-17 06:38:57,6,3,814.0,HERO13 Black,19.028694444444444,72.86304166666666,-1.38,0.0,10.0,1.0,4.0,,No sidewalk,,,,No,No,No
243699699,85300224,swathi@verifinity.ai,gs://sawasdee-labelstudio/annotation_frames/10_itinerary_5_frame000034.jpg,10_itinerary_5,10_itinerary_5_5ba7a4ba,34,340.0,10,2025:04:17 06:33:27,2025-04-17 06:39:07,6,3,814.0,HERO13 Black,19.028669444444443,72.86305555555555,-0.705,0.0,9.0,8.0,2.0,,No sidewalk,,,,No,No,No
243699700,85300276,swathi@verifinity.ai,gs://sawasdee-labelstudio/annotation_frames/10_itinerary_5_frame000035.jpg,10_itinerary_5,10_itinerary_5_5ba7a4ba,35,350.0,10,2025:04:17 06:33:27,2025-04-17 06:39:17,6,3,814.0,HERO13 Black,19.028138888888886,72.86306388888889,-0.253,0.0,,2.0,1.0,,Paved,Yes,,,No,No,No
243699701,85300312,swathi@verifinity.ai,gs://sawasdee-labelstudio/annotation_frames/10_itinerary_5_frame000036.jpg,10_itinerary_5,10_itinerary_5_5ba7a4ba,36,360.0,10,2025:04:17 06:33:27,2025-04-17 06:39:27,6,3,814.0,HERO13 Black,19.027444444444445,72.86305833333333,0.835,0.0,1.0,1.0,2.0,,Paved,Yes,,,No,No,No
243699702,85300388,swathi@verifinity.ai,gs://sawasdee-labelstudio/annotation_frames/10_itinerary_5_frame000037.jpg,10_itinerary_5,10_itinerary_5_5ba7a4ba,37,370.0,10,2025:04:17 06:33:27,2025-04-17 06:39:37,6,3,814.0,HERO13 Black,19.026894444444444,72.86303333333333,2.005,0.0,7.0,,1.0,1.0,Paved,Yes,,,No,No,Yes
243699703,85300432,swathi@verifinity.ai,gs://sawasdee-labelstudio/annotation_frames/10_itinerary_5_frame000038.jpg,10_itinerary_5,10_itinerary_5_5ba7a4ba,38,380.0,10,2025:04:17 06:33:27,2025-04-17 06:39:47,6,3,814.0,HERO13 Black,19.026555555555554,72.86299444444444,5.516,0.0,,,,,Paved,Yes,,,No,No,No
243699704,85300459,swathi@verifinity.ai,gs://sawasdee-labelstudio/annotation_frames/10_itinerary_5_frame000039.jpg,10_itinerary_5,10_itinerary_5_5ba7a4ba,39,390.0,10,2025:04:17 06:33:27,2025-04-17 06:39:57,6,3,814.0,HERO13 Black,19.02611111111111,72.86285833333332,5.917,0.0,2.0,,4.0,,Paved,Yes,,,No,No,No
243699705,85300489,swathi@verifinity.ai,gs://sawasdee-labelstudio/annotation_frames/10_itinerary_5_frame000040.jpg,10_itinerary_5,10_itinerary_5_5ba7a4ba,40,400.0,10,2025:04:17 06:33:27,2025-04-17 06:40:07,6,3,814.0,HERO13 Black,19.025730555555555,72.86274166666666,1.94,0.0,2.0,1.0,,,Paved,Yes,,,No,No,No
243699706,85300520,swathi@verifinity.ai,gs://sawasdee-labelstudio/annotation_frames/10_itinerary_5_frame000041.jpg,10_itinerary_5,10_itinerary_5_5ba7a4ba,41,410.0,10,2025:04:17 06:33:27,2025-04-17 06:40:17,6,3,814.0,HERO13 Black,19.025619444444445,72.86265833333333,16.17,0.0,3.0,2.0,,,Paved,Yes,,,Yes,No,No
243699707,85300537,swathi@verifinity.ai,gs://sawasdee-labelstudio/annotation_frames/10_itinerary_5_frame000042.jpg,10_itinerary_5,10_itinerary_5_5ba7a4ba,42,420.0,10,2025:04:17 06:33:27,2025-04-17 06:40:27,6,3,814.0,HERO13 Black,19.025455555555556,72.86256388888889,6.198,0.0,1.0,1.0,,,Paved,Yes,,,No,No,No
243699708,85000086,swathi@verifinity.ai,gs://sawasdee-labelstudio/annotation_frames/10_itinerary_5_frame000043.jpg,10_itinerary_5,10_itinerary_5_5ba7a4ba,43,430.0,10,2025:04:17 06:33:27,2025-04-17 06:40:37,6,3,814.0,HERO13 Black,19.025105555555555,72.86248611111111,-1.024,0.0,1.0,,1.0,,No sidewalk,Yes,,,No,No,No
243699709,85300560,swathi@verifinity.ai,gs://sawasdee-labelstudio/annotation_frames/10_itinerary_5_frame000044.jpg,10_itinerary_5,10_itinerary_5_5ba7a4ba,44,440.0,10,2025:04:17 06:33:27,2025-04-17 06:40:47,6,3,814.0,HERO13 Black,19.02474722222222,72.86239444444443,-1.769,0.0,,,,,Paved,Yes,,,No,No,No
243699710,85300575,swathi@verifinity.ai,gs://sawasdee-labelstudio/annotation_frames/10_itinerary_5_frame000045.jpg,10_itinerary_5,10_itinerary_5_5ba7a4ba,45,450.0,10,2025:04:17 06:33:27,2025-04-17 06:40:57,6,3,814.0,HERO13 Black,19.024377777777776,72.86236388888888,0.1,0.0,3.0,,,,Paved,Yes,,,No,No,No
243699711,84368689,swathi@verifinity.ai,gs://sawasdee-labelstudio/annotation_frames/10_itinerary_5_frame000046.jpg,10_itinerary_5,10_itinerary_5_5ba7a4ba,46,460.0,10,2025:04:17 06:33:27,2025-04-17 06:41:07,6,3,814.0,HERO13 Black,19.02413888888889,72.86228055555554,-0.622,0.0,3.0,1.0,,,Paved,Yes,,,No,No,No
243699712,85300608,swathi@verifinity.ai,gs://sawasdee-labelstudio/annotation_frames/10_itinerary_5_frame000047.jpg,10_itinerary_5,10_itinerary_5_5ba7a4ba,47,470.0,10,2025:04:17 06:33:27,2025-04-17 06:41:17,6,3,814.0,HERO13 Black,19.02380833333333,72.86212499999999,1.565,0.0,5.0,,,,Paved,Yes,,,No,No,No
243699713,85300621,swathi@verifinity.ai,gs://sawasdee-labelstudio/annotation_frames/10_itinerary_5_frame000048.jpg,10_itinerary_5,10_itinerary_5_5ba7a4ba,48,480.0,10,2025:04:17 06:33:27,2025-04-17 06:41:27,6,3,814.0,HERO13 Black,19.023675,72.86208611111111,1.08,0.0,1.0,,2.0,,Paved,Yes,,,No,No,No
243699714,85300645,swathi@verifinity.ai,gs://sawasdee-labelstudio/annotation_frames/10_itinerary_5_frame000049.jpg,10_itinerary_5,10_itinerary_5_5ba7a4ba,49,490.0,10,2025:04:17 06:33:27,2025-04-17 06:41:37,6,3,814.0,HERO13 Black,19.023680555555554,72.86208611111111,0.817,7.2,1.0,,,,Paved,Yes,,,No,No,No
243699715,85300668,swathi@verifinity.ai,gs://sawasdee-labelstudio/annotation_frames/10_itinerary_5_frame000050.jpg,10_itinerary_5,10_itinerary_5_5ba7a4ba,50,500.0,10,2025:04:17 06:33:27,2025-04-17 06:41:47,6,3,814.0,HERO13 Black,19.023680555555554,72.86208611111111,0.817,17.2,,2.0,,,Paved,Yes,,,No,No,No
243699716,85300793,swathi@verifinity.ai,gs://sawasdee-labelstudio/annotation_frames/10_itinerary_5_frame000051.jpg,10_itinerary_5,10_itinerary_5_5ba7a4ba,51,510.0,10,2025:04:17 06:33:27,2025-04-17 06:41:57,6,3,814.0,HERO13 Black,19.023680555555554,72.86208611111111,0.817,27.2,7.0,2.0,1.0,,No sidewalk,Yes,,,No,No,No
243699717,84396232,swathi@verifinity.ai,gs://sawasdee-labelstudio/annotation_frames/10_itinerary_5_frame000052.jpg,10_itinerary_5,10_itinerary_5_5ba7a4ba,52,520.0,10,2025:04:17 06:33:27,2025-04-17 06:42:07,6,3,814.0,HERO13 Black,,,,,2.0,3.0,,,,Yes,,,No,No,No
243699718,85300897,swathi@verifinity.ai,gs://sawasdee-labelstudio/annotation_frames/10_itinerary_5_frame000053.jpg,10_itinerary_5,10_itinerary_5_5ba7a4ba,53,530.0,10,2025:04:17 06:33:27,2025-04-17 06:42:17,6,3,814.0,HERO13 Black,,,,,5.0,,3.0,1.0,Paved,Yes,,,No,No,No
243699719,84282434,swathi@verifinity.ai,gs://sawasdee-labelstudio/annotation_frames/10_itinerary_5_frame000054.jpg,10_itinerary_5,10_itinerary_5_5ba7a4ba,54,540.0,10,2025:04:17 06:33:27,2025-04-17 06:42:27,6,3,814.0,HERO13 Black,,,,,,3.0,,,Paved,Yes,,,No,No,No
243699720,85321877,swathi@verifinity.ai,gs://sawasdee-labelstudio/annotation_frames/10_itinerary_5_frame000055.jpg,10_itinerary_5,10_itinerary_5_5ba7a4ba,55,550.0,10,2025:04:17 06:33:27,2025-04-17 06:42:37,6,3,814.0,HERO13 Black,,,,,11.0,1.0,3.0,1.0,,Yes,,Yes,No,No,No
243699721,85321958,swathi@verifinity.ai,gs://sawasdee-labelstudio/annotation_frames/10_itinerary_5_frame000056.jpg,10_itinerary_5,10_itinerary_5_5ba7a4ba,56,560.0,10,2025:04:17 06:33:27,2025-04-17 06:42:47,6,3,814.0,HERO13 Black,,,,,3.0,1.0,2.0,,,Yes,,,No,No,No
243699722,85322038,swathi@verifinity.ai,gs://sawasdee-labelstudio/annotation_frames/10_itinerary_5_frame000057.jpg,10_itinerary_5,10_itinerary_5_5ba7a4ba,57,570.0,10,2025:04:17 06:33:27,2025-04-17 06:42:57,6,3,814.0,HERO13 Black,,,,,4.0,,3.0,,,,,,No,No,No
243699724,85322100,swathi@verifinity.ai,gs://sawasdee-labelstudio/annotation_frames/10_itinerary_5_frame000058.jpg,10_itinerary_5,10_itinerary_5_5ba7a4ba,58,580.0,10,2025:04:17 06:33:27,2025-04-17 06:43:07,6,3,814.0,HERO13 Black,,,,,1.0,4.0,1.0,,,Yes,,Construction debris,No,No,No
243699725,84281856,swathi@verifinity.ai,gs://sawasdee-labelstudio/annotation_frames/10_itinerary_5_frame000059.jpg,10_itinerary_5,10_itinerary_5_5ba7a4ba,59,590.0,10,2025:04:17 06:33:27,2025-04-17 06:43:17,6,3,814.0,HERO13 Black,,,,,1.0,1.0,,,Paved,Yes,,,No,No,No
243699726,84369993,swathi@verifinity.ai,gs://sawasdee-labelstudio/annotation_frames/10_itinerary_5_frame000060.jpg,10_itinerary_5,10_itinerary_5_5ba7a4ba,60,600.0,10,2025:04:17 06:33:27,2025-04-17 06:43:27,6,3,814.0,HERO13 Black,,,,,,,,,,Yes,,,No,No,No
243699727,85322130,swathi@verifinity.ai,gs://sawasdee-labelstudio/annotation_frames/10_itinerary_5_frame000061.jpg,10_itinerary_5,10_itinerary_5_5ba7a4ba,61,610.0,10,2025:04:17 06:33:27,2025-04-17 06:43:37,6,3,814.0,HERO13 Black,,,,,3.0,,,,Paved,Yes,,,No,No,No
243699728,85322213,swathi@verifinity.ai,gs://sawasdee-labelstudio/annotation_frames/10_itinerary_5_frame000062.jpg,10_itinerary_5,10_itinerary_5_5ba7a4ba,62,620.0,10,2025:04:17 06:33:27,2025-04-17 06:43:47,6,3,814.0,HERO13 Black,,,,,6.0,,,,Paved,,,Yes,No,No,No
243699729,85322261,swathi@verifinity.ai,gs://sawasdee-labelstudio/annotation_frames/10_itinerary_5_frame000063.jpg,10_itinerary_5,10_itinerary_5_5ba7a4ba,63,630.0,10,2025:04:17 06:33:27,2025-04-17 06:43:57,6,3,814.0,HERO13 Black,,,,,3.0,4.0,,1.0,Paved,,,Yes,No,No,No
243699730,85322372,swathi@verifinity.ai,gs://sawasdee-labelstudio/annotation_frames/10_itinerary_5_frame000064.jpg,10_itinerary_5,10_itinerary_5_5ba7a4ba,64,640.0,10,2025:04:17 06:33:27,2025-04-17 06:44:07,6,3,814.0,HERO13 Black,,,,,8.0,5.0,2.0,,Paved,,,,No,No,Yes
243699731,85322404,swathi@verifinity.ai,gs://sawasdee-labelstudio/annotation_frames/10_itinerary_5_frame000065.jpg,10_itinerary_5,10_itinerary_5_5ba7a4ba,65,650.0,10,2025:04:17 06:33:27,2025-04-17 06:44:17,6,3,814.0,HERO13 Black,,,,,5.0,5.0,2.0,,No sidewalk,Yes,,,No,No,No
243699732,85322428,swathi@verifinity.ai,gs://sawasdee-labelstudio/annotation_frames/10_itinerary_5_frame000066.jpg,10_itinerary_5,10_itinerary_5_5ba7a4ba,66,660.0,10,2025:04:17 06:33:27,2025-04-17 06:44:27,6,3,814.0,HERO13 Black,,,,,3.0,,,,,,,Yes,No,No,Yes
243699733,85322502,swathi@verifinity.ai,gs://sawasdee-labelstudio/annotation_frames/10_itinerary_5_frame000067.jpg,10_itinerary_5,10_itinerary_5_5ba7a4ba,67,670.0,10,2025:04:17 06:33:27,2025-04-17 06:44:37,6,3,814.0,HERO13 Black,,,,,5.0,5.0,3.0,,Paved,Yes,,,No,No,No
243699734,85322535,swathi@verifinity.ai,gs://sawasdee-labelstudio/annotation_frames/10_itinerary_5_frame000068.jpg,10_itinerary_5,10_itinerary_5_5ba7a4ba,68,680.0,10,2025:04:17 06:33:27,2025-04-17 06:44:47,6,3,814.0,HERO13 Black,,,,,2.0,4.0,2.0,,Paved,Yes,,,No,No,No
243699735,85322588,swathi@verifinity.ai,gs://sawasdee-labelstudio/annotation_frames/10_itinerary_5_frame000069.jpg,10_itinerary_5,10_itinerary_5_5ba7a4ba,69,690.0,10,2025:04:17 06:33:27,2025-04-17 06:44:57,6,3,814.0,HERO13 Black,,,,,7.0,5.0,3.0,,,Yes,,Yes,No,No,Yes
243699736,85322655,swathi@verifinity.ai,gs://sawasdee-labelstudio/annotation_frames/10_itinerary_5_frame000070.jpg,10_itinerary_5,10_itinerary_5_5ba7a4ba,70,700.0,10,2025:04:17 06:33:27,2025-04-17 06:45:07,6,3,814.0,HERO13 Black,,,,,7.0,8.0,,,,,,,No,No,Yes
243699737,85322759,swathi@verifinity.ai,gs://sawasdee-labelstudio/annotation_frames/10_itinerary_5_frame000071.jpg,10_itinerary_5,10_itinerary_5_5ba7a4ba,71,710.0,10,2025:04:17 06:33:27,2025-04-17 06:45:17,6,3,814.0,HERO13 Black,,,,,6.0,11.0,1.0,,,,,Yes,No,No,Yes
243699738,85322781,swathi@verifinity.ai,gs://sawasdee-labelstudio/annotation_frames/10_itinerary_5_frame000072.jpg,10_itinerary_5,10_itinerary_5_5ba7a4ba,72,720.0,10,2025:04:17 06:33:27,2025-04-17 06:45:27,6,3,814.0,HERO13 Black,,,,,6.0,3.0,1.0,1.0,,,,Yes,No,No,No
243699739,85322809,swathi@verifinity.ai,gs://sawasdee-labelstudio/annotation_frames/10_itinerary_5_frame000073.jpg,10_itinerary_5,10_itinerary_5_5ba7a4ba,73,730.0,10,2025:04:17 06:33:27,2025-04-17 06:45:37,6,3,814.0,HERO13 Black,,,,,6.0,7.0,,,,,,Yes,No,No,Yes
243699740,84609564,swathi@verifinity.ai,gs://sawasdee-labelstudio/annotation_frames/10_itinerary_5_frame000074.jpg,10_itinerary_5,10_itinerary_5_5ba7a4ba,74,740.0,10,2025:04:17 06:33:27,2025-04-17 06:45:47,6,3,814.0,HERO13 Black,,,,,7.0,3.0,,,No sidewalk,,,Yes,No,No,Yes
243699741,85322851,swathi@verifinity.ai,gs://sawasdee-labelstudio/annotation_frames/10_itinerary_5_frame000075.jpg,10_itinerary_5,10_itinerary_5_5ba7a4ba,75,750.0,10,2025:04:17 06:33:27,2025-04-17 06:45:57,6,3,814.0,HERO13 Black,,,,,6.0,4.0,2.0,1.0,No sidewalk,,,Yes,No,No,No
243699742,85322880,swathi@verifinity.ai,gs://sawasdee-labelstudio/annotation_frames/10_itinerary_5_frame000076.jpg,10_itinerary_5,10_itinerary_5_5ba7a4ba,76,760.0,10,2025:04:17 06:33:27,2025-04-17 06:46:07,6,3,814.0,HERO13 Black,,,,,3.0,2.0,2.0,,No sidewalk,,,Yes,No,No,No
243699743,85322907,swathi@verifinity.ai,gs://sawasdee-labelstudio/annotation_frames/10_itinerary_5_frame000077.jpg,10_itinerary_5,10_itinerary_5_5ba7a4ba,77,770.0,10,2025:04:17 06:33:27,2025-04-17 06:46:17,6,3,814.0,HERO13 Black,,,,,9.0,2.0,,,No sidewalk,,,,No,No,No
243699744,85322941,swathi@verifinity.ai,gs://sawasdee-labelstudio/annotation_frames/10_itinerary_5_frame000078.jpg,10_itinerary_5,10_itinerary_5_5ba7a4ba,78,780.0,10,2025:04:17 06:33:27,2025-04-17 06:46:27,6,3,814.0,HERO13 Black,,,,,8.0,3.0,1.0,,No sidewalk,,,Yes,No,No,No
243699745,85322970,swathi@verifinity.ai,gs://sawasdee-labelstudio/annotation_frames/10_itinerary_5_frame000079.jpg,10_itinerary_5,10_itinerary_5_5ba7a4ba,79,790.0,10,2025:04:17 06:33:27,2025-04-17 06:46:37,6,3,814.0,HERO13 Black,,,,,3.0,1.0,,,No sidewalk,,,,No,No,No
243699746,85323007,swathi@verifinity.ai,gs://sawasdee-labelstudio/annotation_frames/10_itinerary_5_frame000080.jpg,10_itinerary_5,10_itinerary_5_5ba7a4ba,80,800.0,10,2025:04:17 06:33:27,2025-04-17 06:46:47,6,3,814.0,HERO13 Black,,,,,8.0,1.0,,,No sidewalk,,,Yes,No,No,No
243699747,85323028,swathi@verifinity.ai,gs://sawasdee-labelstudio/annotation_frames/10_itinerary_6_1_frame000000.jpg,10_itinerary_6_1,10_itinerary_6_1_70719732,0,0.0,10,2025:04:17 07:45:43,2025-04-17 07:45:43,7,3,2114.0,HERO13 Black,19.012133333333335,72.82199166666666,2.938,0.0,1.0,,1.0,,Paved,,,,No,No,No
243699748,85323059,swathi@verifinity.ai,gs://sawasdee-labelstudio/annotation_frames/10_itinerary_6_1_frame000001.jpg,10_itinerary_6_1,10_itinerary_6_1_70719732,1,10.0,10,2025:04:17 07:45:43,2025-04-17 07:45:53,7,3,2114.0,HERO13 Black,19.01214166666667,72.82196388888889,5.803,0.0,2.0,,1.0,,Paved,Yes,,,No,No,No
243699749,85323111,swathi@verifinity.ai,gs://sawasdee-labelstudio/annotation_frames/10_itinerary_6_1_frame000002.jpg,10_itinerary_6_1,10_itinerary_6_1_70719732,2,20.0,10,2025:04:17 07:45:43,2025-04-17 07:46:03,7,3,2114.0,HERO13 Black,19.012138888888888,72.82194722222222,7.674,0.0,,1.0,5.0,,,Yes,,,No,No,No
243699750,85323152,swathi@verifinity.ai,gs://sawasdee-labelstudio/annotation_frames/10_itinerary_6_1_frame000003.jpg,10_itinerary_6_1,10_itinerary_6_1_70719732,3,30.0,10,2025:04:17 07:45:43,2025-04-17 07:46:13,7,3,2114.0,HERO13 Black,19.012125,72.82194166666666,9.052,0.0,2.0,2.0,2.0,,,Yes,,,No,No,No
243699751,85323181,swathi@verifinity.ai,gs://sawasdee-labelstudio/annotation_frames/10_itinerary_6_1_frame000004.jpg,10_itinerary_6_1,10_itinerary_6_1_70719732,4,40.0,10,2025:04:17 07:45:43,2025-04-17 07:46:23,7,3,2114.0,HERO13 Black,19.012116666666667,72.82193611111111,8.625,0.0,,,1.0,,Paved,Yes,,,Yes,No,No
243699752,85323204,swathi@verifinity.ai,gs://sawasdee-labelstudio/annotation_frames/10_itinerary_6_1_frame000005.jpg,10_itinerary_6_1,10_itinerary_6_1_70719732,5,50.0,10,2025:04:17 07:45:43,2025-04-17 07:46:33,7,3,2114.0,HERO13 Black,19.012119444444444,72.82193888888888,10.895,0.0,2.0,1.0,,,Paved,Yes,,,No,No,No
243699753,85323254,swathi@verifinity.ai,gs://sawasdee-labelstudio/annotation_frames/10_itinerary_6_1_frame000006.jpg,10_itinerary_6_1,10_itinerary_6_1_70719732,6,60.0,10,2025:04:17 07:45:43,2025-04-17 07:46:43,7,3,2114.0,HERO13 Black,19.01188611111111,72.8216861111111,12.407,0.0,11.0,2.0,3.0,,Paved - Blocked,Yes,,,No,No,Yes
243699754,85323283,swathi@verifinity.ai,gs://sawasdee-labelstudio/annotation_frames/10_itinerary_6_1_frame000007.jpg,10_itinerary_6_1,10_itinerary_6_1_70719732,7,70.0,10,2025:04:17 07:45:43,2025-04-17 07:46:53,7,3,2114.0,HERO13 Black,19.011419444444446,72.82117777777778,11.23,0.0,3.0,,1.0,,,,,,No,No,No
243699755,85323308,swathi@verifinity.ai,gs://sawasdee-labelstudio/annotation_frames/10_itinerary_6_1_frame000008.jpg,10_itinerary_6_1,10_itinerary_6_1_70719732,8,80.0,10,2025:04:17 07:45:43,2025-04-17 07:47:03,7,3,2114.0,HERO13 Black,19.010852777777778,72.82071111111111,10.393,0.0,1.0,,,,Paved,Yes,,,No,No,No
243699756,85323330,swathi@verifinity.ai,gs://sawasdee-labelstudio/annotation_frames/10_itinerary_6_1_frame000009.jpg,10_itinerary_6_1,10_itinerary_6_1_70719732,9,90.0,10,2025:04:17 07:45:43,2025-04-17 07:47:13,7,3,2114.0,HERO13 Black,19.010213888888888,72.820325,10.079,0.0,,1.0,2.0,,Paved,Yes,,,No,No,No
243699757,85323399,swathi@verifinity.ai,gs://sawasdee-labelstudio/annotation_frames/10_itinerary_6_1_frame000010.jpg,10_itinerary_6_1,10_itinerary_6_1_70719732,10,100.0,10,2025:04:17 07:45:43,2025-04-17 07:47:23,7,3,2114.0,HERO13 Black,19.009641666666667,72.82003611111111,10.88,0.0,4.0,,3.0,,Paved,Yes,,,No,No,No
243699758,85323432,swathi@verifinity.ai,gs://sawasdee-labelstudio/annotation_frames/10_itinerary_6_1_frame000011.jpg,10_itinerary_6_1,10_itinerary_6_1_70719732,11,110.0,10,2025:04:17 07:45:43,2025-04-17 07:47:33,7,3,2114.0,HERO13 Black,19.009172222222222,72.81978333333333,10.795,0.0,3.0,,3.0,,Paved,Yes,,,No,No,No
243699759,85323522,swathi@verifinity.ai,gs://sawasdee-labelstudio/annotation_frames/10_itinerary_6_1_frame000012.jpg,10_itinerary_6_1,10_itinerary_6_1_70719732,12,120.0,10,2025:04:17 07:45:43,2025-04-17 07:47:43,7,3,2114.0,HERO13 Black,19.008766666666666,72.81952222222222,12.25,0.0,6.0,1.0,3.0,,Paved,Yes,,,No,No,No
243699760,85323587,swathi@verifinity.ai,gs://sawasdee-labelstudio/annotation_frames/10_itinerary_6_1_frame000013.jpg,10_itinerary_6_1,10_itinerary_6_1_70719732,13,130.0,10,2025:04:17 07:45:43,2025-04-17 07:47:53,7,3,2114.0,HERO13 Black,19.008358333333334,72.819225,12.348,0.0,,,5.0,1.0,Paved,Yes,,,No,No,No
243699761,85323629,swathi@verifinity.ai,gs://sawasdee-labelstudio/annotation_frames/10_itinerary_6_1_frame000014.jpg,10_itinerary_6_1,10_itinerary_6_1_70719732,14,140.0,10,2025:04:17 07:45:43,2025-04-17 07:48:03,7,3,2114.0,HERO13 Black,19.007891666666666,72.81888055555555,13.675,0.0,4.0,3.0,7.0,1.0,Paved,,,,Yes,No,No
243699762,85323651,swathi@verifinity.ai,gs://sawasdee-labelstudio/annotation_frames/10_itinerary_6_1_frame000015.jpg,10_itinerary_6_1,10_itinerary_6_1_70719732,15,150.0,10,2025:04:17 07:45:43,2025-04-17 07:48:13,7,3,2114.0,HERO13 Black,19.007230555555555,72.81859444444444,13.428,0.0,,1.0,,,Paved,,,Yes,No,No,No
243699763,85323690,swathi@verifinity.ai,gs://sawasdee-labelstudio/annotation_frames/10_itinerary_6_1_frame000016.jpg,10_itinerary_6_1,10_itinerary_6_1_70719732,16,160.0,10,2025:04:17 07:45:43,2025-04-17 07:48:23,7,3,2114.0,HERO13 Black,19.006744444444443,72.81842499999999,12.23,0.0,1.0,,1.0,,Paved,,,,No,No,No
243699764,85323733,swathi@verifinity.ai,gs://sawasdee-labelstudio/annotation_frames/10_itinerary_6_1_frame000017.jpg,10_itinerary_6_1,10_itinerary_6_1_70719732,17,170.0,10,2025:04:17 07:45:43,2025-04-17 07:48:33,7,3,2114.0,HERO13 Black,19.006644444444444,72.8184,11.142,0.0,5.0,,5.0,,Paved,Yes,,,No,No,No
243699765,84528267,swathi@verifinity.ai,gs://sawasdee-labelstudio/annotation_frames/10_itinerary_6_1_frame000018.jpg,10_itinerary_6_1,10_itinerary_6_1_70719732,18,180.0,10,2025:04:17 07:45:43,2025-04-17 07:48:43,7,3,2114.0,HERO13 Black,19.006394444444446,72.81831666666666,10.839,0.0,2.0,,7.0,,,Yes,,,No,No,No
243699766,85017565,swathi@verifinity.ai,gs://sawasdee-labelstudio/annotation_frames/10_itinerary_6_1_frame000019.jpg,10_itinerary_6_1,10_itinerary_6_1_70719732,19,190.0,10,2025:04:17 07:45:43,2025-04-17 07:48:53,7,3,2114.0,HERO13 Black,19.00578611111111,72.81815555555555,13.137,0.0,,,10.0,,No sidewalk,,,,No,No,No
243699767,85323799,swathi@verifinity.ai,gs://sawasdee-labelstudio/annotation_frames/10_itinerary_6_1_frame000020.jpg,10_itinerary_6_1,10_itinerary_6_1_70719732,20,200.0,10,2025:04:17 07:45:43,2025-04-17 07:49:03,7,3,2114.0,HERO13 Black,19.005094444444445,72.81790833333334,14.528,0.0,6.0,1.0,5.0,,Paved,Yes,,,No,No,No
243699768,85323826,swathi@verifinity.ai,gs://sawasdee-labelstudio/annotation_frames/10_itinerary_6_1_frame000021.jpg,10_itinerary_6_1,10_itinerary_6_1_70719732,21,210.0,10,2025:04:17 07:45:43,2025-04-17 07:49:13,7,3,2114.0,HERO13 Black,19.004530555555554,72.81736111111111,14.819,0.0,,,5.0,,Paved,Yes,,,No,No,No
243699769,85323886,swathi@verifinity.ai,gs://sawasdee-labelstudio/annotation_frames/10_itinerary_6_1_frame000022.jpg,10_itinerary_6_1,10_itinerary_6_1_70719732,22,220.0,10,2025:04:17 07:45:43,2025-04-17 07:49:23,7,3,2114.0,HERO13 Black,19.00401388888889,72.81668888888889,11.779,0.0,5.0,1.0,3.0,,Paved,Yes,,,No,No,No
243699770,84620415,swathi@verifinity.ai,gs://sawasdee-labelstudio/annotation_frames/10_itinerary_6_1_frame000023.jpg,10_itinerary_6_1,10_itinerary_6_1_70719732,23,230.0,10,2025:04:17 07:45:43,2025-04-17 07:49:33,7,3,2114.0,HERO13 Black,19.00331111111111,72.81618611111111,7.799,0.0,11.0,4.0,5.0,,,Yes,,,No,No,Yes
243699771,85323931,swathi@verifinity.ai,gs://sawasdee-labelstudio/annotation_frames/10_itinerary_6_1_frame000024.jpg,10_itinerary_6_1,10_itinerary_6_1_70719732,24,240.0,10,2025:04:17 07:45:43,2025-04-17 07:49:43,7,3,2114.0,HERO13 Black,19.002613888888888,72.81581388888888,4.931,0.0,7.0,,5.0,,Paved,Yes,,,No,No,No
243699772,85323982,swathi@verifinity.ai,gs://sawasdee-labelstudio/annotation_frames/10_itinerary_6_1_frame000025.jpg,10_itinerary_6_1,10_itinerary_6_1_70719732,25,250.0,10,2025:04:17 07:45:43,2025-04-17 07:49:53,7,3,2114.0,HERO13 Black,19.001886111111112,72.81574444444445,3.065,0.0,3.0,1.0,3.0,,Paved,Yes,,,Yes,No,No
243699773,85324012,swathi@verifinity.ai,gs://sawasdee-labelstudio/annotation_frames/10_itinerary_6_1_frame000026.jpg,10_itinerary_6_1,10_itinerary_6_1_70719732,26,260.0,10,2025:04:17 07:45:43,2025-04-17 07:50:03,7,3,2114.0,HERO13 Black,19.0016,72.815775,0.866,0.0,5.0,,,,Paved,Yes,,,No,No,No
243699774,84494749,swathi@verifinity.ai,gs://sawasdee-labelstudio/annotation_frames/10_itinerary_6_1_frame000027.jpg,10_itinerary_6_1,10_itinerary_6_1_70719732,27,270.0,10,2025:04:17 07:45:43,2025-04-17 07:50:13,7,3,2114.0,HERO13 Black,19.00161388888889,72.81577777777777,4.736,0.0,11.0,4.0,10.0,1.0,Paved,Yes,,,No,No,No
243699775,84524435,swathi@verifinity.ai,gs://sawasdee-labelstudio/annotation_frames/10_itinerary_6_1_frame000028.jpg,10_itinerary_6_1,10_itinerary_6_1_70719732,28,280.0,10,2025:04:17 07:45:43,2025-04-17 07:50:23,7,3,2114.0,HERO13 Black,19.001605555555557,72.81578611111111,4.482,0.0,2.0,,,,Paved,Yes,,,No,No,No
243699777,84608466,swathi@verifinity.ai,gs://sawasdee-labelstudio/annotation_frames/10_itinerary_6_1_frame000029.jpg,10_itinerary_6_1,10_itinerary_6_1_70719732,29,290.0,10,2025:04:17 07:45:43,2025-04-17 07:50:33,7,3,2114.0,HERO13 Black,19.0016,72.81579444444444,3.337,0.0,,,1.0,,Paved,Yes,,,No,No,No
243699778,85324040,swathi@verifinity.ai,gs://sawasdee-labelstudio/annotation_frames/10_itinerary_6_1_frame000030.jpg,10_itinerary_6_1,10_itinerary_6_1_70719732,30,300.0,10,2025:04:17 07:45:43,2025-04-17 07:50:43,7,3,2114.0,HERO13 Black,19.0013,72.81584722222222,3.563,0.0,,,,,Paved,Yes,,,No,No,No
243699779,85324085,swathi@verifinity.ai,gs://sawasdee-labelstudio/annotation_frames/10_itinerary_6_1_frame000031.jpg,10_itinerary_6_1,10_itinerary_6_1_70719732,31,310.0,10,2025:04:17 07:45:43,2025-04-17 07:50:53,7,3,2114.0,HERO13 Black,19.000775,72.8162111111111,1.464,0.0,1.0,1.0,,,Paved,Yes,,,No,No,No
243699780,85324152,swathi@verifinity.ai,gs://sawasdee-labelstudio/annotation_frames/10_itinerary_6_1_frame000032.jpg,10_itinerary_6_1,10_itinerary_6_1_70719732,32,320.0,10,2025:04:17 07:45:43,2025-04-17 07:51:03,7,3,2114.0,HERO13 Black,19.000197222222223,72.81666388888888,0.33,0.0,6.0,,5.0,,Paved,Yes,,,No,No,No
243699781,85324179,swathi@verifinity.ai,gs://sawasdee-labelstudio/annotation_frames/10_itinerary_6_1_frame000033.jpg,10_itinerary_6_1,10_itinerary_6_1_70719732,33,330.0,10,2025:04:17 07:45:43,2025-04-17 07:51:13,7,3,2114.0,HERO13 Black,18.999519444444445,72.81701944444444,-0.415,0.0,,,,,,Yes,,,No,No,No
243699783,85324287,swathi@verifinity.ai,gs://sawasdee-labelstudio/annotation_frames/10_itinerary_6_1_frame000035.jpg,10_itinerary_6_1,10_itinerary_6_1_70719732,35,350.0,10,2025:04:17 07:45:43,2025-04-17 07:51:33,7,3,2114.0,HERO13 Black,18.999130555555556,72.81724722222222,-0.64,0.0,8.0,,1.0,1.0,Paved,Yes,,,No,No,No
243699784,84364338,swathi@verifinity.ai,gs://sawasdee-labelstudio/annotation_frames/10_itinerary_6_1_frame000036.jpg,10_itinerary_6_1,10_itinerary_6_1_70719732,36,360.0,10,2025:04:17 07:45:43,2025-04-17 07:51:43,7,3,2114.0,HERO13 Black,18.99912777777778,72.81724444444444,0.704,0.0,2.0,,,,Paved,Yes,,,No,No,No
243699785,84502068,swathi@verifinity.ai,gs://sawasdee-labelstudio/annotation_frames/10_itinerary_6_1_frame000037.jpg,10_itinerary_6_1,10_itinerary_6_1_70719732,37,370.0,10,2025:04:17 07:45:43,2025-04-17 07:51:53,7,3,2114.0,HERO13 Black,18.999119444444446,72.81724166666666,1.323,0.0,2.0,,1.0,,No sidewalk,Yes,,,No,No,No
243699786,85324306,swathi@verifinity.ai,gs://sawasdee-labelstudio/annotation_frames/10_itinerary_6_1_frame000038.jpg,10_itinerary_6_1,10_itinerary_6_1_70719732,38,380.0,10,2025:04:17 07:45:43,2025-04-17 07:52:03,7,3,2114.0,HERO13 Black,18.999122222222223,72.81723333333333,4.427,0.0,9.0,,4.0,,Paved,Yes,,,No,No,No
243699787,84296981,swathi@verifinity.ai,gs://sawasdee-labelstudio/annotation_frames/10_itinerary_6_1_frame000039.jpg,10_itinerary_6_1,10_itinerary_6_1_70719732,39,390.0,10,2025:04:17 07:45:43,2025-04-17 07:52:13,7,3,2114.0,HERO13 Black,18.99912777777778,72.81723611111111,6.067,0.0,,,2.0,,Paved,Yes,,,No,No,No
243699788,85324366,swathi@verifinity.ai,gs://sawasdee-labelstudio/annotation_frames/10_itinerary_6_1_frame000040.jpg,10_itinerary_6_1,10_itinerary_6_1_70719732,40,400.0,10,2025:04:17 07:45:43,2025-04-17 07:52:23,7,3,2114.0,HERO13 Black,18.999133333333333,72.81723888888888,6.326,0.0,8.0,2.0,2.0,1.0,Paved,Yes,,,No,No,No
243699789,85324398,swathi@verifinity.ai,gs://sawasdee-labelstudio/annotation_frames/10_itinerary_6_1_frame000041.jpg,10_itinerary_6_1,10_itinerary_6_1_70719732,41,410.0,10,2025:04:17 07:45:43,2025-04-17 07:52:33,7,3,2114.0,HERO13 Black,18.999130555555556,72.81723333333333,3.469,0.0,3.0,1.0,2.0,1.0,Paved,Yes,,,No,No,No
243699790,85324431,swathi@verifinity.ai,gs://sawasdee-labelstudio/annotation_frames/10_itinerary_6_1_frame000042.jpg,10_itinerary_6_1,10_itinerary_6_1_70719732,42,420.0,10,2025:04:17 07:45:43,2025-04-17 07:52:43,7,3,2114.0,HERO13 Black,18.999125,72.817225,5.118,0.0,3.0,1.0,3.0,1.0,Paved - Blocked,,,,No,No,No
243699791,85324449,swathi@verifinity.ai,gs://sawasdee-labelstudio/annotation_frames/10_itinerary_6_1_frame000043.jpg,10_itinerary_6_1,10_itinerary_6_1_70719732,43,430.0,10,2025:04:17 07:45:43,2025-04-17 07:52:53,7,3,2114.0,HERO13 Black,18.99911388888889,72.81722222222221,7.018,0.0,,,2.0,,No sidewalk,,,,No,No,No
243699792,85324485,swathi@verifinity.ai,gs://sawasdee-labelstudio/annotation_frames/10_itinerary_6_1_frame000044.jpg,10_itinerary_6_1,10_itinerary_6_1_70719732,44,440.0,10,2025:04:17 07:45:43,2025-04-17 07:53:03,7,3,2114.0,HERO13 Black,18.99911666666667,72.81722222222221,5.747,0.0,7.0,,3.0,,Paved,,,,No,No,No
243699793,85324509,swathi@verifinity.ai,gs://sawasdee-labelstudio/annotation_frames/10_itinerary_6_1_frame000045.jpg,10_itinerary_6_1,10_itinerary_6_1_70719732,45,450.0,10,2025:04:17 07:45:43,2025-04-17 07:53:13,7,3,2114.0,HERO13 Black,18.99911666666667,72.81722222222221,4.817,0.0,,,1.0,,Paved,,,Construction debris,No,No,No
243699794,85324530,swathi@verifinity.ai,gs://sawasdee-labelstudio/annotation_frames/10_itinerary_6_1_frame000046.jpg,10_itinerary_6_1,10_itinerary_6_1_70719732,46,460.0,10,2025:04:17 07:45:43,2025-04-17 07:53:23,7,3,2114.0,HERO13 Black,18.99911666666667,72.81722777777777,4.299,0.0,,,4.0,,Paved,,,,No,No,No
243699795,85324546,swathi@verifinity.ai,gs://sawasdee-labelstudio/annotation_frames/10_itinerary_6_1_frame000047.jpg,10_itinerary_6_1,10_itinerary_6_1_70719732,47,470.0,10,2025:04:17 07:45:43,2025-04-17 07:53:33,7,3,2114.0,HERO13 Black,18.999125,72.81723055555555,3.525,0.0,,,6.0,1.0,,,,Yes,No,No,No
243699796,84510594,swathi@verifinity.ai,gs://sawasdee-labelstudio/annotation_frames/10_itinerary_6_1_frame000048.jpg,10_itinerary_6_1,10_itinerary_6_1_70719732,48,480.0,10,2025:04:17 07:45:43,2025-04-17 07:53:43,7,3,2114.0,HERO13 Black,18.999083333333335,72.81724722222222,2.95,0.0,,,2.0,,Paved,Yes,,,No,No,No
243699797,85324566,swathi@verifinity.ai,gs://sawasdee-labelstudio/annotation_frames/10_itinerary_6_1_frame000049.jpg,10_itinerary_6_1,10_itinerary_6_1_70719732,49,490.0,10,2025:04:17 07:45:43,2025-04-17 07:53:53,7,3,2114.0,HERO13 Black,18.999052777777777,72.81725833333333,3.9160399999999997,0.099,,,5.0,,Paved,,,,No,No,No
243699799,84522375,swathi@verifinity.ai,gs://sawasdee-labelstudio/annotation_frames/10_itinerary_6_1_frame000051.jpg,10_itinerary_6_1,10_itinerary_6_1_70719732,51,510.0,10,2025:04:17 07:45:43,2025-04-17 07:54:13,7,3,2114.0,HERO13 Black,18.99859301388889,72.81735277777777,2.98583,0.099,,,4.0,1.0,Paved,Yes,,,No,No,No
243699800,84644489,swathi@verifinity.ai,gs://sawasdee-labelstudio/annotation_frames/10_itinerary_6_1_frame000052.jpg,10_itinerary_6_1,10_itinerary_6_1_70719732,52,520.0,10,2025:04:17 07:45:43,2025-04-17 07:54:23,7,3,2114.0,HERO13 Black,18.998199972222224,72.81719304166666,2.35208,0.099,,,,,Paved,,,,No,No,No
243699801,85324619,swathi@verifinity.ai,gs://sawasdee-labelstudio/annotation_frames/10_itinerary_6_1_frame000053.jpg,10_itinerary_6_1,10_itinerary_6_1_70719732,53,530.0,10,2025:04:17 07:45:43,2025-04-17 07:54:33,7,3,2114.0,HERO13 Black,18.99766798611111,72.81693330555555,1.769205,0.099,,,1.0,,Paved,,,,No,No,No
243699802,85324645,swathi@verifinity.ai,gs://sawasdee-labelstudio/annotation_frames/10_itinerary_6_1_frame000054.jpg,10_itinerary_6_1,10_itinerary_6_1_70719732,54,540.0,10,2025:04:17 07:45:43,2025-04-17 07:54:43,7,3,2114.0,HERO13 Black,18.99693325,72.81656105555555,-0.37617,0.099,1.0,,2.0,,Paved,Yes,,,No,No,No
243699803,85324660,swathi@verifinity.ai,gs://sawasdee-labelstudio/annotation_frames/10_itinerary_6_1_frame000055.jpg,10_itinerary_6_1,10_itinerary_6_1_70719732,55,550.0,10,2025:04:17 07:45:43,2025-04-17 07:54:53,7,3,2114.0,HERO13 Black,18.996206875000002,72.81623608333334,-0.23282,0.099,,,,,Paved,,,,No,No,No
243699804,84642392,swathi@verifinity.ai,gs://sawasdee-labelstudio/annotation_frames/10_itinerary_6_1_frame000056.jpg,10_itinerary_6_1,10_itinerary_6_1_70719732,56,560.0,10,2025:04:17 07:45:43,2025-04-17 07:55:03,7,3,2114.0,HERO13 Black,18.995523541666667,72.81593190277778,0.5242450000000001,0.099,,,1.0,,Paved,,,,No,No,No
243699805,84509622,swathi@verifinity.ai,gs://sawasdee-labelstudio/annotation_frames/10_itinerary_6_1_frame000057.jpg,10_itinerary_6_1,10_itinerary_6_1_70719732,57,570.0,10,2025:04:17 07:45:43,2025-04-17 07:55:13,7,3,2114.0,HERO13 Black,18.99481666666667,72.81559166666666,1.773,0.0,,,,,Paved,,,,No,No,No
243699806,85458983,swathi@verifinity.ai,gs://sawasdee-labelstudio/annotation_frames/10_itinerary_6_1_frame000058.jpg,10_itinerary_6_1,10_itinerary_6_1_70719732,58,580.0,10,2025:04:17 07:45:43,2025-04-17 07:55:23,7,3,2114.0,HERO13 Black,18.994111111111113,72.81514444444444,2.605,0.0,2.0,2.0,,,Paved,,,,No,No,No
243699807,85459107,swathi@verifinity.ai,gs://sawasdee-labelstudio/annotation_frames/10_itinerary_6_1_frame000059.jpg,10_itinerary_6_1,10_itinerary_6_1_70719732,59,590.0,10,2025:04:17 07:45:43,2025-04-17 07:55:33,7,3,2114.0,HERO13 Black,18.99331666666667,72.81470277777777,3.416,0.0,3.0,,1.0,,Paved,Yes,,,No,No,No
243699808,84290022,swathi@verifinity.ai,gs://sawasdee-labelstudio/annotation_frames/10_itinerary_6_1_frame000060.jpg,10_itinerary_6_1,10_itinerary_6_1_70719732,60,600.0,10,2025:04:17 07:45:43,2025-04-17 07:55:43,7,3,2114.0,HERO13 Black,18.992480555555556,72.81433333333334,2.418,0.0,2.0,,4.0,,Paved - Blocked,Yes,,,No,No,No
243699809,85459139,swathi@verifinity.ai,gs://sawasdee-labelstudio/annotation_frames/10_itinerary_6_1_frame000061.jpg,10_itinerary_6_1,10_itinerary_6_1_70719732,61,610.0,10,2025:04:17 07:45:43,2025-04-17 07:55:53,7,3,2114.0,HERO13 Black,18.991683333333334,72.81418055555555,1.641,0.0,2.0,,6.0,,Paved - Blocked,Yes,,,No,No,No
243699810,85459177,swathi@verifinity.ai,gs://sawasdee-labelstudio/annotation_frames/10_itinerary_6_1_frame000062.jpg,10_itinerary_6_1,10_itinerary_6_1_70719732,62,620.0,10,2025:04:17 07:45:43,2025-04-17 07:56:03,7,3,2114.0,HERO13 Black,18.990855555555555,72.81411666666666,-0.429,0.0,5.0,,3.0,,Paved,Yes,,,No,No,No
243699811,85459233,swathi@verifinity.ai,gs://sawasdee-labelstudio/annotation_frames/10_itinerary_6_1_frame000063.jpg,10_itinerary_6_1,10_itinerary_6_1_70719732,63,630.0,10,2025:04:17 07:45:43,2025-04-17 07:56:13,7,3,2114.0,HERO13 Black,18.990091666666668,72.81403055555555,-1.626,0.0,4.0,1.0,4.0,,,,,,No,No,No
243699812,85459549,swathi@verifinity.ai,gs://sawasdee-labelstudio/annotation_frames/10_itinerary_6_1_frame000064.jpg,10_itinerary_6_1,10_itinerary_6_1_70719732,64,640.0,10,2025:04:17 07:45:43,2025-04-17 07:56:23,7,3,2114.0,HERO13 Black,18.989250000000002,72.81396666666666,0.119,0.0,11.0,1.0,4.0,,No sidewalk,Yes,,,No,No,No
243699813,85459729,swathi@verifinity.ai,gs://sawasdee-labelstudio/annotation_frames/10_itinerary_6_1_frame000065.jpg,10_itinerary_6_1,10_itinerary_6_1_70719732,65,650.0,10,2025:04:17 07:45:43,2025-04-17 07:56:33,7,3,2114.0,HERO13 Black,18.98856111111111,72.81391666666666,1.242,0.0,9.0,2.0,4.0,,Paved,,,,No,No,No
243699844,84645703,swathi@verifinity.ai,gs://sawasdee-labelstudio/annotation_frames/10_itinerary_6_1_frame000095.jpg,10_itinerary_6_1,10_itinerary_6_1_70719732,95,950.0,10,2025:04:17 07:45:43,2025-04-17 08:01:33,8,3,2114.0,HERO13 Black,18.971930555555552,72.80948611111111,26.689,0.0,3.0,,5.0,,Paved,Yes,,,No,No,No
243699846,84371871,swathi@verifinity.ai,gs://sawasdee-labelstudio/annotation_frames/10_itinerary_6_1_frame000097.jpg,10_itinerary_6_1,10_itinerary_6_1_70719732,97,970.0,10,2025:04:17 07:45:43,2025-04-17 08:01:53,8,3,2114.0,HERO13 Black,18.97088611111111,72.80956944444443,28.113,0.0,2.0,1.0,3.0,,Paved,Yes,,,Yes,No,No
243699849,84527119,swathi@verifinity.ai,gs://sawasdee-labelstudio/annotation_frames/10_itinerary_6_1_frame000100.jpg,10_itinerary_6_1,10_itinerary_6_1_70719732,100,1000.0,10,2025:04:17 07:45:43,2025-04-17 08:02:23,8,3,2114.0,HERO13 Black,18.970713888888888,72.80979444444444,37.22,0.0,,2.0,2.0,,Paved,Yes,,,No,No,No
243699852,84391437,swathi@verifinity.ai,gs://sawasdee-labelstudio/annotation_frames/10_itinerary_6_1_frame000103.jpg,10_itinerary_6_1,10_itinerary_6_1_70719732,103,1030.0,10,2025:04:17 07:45:43,2025-04-17 08:02:53,8,3,2114.0,HERO13 Black,18.970522222222222,72.81104444444445,36.195,0.0,2.0,,,,Paved,Yes,,,No,No,No
243699863,85020505,swathi@verifinity.ai,gs://sawasdee-labelstudio/annotation_frames/10_itinerary_6_1_frame000114.jpg,10_itinerary_6_1,10_itinerary_6_1_70719732,114,1140.0,10,2025:04:17 07:45:43,2025-04-17 08:04:43,8,3,2114.0,HERO13 Black,18.966549999999998,72.80913055555556,39.805,0.0,,,5.0,,No sidewalk,Yes,,,No,No,No
243699872,84499322,swathi@verifinity.ai,gs://sawasdee-labelstudio/annotation_frames/10_itinerary_6_1_frame000122.jpg,10_itinerary_6_1,10_itinerary_6_1_70719732,122,1220.0,10,2025:04:17 07:45:43,2025-04-17 08:06:03,8,3,2114.0,HERO13 Black,18.964669444444443,72.80744166666666,7.448,0.0,,,5.0,1.0,Paved,Yes,,,No,No,No
243699880,84539557,swathi@verifinity.ai,gs://sawasdee-labelstudio/annotation_frames/10_itinerary_6_1_frame000130.jpg,10_itinerary_6_1,10_itinerary_6_1_70719732,130,1300.0,10,2025:04:17 07:45:43,2025-04-17 08:07:23,8,3,2114.0,HERO13 Black,18.96895,72.8085,35.646,0.0,2.0,,2.0,,Paved,Yes,,,No,No,No
243699891,84372293,swathi@verifinity.ai,gs://sawasdee-labelstudio/annotation_frames/10_itinerary_6_1_frame000140.jpg,10_itinerary_6_1,10_itinerary_6_1_70719732,140,1400.0,10,2025:04:17 07:45:43,2025-04-17 08:09:03,8,3,2114.0,HERO13 Black,18.97062222222222,72.80954722222222,28.109,0.0,6.0,,,,,Yes,,,No,No,No
243699892,84540100,swathi@verifinity.ai,gs://sawasdee-labelstudio/annotation_frames/10_itinerary_6_1_frame000141.jpg,10_itinerary_6_1,10_itinerary_6_1_70719732,141,1410.0,10,2025:04:17 07:45:43,2025-04-17 08:09:13,8,3,2114.0,HERO13 Black,18.970599999999997,72.80956388888889,22.494,0.0,1.0,,,,,Yes,,,No,No,No
243699899,84296443,swathi@verifinity.ai,gs://sawasdee-labelstudio/annotation_frames/10_itinerary_6_1_frame000148.jpg,10_itinerary_6_1,10_itinerary_6_1_70719732,148,1480.0,10,2025:04:17 07:45:43,2025-04-17 08:10:23,8,3,2114.0,HERO13 Black,18.970658333333333,72.80953888888888,36.045,0.0,2.0,,2.0,,,Yes,,,No,No,No
243699901,85021231,swathi@verifinity.ai,gs://sawasdee-labelstudio/annotation_frames/10_itinerary_6_1_frame000150.jpg,10_itinerary_6_1,10_itinerary_6_1_70719732,150,1500.0,10,2025:04:17 07:45:43,2025-04-17 08:10:43,8,3,2114.0,HERO13 Black,18.970755555555552,72.80961111111111,31.334,0.0,1.0,2.0,1.0,,No sidewalk,Yes,,,No,No,No
243699917,85019677,swathi@verifinity.ai,gs://sawasdee-labelstudio/annotation_frames/10_itinerary_6_1_frame000166.jpg,10_itinerary_6_1,10_itinerary_6_1_70719732,166,1660.0,10,2025:04:17 07:45:43,2025-04-17 08:13:23,8,3,2114.0,HERO13 Black,18.964366666666667,72.80775833333333,22.685,0.0,2.0,,2.0,1.0,Paved,Yes,,,No,No,No
243699919,84535699,swathi@verifinity.ai,gs://sawasdee-labelstudio/annotation_frames/10_itinerary_6_1_frame000168.jpg,10_itinerary_6_1,10_itinerary_6_1_70719732,168,1680.0,10,2025:04:17 07:45:43,2025-04-17 08:13:43,8,3,2114.0,HERO13 Black,18.964366666666667,72.80774444444444,21.063,0.0,2.0,,2.0,,Paved,Yes,,,No,No,No
243699931,83686868,varun.rama@usc.edu,gs://sawasdee-labelstudio/annotation_frames/10_itinerary_6_1_frame000180.jpg,10_itinerary_6_1,10_itinerary_6_1_70719732,180,1800.0,10,2025:04:17 07:45:43,2025-04-17 08:15:43,8,3,2114.0,HERO13 Black,18.963572222222222,72.81004166666666,7.542,17.9,0.0,1.0,2.0,1.0,Paved,Yes,No,No,No,No,No
243699943,84394820,swathi@verifinity.ai,gs://sawasdee-labelstudio/annotation_frames/10_itinerary_6_1_frame000191.jpg,10_itinerary_6_1,10_itinerary_6_1_70719732,191,1910.0,10,2025:04:17 07:45:43,2025-04-17 08:17:33,8,3,2114.0,HERO13 Black,,,,,3.0,1.0,,,No sidewalk,Yes,,,No,No,No
243699953,84264948,swathi@verifinity.ai,gs://sawasdee-labelstudio/annotation_frames/10_itinerary_6_1_frame000201.jpg,10_itinerary_6_1,10_itinerary_6_1_70719732,201,2010.0,10,2025:04:17 07:45:43,2025-04-17 08:19:13,8,3,2114.0,HERO13 Black,,,,,8.0,1.0,8.0,,Paved,Yes,,,No,No,No
243699955,84494835,swathi@verifinity.ai,gs://sawasdee-labelstudio/annotation_frames/10_itinerary_6_1_frame000203.jpg,10_itinerary_6_1,10_itinerary_6_1_70719732,203,2030.0,10,2025:04:17 07:45:43,2025-04-17 08:19:33,8,3,2114.0,HERO13 Black,,,,,11.0,,10.0,,Paved,Yes,,,No,No,No
243699956,84371671,swathi@verifinity.ai,gs://sawasdee-labelstudio/annotation_frames/10_itinerary_6_1_frame000204.jpg,10_itinerary_6_1,10_itinerary_6_1_70719732,204,2040.0,10,2025:04:17 07:45:43,2025-04-17 08:19:43,8,3,2114.0,HERO13 Black,,,,,5.0,,7.0,,Paved,Yes,,,No,No,No
243699961,84632126,swathi@verifinity.ai,gs://sawasdee-labelstudio/annotation_frames/10_itinerary_6_1_frame000209.jpg,10_itinerary_6_1,10_itinerary_6_1_70719732,209,2090.0,10,2025:04:17 07:45:43,2025-04-17 08:20:33,8,3,2114.0,HERO13 Black,,,,,8.0,2.0,2.0,,Paved,Yes,,,No,No,Yes
243699963,84259759,swathi@verifinity.ai,gs://sawasdee-labelstudio/annotation_frames/10_itinerary_6_2_frame000000.jpg,10_itinerary_6_2,10_itinerary_6_2_300f8d4e,0,0.0,10,2025:04:17 07:45:43,2025-04-17 07:45:43,7,3,706.0,HERO13 Black,,,,,5.0,2.0,2.0,,Paved,,,,No,No,No
243699970,84545179,swathi@verifinity.ai,gs://sawasdee-labelstudio/annotation_frames/10_itinerary_6_2_frame000007.jpg,10_itinerary_6_2,10_itinerary_6_2_300f8d4e,7,70.0,10,2025:04:17 07:45:43,2025-04-17 07:46:53,7,3,706.0,HERO13 Black,,,,,,,1.0,,Paved - Blocked,,,Construction debris,No,No,No
243699971,84287653,swathi@verifinity.ai,gs://sawasdee-labelstudio/annotation_frames/10_itinerary_6_2_frame000008.jpg,10_itinerary_6_2,10_itinerary_6_2_300f8d4e,8,80.0,10,2025:04:17 07:45:43,2025-04-17 07:47:03,7,3,706.0,HERO13 Black,,,,,1.0,,,,Paved,,,Construction debris,No,No,No
243699974,84371541,swathi@verifinity.ai,gs://sawasdee-labelstudio/annotation_frames/10_itinerary_6_2_frame000011.jpg,10_itinerary_6_2,10_itinerary_6_2_300f8d4e,11,110.0,10,2025:04:17 07:45:43,2025-04-17 07:47:33,7,3,706.0,HERO13 Black,,,,,1.0,,1.0,,Paved,Yes,,,No,No,No
243699979,84282347,swathi@verifinity.ai,gs://sawasdee-labelstudio/annotation_frames/10_itinerary_6_2_frame000016.jpg,10_itinerary_6_2,10_itinerary_6_2_300f8d4e,16,160.0,10,2025:04:17 07:45:43,2025-04-17 07:48:23,7,3,706.0,HERO13 Black,,,,,,,1.0,,Paved,Yes,,,No,No,No
243699982,84358534,swathi@verifinity.ai,gs://sawasdee-labelstudio/annotation_frames/10_itinerary_6_2_frame000019.jpg,10_itinerary_6_2,10_itinerary_6_2_300f8d4e,19,190.0,10,2025:04:17 07:45:43,2025-04-17 07:48:53,7,3,706.0,HERO13 Black,,,,,,,2.0,,Paved,Yes,,,No,No,No
243699987,84614111,swathi@verifinity.ai,gs://sawasdee-labelstudio/annotation_frames/10_itinerary_6_2_frame000024.jpg,10_itinerary_6_2,10_itinerary_6_2_300f8d4e,24,240.0,10,2025:04:17 07:45:43,2025-04-17 07:49:43,7,3,706.0,HERO13 Black,,,,,4.0,,,,,Yes,,,No,No,No
243699998,84632578,swathi@verifinity.ai,gs://sawasdee-labelstudio/annotation_frames/10_itinerary_6_2_frame000033.jpg,10_itinerary_6_2,10_itinerary_6_2_300f8d4e,33,330.0,10,2025:04:17 07:45:43,2025-04-17 07:51:13,7,3,706.0,HERO13 Black,,,,,3.0,1.0,3.0,,Paved,Yes,,,No,No,No
243700001,84631265,swathi@verifinity.ai,gs://sawasdee-labelstudio/annotation_frames/10_itinerary_6_2_frame000036.jpg,10_itinerary_6_2,10_itinerary_6_2_300f8d4e,36,360.0,10,2025:04:17 07:45:43,2025-04-17 07:51:43,7,3,706.0,HERO13 Black,,,,,2.0,,3.0,1.0,Paved,Yes,,,No,No,No
243700004,84524528,swathi@verifinity.ai,gs://sawasdee-labelstudio/annotation_frames/10_itinerary_6_2_frame000039.jpg,10_itinerary_6_2,10_itinerary_6_2_300f8d4e,39,390.0,10,2025:04:17 07:45:43,2025-04-17 07:52:13,7,3,706.0,HERO13 Black,,,,,2.0,1.0,3.0,,Paved,Yes,,,No,No,No
243700010,84523462,swathi@verifinity.ai,gs://sawasdee-labelstudio/annotation_frames/10_itinerary_6_2_frame000045.jpg,10_itinerary_6_2,10_itinerary_6_2_300f8d4e,45,450.0,10,2025:04:17 07:45:43,2025-04-17 07:53:13,7,3,706.0,HERO13 Black,,,,,3.0,,5.0,,,,,,No,No,No
243700015,85021957,swathi@verifinity.ai,gs://sawasdee-labelstudio/annotation_frames/10_itinerary_6_2_frame000050.jpg,10_itinerary_6_2,10_itinerary_6_2_300f8d4e,50,500.0,10,2025:04:17 07:45:43,2025-04-17 07:54:03,7,3,706.0,HERO13 Black,,,,,,,3.0,,No sidewalk,Yes,,,No,No,No
243700016,84255977,swathi@verifinity.ai,gs://sawasdee-labelstudio/annotation_frames/10_itinerary_6_2_frame000051.jpg,10_itinerary_6_2,10_itinerary_6_2_300f8d4e,51,510.0,10,2025:04:17 07:45:43,2025-04-17 07:54:13,7,3,706.0,HERO13 Black,,,,,,,2.0,,Paved,Yes,,,No,No,No
243700018,84503985,swathi@verifinity.ai,gs://sawasdee-labelstudio/annotation_frames/10_itinerary_6_2_frame000053.jpg,10_itinerary_6_2,10_itinerary_6_2_300f8d4e,53,530.0,10,2025:04:17 07:45:43,2025-04-17 07:54:33,7,3,706.0,HERO13 Black,,,,,,,2.0,,Paved,,,,Yes,No,No
243700021,83686345,varun.rama@usc.edu,gs://sawasdee-labelstudio/annotation_frames/10_itinerary_6_2_frame000056.jpg,10_itinerary_6_2,10_itinerary_6_2_300f8d4e,56,560.0,10,2025:04:17 07:45:43,2025-04-17 07:55:03,7,3,706.0,HERO13 Black,,,,,3.0,0.0,3.0,0.0,Paved,Yes,No,,No,No,No
243700032,84392633,swathi@verifinity.ai,gs://sawasdee-labelstudio/annotation_frames/10_itinerary_6_2_frame000067.jpg,10_itinerary_6_2,10_itinerary_6_2_300f8d4e,67,670.0,10,2025:04:17 07:45:43,2025-04-17 07:56:53,7,3,706.0,HERO13 Black,,,,,,,,,No sidewalk,,,,No,No,No
243700040,85020035,swathi@verifinity.ai,gs://sawasdee-labelstudio/annotation_frames/10_itinerary_7_frame000004.jpg,10_itinerary_7,10_itinerary_7_46ae239e,4,40.0,10,2025:04:17 08:58:07,2025-04-17 08:58:47,8,3,720.0,HERO13 Black,18.955122222222222,72.81860833333333,15.439,0.0,,4.0,8.0,,Paved,Yes,,Yes,No,No,No
243700052,84293646,swathi@verifinity.ai,gs://sawasdee-labelstudio/annotation_frames/10_itinerary_7_frame000015.jpg,10_itinerary_7,10_itinerary_7_46ae239e,15,150.0,10,2025:04:17 08:58:07,2025-04-17 09:00:37,9,3,720.0,HERO13 Black,18.95303748611111,72.82048888888889,16.393045,0.099,5.0,,2.0,,,Yes,,,No,No,No
243700055,85021286,swathi@verifinity.ai,gs://sawasdee-labelstudio/annotation_frames/10_itinerary_7_frame000018.jpg,10_itinerary_7,10_itinerary_7_46ae239e,18,180.0,10,2025:04:17 08:58:07,2025-04-17 09:01:07,9,3,720.0,HERO13 Black,18.952649972222222,72.81955134722222,11.391575,0.099,7.0,1.0,3.0,,Paved,Yes,,,No,No,No
243700057,84494893,swathi@verifinity.ai,gs://sawasdee-labelstudio/annotation_frames/10_itinerary_7_frame000020.jpg,10_itinerary_7,10_itinerary_7_46ae239e,20,200.0,10,2025:04:17 08:58:07,2025-04-17 09:01:27,9,3,720.0,HERO13 Black,18.952302777777778,72.81911388888888,11.218375,0.099,9.0,,,,Paved,Yes,,,No,No,No
243700067,84608503,swathi@verifinity.ai,gs://sawasdee-labelstudio/annotation_frames/10_itinerary_7_frame000030.jpg,10_itinerary_7,10_itinerary_7_46ae239e,30,300.0,10,2025:04:17 08:58:07,2025-04-17 09:03:07,9,3,720.0,HERO13 Black,18.9525,72.82209166666667,13.898,0.0,1.0,,1.0,,No sidewalk,Yes,,,No,No,No
243700072,84363618,swathi@verifinity.ai,gs://sawasdee-labelstudio/annotation_frames/10_itinerary_7_frame000035.jpg,10_itinerary_7,10_itinerary_7_46ae239e,35,350.0,10,2025:04:17 08:58:07,2025-04-17 09:03:57,9,3,720.0,HERO13 Black,18.951344444444445,72.821975,10.356,0.0,3.0,1.0,4.0,3.0,,Yes,,,No,No,No
243700076,84281755,swathi@verifinity.ai,gs://sawasdee-labelstudio/annotation_frames/10_itinerary_7_frame000039.jpg,10_itinerary_7,10_itinerary_7_46ae239e,39,390.0,10,2025:04:17 08:58:07,2025-04-17 09:04:37,9,3,720.0,HERO13 Black,18.950652777777776,72.82051944444444,9.299,2.201,7.0,3.0,2.0,,Paved,Yes,,,No,No,No
243700082,85017298,swathi@verifinity.ai,gs://sawasdee-labelstudio/annotation_frames/10_itinerary_7_frame000045.jpg,10_itinerary_7,10_itinerary_7_46ae239e,45,450.0,10,2025:04:17 08:58:07,2025-04-17 09:05:37,9,3,720.0,HERO13 Black,,,,,8.0,2.0,1.0,,Paved,,,,No,No,No
243700085,84282042,swathi@verifinity.ai,gs://sawasdee-labelstudio/annotation_frames/10_itinerary_7_frame000048.jpg,10_itinerary_7,10_itinerary_7_46ae239e,48,480.0,10,2025:04:17 08:58:07,2025-04-17 09:06:07,9,3,720.0,HERO13 Black,,,,,4.0,2.0,,,No sidewalk,Yes,,,No,No,No
243700122,84608793,swathi@verifinity.ai,gs://sawasdee-labelstudio/annotation_frames/10_itinerary_8_frame000017.jpg,10_itinerary_8,10_itinerary_8_c8c244a1,17,170.0,10,2025:04:17 09:20:02,2025-04-17 09:22:52,9,3,1022.0,HERO13 Black,18.954124999999998,72.80195277777777,46.95,0.0,7.0,1.0,1.0,,No sidewalk,Yes,,,No,No,No
243700135,84392449,swathi@verifinity.ai,gs://sawasdee-labelstudio/annotation_frames/10_itinerary_8_frame000030.jpg,10_itinerary_8,10_itinerary_8_c8c244a1,30,300.0,10,2025:04:17 09:20:02,2025-04-17 09:25:02,9,3,1022.0,HERO13 Black,18.957877777777778,72.80245277777777,39.099,0.0,1.0,,1.0,,Paved,Yes,,,No,No,No
243700137,84544537,swathi@verifinity.ai,gs://sawasdee-labelstudio/annotation_frames/10_itinerary_8_frame000032.jpg,10_itinerary_8,10_itinerary_8_c8c244a1,32,320.0,10,2025:04:17 09:20:02,2025-04-17 09:25:22,9,3,1022.0,HERO13 Black,18.958175,72.80273888888888,32.388,0.0,,,,,No sidewalk,Yes,,,No,No,No
243700154,84365903,swathi@verifinity.ai,gs://sawasdee-labelstudio/annotation_frames/10_itinerary_8_frame000048.jpg,10_itinerary_8,10_itinerary_8_c8c244a1,48,480.0,10,2025:04:17 09:20:02,2025-04-17 09:28:02,9,3,1022.0,HERO13 Black,18.958075,72.80031666666666,24.795,0.0,,,4.0,1.0,,,,,No,No,No
243700156,84522163,swathi@verifinity.ai,gs://sawasdee-labelstudio/annotation_frames/10_itinerary_8_frame000050.jpg,10_itinerary_8,10_itinerary_8_c8c244a1,50,500.0,10,2025:04:17 09:20:02,2025-04-17 09:28:22,9,3,1022.0,HERO13 Black,18.95944722222222,72.80084166666667,20.32,0.0,1.0,,,,No sidewalk,,,,No,No,No
243700160,84644925,swathi@verifinity.ai,gs://sawasdee-labelstudio/annotation_frames/10_itinerary_8_frame000054.jpg,10_itinerary_8,10_itinerary_8_c8c244a1,54,540.0,10,2025:04:17 09:20:02,2025-04-17 09:29:02,9,3,1022.0,HERO13 Black,18.961666666666666,72.80193333333332,22.239,0.0,,,,,Paved,,,,No,No,No
243700168,84361369,swathi@verifinity.ai,gs://sawasdee-labelstudio/annotation_frames/10_itinerary_8_frame000062.jpg,10_itinerary_8,10_itinerary_8_c8c244a1,62,620.0,10,2025:04:17 09:20:02,2025-04-17 09:30:22,9,3,1022.0,HERO13 Black,18.961605555555554,72.801925,12.491,0.0,4.0,1.0,,,Paved,Yes,,Yes,No,No,No
243700170,84631794,swathi@verifinity.ai,gs://sawasdee-labelstudio/annotation_frames/10_itinerary_8_frame000064.jpg,10_itinerary_8,10_itinerary_8_c8c244a1,64,640.0,10,2025:04:17 09:20:02,2025-04-17 09:30:42,9,3,1022.0,HERO13 Black,18.960877777777778,72.8017611111111,15.582,0.0,4.0,,,,No sidewalk,Yes,,,No,No,No
243700174,84371507,swathi@verifinity.ai,gs://sawasdee-labelstudio/annotation_frames/10_itinerary_8_frame000068.jpg,10_itinerary_8,10_itinerary_8_c8c244a1,68,680.0,10,2025:04:17 09:20:02,2025-04-17 09:31:22,9,3,1022.0,HERO13 Black,18.9603,72.80293055555555,26.584,0.0,,2.0,,,No sidewalk,,,,No,No,No
243700175,85016121,swathi@verifinity.ai,gs://sawasdee-labelstudio/annotation_frames/10_itinerary_8_frame000069.jpg,10_itinerary_8,10_itinerary_8_c8c244a1,69,690.0,10,2025:04:17 09:20:02,2025-04-17 09:31:32,9,3,1022.0,HERO13 Black,18.960241666666665,72.802975,25.555,1.0,,1.0,,,No sidewalk,Yes,,,No,No,No
243700177,84645425,swathi@verifinity.ai,gs://sawasdee-labelstudio/annotation_frames/10_itinerary_8_frame000071.jpg,10_itinerary_8,10_itinerary_8_c8c244a1,71,710.0,10,2025:04:17 09:20:02,2025-04-17 09:31:52,9,3,1022.0,HERO13 Black,18.960241666666665,72.802975,25.555,21.0,3.0,1.0,,,Paved,,,,No,No,No
243700183,84286571,swathi@verifinity.ai,gs://sawasdee-labelstudio/annotation_frames/10_itinerary_8_frame000077.jpg,10_itinerary_8,10_itinerary_8_c8c244a1,77,770.0,10,2025:04:17 09:20:02,2025-04-17 09:32:52,9,3,1022.0,HERO13 Black,,,,,3.0,1.0,5.0,,Paved,,,,No,No,No
243700186,84392609,swathi@verifinity.ai,gs://sawasdee-labelstudio/annotation_frames/10_itinerary_8_frame000080.jpg,10_itinerary_8,10_itinerary_8_c8c244a1,80,800.0,10,2025:04:17 09:20:02,2025-04-17 09:33:22,9,3,1022.0,HERO13 Black,,,,,,,2.0,,Paved,Yes,,,No,No,No
243700188,84297960,swathi@verifinity.ai,gs://sawasdee-labelstudio/annotation_frames/10_itinerary_8_frame000082.jpg,10_itinerary_8,10_itinerary_8_c8c244a1,82,820.0,10,2025:04:17 09:20:02,2025-04-17 09:33:42,9,3,1022.0,HERO13 Black,,,,,,,2.0,,Paved,Yes,,,No,No,No
243700199,84499706,swathi@verifinity.ai,gs://sawasdee-labelstudio/annotation_frames/10_itinerary_8_frame000093.jpg,10_itinerary_8,10_itinerary_8_c8c244a1,93,930.0,10,2025:04:17 09:20:02,2025-04-17 09:35:32,9,3,1022.0,HERO13 Black,,,,,,,,,,Yes,,Construction debris,No,No,No
243700203,84522322,swathi@verifinity.ai,gs://sawasdee-labelstudio/annotation_frames/10_itinerary_8_frame000096.jpg,10_itinerary_8,10_itinerary_8_c8c244a1,96,960.0,10,2025:04:17 09:20:02,2025-04-17 09:36:02,9,3,1022.0,HERO13 Black,,,,,1.0,,,,No sidewalk,Yes,,,No,No,No
243700205,84608408,swathi@verifinity.ai,gs://sawasdee-labelstudio/annotation_frames/10_itinerary_8_frame000098.jpg,10_itinerary_8,10_itinerary_8_c8c244a1,98,980.0,10,2025:04:17 09:20:02,2025-04-17 09:36:22,9,3,1022.0,HERO13 Black,,,,,1.0,1.0,1.0,,No sidewalk,Yes,,,No,No,No
243700210,84290428,swathi@verifinity.ai,gs://sawasdee-labelstudio/annotation_frames/10_itinerary_9_frame000001.jpg,10_itinerary_9,10_itinerary_9_7229bd98,1,10.0,10,2025:04:17 09:46:15,2025-04-17 09:46:25,9,3,417.0,HERO13 Black,18.949502777777777,72.79541944444445,29.753,0.0,3.0,2.0,,,Paved,Yes,,,No,No,No
243700211,84533414,swathi@verifinity.ai,gs://sawasdee-labelstudio/annotation_frames/10_itinerary_9_frame000002.jpg,10_itinerary_9,10_itinerary_9_7229bd98,2,20.0,10,2025:04:17 09:46:15,2025-04-17 09:46:35,9,3,417.0,HERO13 Black,18.94998888888889,72.79553888888888,30.22,0.0,5.0,1.0,,,Paved,Yes,,,No,No,No
243700213,85021929,swathi@verifinity.ai,gs://sawasdee-labelstudio/annotation_frames/10_itinerary_9_frame000004.jpg,10_itinerary_9,10_itinerary_9_7229bd98,4,40.0,10,2025:04:17 09:46:15,2025-04-17 09:46:55,9,3,417.0,HERO13 Black,18.950733333333332,72.79608333333333,28.137,0.0,1.0,,,,Paved,Yes,,,No,No,No
243700222,84997282,swathi@verifinity.ai,gs://sawasdee-labelstudio/annotation_frames/10_itinerary_9_frame000012.jpg,10_itinerary_9,10_itinerary_9_7229bd98,12,120.0,10,2025:04:17 09:46:15,2025-04-17 09:48:15,9,3,417.0,HERO13 Black,,,,,,,,,Paved,Yes,,,No,No,No
243700228,84611593,swathi@verifinity.ai,gs://sawasdee-labelstudio/annotation_frames/10_itinerary_9_frame000018.jpg,10_itinerary_9,10_itinerary_9_7229bd98,18,180.0,10,2025:04:17 09:46:15,2025-04-17 09:49:15,9,3,417.0,HERO13 Black,,,,,4.0,,1.0,,Paved,,,,No,No,No
243700230,84283240,swathi@verifinity.ai,gs://sawasdee-labelstudio/annotation_frames/10_itinerary_9_frame000020.jpg,10_itinerary_9,10_itinerary_9_7229bd98,20,200.0,10,2025:04:17 09:46:15,2025-04-17 09:49:35,9,3,417.0,HERO13 Black,,,,,1.0,,1.0,,No sidewalk,Yes,,,No,No,No
243700233,84545117,swathi@verifinity.ai,gs://sawasdee-labelstudio/annotation_frames/10_itinerary_9_frame000023.jpg,10_itinerary_9,10_itinerary_9_7229bd98,23,230.0,10,2025:04:17 09:46:15,2025-04-17 09:50:05,9,3,417.0,HERO13 Black,,,,,,,1.0,,,Yes,,,No,No,No
243700237,84386447,swathi@verifinity.ai,gs://sawasdee-labelstudio/annotation_frames/10_itinerary_9_frame000027.jpg,10_itinerary_9,10_itinerary_9_7229bd98,27,270.0,10,2025:04:17 09:46:15,2025-04-17 09:50:45,9,3,417.0,HERO13 Black,,,,,2.0,,2.0,,Paved,,,,No,No,No
243700249,84642929,swathi@verifinity.ai,gs://sawasdee-labelstudio/annotation_frames/10_itinerary_9_frame000039.jpg,10_itinerary_9,10_itinerary_9_7229bd98,39,390.0,10,2025:04:17 09:46:15,2025-04-17 09:52:45,9,3,417.0,HERO13 Black,,,,,2.0,,1.0,,Paved,Yes,,,No,No,No
243700251,84994987,swathi@verifinity.ai,gs://sawasdee-labelstudio/annotation_frames/10_itinerary_9_frame000041.jpg,10_itinerary_9,10_itinerary_9_7229bd98,41,410.0,10,2025:04:17 09:46:15,2025-04-17 09:53:05,9,3,417.0,HERO13 Black,,,,,1.0,,,,No sidewalk,Yes,,,No,No,No
243700253,84369313,swathi@verifinity.ai,gs://sawasdee-labelstudio/annotation_frames/10_mumbai_central-byculla_frame000001.jpg,10_mumbai_central-byculla,10_mumbai_central-byculla_369fc47f,1,10.0,10,2025:04:17 11:27:46,2025-04-17 11:27:56,11,3,1034.0,HERO13 Black,18.97324722222222,72.83073055555555,10.335,0.0,5.0,,2.0,,Paved,Yes,,,Yes,No,No
243700264,84266335,swathi@verifinity.ai,gs://sawasdee-labelstudio/annotation_frames/10_mumbai_central-byculla_frame000011.jpg,10_mumbai_central-byculla,10_mumbai_central-byculla_369fc47f,11,110.0,10,2025:04:17 11:27:46,2025-04-17 11:29:36,11,3,1034.0,HERO13 Black,18.975233333333332,72.83128888888889,3.658,0.0,5.0,,4.0,2.0,,Yes,,,No,No,No
243700269,84533757,swathi@verifinity.ai,gs://sawasdee-labelstudio/annotation_frames/10_mumbai_central-byculla_frame000016.jpg,10_mumbai_central-byculla,10_mumbai_central-byculla_369fc47f,16,160.0,10,2025:04:17 11:27:46,2025-04-17 11:30:26,11,3,1034.0,HERO13 Black,18.976611111111108,72.830325,5.032,0.0,11.0,3.0,9.0,,Paved,Yes,,,No,No,Yes
243700275,84292194,swathi@verifinity.ai,gs://sawasdee-labelstudio/annotation_frames/10_mumbai_central-byculla_frame000022.jpg,10_mumbai_central-byculla,10_mumbai_central-byculla_369fc47f,22,220.0,10,2025:04:17 11:27:46,2025-04-17 11:31:26,11,3,1034.0,HERO13 Black,18.97800833333333,72.83212777777777,0.488,0.0,11.0,2.0,,,,,,,No,No,Yes
243700285,85020534,swathi@verifinity.ai,gs://sawasdee-labelstudio/annotation_frames/10_mumbai_central-byculla_frame000032.jpg,10_mumbai_central-byculla,10_mumbai_central-byculla_369fc47f,32,320.0,10,2025:04:17 11:27:46,2025-04-17 11:33:06,11,3,1034.0,HERO13 Black,18.97949722222222,72.832075,3.665,0.0,4.0,,3.0,,No sidewalk,,,Yes,No,No,No
243700286,84396354,swathi@verifinity.ai,gs://sawasdee-labelstudio/annotation_frames/10_mumbai_central-byculla_frame000033.jpg,10_mumbai_central-byculla,10_mumbai_central-byculla_369fc47f,33,330.0,10,2025:04:17 11:27:46,2025-04-17 11:33:16,11,3,1034.0,HERO13 Black,18.97949444444444,72.83207222222222,3.812,0.0,1.0,,2.0,1.0,,N/A,N/A,Construction debris,No,No,No
243700291,84632337,swathi@verifinity.ai,gs://sawasdee-labelstudio/annotation_frames/10_mumbai_central-byculla_frame000037.jpg,10_mumbai_central-byculla,10_mumbai_central-byculla_369fc47f,37,370.0,10,2025:04:17 11:27:46,2025-04-17 11:33:56,11,3,1034.0,HERO13 Black,18.979543041666666,72.83287508333333,4.978505,0.099,5.0,1.0,3.0,2.0,,Yes,,,No,No,No
243700293,84292015,swathi@verifinity.ai,gs://sawasdee-labelstudio/annotation_frames/10_mumbai_central-byculla_frame000039.jpg,10_mumbai_central-byculla,10_mumbai_central-byculla_369fc47f,39,390.0,10,2025:04:17 11:27:46,2025-04-17 11:34:16,11,3,1034.0,HERO13 Black,18.97897783333333,72.83355970833333,-0.5488700000000001,0.099,4.0,,7.0,,Paved,Yes,,,No,No,No
243700296,84299021,swathi@verifinity.ai,gs://sawasdee-labelstudio/annotation_frames/10_mumbai_central-byculla_frame000042.jpg,10_mumbai_central-byculla,10_mumbai_central-byculla_369fc47f,42,420.0,10,2025:04:17 11:27:46,2025-04-17 11:34:46,11,3,1034.0,HERO13 Black,18.980236166666664,72.834148625,-0.884325,0.099,5.0,2.0,5.0,1.0,Paved - Blocked,Yes,,,No,No,No
243700300,84495658,swathi@verifinity.ai,gs://sawasdee-labelstudio/annotation_frames/10_mumbai_central-byculla_frame000046.jpg,10_mumbai_central-byculla,10_mumbai_central-byculla_369fc47f,46,460.0,10,2025:04:17 11:27:46,2025-04-17 11:35:26,11,3,1034.0,HERO13 Black,18.97906944444444,72.83404722222221,-4.214,0.0,4.0,,1.0,,Paved - Blocked,Yes,,,No,No,No
243700304,85015605,swathi@verifinity.ai,gs://sawasdee-labelstudio/annotation_frames/10_mumbai_central-byculla_frame000050.jpg,10_mumbai_central-byculla,10_mumbai_central-byculla_369fc47f,50,500.0,10,2025:04:17 11:27:46,2025-04-17 11:36:06,11,3,1034.0,HERO13 Black,18.976280555555554,72.8335861111111,3.87,0.0,7.0,,3.0,,Paved,,,Yes,No,No,No
243700309,84645542,swathi@verifinity.ai,gs://sawasdee-labelstudio/annotation_frames/10_mumbai_central-byculla_frame000055.jpg,10_mumbai_central-byculla,10_mumbai_central-byculla_369fc47f,55,550.0,10,2025:04:17 11:27:46,2025-04-17 11:36:56,11,3,1034.0,HERO13 Black,18.975677777777776,72.83541666666666,8.562,0.0,4.0,,5.0,,,Yes,,,No,No,No
243700319,84266879,swathi@verifinity.ai,gs://sawasdee-labelstudio/annotation_frames/10_mumbai_central-byculla_frame000065.jpg,10_mumbai_central-byculla,10_mumbai_central-byculla_369fc47f,65,650.0,10,2025:04:17 11:27:46,2025-04-17 11:38:36,11,3,1034.0,HERO13 Black,18.976269444444444,72.84019444444444,10.403,0.0,11.0,,11.0,2.0,Paved,Yes,,,No,No,No
243700321,84631747,swathi@verifinity.ai,gs://sawasdee-labelstudio/annotation_frames/10_mumbai_central-byculla_frame000067.jpg,10_mumbai_central-byculla,10_mumbai_central-byculla_369fc47f,67,670.0,10,2025:04:17 11:27:46,2025-04-17 11:38:56,11,3,1034.0,HERO13 Black,18.976799999999997,72.84094166666667,10.909,0.0,,,8.0,1.0,Paved,Yes,,,No,No,No
243700325,85019571,swathi@verifinity.ai,gs://sawasdee-labelstudio/annotation_frames/10_mumbai_central-byculla_frame000071.jpg,10_mumbai_central-byculla,10_mumbai_central-byculla_369fc47f,71,710.0,10,2025:04:17 11:27:46,2025-04-17 11:39:36,11,3,1034.0,HERO13 Black,18.977999999999998,72.84139722222221,-0.508,8.8,,,2.0,,Paved,Yes,,,No,No,No
243700340,84383337,swathi@verifinity.ai,gs://sawasdee-labelstudio/annotation_frames/10_mumbai_central-byculla_frame000086.jpg,10_mumbai_central-byculla,10_mumbai_central-byculla_369fc47f,86,860.0,10,2025:04:17 11:27:46,2025-04-17 11:42:06,11,3,1034.0,HERO13 Black,,,,,4.0,,5.0,,,Yes,,,No,No,No
243700341,84644506,swathi@verifinity.ai,gs://sawasdee-labelstudio/annotation_frames/10_mumbai_central-byculla_frame000087.jpg,10_mumbai_central-byculla,10_mumbai_central-byculla_369fc47f,87,870.0,10,2025:04:17 11:27:46,2025-04-17 11:42:16,11,3,1034.0,HERO13 Black,,,,,1.0,,2.0,,No sidewalk,Yes,,,No,No,No
243700343,84522594,swathi@verifinity.ai,gs://sawasdee-labelstudio/annotation_frames/10_mumbai_central-byculla_frame000089.jpg,10_mumbai_central-byculla,10_mumbai_central-byculla_369fc47f,89,890.0,10,2025:04:17 11:27:46,2025-04-17 11:42:36,11,3,1034.0,HERO13 Black,,,,,5.0,3.0,1.0,,Paved - Blocked,Yes,,,No,No,No
243700345,84647587,swathi@verifinity.ai,gs://sawasdee-labelstudio/annotation_frames/10_mumbai_central-byculla_frame000091.jpg,10_mumbai_central-byculla,10_mumbai_central-byculla_369fc47f,91,910.0,10,2025:04:17 11:27:46,2025-04-17 11:42:56,11,3,1034.0,HERO13 Black,,,,,8.0,,1.0,,,Yes,,,No,No,No
243700352,84545741,swathi@verifinity.ai,gs://sawasdee-labelstudio/annotation_frames/10_mumbai_central-byculla_frame000097.jpg,10_mumbai_central-byculla,10_mumbai_central-byculla_369fc47f,97,970.0,10,2025:04:17 11:27:46,2025-04-17 11:43:56,11,3,1034.0,HERO13 Black,,,,,4.0,,4.0,1.0,Paved - Blocked,Yes,,,No,No,No
243700353,84617066,swathi@verifinity.ai,gs://sawasdee-labelstudio/annotation_frames/10_mumbai_central-byculla_frame000098.jpg,10_mumbai_central-byculla,10_mumbai_central-byculla_369fc47f,98,980.0,10,2025:04:17 11:27:46,2025-04-17 11:44:06,11,3,1034.0,HERO13 Black,,,,,4.0,3.0,8.0,,,Yes,,,No,No,Yes
243700354,84643264,swathi@verifinity.ai,gs://sawasdee-labelstudio/annotation_frames/10_mumbai_central-byculla_frame000099.jpg,10_mumbai_central-byculla,10_mumbai_central-byculla_369fc47f,99,990.0,10,2025:04:17 11:27:46,2025-04-17 11:44:16,11,3,1034.0,HERO13 Black,,,,,11.0,1.0,1.0,,No sidewalk,,,,No,No,No
243700364,84528216,swathi@verifinity.ai,gs://sawasdee-labelstudio/annotation_frames/11_itinerary_10_frame000006.jpg,11_itinerary_10,11_itinerary_10_08a829e5,6,60.0,11,2025:04:18 12:13:59,2025-04-18 12:14:59,12,4,1034.0,HERO13 Black,,,,,11.0,3.0,3.0,,,,,,No,No,No
243700365,84991461,swathi@verifinity.ai,gs://sawasdee-labelstudio/annotation_frames/11_itinerary_10_frame000007.jpg,11_itinerary_10,11_itinerary_10_08a829e5,7,70.0,11,2025:04:18 12:13:59,2025-04-18 12:15:09,12,4,1034.0,HERO13 Black,,,,,11.0,4.0,3.0,1.0,,,,,No,No,No
243700367,84646159,swathi@verifinity.ai,gs://sawasdee-labelstudio/annotation_frames/11_itinerary_10_frame000009.jpg,11_itinerary_10,11_itinerary_10_08a829e5,9,90.0,11,2025:04:18 12:13:59,2025-04-18 12:15:29,12,4,1034.0,HERO13 Black,,,,,11.0,5.0,4.0,2.0,,,,,No,No,No
243700370,84496170,swathi@verifinity.ai,gs://sawasdee-labelstudio/annotation_frames/11_itinerary_10_frame000012.jpg,11_itinerary_10,11_itinerary_10_08a829e5,12,120.0,11,2025:04:18 12:13:59,2025-04-18 12:15:59,12,4,1034.0,HERO13 Black,,,,,11.0,3.0,3.0,,,,,Yes,No,No,Yes
243700371,85014658,swathi@verifinity.ai,gs://sawasdee-labelstudio/annotation_frames/11_itinerary_10_frame000013.jpg,11_itinerary_10,11_itinerary_10_08a829e5,13,130.0,11,2025:04:18 12:13:59,2025-04-18 12:16:09,12,4,1034.0,HERO13 Black,,,,,11.0,1.0,3.0,,Paved,,,Yes,No,No,No
243700377,84546127,swathi@verifinity.ai,gs://sawasdee-labelstudio/annotation_frames/11_itinerary_10_frame000019.jpg,11_itinerary_10,11_itinerary_10_08a829e5,19,190.0,11,2025:04:18 12:13:59,2025-04-18 12:17:09,12,4,1034.0,HERO13 Black,,,,,,,2.0,,,Yes,,,No,No,No
243700380,85007255,swathi@verifinity.ai,gs://sawasdee-labelstudio/annotation_frames/11_itinerary_10_frame000022.jpg,11_itinerary_10,11_itinerary_10_08a829e5,22,220.0,11,2025:04:18 12:13:59,2025-04-18 12:17:39,12,4,1034.0,HERO13 Black,,,,,5.0,2.0,,,No sidewalk,,,,No,No,No
243700382,84297030,swathi@verifinity.ai,gs://sawasdee-labelstudio/annotation_frames/11_itinerary_10_frame000024.jpg,11_itinerary_10,11_itinerary_10_08a829e5,24,240.0,11,2025:04:18 12:13:59,2025-04-18 12:17:59,12,4,1034.0,HERO13 Black,,,,,2.0,,1.0,1.0,,,,,No,No,No
243700387,84632439,swathi@verifinity.ai,gs://sawasdee-labelstudio/annotation_frames/11_itinerary_10_frame000029.jpg,11_itinerary_10,11_itinerary_10_08a829e5,29,290.0,11,2025:04:18 12:13:59,2025-04-18 12:18:49,12,4,1034.0,HERO13 Black,,,,,4.0,1.0,3.0,,,,,,No,No,No
243700392,84644495,swathi@verifinity.ai,gs://sawasdee-labelstudio/annotation_frames/11_itinerary_10_frame000034.jpg,11_itinerary_10,11_itinerary_10_08a829e5,34,340.0,11,2025:04:18 12:13:59,2025-04-18 12:19:39,12,4,1034.0,HERO13 Black,,,,,,3.0,,,,,,,No,No,No
243700397,84288629,swathi@verifinity.ai,gs://sawasdee-labelstudio/annotation_frames/11_itinerary_10_frame000039.jpg,11_itinerary_10,11_itinerary_10_08a829e5,39,390.0,11,2025:04:18 12:13:59,2025-04-18 12:20:29,12,4,1034.0,HERO13 Black,,,,,1.0,,1.0,,,Yes,,,No,No,No
243700399,84533495,swathi@verifinity.ai,gs://sawasdee-labelstudio/annotation_frames/11_itinerary_10_frame000041.jpg,11_itinerary_10,11_itinerary_10_08a829e5,41,410.0,11,2025:04:18 12:13:59,2025-04-18 12:20:49,12,4,1034.0,HERO13 Black,,,,,3.0,1.0,1.0,,,Yes,,,No,No,No
243700400,84299094,swathi@verifinity.ai,gs://sawasdee-labelstudio/annotation_frames/11_itinerary_10_frame000042.jpg,11_itinerary_10,11_itinerary_10_08a829e5,42,420.0,11,2025:04:18 12:13:59,2025-04-18 12:20:59,12,4,1034.0,HERO13 Black,,,,,11.0,2.0,5.0,,,,,,No,No,No
243700403,84361574,swathi@verifinity.ai,gs://sawasdee-labelstudio/annotation_frames/11_itinerary_10_frame000045.jpg,11_itinerary_10,11_itinerary_10_08a829e5,45,450.0,11,2025:04:18 12:13:59,2025-04-18 12:21:29,12,4,1034.0,HERO13 Black,,,,,7.0,3.0,1.0,,,,,,No,No,No
243700412,84285084,swathi@verifinity.ai,gs://sawasdee-labelstudio/annotation_frames/11_itinerary_10_frame000053.jpg,11_itinerary_10,11_itinerary_10_08a829e5,53,530.0,11,2025:04:18 12:13:59,2025-04-18 12:22:49,12,4,1034.0,HERO13 Black,,,,,6.0,2.0,,,Paved,Yes,,,No,No,No
243700424,84289476,swathi@verifinity.ai,gs://sawasdee-labelstudio/annotation_frames/11_itinerary_10_frame000065.jpg,11_itinerary_10,11_itinerary_10_08a829e5,65,650.0,11,2025:04:18 12:13:59,2025-04-18 12:24:49,12,4,1034.0,HERO13 Black,,,,,11.0,2.0,2.0,1.0,,,,,No,No,Yes
243700426,84618045,swathi@verifinity.ai,gs://sawasdee-labelstudio/annotation_frames/11_itinerary_10_frame000067.jpg,11_itinerary_10,11_itinerary_10_08a829e5,67,670.0,11,2025:04:18 12:13:59,2025-04-18 12:25:09,12,4,1034.0,HERO13 Black,,,,,6.0,3.0,5.0,,,,,,No,No,No
243700429,84621504,swathi@verifinity.ai,gs://sawasdee-labelstudio/annotation_frames/11_itinerary_10_frame000070.jpg,11_itinerary_10,11_itinerary_10_08a829e5,70,700.0,11,2025:04:18 12:13:59,2025-04-18 12:25:39,12,4,1034.0,HERO13 Black,,,,,11.0,3.0,2.0,,,,,,No,No,Yes
243700436,84290463,swathi@verifinity.ai,gs://sawasdee-labelstudio/annotation_frames/11_itinerary_10_frame000077.jpg,11_itinerary_10,11_itinerary_10_08a829e5,77,770.0,11,2025:04:18 12:13:59,2025-04-18 12:26:49,12,4,1034.0,HERO13 Black,,,,,,,1.0,,,,,,No,No,No
243700439,84258942,swathi@verifinity.ai,gs://sawasdee-labelstudio/annotation_frames/11_itinerary_10_frame000080.jpg,11_itinerary_10,11_itinerary_10_08a829e5,80,800.0,11,2025:04:18 12:13:59,2025-04-18 12:27:19,12,4,1034.0,HERO13 Black,,,,,1.0,,,,,,,,No,No,No
243700450,84521398,swathi@verifinity.ai,gs://sawasdee-labelstudio/annotation_frames/11_itinerary_10_frame000091.jpg,11_itinerary_10,11_itinerary_10_08a829e5,91,910.0,11,2025:04:18 12:13:59,2025-04-18 12:29:09,12,4,1034.0,HERO13 Black,,,,,11.0,,,,,,,,No,No,No
243700453,83686584,varun.rama@usc.edu,gs://sawasdee-labelstudio/annotation_frames/11_itinerary_10_frame000094.jpg,11_itinerary_10,11_itinerary_10_08a829e5,94,940.0,11,2025:04:18 12:13:59,2025-04-18 12:29:39,12,4,1034.0,HERO13 Black,,,,,5.0,0.0,1.0,0.0,No sidewalk,Yes,No,No,No,No,Yes
243700456,85020101,swathi@verifinity.ai,gs://sawasdee-labelstudio/annotation_frames/11_itinerary_10_frame000097.jpg,11_itinerary_10,11_itinerary_10_08a829e5,97,970.0,11,2025:04:18 12:13:59,2025-04-18 12:30:09,12,4,1034.0,HERO13 Black,,,,,11.0,2.0,,,,,,,No,No,No
243700457,84511086,swathi@verifinity.ai,gs://sawasdee-labelstudio/annotation_frames/11_itinerary_10_frame000098.jpg,11_itinerary_10,11_itinerary_10_08a829e5,98,980.0,11,2025:04:18 12:13:59,2025-04-18 12:30:19,12,4,1034.0,HERO13 Black,,,,,11.0,,,,,,,,No,No,No
243700469,84987498,swathi@verifinity.ai,gs://sawasdee-labelstudio/annotation_frames/11_itinerary_11_1_frame000006.jpg,11_itinerary_11_1,11_itinerary_11_1_39ca25e9,6,60.0,11,2025:04:18 12:32:58,2025-04-18 12:33:58,12,4,666.0,HERO13 Black,,,,,2.0,,1.0,,,,,,No,No,No
243700472,84508103,swathi@verifinity.ai,gs://sawasdee-labelstudio/annotation_frames/11_itinerary_11_1_frame000009.jpg,11_itinerary_11_1,11_itinerary_11_1_39ca25e9,9,90.0,11,2025:04:18 12:32:58,2025-04-18 12:34:28,12,4,666.0,HERO13 Black,,,,,8.0,,,,,,,,No,No,No
243700474,84375883,swathi@verifinity.ai,gs://sawasdee-labelstudio/annotation_frames/11_itinerary_11_1_frame000011.jpg,11_itinerary_11_1,11_itinerary_11_1_39ca25e9,11,110.0,11,2025:04:18 12:32:58,2025-04-18 12:34:48,12,4,666.0,HERO13 Black,,,,,8.0,,1.0,,,,,,No,No,No
243700480,84293202,swathi@verifinity.ai,gs://sawasdee-labelstudio/annotation_frames/11_itinerary_11_1_frame000017.jpg,11_itinerary_11_1,11_itinerary_11_1_39ca25e9,17,170.0,11,2025:04:18 12:32:58,2025-04-18 12:35:48,12,4,666.0,HERO13 Black,,,,,2.0,,4.0,,,,,,No,No,No
243700481,84609273,swathi@verifinity.ai,gs://sawasdee-labelstudio/annotation_frames/11_itinerary_11_1_frame000018.jpg,11_itinerary_11_1,11_itinerary_11_1_39ca25e9,18,180.0,11,2025:04:18 12:32:58,2025-04-18 12:35:58,12,4,666.0,HERO13 Black,,,,,8.0,1.0,2.0,,,,,,No,No,No
243700490,84494771,swathi@verifinity.ai,gs://sawasdee-labelstudio/annotation_frames/11_itinerary_11_1_frame000027.jpg,11_itinerary_11_1,11_itinerary_11_1_39ca25e9,27,270.0,11,2025:04:18 12:32:58,2025-04-18 12:37:28,12,4,666.0,HERO13 Black,,,,,2.0,,,,,,,,No,No,Yes
243700494,84533697,swathi@verifinity.ai,gs://sawasdee-labelstudio/annotation_frames/11_itinerary_11_1_frame000031.jpg,11_itinerary_11_1,11_itinerary_11_1_39ca25e9,31,310.0,11,2025:04:18 12:32:58,2025-04-18 12:38:08,12,4,666.0,HERO13 Black,,,,,11.0,,3.0,,No sidewalk,,,,No,No,No
243700496,84536860,swathi@verifinity.ai,gs://sawasdee-labelstudio/annotation_frames/11_itinerary_11_1_frame000033.jpg,11_itinerary_11_1,11_itinerary_11_1_39ca25e9,33,330.0,11,2025:04:18 12:32:58,2025-04-18 12:38:28,12,4,666.0,HERO13 Black,,,,,11.0,8.0,,,No sidewalk,,,,No,No,Yes
243700499,84642304,swathi@verifinity.ai,gs://sawasdee-labelstudio/annotation_frames/11_itinerary_11_1_frame000036.jpg,11_itinerary_11_1,11_itinerary_11_1_39ca25e9,36,360.0,11,2025:04:18 12:32:58,2025-04-18 12:38:58,12,4,666.0,HERO13 Black,,,,,11.0,,,,,,,,No,No,No
243700500,84527368,swathi@verifinity.ai,gs://sawasdee-labelstudio/annotation_frames/11_itinerary_11_1_frame000037.jpg,11_itinerary_11_1,11_itinerary_11_1_39ca25e9,37,370.0,11,2025:04:18 12:32:58,2025-04-18 12:39:08,12,4,666.0,HERO13 Black,,,,,4.0,,,,,,,,No,No,No
243700505,84545940,swathi@verifinity.ai,gs://sawasdee-labelstudio/annotation_frames/11_itinerary_11_1_frame000042.jpg,11_itinerary_11_1,11_itinerary_11_1_39ca25e9,42,420.0,11,2025:04:18 12:32:58,2025-04-18 12:39:58,12,4,666.0,HERO13 Black,,,,,4.0,,,,,,,,No,No,No
243700507,84269849,swathi@verifinity.ai,gs://sawasdee-labelstudio/annotation_frames/11_itinerary_11_1_frame000044.jpg,11_itinerary_11_1,11_itinerary_11_1_39ca25e9,44,440.0,11,2025:04:18 12:32:58,2025-04-18 12:40:18,12,4,666.0,HERO13 Black,,,,,,,,,,Yes,,,No,No,No
243700514,84396629,swathi@verifinity.ai,gs://sawasdee-labelstudio/annotation_frames/11_itinerary_11_1_frame000050.jpg,11_itinerary_11_1,11_itinerary_11_1_39ca25e9,50,500.0,11,2025:04:18 12:32:58,2025-04-18 12:41:18,12,4,666.0,HERO13 Black,,,,,2.0,,1.0,,No sidewalk,,,,No,No,No
243700519,84495469,swathi@verifinity.ai,gs://sawasdee-labelstudio/annotation_frames/11_itinerary_11_1_frame000054.jpg,11_itinerary_11_1,11_itinerary_11_1_39ca25e9,54,540.0,11,2025:04:18 12:32:58,2025-04-18 12:41:58,12,4,666.0,HERO13 Black,,,,,1.0,,2.0,,Paved,,,,No,No,No
243700522,84383296,swathi@verifinity.ai,gs://sawasdee-labelstudio/annotation_frames/11_itinerary_11_1_frame000057.jpg,11_itinerary_11_1,11_itinerary_11_1_39ca25e9,57,570.0,11,2025:04:18 12:32:58,2025-04-18 12:42:28,12,4,666.0,HERO13 Black,,,,,,,2.0,,,Yes,,,No,No,No
243700523,84645056,swathi@verifinity.ai,gs://sawasdee-labelstudio/annotation_frames/11_itinerary_11_1_frame000058.jpg,11_itinerary_11_1,11_itinerary_11_1_39ca25e9,58,580.0,11,2025:04:18 12:32:58,2025-04-18 12:42:38,12,4,666.0,HERO13 Black,,,,,,,,,Paved,,,,No,No,No
243700525,84381440,swathi@verifinity.ai,gs://sawasdee-labelstudio/annotation_frames/11_itinerary_11_1_frame000060.jpg,11_itinerary_11_1,11_itinerary_11_1_39ca25e9,60,600.0,11,2025:04:18 12:32:58,2025-04-18 12:42:58,12,4,666.0,HERO13 Black,,,,,,,2.0,,,,,,No,No,No
243700537,84537103,swathi@verifinity.ai,gs://sawasdee-labelstudio/annotation_frames/11_itinerary_11_2_frame000005.jpg,11_itinerary_11_2,11_itinerary_11_2_8ced221b,5,50.0,11,2025:04:18 12:47:51,2025-04-18 12:48:41,12,4,642.0,HERO13 Black,,,,,1.0,,1.0,,Paved,,,,No,No,No
243700548,84631418,swathi@verifinity.ai,gs://sawasdee-labelstudio/annotation_frames/11_itinerary_11_2_frame000016.jpg,11_itinerary_11_2,11_itinerary_11_2_8ced221b,16,160.0,11,2025:04:18 12:47:51,2025-04-18 12:50:31,12,4,642.0,HERO13 Black,,,,,2.0,,,,,,,,No,No,No
243700551,83685997,varun.rama@usc.edu,gs://sawasdee-labelstudio/annotation_frames/11_itinerary_11_2_frame000019.jpg,11_itinerary_11_2,11_itinerary_11_2_8ced221b,19,190.0,11,2025:04:18 12:47:51,2025-04-18 12:51:01,12,4,642.0,HERO13 Black,,,,,3.0,0.0,0.0,0.0,No sidewalk,No,No,No,No,No,No
243700579,84645791,swathi@verifinity.ai,gs://sawasdee-labelstudio/annotation_frames/11_itinerary_11_2_frame000046.jpg,11_itinerary_11_2,11_itinerary_11_2_8ced221b,46,460.0,11,2025:04:18 12:47:51,2025-04-18 12:55:31,12,4,642.0,HERO13 Black,,,,,1.0,,,,,,,,No,No,No
243700596,84644001,swathi@verifinity.ai,gs://sawasdee-labelstudio/annotation_frames/11_itinerary_11_2_frame000063.jpg,11_itinerary_11_2,11_itinerary_11_2_8ced221b,63,630.0,11,2025:04:18 12:47:51,2025-04-18 12:58:21,12,4,642.0,HERO13 Black,,,,,1.0,,,,,Yes,,,No,No,No
243700601,84644250,swathi@verifinity.ai,gs://sawasdee-labelstudio/annotation_frames/11_itinerary_1_1_frame000004.jpg,11_itinerary_1_1,11_itinerary_1_1_c1454011,4,40.0,11,2025:04:18 06:51:56,2025-04-18 06:52:36,6,4,356.0,HERO13 Black,,,,,1.0,,,,Paved,Yes,,,No,No,No
243700608,84508030,swathi@verifinity.ai,gs://sawasdee-labelstudio/annotation_frames/11_itinerary_1_1_frame000011.jpg,11_itinerary_1_1,11_itinerary_1_1_c1454011,11,110.0,11,2025:04:18 06:51:56,2025-04-18 06:53:46,6,4,356.0,HERO13 Black,,,,,11.0,2.0,,,No sidewalk,Yes,,,No,No,Yes
243700618,84646786,swathi@verifinity.ai,gs://sawasdee-labelstudio/annotation_frames/11_itinerary_1_1_frame000021.jpg,11_itinerary_1_1,11_itinerary_1_1_c1454011,21,210.0,11,2025:04:18 06:51:56,2025-04-18 06:55:26,6,4,356.0,HERO13 Black,,,,,8.0,,,,No sidewalk,,,,No,No,Yes
243700625,84297980,swathi@verifinity.ai,gs://sawasdee-labelstudio/annotation_frames/11_itinerary_1_1_frame000028.jpg,11_itinerary_1_1,11_itinerary_1_1_c1454011,28,280.0,11,2025:04:18 06:51:56,2025-04-18 06:56:36,6,4,356.0,HERO13 Black,,,,,1.0,,1.0,,Paved - Blocked,Yes,,,No,No,No
243700628,84645028,swathi@verifinity.ai,gs://sawasdee-labelstudio/annotation_frames/11_itinerary_1_1_frame000031.jpg,11_itinerary_1_1,11_itinerary_1_1_c1454011,31,310.0,11,2025:04:18 06:51:56,2025-04-18 06:57:06,6,4,356.0,HERO13 Black,,,,,4.0,,3.0,1.0,,,,,No,No,No
243700632,84260498,swathi@verifinity.ai,gs://sawasdee-labelstudio/annotation_frames/11_itinerary_1_1_frame000035.jpg,11_itinerary_1_1,11_itinerary_1_1_c1454011,35,350.0,11,2025:04:18 06:51:56,2025-04-18 06:57:46,6,4,356.0,HERO13 Black,,,,,2.0,,1.0,,,Yes,,,No,No,No
243700634,84499255,swathi@verifinity.ai,gs://sawasdee-labelstudio/annotation_frames/11_itinerary_1_2_frame000001.jpg,11_itinerary_1_2,11_itinerary_1_2_38a69f4c,1,10.0,11,2025:04:18 06:59:32,2025-04-18 06:59:42,6,4,1524.0,HERO13 Black,,,,,,,1.0,,Paved - Blocked,Yes,,,No,No,No
243700642,84538349,swathi@verifinity.ai,gs://sawasdee-labelstudio/annotation_frames/11_itinerary_1_2_frame000008.jpg,11_itinerary_1_2,11_itinerary_1_2_38a69f4c,8,80.0,11,2025:04:18 06:59:32,2025-04-18 07:00:52,7,4,1524.0,HERO13 Black,,,,,1.0,,1.0,,,Yes,,,No,No,No
243700646,84545692,swathi@verifinity.ai,gs://sawasdee-labelstudio/annotation_frames/11_itinerary_1_2_frame000012.jpg,11_itinerary_1_2,11_itinerary_1_2_38a69f4c,12,120.0,11,2025:04:18 06:59:32,2025-04-18 07:01:32,7,4,1524.0,HERO13 Black,,,,,5.0,1.0,,,Paved - Blocked,Yes,,Yes,No,No,No
243700650,84258781,swathi@verifinity.ai,gs://sawasdee-labelstudio/annotation_frames/11_itinerary_1_2_frame000016.jpg,11_itinerary_1_2,11_itinerary_1_2_38a69f4c,16,160.0,11,2025:04:18 06:59:32,2025-04-18 07:02:12,7,4,1524.0,HERO13 Black,,,,,2.0,,,,No sidewalk,Yes,,,No,No,No
243700652,84647750,swathi@verifinity.ai,gs://sawasdee-labelstudio/annotation_frames/11_itinerary_1_2_frame000018.jpg,11_itinerary_1_2,11_itinerary_1_2_38a69f4c,18,180.0,11,2025:04:18 06:59:32,2025-04-18 07:02:32,7,4,1524.0,HERO13 Black,,,,,1.0,3.0,2.0,,,Yes,,,No,No,No
243700656,84385459,swathi@verifinity.ai,gs://sawasdee-labelstudio/annotation_frames/11_itinerary_1_2_frame000022.jpg,11_itinerary_1_2,11_itinerary_1_2_38a69f4c,22,220.0,11,2025:04:18 06:59:32,2025-04-18 07:03:12,7,4,1524.0,HERO13 Black,,,,,1.0,3.0,,,No sidewalk,Yes,,,No,No,No
243700659,84291599,swathi@verifinity.ai,gs://sawasdee-labelstudio/annotation_frames/11_itinerary_1_2_frame000025.jpg,11_itinerary_1_2,11_itinerary_1_2_38a69f4c,25,250.0,11,2025:04:18 06:59:32,2025-04-18 07:03:42,7,4,1524.0,HERO13 Black,,,,,2.0,2.0,,,No sidewalk,Yes,,,No,No,No
243700672,84297661,swathi@verifinity.ai,gs://sawasdee-labelstudio/annotation_frames/11_itinerary_1_2_frame000037.jpg,11_itinerary_1_2,11_itinerary_1_2_38a69f4c,37,370.0,11,2025:04:18 06:59:32,2025-04-18 07:05:42,7,4,1524.0,HERO13 Black,,,,,4.0,,2.0,,Paved,Yes,,,Yes,No,No
243700681,84383056,swathi@verifinity.ai,gs://sawasdee-labelstudio/annotation_frames/11_itinerary_1_2_frame000046.jpg,11_itinerary_1_2,11_itinerary_1_2_38a69f4c,46,460.0,11,2025:04:18 06:59:32,2025-04-18 07:07:12,7,4,1524.0,HERO13 Black,,,,,,1.0,2.0,1.0,Paved,,,,No,No,No
243700683,84615333,swathi@verifinity.ai,gs://sawasdee-labelstudio/annotation_frames/11_itinerary_1_2_frame000048.jpg,11_itinerary_1_2,11_itinerary_1_2_38a69f4c,48,480.0,11,2025:04:18 06:59:32,2025-04-18 07:07:32,7,4,1524.0,HERO13 Black,,,,,6.0,,7.0,1.0,Paved - Blocked,Yes,,,No,No,No
243700694,84294960,swathi@verifinity.ai,gs://sawasdee-labelstudio/annotation_frames/11_itinerary_1_2_frame000058.jpg,11_itinerary_1_2,11_itinerary_1_2_38a69f4c,58,580.0,11,2025:04:18 06:59:32,2025-04-18 07:09:12,7,4,1524.0,HERO13 Black,,,,,4.0,,1.0,1.0,Paved,Yes,,,No,No,No
243700705,84610792,swathi@verifinity.ai,gs://sawasdee-labelstudio/annotation_frames/11_itinerary_1_2_frame000069.jpg,11_itinerary_1_2,11_itinerary_1_2_38a69f4c,69,690.0,11,2025:04:18 06:59:32,2025-04-18 07:11:02,7,4,1524.0,HERO13 Black,,,,,3.0,,,,Paved,Yes,,,No,No,No
243700722,84508360,swathi@verifinity.ai,gs://sawasdee-labelstudio/annotation_frames/11_itinerary_1_2_frame000086.jpg,11_itinerary_1_2,11_itinerary_1_2_38a69f4c,86,860.0,11,2025:04:18 06:59:32,2025-04-18 07:13:52,7,4,1524.0,HERO13 Black,,,,,11.0,2.0,,,Paved - Blocked,,,,No,No,No
243700726,84368737,swathi@verifinity.ai,gs://sawasdee-labelstudio/annotation_frames/11_itinerary_1_2_frame000090.jpg,11_itinerary_1_2,11_itinerary_1_2_38a69f4c,90,900.0,11,2025:04:18 06:59:32,2025-04-18 07:14:32,7,4,1524.0,HERO13 Black,,,,,3.0,,,,No sidewalk,,,,No,No,No
243700730,84644272,swathi@verifinity.ai,gs://sawasdee-labelstudio/annotation_frames/11_itinerary_1_2_frame000094.jpg,11_itinerary_1_2,11_itinerary_1_2_38a69f4c,94,940.0,11,2025:04:18 06:59:32,2025-04-18 07:15:12,7,4,1524.0,HERO13 Black,,,,,11.0,,1.0,,Paved - Blocked,,,,No,No,No
243700737,84259104,swathi@verifinity.ai,gs://sawasdee-labelstudio/annotation_frames/11_itinerary_1_2_frame000101.jpg,11_itinerary_1_2,11_itinerary_1_2_38a69f4c,101,1010.0,11,2025:04:18 06:59:32,2025-04-18 07:16:22,7,4,1524.0,HERO13 Black,,,,,9.0,,3.0,,No sidewalk,,,,No,No,No
243700741,84642072,swathi@verifinity.ai,gs://sawasdee-labelstudio/annotation_frames/11_itinerary_1_2_frame000104.jpg,11_itinerary_1_2,11_itinerary_1_2_38a69f4c,104,1040.0,11,2025:04:18 06:59:32,2025-04-18 07:16:52,7,4,1524.0,HERO13 Black,,,,,11.0,3.0,,,Paved - Blocked,,,,No,No,Yes
243700745,84642486,swathi@verifinity.ai,gs://sawasdee-labelstudio/annotation_frames/11_itinerary_1_2_frame000108.jpg,11_itinerary_1_2,11_itinerary_1_2_38a69f4c,108,1080.0,11,2025:04:18 06:59:32,2025-04-18 07:17:32,7,4,1524.0,HERO13 Black,,,,,4.0,3.0,4.0,,,Yes,,,No,No,No
243700746,84640204,swathi@verifinity.ai,gs://sawasdee-labelstudio/annotation_frames/11_itinerary_1_2_frame000109.jpg,11_itinerary_1_2,11_itinerary_1_2_38a69f4c,109,1090.0,11,2025:04:18 06:59:32,2025-04-18 07:17:42,7,4,1524.0,HERO13 Black,,,,,9.0,,1.0,,No sidewalk,,,,No,No,No
243700749,84367893,swathi@verifinity.ai,gs://sawasdee-labelstudio/annotation_frames/11_itinerary_1_2_frame000112.jpg,11_itinerary_1_2,11_itinerary_1_2_38a69f4c,112,1120.0,11,2025:04:18 06:59:32,2025-04-18 07:18:12,7,4,1524.0,HERO13 Black,,,,,1.0,,4.0,,No sidewalk,Yes,,,No,No,No
243700756,84288177,swathi@verifinity.ai,gs://sawasdee-labelstudio/annotation_frames/11_itinerary_1_2_frame000119.jpg,11_itinerary_1_2,11_itinerary_1_2_38a69f4c,119,1190.0,11,2025:04:18 06:59:32,2025-04-18 07:19:22,7,4,1524.0,HERO13 Black,,,,,11.0,3.0,6.0,,,Yes,,,No,No,No
243700761,84986770,swathi@verifinity.ai,gs://sawasdee-labelstudio/annotation_frames/11_itinerary_1_2_frame000124.jpg,11_itinerary_1_2,11_itinerary_1_2_38a69f4c,124,1240.0,11,2025:04:18 06:59:32,2025-04-18 07:20:12,7,4,1524.0,HERO13 Black,,,,,3.0,,11.0,1.0,,Yes,,,No,No,Yes
243700767,85013418,swathi@verifinity.ai,gs://sawasdee-labelstudio/annotation_frames/11_itinerary_1_2_frame000130.jpg,11_itinerary_1_2,11_itinerary_1_2_38a69f4c,130,1300.0,11,2025:04:18 06:59:32,2025-04-18 07:21:12,7,4,1524.0,HERO13 Black,,,,,3.0,,5.0,,No sidewalk,Yes,,,No,No,No
243700771,84646083,swathi@verifinity.ai,gs://sawasdee-labelstudio/annotation_frames/11_itinerary_1_2_frame000134.jpg,11_itinerary_1_2,11_itinerary_1_2_38a69f4c,134,1340.0,11,2025:04:18 06:59:32,2025-04-18 07:21:52,7,4,1524.0,HERO13 Black,,,,,7.0,1.0,2.0,1.0,,Yes,,,No,No,No
243700773,84528022,swathi@verifinity.ai,gs://sawasdee-labelstudio/annotation_frames/11_itinerary_1_2_frame000136.jpg,11_itinerary_1_2,11_itinerary_1_2_38a69f4c,136,1360.0,11,2025:04:18 06:59:32,2025-04-18 07:22:12,7,4,1524.0,HERO13 Black,,,,,4.0,,4.0,,Paved - Blocked,Yes,,,No,No,No
243700779,84645562,swathi@verifinity.ai,gs://sawasdee-labelstudio/annotation_frames/11_itinerary_1_2_frame000142.jpg,11_itinerary_1_2,11_itinerary_1_2_38a69f4c,142,1420.0,11,2025:04:18 06:59:32,2025-04-18 07:23:12,7,4,1524.0,HERO13 Black,,,,,,,3.0,,Paved - Blocked,,,,No,No,No
243700781,84645238,swathi@verifinity.ai,gs://sawasdee-labelstudio/annotation_frames/11_itinerary_1_2_frame000144.jpg,11_itinerary_1_2,11_itinerary_1_2_38a69f4c,144,1440.0,11,2025:04:18 06:59:32,2025-04-18 07:23:32,7,4,1524.0,HERO13 Black,,,,,4.0,1.0,7.0,,Paved - Blocked,Yes,,,No,No,No
243700787,84539131,swathi@verifinity.ai,gs://sawasdee-labelstudio/annotation_frames/11_itinerary_1_2_frame000150.jpg,11_itinerary_1_2,11_itinerary_1_2_38a69f4c,150,1500.0,11,2025:04:18 06:59:32,2025-04-18 07:24:32,7,4,1524.0,HERO13 Black,,,,,3.0,4.0,,,No sidewalk,,,,No,No,No
243700805,84646286,swathi@verifinity.ai,gs://sawasdee-labelstudio/annotation_frames/11_itinerary_2_frame000015.jpg,11_itinerary_2,11_itinerary_2_f5bb7363,15,150.0,11,2025:04:18 07:46:30,2025-04-18 07:49:00,7,4,555.0,HERO13 Black,,,,,4.0,1.0,2.0,1.0,,,,,No,No,No
243700817,84385613,swathi@verifinity.ai,gs://sawasdee-labelstudio/annotation_frames/11_itinerary_2_frame000027.jpg,11_itinerary_2,11_itinerary_2_f5bb7363,27,270.0,11,2025:04:18 07:46:30,2025-04-18 07:51:00,7,4,555.0,HERO13 Black,,,,,8.0,1.0,2.0,,,,,,No,No,No
243700825,84379624,swathi@verifinity.ai,gs://sawasdee-labelstudio/annotation_frames/11_itinerary_2_frame000035.jpg,11_itinerary_2,11_itinerary_2_f5bb7363,35,350.0,11,2025:04:18 07:46:30,2025-04-18 07:52:20,7,4,555.0,HERO13 Black,,,,,11.0,,,,,Yes,,,No,No,No
243700827,84376256,swathi@verifinity.ai,gs://sawasdee-labelstudio/annotation_frames/11_itinerary_2_frame000037.jpg,11_itinerary_2,11_itinerary_2_f5bb7363,37,370.0,11,2025:04:18 07:46:30,2025-04-18 07:52:40,7,4,555.0,HERO13 Black,,,,,7.0,1.0,,,No sidewalk,Yes,,,No,No,No
243700829,84378094,swathi@verifinity.ai,gs://sawasdee-labelstudio/annotation_frames/11_itinerary_2_frame000039.jpg,11_itinerary_2,11_itinerary_2_f5bb7363,39,390.0,11,2025:04:18 07:46:30,2025-04-18 07:53:00,7,4,555.0,HERO13 Black,,,,,11.0,,,,No sidewalk,,,,No,No,No
243700832,84292088,swathi@verifinity.ai,gs://sawasdee-labelstudio/annotation_frames/11_itinerary_2_frame000042.jpg,11_itinerary_2,11_itinerary_2_f5bb7363,42,420.0,11,2025:04:18 07:46:30,2025-04-18 07:53:30,7,4,555.0,HERO13 Black,,,,,11.0,1.0,,,,,,,No,No,No
243700833,84616847,swathi@verifinity.ai,gs://sawasdee-labelstudio/annotation_frames/11_itinerary_2_frame000043.jpg,11_itinerary_2,11_itinerary_2_f5bb7363,43,430.0,11,2025:04:18 07:46:30,2025-04-18 07:53:40,7,4,555.0,HERO13 Black,,,,,11.0,2.0,2.0,,,,,,No,No,No
243700837,85011710,swathi@verifinity.ai,gs://sawasdee-labelstudio/annotation_frames/11_itinerary_2_frame000047.jpg,11_itinerary_2,11_itinerary_2_f5bb7363,47,470.0,11,2025:04:18 07:46:30,2025-04-18 07:54:20,7,4,555.0,HERO13 Black,,,,,11.0,1.0,1.0,,No sidewalk,,,,No,No,No
243700838,84985342,swathi@verifinity.ai,gs://sawasdee-labelstudio/annotation_frames/11_itinerary_2_frame000048.jpg,11_itinerary_2,11_itinerary_2_f5bb7363,48,480.0,11,2025:04:18 07:46:30,2025-04-18 07:54:30,7,4,555.0,HERO13 Black,,,,,11.0,5.0,,,,Yes,,,No,No,Yes
243700841,84394228,swathi@verifinity.ai,gs://sawasdee-labelstudio/annotation_frames/11_itinerary_2_frame000051.jpg,11_itinerary_2,11_itinerary_2_f5bb7363,51,510.0,11,2025:04:18 07:46:30,2025-04-18 07:55:00,7,4,555.0,HERO13 Black,,,,,11.0,3.0,,,,Yes,,,No,No,No
243700844,84535614,swathi@verifinity.ai,gs://sawasdee-labelstudio/annotation_frames/11_itinerary_2_frame000054.jpg,11_itinerary_2,11_itinerary_2_f5bb7363,54,540.0,11,2025:04:18 07:46:30,2025-04-18 07:55:30,7,4,555.0,HERO13 Black,,,,,11.0,2.0,,,,Yes,,,No,No,Yes
243700852,84645881,swathi@verifinity.ai,gs://sawasdee-labelstudio/annotation_frames/11_itinerary_3_1_frame000005.jpg,11_itinerary_3_1,11_itinerary_3_1_ec9bdc59,5,50.0,11,2025:04:18 08:04:08,2025-04-18 08:04:58,8,4,2114.0,HERO13 Black,,,,,4.0,,1.0,,Paved,Yes,,,No,No,No
243700854,84291160,swathi@verifinity.ai,gs://sawasdee-labelstudio/annotation_frames/11_itinerary_3_1_frame000007.jpg,11_itinerary_3_1,11_itinerary_3_1_ec9bdc59,7,70.0,11,2025:04:18 08:04:08,2025-04-18 08:05:18,8,4,2114.0,HERO13 Black,,,,,11.0,,,,Paved,Yes,,,No,No,No
243700857,83686615,varun.rama@usc.edu,gs://sawasdee-labelstudio/annotation_frames/11_itinerary_3_1_frame000010.jpg,11_itinerary_3_1,11_itinerary_3_1_ec9bdc59,10,100.0,11,2025:04:18 08:04:08,2025-04-18 08:05:48,8,4,2114.0,HERO13 Black,,,,,2.0,0.0,0.0,0.0,Paved,No,No,No,No,No,No
243700866,84645213,swathi@verifinity.ai,gs://sawasdee-labelstudio/annotation_frames/11_itinerary_3_1_frame000019.jpg,11_itinerary_3_1,11_itinerary_3_1_ec9bdc59,19,190.0,11,2025:04:18 08:04:08,2025-04-18 08:07:18,8,4,2114.0,HERO13 Black,,,,,2.0,,,,Paved,Yes,,,No,No,No
243700885,84383855,swathi@verifinity.ai,gs://sawasdee-labelstudio/annotation_frames/11_itinerary_3_1_frame000038.jpg,11_itinerary_3_1,11_itinerary_3_1_ec9bdc59,38,380.0,11,2025:04:18 08:04:08,2025-04-18 08:10:28,8,4,2114.0,HERO13 Black,,,,,11.0,,2.0,,Paved,Yes,,Yes,No,No,No
243700887,84264707,swathi@verifinity.ai,gs://sawasdee-labelstudio/annotation_frames/11_itinerary_3_1_frame000040.jpg,11_itinerary_3_1,11_itinerary_3_1_ec9bdc59,40,400.0,11,2025:04:18 08:04:08,2025-04-18 08:10:48,8,4,2114.0,HERO13 Black,,,,,1.0,,1.0,,Paved,,,,No,No,No
243700900,84369011,swathi@verifinity.ai,gs://sawasdee-labelstudio/annotation_frames/11_itinerary_3_1_frame000051.jpg,11_itinerary_3_1,11_itinerary_3_1_ec9bdc59,51,510.0,11,2025:04:18 08:04:08,2025-04-18 08:12:38,8,4,2114.0,HERO13 Black,,,,,11.0,2.0,,,,Yes,,,No,No,No
243700903,84260284,swathi@verifinity.ai,gs://sawasdee-labelstudio/annotation_frames/11_itinerary_3_1_frame000054.jpg,11_itinerary_3_1,11_itinerary_3_1_ec9bdc59,54,540.0,11,2025:04:18 08:04:08,2025-04-18 08:13:08,8,4,2114.0,HERO13 Black,,,,,,,,,Paved - Blocked,Yes,,,No,No,No
243700905,84536631,swathi@verifinity.ai,gs://sawasdee-labelstudio/annotation_frames/11_itinerary_3_1_frame000056.jpg,11_itinerary_3_1,11_itinerary_3_1_ec9bdc59,56,560.0,11,2025:04:18 08:04:08,2025-04-18 08:13:28,8,4,2114.0,HERO13 Black,,,,,,,,,,Yes,,,No,No,No
243700913,84291384,swathi@verifinity.ai,gs://sawasdee-labelstudio/annotation_frames/11_itinerary_3_1_frame000064.jpg,11_itinerary_3_1,11_itinerary_3_1_ec9bdc59,64,640.0,11,2025:04:18 08:04:08,2025-04-18 08:14:48,8,4,2114.0,HERO13 Black,,,,,1.0,,,,Paved - Blocked,Yes,,,No,No,No
243700930,84257468,swathi@verifinity.ai,gs://sawasdee-labelstudio/annotation_frames/11_itinerary_3_1_frame000081.jpg,11_itinerary_3_1,11_itinerary_3_1_ec9bdc59,81,810.0,11,2025:04:18 08:04:08,2025-04-18 08:17:38,8,4,2114.0,HERO13 Black,,,,,3.0,,3.0,1.0,No sidewalk,,,Construction debris,No,No,No
243700932,84260078,swathi@verifinity.ai,gs://sawasdee-labelstudio/annotation_frames/11_itinerary_3_1_frame000083.jpg,11_itinerary_3_1,11_itinerary_3_1_ec9bdc59,83,830.0,11,2025:04:18 08:04:08,2025-04-18 08:17:58,8,4,2114.0,HERO13 Black,,,,,2.0,,,,Paved - Blocked,Yes,,,No,No,No
243700935,85022331,swathi@verifinity.ai,gs://sawasdee-labelstudio/annotation_frames/11_itinerary_3_1_frame000086.jpg,11_itinerary_3_1,11_itinerary_3_1_ec9bdc59,86,860.0,11,2025:04:18 08:04:08,2025-04-18 08:18:28,8,4,2114.0,HERO13 Black,,,,,,,,,No sidewalk,,,,No,No,No
243700939,84637126,swathi@verifinity.ai,gs://sawasdee-labelstudio/annotation_frames/11_itinerary_3_1_frame000090.jpg,11_itinerary_3_1,11_itinerary_3_1_ec9bdc59,90,900.0,11,2025:04:18 08:04:08,2025-04-18 08:19:08,8,4,2114.0,HERO13 Black,,,,,1.0,,,,Paved - Blocked,,,,No,No,No
243700940,84284315,swathi@verifinity.ai,gs://sawasdee-labelstudio/annotation_frames/11_itinerary_3_1_frame000091.jpg,11_itinerary_3_1,11_itinerary_3_1_ec9bdc59,91,910.0,11,2025:04:18 08:04:08,2025-04-18 08:19:18,8,4,2114.0,HERO13 Black,,,,,,,4.0,,,,,Yes,No,No,No
243700941,84640497,swathi@verifinity.ai,gs://sawasdee-labelstudio/annotation_frames/11_itinerary_3_1_frame000092.jpg,11_itinerary_3_1,11_itinerary_3_1_ec9bdc59,92,920.0,11,2025:04:18 08:04:08,2025-04-18 08:19:28,8,4,2114.0,HERO13 Black,,,,,4.0,,1.0,1.0,,N/A,N/A,Construction debris,No,No,No
243700951,84369626,swathi@verifinity.ai,gs://sawasdee-labelstudio/annotation_frames/11_itinerary_3_1_frame000101.jpg,11_itinerary_3_1,11_itinerary_3_1_ec9bdc59,101,1010.0,11,2025:04:18 08:04:08,2025-04-18 08:20:58,8,4,2114.0,HERO13 Black,,,,,1.0,1.0,2.0,1.0,Paved,,,,No,No,No
243700956,84618835,swathi@verifinity.ai,gs://sawasdee-labelstudio/annotation_frames/11_itinerary_3_1_frame000105.jpg,11_itinerary_3_1,11_itinerary_3_1_ec9bdc59,105,1050.0,11,2025:04:18 08:04:08,2025-04-18 08:21:38,8,4,2114.0,HERO13 Black,,,,,7.0,1.0,2.0,,,,,,No,No,No
243700957,84642164,swathi@verifinity.ai,gs://sawasdee-labelstudio/annotation_frames/11_itinerary_3_1_frame000106.jpg,11_itinerary_3_1,11_itinerary_3_1_ec9bdc59,106,1060.0,11,2025:04:18 08:04:08,2025-04-18 08:21:48,8,4,2114.0,HERO13 Black,,,,,11.0,2.0,2.0,,Paved,Yes,,,No,No,No
243700965,84295831,swathi@verifinity.ai,gs://sawasdee-labelstudio/annotation_frames/11_itinerary_3_1_frame000114.jpg,11_itinerary_3_1,11_itinerary_3_1_ec9bdc59,114,1140.0,11,2025:04:18 08:04:08,2025-04-18 08:23:08,8,4,2114.0,HERO13 Black,,,,,2.0,,,,Paved - Blocked,Yes,,,No,No,No
243700967,84645374,swathi@verifinity.ai,gs://sawasdee-labelstudio/annotation_frames/11_itinerary_3_1_frame000116.jpg,11_itinerary_3_1,11_itinerary_3_1_ec9bdc59,116,1160.0,11,2025:04:18 08:04:08,2025-04-18 08:23:28,8,4,2114.0,HERO13 Black,,,,,,,,,,Yes,,,No,No,No
243700973,84269253,swathi@verifinity.ai,gs://sawasdee-labelstudio/annotation_frames/11_itinerary_3_1_frame000122.jpg,11_itinerary_3_1,11_itinerary_3_1_ec9bdc59,122,1220.0,11,2025:04:18 08:04:08,2025-04-18 08:24:28,8,4,2114.0,HERO13 Black,,,,,2.0,,,,No sidewalk,Yes,,,No,No,No
243700982,84644644,swathi@verifinity.ai,gs://sawasdee-labelstudio/annotation_frames/11_itinerary_3_1_frame000131.jpg,11_itinerary_3_1,11_itinerary_3_1_ec9bdc59,131,1310.0,11,2025:04:18 08:04:08,2025-04-18 08:25:58,8,4,2114.0,HERO13 Black,,,,,2.0,1.0,,,Paved,Yes,,,No,No,No
243700983,84498816,swathi@verifinity.ai,gs://sawasdee-labelstudio/annotation_frames/11_itinerary_3_1_frame000132.jpg,11_itinerary_3_1,11_itinerary_3_1_ec9bdc59,132,1320.0,11,2025:04:18 08:04:08,2025-04-18 08:26:08,8,4,2114.0,HERO13 Black,,,,,5.0,,,,Paved,Yes,,,No,No,No
243700989,84642212,swathi@verifinity.ai,gs://sawasdee-labelstudio/annotation_frames/11_itinerary_3_1_frame000138.jpg,11_itinerary_3_1,11_itinerary_3_1_ec9bdc59,138,1380.0,11,2025:04:18 08:04:08,2025-04-18 08:27:08,8,4,2114.0,HERO13 Black,,,,,1.0,,1.0,,Paved,Yes,,,Yes,No,No
243700993,84527426,swathi@verifinity.ai,gs://sawasdee-labelstudio/annotation_frames/11_itinerary_3_1_frame000142.jpg,11_itinerary_3_1,11_itinerary_3_1_ec9bdc59,142,1420.0,11,2025:04:18 08:04:08,2025-04-18 08:27:48,8,4,2114.0,HERO13 Black,,,,,,,,,Paved,Yes,,,No,No,No
243700998,84643585,swathi@verifinity.ai,gs://sawasdee-labelstudio/annotation_frames/11_itinerary_3_1_frame000146.jpg,11_itinerary_3_1,11_itinerary_3_1_ec9bdc59,146,1460.0,11,2025:04:18 08:04:08,2025-04-18 08:28:28,8,4,2114.0,HERO13 Black,,,,,1.0,1.0,2.0,,Paved,Yes,,,No,No,No
243701002,84264332,swathi@verifinity.ai,gs://sawasdee-labelstudio/annotation_frames/11_itinerary_3_1_frame000150.jpg,11_itinerary_3_1,11_itinerary_3_1_ec9bdc59,150,1500.0,11,2025:04:18 08:04:08,2025-04-18 08:29:08,8,4,2114.0,HERO13 Black,,,,,2.0,,,,,,,,No,No,No
243701008,84373198,swathi@verifinity.ai,gs://sawasdee-labelstudio/annotation_frames/11_itinerary_3_1_frame000156.jpg,11_itinerary_3_1,11_itinerary_3_1_ec9bdc59,156,1560.0,11,2025:04:18 08:04:08,2025-04-18 08:30:08,8,4,2114.0,HERO13 Black,,,,,5.0,2.0,,,Paved,Yes,,,No,No,No
243701012,84373559,swathi@verifinity.ai,gs://sawasdee-labelstudio/annotation_frames/11_itinerary_3_1_frame000160.jpg,11_itinerary_3_1,11_itinerary_3_1_ec9bdc59,160,1600.0,11,2025:04:18 08:04:08,2025-04-18 08:30:48,8,4,2114.0,HERO13 Black,,,,,1.0,,,,Paved,Yes,,,No,No,No
243701017,84361889,swathi@verifinity.ai,gs://sawasdee-labelstudio/annotation_frames/11_itinerary_3_1_frame000165.jpg,11_itinerary_3_1,11_itinerary_3_1_ec9bdc59,165,1650.0,11,2025:04:18 08:04:08,2025-04-18 08:31:38,8,4,2114.0,HERO13 Black,,,,,,,,,,Yes,,,No,No,No
243701019,84534560,swathi@verifinity.ai,gs://sawasdee-labelstudio/annotation_frames/11_itinerary_3_1_frame000167.jpg,11_itinerary_3_1,11_itinerary_3_1_ec9bdc59,167,1670.0,11,2025:04:18 08:04:08,2025-04-18 08:31:58,8,4,2114.0,HERO13 Black,,,,,3.0,3.0,1.0,,Paved,Yes,,,No,No,No
243701020,84637918,swathi@verifinity.ai,gs://sawasdee-labelstudio/annotation_frames/11_itinerary_3_1_frame000168.jpg,11_itinerary_3_1,11_itinerary_3_1_ec9bdc59,168,1680.0,11,2025:04:18 08:04:08,2025-04-18 08:32:08,8,4,2114.0,HERO13 Black,,,,,4.0,,2.0,,Paved,Yes,,,No,No,No
243701024,84256480,swathi@verifinity.ai,gs://sawasdee-labelstudio/annotation_frames/11_itinerary_3_1_frame000172.jpg,11_itinerary_3_1,11_itinerary_3_1_ec9bdc59,172,1720.0,11,2025:04:18 08:04:08,2025-04-18 08:32:48,8,4,2114.0,HERO13 Black,,,,,,,3.0,,Paved,Yes,,,No,No,No
243701032,84255753,swathi@verifinity.ai,gs://sawasdee-labelstudio/annotation_frames/11_itinerary_3_1_frame000180.jpg,11_itinerary_3_1,11_itinerary_3_1_ec9bdc59,180,1800.0,11,2025:04:18 08:04:08,2025-04-18 08:34:08,8,4,2114.0,HERO13 Black,,,,,2.0,,3.0,,Paved,Yes,,,No,No,No
243701037,84645945,swathi@verifinity.ai,gs://sawasdee-labelstudio/annotation_frames/11_itinerary_3_1_frame000185.jpg,11_itinerary_3_1,11_itinerary_3_1_ec9bdc59,185,1850.0,11,2025:04:18 08:04:08,2025-04-18 08:34:58,8,4,2114.0,HERO13 Black,,,,,,,1.0,,Paved,Yes,,,No,No,No
243701038,84645756,swathi@verifinity.ai,gs://sawasdee-labelstudio/annotation_frames/11_itinerary_3_1_frame000186.jpg,11_itinerary_3_1,11_itinerary_3_1_ec9bdc59,186,1860.0,11,2025:04:18 08:04:08,2025-04-18 08:35:08,8,4,2114.0,HERO13 Black,,,,,,,1.0,,Paved,Yes,,,Yes,No,No
243701040,84644719,swathi@verifinity.ai,gs://sawasdee-labelstudio/annotation_frames/11_itinerary_3_1_frame000188.jpg,11_itinerary_3_1,11_itinerary_3_1_ec9bdc59,188,1880.0,11,2025:04:18 08:04:08,2025-04-18 08:35:28,8,4,2114.0,HERO13 Black,,,,,1.0,,,,Paved,Yes,,,No,No,No
243701048,84644088,swathi@verifinity.ai,gs://sawasdee-labelstudio/annotation_frames/11_itinerary_3_1_frame000196.jpg,11_itinerary_3_1,11_itinerary_3_1_ec9bdc59,196,1960.0,11,2025:04:18 08:04:08,2025-04-18 08:36:48,8,4,2114.0,HERO13 Black,,,,,2.0,,1.0,1.0,Paved,Yes,,,No,No,No
243701054,84283323,swathi@verifinity.ai,gs://sawasdee-labelstudio/annotation_frames/11_itinerary_3_1_frame000202.jpg,11_itinerary_3_1,11_itinerary_3_1_ec9bdc59,202,2020.0,11,2025:04:18 08:04:08,2025-04-18 08:37:48,8,4,2114.0,HERO13 Black,,,,,1.0,1.0,1.0,,Paved,Yes,,,No,No,No
243701061,84282693,swathi@verifinity.ai,gs://sawasdee-labelstudio/annotation_frames/11_itinerary_3_1_frame000209.jpg,11_itinerary_3_1,11_itinerary_3_1_ec9bdc59,209,2090.0,11,2025:04:18 08:04:08,2025-04-18 08:38:58,8,4,2114.0,HERO13 Black,,,,,,,,,,Yes,,,No,No,No
243701063,84287447,swathi@verifinity.ai,gs://sawasdee-labelstudio/annotation_frames/11_itinerary_3_2_frame000000.jpg,11_itinerary_3_2,11_itinerary_3_2_c38f88ef,0,0.0,11,2025:04:18 08:04:08,2025-04-18 08:04:08,8,4,137.0,HERO13 Black,,,,,,,,,Paved,Yes,,,No,No,No
243701068,84386588,swathi@verifinity.ai,gs://sawasdee-labelstudio/annotation_frames/11_itinerary_3_2_frame000005.jpg,11_itinerary_3_2,11_itinerary_3_2_c38f88ef,5,50.0,11,2025:04:18 08:04:08,2025-04-18 08:04:58,8,4,137.0,HERO13 Black,,,,,6.0,,2.0,,Paved - Blocked,Yes,,,No,No,No
243701085,84533269,swathi@verifinity.ai,gs://sawasdee-labelstudio/annotation_frames/11_itinerary_4_frame000007.jpg,11_itinerary_4,11_itinerary_4_b7be29f3,7,70.0,11,2025:04:18 08:57:04,2025-04-18 08:58:14,8,4,747.0,HERO13 Black,,,,,2.0,,1.0,,No sidewalk,,,Yes,No,No,No
243701109,84644562,swathi@verifinity.ai,gs://sawasdee-labelstudio/annotation_frames/11_itinerary_4_frame000032.jpg,11_itinerary_4,11_itinerary_4_b7be29f3,32,320.0,11,2025:04:18 08:57:04,2025-04-18 09:02:24,9,4,747.0,HERO13 Black,,,,,7.0,2.0,3.0,2.0,No sidewalk,Yes,,,Yes,No,No
243701112,84296216,swathi@verifinity.ai,gs://sawasdee-labelstudio/annotation_frames/11_itinerary_4_frame000035.jpg,11_itinerary_4,11_itinerary_4_b7be29f3,35,350.0,11,2025:04:18 08:57:04,2025-04-18 09:02:54,9,4,747.0,HERO13 Black,,,,,2.0,,3.0,1.0,No sidewalk,Yes,,,No,No,No
243701113,84639748,swathi@verifinity.ai,gs://sawasdee-labelstudio/annotation_frames/11_itinerary_4_frame000036.jpg,11_itinerary_4,11_itinerary_4_b7be29f3,36,360.0,11,2025:04:18 08:57:04,2025-04-18 09:03:04,9,4,747.0,HERO13 Black,,,,,,3.0,3.0,2.0,Paved - Blocked,Yes,,,No,No,No
243701118,84999024,swathi@verifinity.ai,gs://sawasdee-labelstudio/annotation_frames/11_itinerary_4_frame000041.jpg,11_itinerary_4,11_itinerary_4_b7be29f3,41,410.0,11,2025:04:18 08:57:04,2025-04-18 09:03:54,9,4,747.0,HERO13 Black,,,,,1.0,,3.0,,Paved,Yes,,,No,No,No
243701120,84645972,swathi@verifinity.ai,gs://sawasdee-labelstudio/annotation_frames/11_itinerary_4_frame000043.jpg,11_itinerary_4,11_itinerary_4_b7be29f3,43,430.0,11,2025:04:18 08:57:04,2025-04-18 09:04:14,9,4,747.0,HERO13 Black,,,,,2.0,,,,Paved,Yes,,,No,No,No
243701123,84514604,swathi@verifinity.ai,gs://sawasdee-labelstudio/annotation_frames/11_itinerary_4_frame000046.jpg,11_itinerary_4,11_itinerary_4_b7be29f3,46,460.0,11,2025:04:18 08:57:04,2025-04-18 09:04:44,9,4,747.0,HERO13 Black,,,,,,,,,Paved,,,,No,No,No
243701124,84391923,swathi@verifinity.ai,gs://sawasdee-labelstudio/annotation_frames/11_itinerary_4_frame000047.jpg,11_itinerary_4,11_itinerary_4_b7be29f3,47,470.0,11,2025:04:18 08:57:04,2025-04-18 09:04:54,9,4,747.0,HERO13 Black,,,,,1.0,,1.0,,,Yes,,,Yes,No,No
243701125,84267880,swathi@verifinity.ai,gs://sawasdee-labelstudio/annotation_frames/11_itinerary_4_frame000048.jpg,11_itinerary_4,11_itinerary_4_b7be29f3,48,480.0,11,2025:04:18 08:57:04,2025-04-18 09:05:04,9,4,747.0,HERO13 Black,,,,,,,,,Paved,Yes,,,No,No,No
243701132,84986199,swathi@verifinity.ai,gs://sawasdee-labelstudio/annotation_frames/11_itinerary_4_frame000054.jpg,11_itinerary_4,11_itinerary_4_b7be29f3,54,540.0,11,2025:04:18 08:57:04,2025-04-18 09:06:04,9,4,747.0,HERO13 Black,,,,,5.0,,,,No sidewalk,Yes,,,No,No,No
243701139,84398207,swathi@verifinity.ai,gs://sawasdee-labelstudio/annotation_frames/11_itinerary_4_frame000061.jpg,11_itinerary_4,11_itinerary_4_b7be29f3,61,610.0,11,2025:04:18 08:57:04,2025-04-18 09:07:14,9,4,747.0,HERO13 Black,,,,,1.0,,,,,,,,No,No,No
243701145,84382475,swathi@verifinity.ai,gs://sawasdee-labelstudio/annotation_frames/11_itinerary_4_frame000067.jpg,11_itinerary_4,11_itinerary_4_b7be29f3,67,670.0,11,2025:04:18 08:57:04,2025-04-18 09:08:14,9,4,747.0,HERO13 Black,,,,,,,,,,Yes,,,No,No,No
243701147,84524240,swathi@verifinity.ai,gs://sawasdee-labelstudio/annotation_frames/11_itinerary_4_frame000069.jpg,11_itinerary_4,11_itinerary_4_b7be29f3,69,690.0,11,2025:04:18 08:57:04,2025-04-18 09:08:34,9,4,747.0,HERO13 Black,,,,,,,,,Paved,Yes,,,No,No,No
243701158,84284108,swathi@verifinity.ai,gs://sawasdee-labelstudio/annotation_frames/11_itinerary_5_frame000004.jpg,11_itinerary_5,11_itinerary_5_dd50e8db,4,40.0,11,2025:04:18 09:39:56,2025-04-18 09:40:36,9,4,570.0,HERO13 Black,,,,,,,1.0,,No sidewalk,Yes,,,No,No,No
243701160,84539345,swathi@verifinity.ai,gs://sawasdee-labelstudio/annotation_frames/11_itinerary_5_frame000006.jpg,11_itinerary_5,11_itinerary_5_dd50e8db,6,60.0,11,2025:04:18 09:39:56,2025-04-18 09:40:56,9,4,570.0,HERO13 Black,,,,,,,,,No sidewalk,Yes,,,No,No,No
243701165,83686520,varun.rama@usc.edu,gs://sawasdee-labelstudio/annotation_frames/11_itinerary_5_frame000011.jpg,11_itinerary_5,11_itinerary_5_dd50e8db,11,110.0,11,2025:04:18 09:39:56,2025-04-18 09:41:46,9,4,570.0,HERO13 Black,,,,,0.0,,1.0,0.0,,Yes,No,,No,No,No
243701167,85019703,swathi@verifinity.ai,gs://sawasdee-labelstudio/annotation_frames/11_itinerary_5_frame000013.jpg,11_itinerary_5,11_itinerary_5_dd50e8db,13,130.0,11,2025:04:18 09:39:56,2025-04-18 09:42:06,9,4,570.0,HERO13 Black,,,,,2.0,,,,,,,,No,No,No
243701173,84365777,swathi@verifinity.ai,gs://sawasdee-labelstudio/annotation_frames/11_itinerary_5_frame000019.jpg,11_itinerary_5,11_itinerary_5_dd50e8db,19,190.0,11,2025:04:18 09:39:56,2025-04-18 09:43:06,9,4,570.0,HERO13 Black,,,,,1.0,,1.0,,Paved,Yes,,,No,No,No
243701187,84290504,swathi@verifinity.ai,gs://sawasdee-labelstudio/annotation_frames/11_itinerary_5_frame000032.jpg,11_itinerary_5,11_itinerary_5_dd50e8db,32,320.0,11,2025:04:18 09:39:56,2025-04-18 09:45:16,9,4,570.0,HERO13 Black,,,,,,,2.0,,,Yes,,,No,No,No
243701192,84524577,swathi@verifinity.ai,gs://sawasdee-labelstudio/annotation_frames/11_itinerary_5_frame000037.jpg,11_itinerary_5,11_itinerary_5_dd50e8db,37,370.0,11,2025:04:18 09:39:56,2025-04-18 09:46:06,9,4,570.0,HERO13 Black,,,,,2.0,2.0,2.0,,,Yes,,,No,No,No
243701196,84644576,swathi@verifinity.ai,gs://sawasdee-labelstudio/annotation_frames/11_itinerary_5_frame000041.jpg,11_itinerary_5,11_itinerary_5_dd50e8db,41,410.0,11,2025:04:18 09:39:56,2025-04-18 09:46:46,9,4,570.0,HERO13 Black,,,,,,,1.0,,Paved,Yes,,,No,No,No
243701203,84297608,swathi@verifinity.ai,gs://sawasdee-labelstudio/annotation_frames/11_itinerary_5_frame000048.jpg,11_itinerary_5,11_itinerary_5_dd50e8db,48,480.0,11,2025:04:18 09:39:56,2025-04-18 09:47:56,9,4,570.0,HERO13 Black,,,,,,,,,Paved,,,,No,No,No
243701205,84533946,swathi@verifinity.ai,gs://sawasdee-labelstudio/annotation_frames/11_itinerary_5_frame000050.jpg,11_itinerary_5,11_itinerary_5_dd50e8db,50,500.0,11,2025:04:18 09:39:56,2025-04-18 09:48:16,9,4,570.0,HERO13 Black,,,,,7.0,,,,,,,,No,No,No
243701215,84646209,swathi@verifinity.ai,gs://sawasdee-labelstudio/annotation_frames/11_itinerary_6_frame000003.jpg,11_itinerary_6,11_itinerary_6_2408cdcb,3,30.0,11,2025:04:18 09:55:21,2025-04-18 09:55:51,9,4,1297.0,HERO13 Black,,,,,2.0,1.0,3.0,,Paved,Yes,,,No,No,No
243701223,84644606,swathi@verifinity.ai,gs://sawasdee-labelstudio/annotation_frames/11_itinerary_6_frame000011.jpg,11_itinerary_6,11_itinerary_6_2408cdcb,11,110.0,11,2025:04:18 09:55:21,2025-04-18 09:57:11,9,4,1297.0,HERO13 Black,,,,,,,2.0,,Paved,,,,No,No,No
243701225,84380096,swathi@verifinity.ai,gs://sawasdee-labelstudio/annotation_frames/11_itinerary_6_frame000013.jpg,11_itinerary_6,11_itinerary_6_2408cdcb,13,130.0,11,2025:04:18 09:55:21,2025-04-18 09:57:31,9,4,1297.0,HERO13 Black,,,,,,,,,,Yes,,,No,No,No
243701231,84644381,swathi@verifinity.ai,gs://sawasdee-labelstudio/annotation_frames/11_itinerary_6_frame000019.jpg,11_itinerary_6,11_itinerary_6_2408cdcb,19,190.0,11,2025:04:18 09:55:21,2025-04-18 09:58:31,9,4,1297.0,HERO13 Black,,,,,,,,,,Yes,,,No,No,No
243701234,84991295,swathi@verifinity.ai,gs://sawasdee-labelstudio/annotation_frames/11_itinerary_6_frame000022.jpg,11_itinerary_6,11_itinerary_6_2408cdcb,22,220.0,11,2025:04:18 09:55:21,2025-04-18 09:59:01,9,4,1297.0,HERO13 Black,,,,,,,3.0,,Paved,Yes,,,No,No,No
243701237,84385572,swathi@verifinity.ai,gs://sawasdee-labelstudio/annotation_frames/11_itinerary_6_frame000025.jpg,11_itinerary_6,11_itinerary_6_2408cdcb,25,250.0,11,2025:04:18 09:55:21,2025-04-18 09:59:31,9,4,1297.0,HERO13 Black,,,,,3.0,1.0,,1.0,Paved,Yes,,,No,No,No
243701239,84300296,swathi@verifinity.ai,gs://sawasdee-labelstudio/annotation_frames/11_itinerary_6_frame000026.jpg,11_itinerary_6,11_itinerary_6_2408cdcb,26,260.0,11,2025:04:18 09:55:21,2025-04-18 09:59:41,9,4,1297.0,HERO13 Black,,,,,1.0,1.0,,,Paved,Yes,,,No,No,No
243701241,84539520,swathi@verifinity.ai,gs://sawasdee-labelstudio/annotation_frames/11_itinerary_6_frame000028.jpg,11_itinerary_6,11_itinerary_6_2408cdcb,28,280.0,11,2025:04:18 09:55:21,2025-04-18 10:00:01,10,4,1297.0,HERO13 Black,,,,,4.0,,,,Paved,Yes,,,No,No,No
243701242,84545881,swathi@verifinity.ai,gs://sawasdee-labelstudio/annotation_frames/11_itinerary_6_frame000029.jpg,11_itinerary_6,11_itinerary_6_2408cdcb,29,290.0,11,2025:04:18 09:55:21,2025-04-18 10:00:11,10,4,1297.0,HERO13 Black,,,,,1.0,,,,Paved,Yes,,,No,No,No
243701249,85020165,swathi@verifinity.ai,gs://sawasdee-labelstudio/annotation_frames/11_itinerary_6_frame000036.jpg,11_itinerary_6,11_itinerary_6_2408cdcb,36,360.0,11,2025:04:18 09:55:21,2025-04-18 10:01:21,10,4,1297.0,HERO13 Black,,,,,3.0,,2.0,,Paved,Yes,,,No,No,No
243701257,84378644,swathi@verifinity.ai,gs://sawasdee-labelstudio/annotation_frames/11_itinerary_6_frame000044.jpg,11_itinerary_6,11_itinerary_6_2408cdcb,44,440.0,11,2025:04:18 09:55:21,2025-04-18 10:02:41,10,4,1297.0,HERO13 Black,,,,,,,2.0,,Paved,Yes,,,No,No,No
243701261,84289289,swathi@verifinity.ai,gs://sawasdee-labelstudio/annotation_frames/11_itinerary_6_frame000048.jpg,11_itinerary_6,11_itinerary_6_2408cdcb,48,480.0,11,2025:04:18 09:55:21,2025-04-18 10:03:21,10,4,1297.0,HERO13 Black,,,,,,,,,Paved,Yes,,,No,No,No
243701268,84527863,swathi@verifinity.ai,gs://sawasdee-labelstudio/annotation_frames/11_itinerary_6_frame000055.jpg,11_itinerary_6,11_itinerary_6_2408cdcb,55,550.0,11,2025:04:18 09:55:21,2025-04-18 10:04:31,10,4,1297.0,HERO13 Black,,,,,1.0,,2.0,,Paved,Yes,,,No,No,No
243701280,84257154,swathi@verifinity.ai,gs://sawasdee-labelstudio/annotation_frames/11_itinerary_6_frame000067.jpg,11_itinerary_6,11_itinerary_6_2408cdcb,67,670.0,11,2025:04:18 09:55:21,2025-04-18 10:06:31,10,4,1297.0,HERO13 Black,,,,,,,,,,Yes,,,No,No,No
243701285,84394561,swathi@verifinity.ai,gs://sawasdee-labelstudio/annotation_frames/11_itinerary_6_frame000072.jpg,11_itinerary_6,11_itinerary_6_2408cdcb,72,720.0,11,2025:04:18 09:55:21,2025-04-18 10:07:21,10,4,1297.0,HERO13 Black,,,,,11.0,4.0,4.0,1.0,,Yes,,,No,No,No
243701288,84298478,swathi@verifinity.ai,gs://sawasdee-labelstudio/annotation_frames/11_itinerary_6_frame000075.jpg,11_itinerary_6,11_itinerary_6_2408cdcb,75,750.0,11,2025:04:18 09:55:21,2025-04-18 10:07:51,10,4,1297.0,HERO13 Black,,,,,3.0,2.0,2.0,,,Yes,,,No,No,No
243701294,84293062,swathi@verifinity.ai,gs://sawasdee-labelstudio/annotation_frames/11_itinerary_6_frame000080.jpg,11_itinerary_6,11_itinerary_6_2408cdcb,80,800.0,11,2025:04:18 09:55:21,2025-04-18 10:08:41,10,4,1297.0,HERO13 Black,,,,,11.0,6.0,,,,,,,No,No,No
243701295,84495242,swathi@verifinity.ai,gs://sawasdee-labelstudio/annotation_frames/11_itinerary_6_frame000081.jpg,11_itinerary_6,11_itinerary_6_2408cdcb,81,810.0,11,2025:04:18 09:55:21,2025-04-18 10:08:51,10,4,1297.0,HERO13 Black,,,,,11.0,,8.0,2.0,,,,,No,No,No
243701297,84523142,swathi@verifinity.ai,gs://sawasdee-labelstudio/annotation_frames/11_itinerary_6_frame000083.jpg,11_itinerary_6,11_itinerary_6_2408cdcb,83,830.0,11,2025:04:18 09:55:21,2025-04-18 10:09:11,10,4,1297.0,HERO13 Black,,,,,11.0,,2.0,,,,,,No,No,No
243701298,84984827,swathi@verifinity.ai,gs://sawasdee-labelstudio/annotation_frames/11_itinerary_6_frame000084.jpg,11_itinerary_6,11_itinerary_6_2408cdcb,84,840.0,11,2025:04:18 09:55:21,2025-04-18 10:09:21,10,4,1297.0,HERO13 Black,,,,,6.0,3.0,5.0,,No sidewalk,Yes,,,No,No,No
243701305,84647679,swathi@verifinity.ai,gs://sawasdee-labelstudio/annotation_frames/11_itinerary_6_frame000091.jpg,11_itinerary_6,11_itinerary_6_2408cdcb,91,910.0,11,2025:04:18 09:55:21,2025-04-18 10:10:31,10,4,1297.0,HERO13 Black,,,,,3.0,,,,Paved,,,,No,No,No
243701314,84284383,swathi@verifinity.ai,gs://sawasdee-labelstudio/annotation_frames/11_itinerary_6_frame000099.jpg,11_itinerary_6,11_itinerary_6_2408cdcb,99,990.0,11,2025:04:18 09:55:21,2025-04-18 10:11:51,10,4,1297.0,HERO13 Black,,,,,5.0,1.0,1.0,,Paved,Yes,,,No,No,No
243701317,84282130,swathi@verifinity.ai,gs://sawasdee-labelstudio/annotation_frames/11_itinerary_6_frame000102.jpg,11_itinerary_6,11_itinerary_6_2408cdcb,102,1020.0,11,2025:04:18 09:55:21,2025-04-18 10:12:21,10,4,1297.0,HERO13 Black,,,,,8.0,4.0,,,Paved,Yes,,,No,No,No
243701329,84368616,swathi@verifinity.ai,gs://sawasdee-labelstudio/annotation_frames/11_itinerary_6_frame000114.jpg,11_itinerary_6,11_itinerary_6_2408cdcb,114,1140.0,11,2025:04:18 09:55:21,2025-04-18 10:14:21,10,4,1297.0,HERO13 Black,,,,,1.0,,,,,Yes,,,No,No,No
243701333,85022831,swathi@verifinity.ai,gs://sawasdee-labelstudio/annotation_frames/11_itinerary_6_frame000118.jpg,11_itinerary_6,11_itinerary_6_2408cdcb,118,1180.0,11,2025:04:18 09:55:21,2025-04-18 10:15:01,10,4,1297.0,HERO13 Black,,,,,2.0,1.0,1.0,1.0,Paved - Blocked,Yes,,,No,No,No
243701338,84285234,swathi@verifinity.ai,gs://sawasdee-labelstudio/annotation_frames/11_itinerary_6_frame000123.jpg,11_itinerary_6,11_itinerary_6_2408cdcb,123,1230.0,11,2025:04:18 09:55:21,2025-04-18 10:15:51,10,4,1297.0,HERO13 Black,,,,,,,,,Paved,Yes,,,No,No,No
243701340,84398454,swathi@verifinity.ai,gs://sawasdee-labelstudio/annotation_frames/11_itinerary_6_frame000125.jpg,11_itinerary_6,11_itinerary_6_2408cdcb,125,1250.0,11,2025:04:18 09:55:21,2025-04-18 10:16:11,10,4,1297.0,HERO13 Black,,,,,11.0,1.0,,,,Yes,,,Yes,No,No
243701341,84296961,swathi@verifinity.ai,gs://sawasdee-labelstudio/annotation_frames/11_itinerary_6_frame000126.jpg,11_itinerary_6,11_itinerary_6_2408cdcb,126,1260.0,11,2025:04:18 09:55:21,2025-04-18 10:16:21,10,4,1297.0,HERO13 Black,,,,,3.0,,,,Paved,Yes,,,No,No,No
243701343,84539449,swathi@verifinity.ai,gs://sawasdee-labelstudio/annotation_frames/11_itinerary_6_frame000128.jpg,11_itinerary_6,11_itinerary_6_2408cdcb,128,1280.0,11,2025:04:18 09:55:21,2025-04-18 10:16:41,10,4,1297.0,HERO13 Black,,,,,2.0,,3.0,,Paved,Yes,,,No,No,No
243701346,84383475,swathi@verifinity.ai,gs://sawasdee-labelstudio/annotation_frames/11_itinerary_7_1_frame000001.jpg,11_itinerary_7_1,11_itinerary_7_1_669d5032,1,10.0,11,2025:04:18 10:22:59,2025-04-18 10:23:09,10,4,238.0,HERO13 Black,,,,,1.0,,3.0,,Paved,,,,No,No,No
243701349,84526627,swathi@verifinity.ai,gs://sawasdee-labelstudio/annotation_frames/11_itinerary_7_1_frame000004.jpg,11_itinerary_7_1,11_itinerary_7_1_669d5032,4,40.0,11,2025:04:18 10:22:59,2025-04-18 10:23:39,10,4,238.0,HERO13 Black,,,,,2.0,3.0,1.0,,Paved - Blocked,Yes,,,No,No,No
243701351,84523525,swathi@verifinity.ai,gs://sawasdee-labelstudio/annotation_frames/11_itinerary_7_1_frame000006.jpg,11_itinerary_7_1,11_itinerary_7_1_669d5032,6,60.0,11,2025:04:18 10:22:59,2025-04-18 10:23:59,10,4,238.0,HERO13 Black,,,,,1.0,,2.0,,Paved,Yes,,,No,No,No
243701358,84637846,swathi@verifinity.ai,gs://sawasdee-labelstudio/annotation_frames/11_itinerary_7_1_frame000012.jpg,11_itinerary_7_1,11_itinerary_7_1_669d5032,12,120.0,11,2025:04:18 10:22:59,2025-04-18 10:24:59,10,4,238.0,HERO13 Black,,,,,11.0,,1.0,,Paved,Yes,,,No,No,No
243701359,84286675,swathi@verifinity.ai,gs://sawasdee-labelstudio/annotation_frames/11_itinerary_7_1_frame000013.jpg,11_itinerary_7_1,11_itinerary_7_1_669d5032,13,130.0,11,2025:04:18 10:22:59,2025-04-18 10:25:09,10,4,238.0,HERO13 Black,,,,,3.0,,,,Paved - Blocked,,,,No,No,No
243701360,84283278,swathi@verifinity.ai,gs://sawasdee-labelstudio/annotation_frames/11_itinerary_7_1_frame000014.jpg,11_itinerary_7_1,11_itinerary_7_1_669d5032,14,140.0,11,2025:04:18 10:22:59,2025-04-18 10:25:19,10,4,238.0,HERO13 Black,,,,,4.0,,,,No sidewalk,Yes,,,No,No,No
243701368,84608065,swathi@verifinity.ai,gs://sawasdee-labelstudio/annotation_frames/11_itinerary_7_1_frame000022.jpg,11_itinerary_7_1,11_itinerary_7_1_669d5032,22,220.0,11,2025:04:18 10:22:59,2025-04-18 10:26:39,10,4,238.0,HERO13 Black,,,,,5.0,,,,,Yes,,,No,No,No
243701378,84537993,swathi@verifinity.ai,gs://sawasdee-labelstudio/annotation_frames/11_itinerary_7_2_frame000008.jpg,11_itinerary_7_2,11_itinerary_7_2_a76e0527,8,80.0,11,2025:04:18 10:29:59,2025-04-18 10:31:19,10,4,337.0,HERO13 Black,,,,,2.0,,2.0,1.0,Paved,Yes,,,No,No,No
243701382,84512905,swathi@verifinity.ai,gs://sawasdee-labelstudio/annotation_frames/11_itinerary_7_2_frame000012.jpg,11_itinerary_7_2,11_itinerary_7_2_a76e0527,12,120.0,11,2025:04:18 10:29:59,2025-04-18 10:31:59,10,4,337.0,HERO13 Black,,,,,,,3.0,,Paved,Yes,,,No,No,No
243701394,84637485,swathi@verifinity.ai,gs://sawasdee-labelstudio/annotation_frames/11_itinerary_7_2_frame000024.jpg,11_itinerary_7_2,11_itinerary_7_2_a76e0527,24,240.0,11,2025:04:18 10:29:59,2025-04-18 10:33:59,10,4,337.0,HERO13 Black,,,,,,,1.0,,Paved,Yes,,,No,No,No
243701395,84501877,swathi@verifinity.ai,gs://sawasdee-labelstudio/annotation_frames/11_itinerary_7_2_frame000025.jpg,11_itinerary_7_2,11_itinerary_7_2_a76e0527,25,250.0,11,2025:04:18 10:29:59,2025-04-18 10:34:09,10,4,337.0,HERO13 Black,,,,,1.0,,,,Paved,Yes,,,No,No,No
243701401,84521077,swathi@verifinity.ai,gs://sawasdee-labelstudio/annotation_frames/11_itinerary_7_2_frame000031.jpg,11_itinerary_7_2,11_itinerary_7_2_a76e0527,31,310.0,11,2025:04:18 10:29:59,2025-04-18 10:35:09,10,4,337.0,HERO13 Black,,,,,1.0,,2.0,,,Yes,,,No,No,No
243701402,84280048,swathi@verifinity.ai,gs://sawasdee-labelstudio/annotation_frames/11_itinerary_7_2_frame000032.jpg,11_itinerary_7_2,11_itinerary_7_2_a76e0527,32,320.0,11,2025:04:18 10:29:59,2025-04-18 10:35:19,10,4,337.0,HERO13 Black,,,,,,,1.0,,Paved,Yes,,,No,No,No
243701404,84367777,swathi@verifinity.ai,gs://sawasdee-labelstudio/annotation_frames/11_itinerary_8_frame000000.jpg,11_itinerary_8,11_itinerary_8_1ef04704,0,0.0,11,2025:04:18 10:45:16,2025-04-18 10:45:16,10,4,686.0,HERO13 Black,,,,,2.0,1.0,,,Paved,Yes,,,No,No,No
243701414,84379308,swathi@verifinity.ai,gs://sawasdee-labelstudio/annotation_frames/11_itinerary_8_frame000010.jpg,11_itinerary_8,11_itinerary_8_1ef04704,10,100.0,11,2025:04:18 10:45:16,2025-04-18 10:46:56,10,4,686.0,HERO13 Black,,,,,8.0,2.0,,,Paved - Blocked,,,,No,No,No
243701416,84292535,swathi@verifinity.ai,gs://sawasdee-labelstudio/annotation_frames/11_itinerary_8_frame000012.jpg,11_itinerary_8,11_itinerary_8_1ef04704,12,120.0,11,2025:04:18 10:45:16,2025-04-18 10:47:16,10,4,686.0,HERO13 Black,,,,,1.0,1.0,,,Paved,Yes,,,Yes,No,No
243701424,84608203,swathi@verifinity.ai,gs://sawasdee-labelstudio/annotation_frames/11_itinerary_8_frame000020.jpg,11_itinerary_8,11_itinerary_8_1ef04704,20,200.0,11,2025:04:18 10:45:16,2025-04-18 10:48:36,10,4,686.0,HERO13 Black,,,,,6.0,1.0,7.0,,No sidewalk,Yes,,,No,No,No
243701426,84258896,swathi@verifinity.ai,gs://sawasdee-labelstudio/annotation_frames/11_itinerary_8_frame000022.jpg,11_itinerary_8,11_itinerary_8_1ef04704,22,220.0,11,2025:04:18 10:45:16,2025-04-18 10:48:56,10,4,686.0,HERO13 Black,,,,,6.0,1.0,10.0,3.0,Paved,Yes,,,No,No,No
243701429,84364287,swathi@verifinity.ai,gs://sawasdee-labelstudio/annotation_frames/11_itinerary_8_frame000025.jpg,11_itinerary_8,11_itinerary_8_1ef04704,25,250.0,11,2025:04:18 10:45:16,2025-04-18 10:49:26,10,4,686.0,HERO13 Black,,,,,10.0,,2.0,,,Yes,,,No,No,No
243701434,84381380,swathi@verifinity.ai,gs://sawasdee-labelstudio/annotation_frames/11_itinerary_8_frame000030.jpg,11_itinerary_8,11_itinerary_8_1ef04704,30,300.0,11,2025:04:18 10:45:16,2025-04-18 10:50:16,10,4,686.0,HERO13 Black,,,,,11.0,4.0,2.0,,,Yes,,,No,No,No
243701435,84533077,swathi@verifinity.ai,gs://sawasdee-labelstudio/annotation_frames/11_itinerary_8_frame000031.jpg,11_itinerary_8,11_itinerary_8_1ef04704,31,310.0,11,2025:04:18 10:45:16,2025-04-18 10:50:26,10,4,686.0,HERO13 Black,,,,,2.0,,2.0,1.0,,,,,No,No,No
243701440,84287203,swathi@verifinity.ai,gs://sawasdee-labelstudio/annotation_frames/11_itinerary_8_frame000035.jpg,11_itinerary_8,11_itinerary_8_1ef04704,35,350.0,11,2025:04:18 10:45:16,2025-04-18 10:51:06,10,4,686.0,HERO13 Black,,,,,4.0,,1.0,1.0,Paved,Yes,,,No,No,No
243701443,84522095,swathi@verifinity.ai,gs://sawasdee-labelstudio/annotation_frames/11_itinerary_8_frame000038.jpg,11_itinerary_8,11_itinerary_8_1ef04704,38,380.0,11,2025:04:18 10:45:16,2025-04-18 10:51:36,10,4,686.0,HERO13 Black,,,,,,,5.0,,,,,,No,No,No
243701448,84377271,swathi@verifinity.ai,gs://sawasdee-labelstudio/annotation_frames/11_itinerary_8_frame000043.jpg,11_itinerary_8,11_itinerary_8_1ef04704,43,430.0,11,2025:04:18 10:45:16,2025-04-18 10:52:26,10,4,686.0,HERO13 Black,,,,,11.0,1.0,2.0,,,Yes,,,No,No,No
243701466,84636959,swathi@verifinity.ai,gs://sawasdee-labelstudio/annotation_frames/11_itinerary_8_frame000061.jpg,11_itinerary_8,11_itinerary_8_1ef04704,61,610.0,11,2025:04:18 10:45:16,2025-04-18 10:55:26,10,4,686.0,HERO13 Black,,,,,4.0,,3.0,,,Yes,,,No,No,No
243701468,84376038,swathi@verifinity.ai,gs://sawasdee-labelstudio/annotation_frames/11_itinerary_8_frame000063.jpg,11_itinerary_8,11_itinerary_8_1ef04704,63,630.0,11,2025:04:18 10:45:16,2025-04-18 10:55:46,10,4,686.0,HERO13 Black,,,,,7.0,3.0,8.0,,,Yes,,,No,No,No
243701477,84289370,swathi@verifinity.ai,gs://sawasdee-labelstudio/annotation_frames/11_itinerary_9_1_frame000003.jpg,11_itinerary_9_1,11_itinerary_9_1_c7866918,3,30.0,11,2025:04:18 11:21:29,2025-04-18 11:21:59,11,4,608.0,HERO13 Black,,,,,,,,,Paved,Yes,,,No,No,No
243701485,84292128,swathi@verifinity.ai,gs://sawasdee-labelstudio/annotation_frames/11_itinerary_9_1_frame000011.jpg,11_itinerary_9_1,11_itinerary_9_1_c7866918,11,110.0,11,2025:04:18 11:21:29,2025-04-18 11:23:19,11,4,608.0,HERO13 Black,,,,,,,,,,Yes,,,No,No,No
243701493,83686246,varun.rama@usc.edu,gs://sawasdee-labelstudio/annotation_frames/11_itinerary_9_1_frame000018.jpg,11_itinerary_9_1,11_itinerary_9_1_c7866918,18,180.0,11,2025:04:18 11:21:29,2025-04-18 11:24:29,11,4,608.0,HERO13 Black,,,,,3.0,2.0,0.0,0.0,Paved,Yes,No,,No,No,Yes
243701495,84644110,swathi@verifinity.ai,gs://sawasdee-labelstudio/annotation_frames/11_itinerary_9_1_frame000020.jpg,11_itinerary_9_1,11_itinerary_9_1_c7866918,20,200.0,11,2025:04:18 11:21:29,2025-04-18 11:24:49,11,4,608.0,HERO13 Black,,,,,4.0,1.0,1.0,1.0,Paved,Yes,,,No,No,No
243701496,84289559,swathi@verifinity.ai,gs://sawasdee-labelstudio/annotation_frames/11_itinerary_9_1_frame000021.jpg,11_itinerary_9_1,11_itinerary_9_1_c7866918,21,210.0,11,2025:04:18 11:21:29,2025-04-18 11:24:59,11,4,608.0,HERO13 Black,,,,,1.0,,,1.0,,Yes,,,No,No,No
243701499,85013169,swathi@verifinity.ai,gs://sawasdee-labelstudio/annotation_frames/11_itinerary_9_1_frame000024.jpg,11_itinerary_9_1,11_itinerary_9_1_c7866918,24,240.0,11,2025:04:18 11:21:29,2025-04-18 11:25:29,11,4,608.0,HERO13 Black,,,,,11.0,3.0,,,No sidewalk,Yes,,,No,No,No
243701500,84398354,swathi@verifinity.ai,gs://sawasdee-labelstudio/annotation_frames/11_itinerary_9_1_frame000025.jpg,11_itinerary_9_1,11_itinerary_9_1_c7866918,25,250.0,11,2025:04:18 11:21:29,2025-04-18 11:25:39,11,4,608.0,HERO13 Black,,,,,3.0,2.0,,,No sidewalk,,,Construction debris,No,No,No
243701509,84263669,swathi@verifinity.ai,gs://sawasdee-labelstudio/annotation_frames/11_itinerary_9_1_frame000034.jpg,11_itinerary_9_1,11_itinerary_9_1_c7866918,34,340.0,11,2025:04:18 11:21:29,2025-04-18 11:27:09,11,4,608.0,HERO13 Black,,,,,3.0,,2.0,,,Yes,,,No,No,No
243701515,84282617,swathi@verifinity.ai,gs://sawasdee-labelstudio/annotation_frames/11_itinerary_9_1_frame000040.jpg,11_itinerary_9_1,11_itinerary_9_1_c7866918,40,400.0,11,2025:04:18 11:21:29,2025-04-18 11:28:09,11,4,608.0,HERO13 Black,,,,,7.0,,1.0,,Paved,Yes,,,No,No,No
243701517,84386754,swathi@verifinity.ai,gs://sawasdee-labelstudio/annotation_frames/11_itinerary_9_1_frame000042.jpg,11_itinerary_9_1,11_itinerary_9_1_c7866918,42,420.0,11,2025:04:18 11:21:29,2025-04-18 11:28:29,11,4,608.0,HERO13 Black,,,,,1.0,1.0,,,,Yes,,,No,No,No
243701518,84645132,swathi@verifinity.ai,gs://sawasdee-labelstudio/annotation_frames/11_itinerary_9_1_frame000043.jpg,11_itinerary_9_1,11_itinerary_9_1_c7866918,43,430.0,11,2025:04:18 11:21:29,2025-04-18 11:28:39,11,4,608.0,HERO13 Black,,,,,1.0,,2.0,,No sidewalk,Yes,,,No,No,No
243701519,84537475,swathi@verifinity.ai,gs://sawasdee-labelstudio/annotation_frames/11_itinerary_9_1_frame000044.jpg,11_itinerary_9_1,11_itinerary_9_1_c7866918,44,440.0,11,2025:04:18 11:21:29,2025-04-18 11:28:49,11,4,608.0,HERO13 Black,,,,,5.0,,3.0,,No sidewalk,Yes,,,No,No,No
243701529,84299916,swathi@verifinity.ai,gs://sawasdee-labelstudio/annotation_frames/11_itinerary_9_1_frame000053.jpg,11_itinerary_9_1,11_itinerary_9_1_c7866918,53,530.0,11,2025:04:18 11:21:29,2025-04-18 11:30:19,11,4,608.0,HERO13 Black,,,,,1.0,,,,No sidewalk,,,,No,No,No
243701536,84499522,swathi@verifinity.ai,gs://sawasdee-labelstudio/annotation_frames/11_itinerary_9_1_frame000060.jpg,11_itinerary_9_1,11_itinerary_9_1_c7866918,60,600.0,11,2025:04:18 11:21:29,2025-04-18 11:31:29,11,4,608.0,HERO13 Black,,,,,,,,,,N/A,N/A,,No,No,No
243701537,84288848,swathi@verifinity.ai,gs://sawasdee-labelstudio/annotation_frames/11_itinerary_9_2_frame000000.jpg,11_itinerary_9_2,11_itinerary_9_2_28fa6303,0,0.0,11,2025:04:18 11:39:16,2025-04-18 11:39:16,11,4,987.0,HERO13 Black,,,,,2.0,,2.0,1.0,,,,,No,No,No
243701548,85021981,swathi@verifinity.ai,gs://sawasdee-labelstudio/annotation_frames/11_itinerary_9_2_frame000011.jpg,11_itinerary_9_2,11_itinerary_9_2_28fa6303,11,110.0,11,2025:04:18 11:39:16,2025-04-18 11:41:06,11,4,987.0,HERO13 Black,,,,,,,,,No sidewalk,Yes,,,No,No,No
243701554,84256231,swathi@verifinity.ai,gs://sawasdee-labelstudio/annotation_frames/11_itinerary_9_2_frame000017.jpg,11_itinerary_9_2,11_itinerary_9_2_28fa6303,17,170.0,11,2025:04:18 11:39:16,2025-04-18 11:42:06,11,4,987.0,HERO13 Black,,,,,,3.0,,,No sidewalk,Yes,,,No,No,No
243701561,84282198,swathi@verifinity.ai,gs://sawasdee-labelstudio/annotation_frames/11_itinerary_9_2_frame000023.jpg,11_itinerary_9_2,11_itinerary_9_2_28fa6303,23,230.0,11,2025:04:18 11:39:16,2025-04-18 11:43:06,11,4,987.0,HERO13 Black,,,,,11.0,2.0,,,No sidewalk,,,,No,No,Yes
243701564,85018828,swathi@verifinity.ai,gs://sawasdee-labelstudio/annotation_frames/11_itinerary_9_2_frame000026.jpg,11_itinerary_9_2,11_itinerary_9_2_28fa6303,26,260.0,11,2025:04:18 11:39:16,2025-04-18 11:43:36,11,4,987.0,HERO13 Black,,,,,5.0,,1.0,,No sidewalk,,,,No,No,No
243701566,84616794,swathi@verifinity.ai,gs://sawasdee-labelstudio/annotation_frames/11_itinerary_9_2_frame000028.jpg,11_itinerary_9_2,11_itinerary_9_2_28fa6303,28,280.0,11,2025:04:18 11:39:16,2025-04-18 11:43:56,11,4,987.0,HERO13 Black,,,,,2.0,1.0,,,No sidewalk,,,,No,No,No
243701571,84382212,swathi@verifinity.ai,gs://sawasdee-labelstudio/annotation_frames/11_itinerary_9_2_frame000033.jpg,11_itinerary_9_2,11_itinerary_9_2_28fa6303,33,330.0,11,2025:04:18 11:39:16,2025-04-18 11:44:46,11,4,987.0,HERO13 Black,,,,,4.0,4.0,,1.0,No sidewalk,,,,No,No,No
243701572,84261193,swathi@verifinity.ai,gs://sawasdee-labelstudio/annotation_frames/11_itinerary_9_2_frame000034.jpg,11_itinerary_9_2,11_itinerary_9_2_28fa6303,34,340.0,11,2025:04:18 11:39:16,2025-04-18 11:44:56,11,4,987.0,HERO13 Black,,,,,7.0,,,,No sidewalk,Yes,,,No,No,No
243701583,84645682,swathi@verifinity.ai,gs://sawasdee-labelstudio/annotation_frames/11_itinerary_9_2_frame000045.jpg,11_itinerary_9_2,11_itinerary_9_2_28fa6303,45,450.0,11,2025:04:18 11:39:16,2025-04-18 11:46:46,11,4,987.0,HERO13 Black,,,,,2.0,,2.0,,,Yes,,,No,No,No
243701602,84289967,swathi@verifinity.ai,gs://sawasdee-labelstudio/annotation_frames/11_itinerary_9_2_frame000062.jpg,11_itinerary_9_2,11_itinerary_9_2_28fa6303,62,620.0,11,2025:04:18 11:39:16,2025-04-18 11:49:36,11,4,987.0,HERO13 Black,,,,,5.0,1.0,,,No sidewalk,Yes,,,No,No,No
243701610,84289182,swathi@verifinity.ai,gs://sawasdee-labelstudio/annotation_frames/11_itinerary_9_2_frame000070.jpg,11_itinerary_9_2,11_itinerary_9_2_28fa6303,70,700.0,11,2025:04:18 11:39:16,2025-04-18 11:50:56,11,4,987.0,HERO13 Black,,,,,1.0,,2.0,,,Yes,,,No,No,No
243701621,85022316,swathi@verifinity.ai,gs://sawasdee-labelstudio/annotation_frames/11_itinerary_9_2_frame000080.jpg,11_itinerary_9_2,11_itinerary_9_2_28fa6303,80,800.0,11,2025:04:18 11:39:16,2025-04-18 11:52:36,11,4,987.0,HERO13 Black,,,,,11.0,4.0,,,No sidewalk,Yes,,Yes,No,No,Yes
243701634,84296812,swathi@verifinity.ai,gs://sawasdee-labelstudio/annotation_frames/11_itinerary_9_2_frame000093.jpg,11_itinerary_9_2,11_itinerary_9_2_28fa6303,93,930.0,11,2025:04:18 11:39:16,2025-04-18 11:54:46,11,4,987.0,HERO13 Black,,,,,11.0,2.0,1.0,,,Yes,,,No,No,No
243701641,84545626,swathi@verifinity.ai,gs://sawasdee-labelstudio/annotation_frames/11_navy_nagar_incomplete_frame000001.jpg,11_navy_nagar_incomplete,11_navy_nagar_incomplete_e25b36f0,1,10.0,11,2025:04:18 08:51:06,2025-04-18 08:51:16,8,4,152.0,HERO13 Black,,,,,,,1.0,1.0,Paved,,,,No,No,No
243701643,84525922,swathi@verifinity.ai,gs://sawasdee-labelstudio/annotation_frames/11_navy_nagar_incomplete_frame000003.jpg,11_navy_nagar_incomplete,11_navy_nagar_incomplete_e25b36f0,3,30.0,11,2025:04:18 08:51:06,2025-04-18 08:51:36,8,4,152.0,HERO13 Black,,,,,,,5.0,,Paved,Yes,,,No,No,No
243701649,84285745,swathi@verifinity.ai,gs://sawasdee-labelstudio/annotation_frames/11_navy_nagar_incomplete_frame000009.jpg,11_navy_nagar_incomplete,11_navy_nagar_incomplete_e25b36f0,9,90.0,11,2025:04:18 08:51:06,2025-04-18 08:52:36,8,4,152.0,HERO13 Black,,,,,,,,,Paved - Blocked,Yes,,,No,No,No
243701659,84643819,swathi@verifinity.ai,gs://sawasdee-labelstudio/annotation_frames/1_itinerary_1_1_frame000004.jpg,1_itinerary_1_1,1_itinerary_1_1_8e5f0fc4,4,40.0,1,2025:03:27 02:56:43,2025-03-27 02:57:23,2,3,602.0,HERO13 Black,18.92096111111111,72.82623888888888,7.564,0.0,5.0,,4.0,,No sidewalk,Yes,,,No,No,No
243701661,84284670,swathi@verifinity.ai,gs://sawasdee-labelstudio/annotation_frames/1_itinerary_1_1_frame000006.jpg,1_itinerary_1_1,1_itinerary_1_1_8e5f0fc4,6,60.0,1,2025:03:27 02:56:43,2025-03-27 02:57:43,2,3,602.0,HERO13 Black,18.920436111111112,72.82613472222222,6.9055,0.1,1.0,,2.0,,,,,,No,No,No
243701668,84545571,swathi@verifinity.ai,gs://sawasdee-labelstudio/annotation_frames/1_itinerary_1_1_frame000012.jpg,1_itinerary_1_1,1_itinerary_1_1_8e5f0fc4,12,120.0,1,2025:03:27 02:56:43,2025-03-27 02:58:43,2,3,602.0,HERO13 Black,18.917066666666667,72.82402222222221,7.8,0.0,1.0,1.0,2.0,,,Yes,,,No,No,No
243701670,84293845,swathi@verifinity.ai,gs://sawasdee-labelstudio/annotation_frames/1_itinerary_1_1_frame000014.jpg,1_itinerary_1_1,1_itinerary_1_1_8e5f0fc4,14,140.0,1,2025:03:27 02:56:43,2025-03-27 02:59:03,2,3,602.0,HERO13 Black,18.916105555555554,72.82323333333333,8.686,0.0,1.0,,2.0,,,Yes,,,No,No,No
243701686,84524875,swathi@verifinity.ai,gs://sawasdee-labelstudio/annotation_frames/1_itinerary_1_1_frame000030.jpg,1_itinerary_1_1,1_itinerary_1_1_8e5f0fc4,30,300.0,1,2025:03:27 02:56:43,2025-03-27 03:01:43,3,3,602.0,HERO13 Black,18.915863888888886,72.822825,0.312,0.0,,,,,,Yes,,,No,No,No
243701699,84645284,swathi@verifinity.ai,gs://sawasdee-labelstudio/annotation_frames/1_itinerary_1_1_frame000043.jpg,1_itinerary_1_1,1_itinerary_1_1_8e5f0fc4,43,430.0,1,2025:03:27 02:56:43,2025-03-27 03:03:53,3,3,602.0,HERO13 Black,18.912941666666665,72.82042777777778,7.054,0.0,1.0,,,,,Yes,,,No,No,No
243701702,84498904,swathi@verifinity.ai,gs://sawasdee-labelstudio/annotation_frames/1_itinerary_1_1_frame000046.jpg,1_itinerary_1_1,1_itinerary_1_1_8e5f0fc4,46,460.0,1,2025:03:27 02:56:43,2025-03-27 03:04:23,3,3,602.0,HERO13 Black,18.911483333333333,72.81922222222222,7.664,0.0,,,,,,Yes,,,No,No,No
243701704,85012607,swathi@verifinity.ai,gs://sawasdee-labelstudio/annotation_frames/1_itinerary_1_1_frame000048.jpg,1_itinerary_1_1,1_itinerary_1_1_8e5f0fc4,48,480.0,1,2025:03:27 02:56:43,2025-03-27 03:04:43,3,3,602.0,HERO13 Black,18.91146388888889,72.81913333333333,7.622,0.0,3.0,2.0,,,Paved,Yes,,,No,No,No
243701707,84292875,swathi@verifinity.ai,gs://sawasdee-labelstudio/annotation_frames/1_itinerary_1_1_frame000051.jpg,1_itinerary_1_1,1_itinerary_1_1_8e5f0fc4,51,510.0,1,2025:03:27 02:56:43,2025-03-27 03:05:13,3,3,602.0,HERO13 Black,18.91313333333333,72.8204611111111,6.228,0.0,2.0,,,,Paved,Yes,,,No,No,No
243701710,84298314,swathi@verifinity.ai,gs://sawasdee-labelstudio/annotation_frames/1_itinerary_1_1_frame000054.jpg,1_itinerary_1_1,1_itinerary_1_1_8e5f0fc4,54,540.0,1,2025:03:27 02:56:43,2025-03-27 03:05:43,3,3,602.0,HERO13 Black,18.913633333333333,72.82087222222222,5.515,18.1,2.0,,2.0,,Paved - Blocked,,,,No,No,No
243701713,84543522,swathi@verifinity.ai,gs://sawasdee-labelstudio/annotation_frames/1_itinerary_1_1_frame000057.jpg,1_itinerary_1_1,1_itinerary_1_1_8e5f0fc4,57,570.0,1,2025:03:27 02:56:43,2025-03-27 03:06:13,3,3,602.0,HERO13 Black,,,,,,,1.0,,,Yes,,,No,No,No
243701717,84999324,swathi@verifinity.ai,gs://sawasdee-labelstudio/annotation_frames/1_itinerary_1_2_frame000001.jpg,1_itinerary_1_2,1_itinerary_1_2_f6dfb69b,1,10.0,1,2025:03:27 03:09:56,2025-03-27 03:10:06,3,3,479.0,HERO13 Black,18.914977777777775,72.82229444444444,3.189,0.0,6.0,2.0,4.0,,Paved,Yes,,,No,No,No
243701720,85012804,swathi@verifinity.ai,gs://sawasdee-labelstudio/annotation_frames/1_itinerary_1_2_frame000003.jpg,1_itinerary_1_2,1_itinerary_1_2_f6dfb69b,3,30.0,1,2025:03:27 03:09:56,2025-03-27 03:10:26,3,3,479.0,HERO13 Black,18.913991666666664,72.82131388888888,4.535,0.0,4.0,,1.0,,No sidewalk,Yes,,,No,No,No
243701738,84644161,swathi@verifinity.ai,gs://sawasdee-labelstudio/annotation_frames/1_itinerary_1_2_frame000021.jpg,1_itinerary_1_2,1_itinerary_1_2_f6dfb69b,21,210.0,1,2025:03:27 03:09:56,2025-03-27 03:13:26,3,3,479.0,HERO13 Black,18.91599722222222,72.81931944444445,6.871,0.0,3.0,,1.0,,Paved,Yes,,,No,No,No
243701744,84639235,swathi@verifinity.ai,gs://sawasdee-labelstudio/annotation_frames/1_itinerary_1_2_frame000027.jpg,1_itinerary_1_2,1_itinerary_1_2_f6dfb69b,27,270.0,1,2025:03:27 03:09:56,2025-03-27 03:14:26,3,3,479.0,HERO13 Black,18.916980555555558,72.81818888888888,5.5,0.0,1.0,,1.0,,Paved,,,,No,No,No
243701745,83686632,varun.rama@usc.edu,gs://sawasdee-labelstudio/annotation_frames/1_itinerary_1_2_frame000028.jpg,1_itinerary_1_2,1_itinerary_1_2_f6dfb69b,28,280.0,1,2025:03:27 03:09:56,2025-03-27 03:14:36,3,3,479.0,HERO13 Black,18.916975,72.81819166666666,1.808,0.0,3.0,0.0,0.0,0.0,Paved - Blocked,Yes,No,No,No,No,No
243701755,84541466,swathi@verifinity.ai,gs://sawasdee-labelstudio/annotation_frames/1_itinerary_1_2_frame000038.jpg,1_itinerary_1_2,1_itinerary_1_2_f6dfb69b,38,380.0,1,2025:03:27 03:09:56,2025-03-27 03:16:16,3,3,479.0,HERO13 Black,18.915127777777776,72.82060555555555,11.963,0.0,2.0,2.0,,,Paved,,,,No,No,No
243701757,84504088,swathi@verifinity.ai,gs://sawasdee-labelstudio/annotation_frames/1_itinerary_1_2_frame000040.jpg,1_itinerary_1_2,1_itinerary_1_2_f6dfb69b,40,400.0,1,2025:03:27 03:09:56,2025-03-27 03:16:36,3,3,479.0,HERO13 Black,18.914516666666664,72.82147777777777,9.899,1.501,1.0,2.0,,,,Yes,,,Yes,No,No
243701765,85017814,swathi@verifinity.ai,gs://sawasdee-labelstudio/annotation_frames/1_itinerary_2_1_frame000000.jpg,1_itinerary_2_1,1_itinerary_2_1_39725900,0,0.0,1,2025:03:27 03:44:28,2025-03-27 03:44:28,3,3,914.0,HERO13 Black,18.936344444444444,72.83475277777778,10.531,0.0,,,,,No sidewalk,Yes,,,No,No,No
243701768,84536929,swathi@verifinity.ai,gs://sawasdee-labelstudio/annotation_frames/1_itinerary_2_1_frame000003.jpg,1_itinerary_2_1,1_itinerary_2_1_39725900,3,30.0,1,2025:03:27 03:44:28,2025-03-27 03:44:58,3,3,914.0,HERO13 Black,18.936183333333332,72.83536111111111,21.721,0.0,10.0,2.0,2.0,,Paved,Yes,,,No,No,No
243701772,84986600,swathi@verifinity.ai,gs://sawasdee-labelstudio/annotation_frames/1_itinerary_2_1_frame000007.jpg,1_itinerary_2_1,1_itinerary_2_1_39725900,7,70.0,1,2025:03:27 03:44:28,2025-03-27 03:45:38,3,3,914.0,HERO13 Black,18.93521388888889,72.83530833333333,23.847,0.0,4.0,,,,No sidewalk,Yes,,,No,No,No
243701778,84645093,swathi@verifinity.ai,gs://sawasdee-labelstudio/annotation_frames/1_itinerary_2_1_frame000013.jpg,1_itinerary_2_1,1_itinerary_2_1_39725900,13,130.0,1,2025:03:27 03:44:28,2025-03-27 03:46:38,3,3,914.0,HERO13 Black,18.935006944444446,72.83370555555555,21.898,0.1,11.0,4.0,,,,,,,No,No,Yes
243701781,84282526,swathi@verifinity.ai,gs://sawasdee-labelstudio/annotation_frames/1_itinerary_2_1_frame000016.jpg,1_itinerary_2_1,1_itinerary_2_1_39725900,16,160.0,1,2025:03:27 03:44:28,2025-03-27 03:47:08,3,3,914.0,HERO13 Black,18.934933333333333,72.83313888888888,20.8405,0.1,8.0,2.0,,,No sidewalk,,,,No,No,No
243701786,84290388,swathi@verifinity.ai,gs://sawasdee-labelstudio/annotation_frames/1_itinerary_2_1_frame000021.jpg,1_itinerary_2_1,1_itinerary_2_1_39725900,21,210.0,1,2025:03:27 03:44:28,2025-03-27 03:47:58,3,3,914.0,HERO13 Black,18.934858333333334,72.83310277777777,22.234,0.0,5.0,1.0,,,Paved - Blocked,,,,No,No,No
243701787,84264091,swathi@verifinity.ai,gs://sawasdee-labelstudio/annotation_frames/1_itinerary_2_1_frame000022.jpg,1_itinerary_2_1,1_itinerary_2_1_39725900,22,220.0,1,2025:03:27 03:44:28,2025-03-27 03:48:08,3,3,914.0,HERO13 Black,18.934852777777778,72.83310833333333,22.967,0.0,9.0,6.0,,,Paved - Blocked,Yes,,,No,No,No
243701797,85013574,swathi@verifinity.ai,gs://sawasdee-labelstudio/annotation_frames/1_itinerary_2_1_frame000030.jpg,1_itinerary_2_1,1_itinerary_2_1_39725900,30,300.0,1,2025:03:27 03:44:28,2025-03-27 03:49:28,3,3,914.0,HERO13 Black,18.933311111111113,72.83205,18.353,0.0,2.0,,1.0,,Paved,Yes,,Yes,No,No,No
243701799,84641426,swathi@verifinity.ai,gs://sawasdee-labelstudio/annotation_frames/1_itinerary_2_1_frame000032.jpg,1_itinerary_2_1,1_itinerary_2_1_39725900,32,320.0,1,2025:03:27 03:44:28,2025-03-27 03:49:48,3,3,914.0,HERO13 Black,18.93326388888889,72.83201388888888,18.921,0.0,6.0,1.0,1.0,,Paved,Yes,,,No,No,No
243701800,84609686,swathi@verifinity.ai,gs://sawasdee-labelstudio/annotation_frames/1_itinerary_2_1_frame000033.jpg,1_itinerary_2_1,1_itinerary_2_1_39725900,33,330.0,1,2025:03:27 03:44:28,2025-03-27 03:49:58,3,3,914.0,HERO13 Black,18.933016666666667,72.83176666666667,18.464,0.0,11.0,7.0,4.0,,Paved,Yes,,,No,No,No
243701801,84522441,swathi@verifinity.ai,gs://sawasdee-labelstudio/annotation_frames/1_itinerary_2_1_frame000034.jpg,1_itinerary_2_1,1_itinerary_2_1_39725900,34,340.0,1,2025:03:27 03:44:28,2025-03-27 03:50:08,3,3,914.0,HERO13 Black,18.932869444444446,72.83151111111111,17.336,0.0,11.0,,6.0,,Paved,Yes,,,No,No,No
243701803,84378241,swathi@verifinity.ai,gs://sawasdee-labelstudio/annotation_frames/1_itinerary_2_1_frame000036.jpg,1_itinerary_2_1,1_itinerary_2_1_39725900,36,360.0,1,2025:03:27 03:44:28,2025-03-27 03:50:28,3,3,914.0,HERO13 Black,18.931936111111114,72.83138055555555,15.262,0.0,2.0,,,,Paved - Blocked,Yes,,,No,No,No
243701806,84286622,swathi@verifinity.ai,gs://sawasdee-labelstudio/annotation_frames/1_itinerary_2_1_frame000039.jpg,1_itinerary_2_1,1_itinerary_2_1_39725900,39,390.0,1,2025:03:27 03:44:28,2025-03-27 03:50:58,3,3,914.0,HERO13 Black,18.93143888888889,72.83275555555555,13.968,0.0,4.0,,1.0,,Paved - Blocked,,,,No,No,No
243701819,84298961,swathi@verifinity.ai,gs://sawasdee-labelstudio/annotation_frames/1_itinerary_2_1_frame000052.jpg,1_itinerary_2_1,1_itinerary_2_1_39725900,52,520.0,1,2025:03:27 03:44:28,2025-03-27 03:53:08,3,3,914.0,HERO13 Black,18.934325,72.83378055555555,28.756,0.0,8.0,1.0,,,,Yes,,,No,No,No
243701820,84526586,swathi@verifinity.ai,gs://sawasdee-labelstudio/annotation_frames/1_itinerary_2_1_frame000053.jpg,1_itinerary_2_1,1_itinerary_2_1_39725900,53,530.0,1,2025:03:27 03:44:28,2025-03-27 03:53:18,3,3,914.0,HERO13 Black,18.93468888888889,72.83383888888888,29.365,0.0,5.0,1.0,,,,Yes,,,No,No,No
243701823,84297893,swathi@verifinity.ai,gs://sawasdee-labelstudio/annotation_frames/1_itinerary_2_1_frame000056.jpg,1_itinerary_2_1,1_itinerary_2_1_39725900,56,560.0,1,2025:03:27 03:44:28,2025-03-27 03:53:48,3,3,914.0,HERO13 Black,18.934697222222223,72.83468333333333,21.548,0.0,4.0,,,3.0,Paved,,,,No,No,No
243701826,84499897,swathi@verifinity.ai,gs://sawasdee-labelstudio/annotation_frames/1_itinerary_2_1_frame000059.jpg,1_itinerary_2_1,1_itinerary_2_1_39725900,59,590.0,1,2025:03:27 03:44:28,2025-03-27 03:54:18,3,3,914.0,HERO13 Black,18.933919444444445,72.83521388888889,20.844,0.0,11.0,2.0,1.0,,,,,,No,No,Yes
243701828,84377778,swathi@verifinity.ai,gs://sawasdee-labelstudio/annotation_frames/1_itinerary_2_1_frame000061.jpg,1_itinerary_2_1,1_itinerary_2_1_39725900,61,610.0,1,2025:03:27 03:44:28,2025-03-27 03:54:38,3,3,914.0,HERO13 Black,18.934213888888888,72.83613055555556,18.168,0.0,4.0,1.0,,,,Yes,,,No,No,No
243701852,84539995,swathi@verifinity.ai,gs://sawasdee-labelstudio/annotation_frames/1_itinerary_2_1_frame000084.jpg,1_itinerary_2_1,1_itinerary_2_1_39725900,84,840.0,1,2025:03:27 03:44:28,2025-03-27 03:58:28,3,3,914.0,HERO13 Black,18.937708333333333,72.83473888888888,13.117,5.901,3.0,1.0,1.0,,,,,,No,No,No
243701853,84362205,swathi@verifinity.ai,gs://sawasdee-labelstudio/annotation_frames/1_itinerary_2_1_frame000085.jpg,1_itinerary_2_1,1_itinerary_2_1_39725900,85,850.0,1,2025:03:27 03:44:28,2025-03-27 03:58:38,3,3,914.0,HERO13 Black,18.937708333333333,72.83473888888888,13.117,15.901,3.0,3.0,1.0,,,Yes,,,No,No,No
243701855,84398298,swathi@verifinity.ai,gs://sawasdee-labelstudio/annotation_frames/1_itinerary_2_1_frame000087.jpg,1_itinerary_2_1,1_itinerary_2_1_39725900,87,870.0,1,2025:03:27 03:44:28,2025-03-27 03:58:58,3,3,914.0,HERO13 Black,,,,,4.0,,,,,Yes,,,No,No,No
243701862,85021908,swathi@verifinity.ai,gs://sawasdee-labelstudio/annotation_frames/1_itinerary_2_3_frame000002.jpg,1_itinerary_2_3,1_itinerary_2_3_4ea846af,2,20.0,1,2025:03:27 04:04:51,2025-03-27 04:05:11,4,3,157.0,HERO13 Black,18.936044444444445,72.83455555555555,22.7,0.0,11.0,1.0,5.0,2.0,Paved,Yes,,,Yes,No,No
243701870,84391741,swathi@verifinity.ai,gs://sawasdee-labelstudio/annotation_frames/1_itinerary_2_3_frame000010.jpg,1_itinerary_2_3,1_itinerary_2_3_4ea846af,10,100.0,1,2025:03:27 04:04:51,2025-03-27 04:06:31,4,3,157.0,HERO13 Black,18.936030555555554,72.83458888888889,18.58,23.5,7.0,,,,,,,,No,No,No
243701871,84378003,swathi@verifinity.ai,gs://sawasdee-labelstudio/annotation_frames/1_itinerary_2_3_frame000011.jpg,1_itinerary_2_3,1_itinerary_2_3_4ea846af,11,110.0,1,2025:03:27 04:04:51,2025-03-27 04:06:41,4,3,157.0,HERO13 Black,,,,,8.0,,,,,,,,No,No,No
243701886,84642894,swathi@verifinity.ai,gs://sawasdee-labelstudio/annotation_frames/1_itinerary_3_frame000010.jpg,1_itinerary_3,1_itinerary_3_534fbdba,10,100.0,1,2025:03:27 05:20:02,2025-03-27 05:21:42,5,3,1037.0,HERO13 Black,18.938902777777777,72.83474444444444,9.215,0.0,5.0,2.0,1.0,,Paved,,,,No,No,No
243701890,84544969,swathi@verifinity.ai,gs://sawasdee-labelstudio/annotation_frames/1_itinerary_3_frame000014.jpg,1_itinerary_3,1_itinerary_3_534fbdba,14,140.0,1,2025:03:27 05:20:02,2025-03-27 05:22:22,5,3,1037.0,HERO13 Black,18.938480555555557,72.83337499999999,14.165,0.0,11.0,3.0,4.0,,Paved,Yes,,,No,No,No
243701892,84282405,swathi@verifinity.ai,gs://sawasdee-labelstudio/annotation_frames/1_itinerary_3_frame000016.jpg,1_itinerary_3,1_itinerary_3_534fbdba,16,160.0,1,2025:03:27 05:20:02,2025-03-27 05:22:42,5,3,1037.0,HERO13 Black,18.938269444444444,72.83306944444445,20.067,0.0,,,,,,Yes,,,No,No,No
243701895,84299417,swathi@verifinity.ai,gs://sawasdee-labelstudio/annotation_frames/1_itinerary_3_frame000018.jpg,1_itinerary_3,1_itinerary_3_534fbdba,18,180.0,1,2025:03:27 05:20:02,2025-03-27 05:23:02,5,3,1037.0,HERO13 Black,18.93786111111111,72.8325611111111,16.689,0.0,1.0,,1.0,,,Yes,,,No,No,No
243701896,83686402,varun.rama@usc.edu,gs://sawasdee-labelstudio/annotation_frames/1_itinerary_3_frame000019.jpg,1_itinerary_3,1_itinerary_3_534fbdba,19,190.0,1,2025:03:27 05:20:02,2025-03-27 05:23:12,5,3,1037.0,HERO13 Black,18.937569444444446,72.83243888888889,16.422,0.0,6.0,0.0,0.0,0.0,Not visible,Yes,No,No,No,No,No
243701898,84391094,swathi@verifinity.ai,gs://sawasdee-labelstudio/annotation_frames/1_itinerary_3_frame000021.jpg,1_itinerary_3,1_itinerary_3_534fbdba,21,210.0,1,2025:03:27 05:20:02,2025-03-27 05:23:32,5,3,1037.0,HERO13 Black,18.936936111111113,72.83215833333333,10.078,0.0,11.0,2.0,1.0,,Paved,Yes,,,No,No,No
243701899,84646185,swathi@verifinity.ai,gs://sawasdee-labelstudio/annotation_frames/1_itinerary_3_frame000022.jpg,1_itinerary_3,1_itinerary_3_534fbdba,22,220.0,1,2025:03:27 05:20:02,2025-03-27 05:23:42,5,3,1037.0,HERO13 Black,18.936625,72.832075,7.394,0.0,2.0,2.0,1.0,,No sidewalk,Yes,,,No,No,No
243701901,85015871,swathi@verifinity.ai,gs://sawasdee-labelstudio/annotation_frames/1_itinerary_3_frame000024.jpg,1_itinerary_3,1_itinerary_3_534fbdba,24,240.0,1,2025:03:27 05:20:02,2025-03-27 05:24:02,5,3,1037.0,HERO13 Black,18.936075,72.83186111111111,5.096,0.0,1.0,,,,No sidewalk,Yes,,,No,No,No
243701913,84528362,swathi@verifinity.ai,gs://sawasdee-labelstudio/annotation_frames/1_itinerary_3_frame000036.jpg,1_itinerary_3,1_itinerary_3_534fbdba,36,360.0,1,2025:03:27 05:20:02,2025-03-27 05:26:02,5,3,1037.0,HERO13 Black,18.934358333333332,72.83111944444444,10.235,0.0,3.0,4.0,,,,Yes,,,No,No,No
243701915,84538251,swathi@verifinity.ai,gs://sawasdee-labelstudio/annotation_frames/1_itinerary_3_frame000038.jpg,1_itinerary_3,1_itinerary_3_534fbdba,38,380.0,1,2025:03:27 05:20:02,2025-03-27 05:26:22,5,3,1037.0,HERO13 Black,18.93434722222222,72.83110555555555,11.872,0.0,2.0,,3.0,,,,,,No,No,No
243701918,84497826,swathi@verifinity.ai,gs://sawasdee-labelstudio/annotation_frames/1_itinerary_3_frame000041.jpg,1_itinerary_3,1_itinerary_3_534fbdba,41,410.0,1,2025:03:27 05:20:02,2025-03-27 05:26:52,5,3,1037.0,HERO13 Black,18.934069444444443,72.83116388888888,10.034,0.0,,,2.0,,,,,,No,No,No
243701922,85022734,swathi@verifinity.ai,gs://sawasdee-labelstudio/annotation_frames/1_itinerary_3_frame000045.jpg,1_itinerary_3,1_itinerary_3_534fbdba,45,450.0,1,2025:03:27 05:20:02,2025-03-27 05:27:32,5,3,1037.0,HERO13 Black,18.93306388888889,72.83136944444443,9.318,0.0,,,3.0,,,,,,No,No,No
243701931,84379830,swathi@verifinity.ai,gs://sawasdee-labelstudio/annotation_frames/1_itinerary_3_frame000054.jpg,1_itinerary_3,1_itinerary_3_534fbdba,54,540.0,1,2025:03:27 05:20:02,2025-03-27 05:29:02,5,3,1037.0,HERO13 Black,18.933,72.83140277777777,0.508,0.1,11.0,,5.0,,,Yes,,,No,No,No
243701934,84536817,swathi@verifinity.ai,gs://sawasdee-labelstudio/annotation_frames/1_itinerary_3_frame000057.jpg,1_itinerary_3,1_itinerary_3_534fbdba,57,570.0,1,2025:03:27 05:20:02,2025-03-27 05:29:32,5,3,1037.0,HERO13 Black,18.933005555555557,72.8313861111111,-3.8505000000000003,0.1,11.0,,3.0,,,Yes,,,No,No,No
243701956,84647533,swathi@verifinity.ai,gs://sawasdee-labelstudio/annotation_frames/1_itinerary_3_frame000077.jpg,1_itinerary_3,1_itinerary_3_534fbdba,77,770.0,1,2025:03:27 05:20:02,2025-03-27 05:32:52,5,3,1037.0,HERO13 Black,18.927258333333334,72.83322222222222,11.554,0.0,,2.0,,,,,,Construction debris,No,No,No
243701960,84631651,swathi@verifinity.ai,gs://sawasdee-labelstudio/annotation_frames/1_itinerary_3_frame000081.jpg,1_itinerary_3,1_itinerary_3_534fbdba,81,810.0,1,2025:03:27 05:20:02,2025-03-27 05:33:32,5,3,1037.0,HERO13 Black,18.928155555555556,72.83303888888888,2.874,0.0,4.0,,3.0,,,Yes,,,No,No,No
243701969,84641486,swathi@verifinity.ai,gs://sawasdee-labelstudio/annotation_frames/1_itinerary_3_frame000090.jpg,1_itinerary_3,1_itinerary_3_534fbdba,90,900.0,1,2025:03:27 05:20:02,2025-03-27 05:35:02,5,3,1037.0,HERO13 Black,18.928997222222222,72.83253055555555,14.323,0.0,7.0,2.0,3.0,,,Yes,,,No,No,No
243701970,85014914,swathi@verifinity.ai,gs://sawasdee-labelstudio/annotation_frames/1_itinerary_3_frame000091.jpg,1_itinerary_3,1_itinerary_3_534fbdba,91,910.0,1,2025:03:27 05:20:02,2025-03-27 05:35:12,5,3,1037.0,HERO13 Black,18.929261111111114,72.83239444444445,6.849,0.0,4.0,2.0,2.0,,,Yes,,,No,No,No
243701971,84394428,swathi@verifinity.ai,gs://sawasdee-labelstudio/annotation_frames/1_itinerary_3_frame000092.jpg,1_itinerary_3,1_itinerary_3_534fbdba,92,920.0,1,2025:03:27 05:20:02,2025-03-27 05:35:22,5,3,1037.0,HERO13 Black,18.929322222222222,72.83235277777777,2.106,0.0,3.0,1.0,2.0,,No sidewalk,,,,No,No,No
243701975,84525964,swathi@verifinity.ai,gs://sawasdee-labelstudio/annotation_frames/1_itinerary_3_frame000096.jpg,1_itinerary_3,1_itinerary_3_534fbdba,96,960.0,1,2025:03:27 05:20:02,2025-03-27 05:36:02,5,3,1037.0,HERO13 Black,18.928955555555557,72.83154444444445,10.557,4.401,11.0,,,,Paved - Blocked,Yes,,Construction debris,No,No,No
243701976,84543856,swathi@verifinity.ai,gs://sawasdee-labelstudio/annotation_frames/1_itinerary_3_frame000097.jpg,1_itinerary_3,1_itinerary_3_534fbdba,97,970.0,1,2025:03:27 05:20:02,2025-03-27 05:36:12,5,3,1037.0,HERO13 Black,18.928955555555557,72.83154444444445,10.557,14.401,7.0,1.0,,,No sidewalk,Yes,,Construction debris,No,No,No
243701978,84378880,swathi@verifinity.ai,gs://sawasdee-labelstudio/annotation_frames/1_itinerary_3_frame000099.jpg,1_itinerary_3,1_itinerary_3_534fbdba,99,990.0,1,2025:03:27 05:20:02,2025-03-27 05:36:32,5,3,1037.0,HERO13 Black,,,,,8.0,,,,,,Yes,,No,No,No
243701995,84286788,swathi@verifinity.ai,gs://sawasdee-labelstudio/annotation_frames/1_itinerary_4_frame000012.jpg,1_itinerary_4,1_itinerary_4_454fd644,12,120.0,1,2025:03:27 05:48:45,2025-03-27 05:50:45,5,3,1233.0,HERO13 Black,18.93833888888889,72.83668888888889,7.41,0.0,4.0,1.0,,,,Yes,,,No,No,Yes
243701996,84290901,swathi@verifinity.ai,gs://sawasdee-labelstudio/annotation_frames/1_itinerary_4_frame000013.jpg,1_itinerary_4,1_itinerary_4_454fd644,13,130.0,1,2025:03:27 05:48:45,2025-03-27 05:50:55,5,3,1233.0,HERO13 Black,18.938358333333333,72.836675,8.412,0.0,5.0,2.0,,,,Yes,,,No,No,No
243701998,84527710,swathi@verifinity.ai,gs://sawasdee-labelstudio/annotation_frames/1_itinerary_4_frame000015.jpg,1_itinerary_4,1_itinerary_4_454fd644,15,150.0,1,2025:03:27 05:48:45,2025-03-27 05:51:15,5,3,1233.0,HERO13 Black,18.938452777777776,72.83661944444444,10.039,0.0,3.0,2.0,,,,,,Yes,No,No,No
243702001,84289781,swathi@verifinity.ai,gs://sawasdee-labelstudio/annotation_frames/1_itinerary_4_frame000018.jpg,1_itinerary_4,1_itinerary_4_454fd644,18,180.0,1,2025:03:27 05:48:45,2025-03-27 05:51:45,5,3,1233.0,HERO13 Black,18.938466666666667,72.83659999999999,12.349,0.0,4.0,,,,,,,,No,No,No
243702016,84632781,swathi@verifinity.ai,gs://sawasdee-labelstudio/annotation_frames/1_itinerary_4_frame000032.jpg,1_itinerary_4,1_itinerary_4_454fd644,32,320.0,1,2025:03:27 05:48:45,2025-03-27 05:54:05,5,3,1233.0,HERO13 Black,18.938969444444446,72.83586944444444,14.726,0.0,7.0,2.0,,,Paved,,,,No,No,No
243702017,84533164,swathi@verifinity.ai,gs://sawasdee-labelstudio/annotation_frames/1_itinerary_4_frame000033.jpg,1_itinerary_4,1_itinerary_4_454fd644,33,330.0,1,2025:03:27 05:48:45,2025-03-27 05:54:15,5,3,1233.0,HERO13 Black,18.938861111111112,72.83589166666667,14.352,0.0,11.0,1.0,,,Paved,,,,Yes,No,No
243702025,84494677,swathi@verifinity.ai,gs://sawasdee-labelstudio/annotation_frames/1_itinerary_4_frame000041.jpg,1_itinerary_4,1_itinerary_4_454fd644,41,410.0,1,2025:03:27 05:48:45,2025-03-27 05:55:35,5,3,1233.0,HERO13 Black,18.93851111111111,72.83486388888889,6.083,0.0,11.0,,3.0,,,Yes,,,No,No,No
243702035,84290083,swathi@verifinity.ai,gs://sawasdee-labelstudio/annotation_frames/1_itinerary_4_frame000051.jpg,1_itinerary_4,1_itinerary_4_454fd644,51,510.0,1,2025:03:27 05:48:45,2025-03-27 05:57:15,5,3,1233.0,HERO13 Black,18.93948888888889,72.83476666666667,1.943,0.0,,,,,,Yes,,,No,No,No
243702042,84264589,swathi@verifinity.ai,gs://sawasdee-labelstudio/annotation_frames/1_itinerary_4_frame000058.jpg,1_itinerary_4,1_itinerary_4_454fd644,58,580.0,1,2025:03:27 05:48:45,2025-03-27 05:58:25,5,3,1233.0,HERO13 Black,18.9421,72.83439166666666,1.243,0.0,,,2.0,,,,,,No,No,No
243702045,84296632,swathi@verifinity.ai,gs://sawasdee-labelstudio/annotation_frames/1_itinerary_4_frame000061.jpg,1_itinerary_4,1_itinerary_4_454fd644,61,610.0,1,2025:03:27 05:48:45,2025-03-27 05:58:55,5,3,1233.0,HERO13 Black,18.94255,72.833275,1.029,0.0,,,5.0,,No sidewalk,Yes,,,No,No,No
243702050,84536571,swathi@verifinity.ai,gs://sawasdee-labelstudio/annotation_frames/1_itinerary_4_frame000066.jpg,1_itinerary_4,1_itinerary_4_454fd644,66,660.0,1,2025:03:27 05:48:45,2025-03-27 05:59:45,5,3,1233.0,HERO13 Black,18.944505555555555,72.83268333333334,9.353,0.0,2.0,1.0,,,No sidewalk,,,,No,No,No
243702055,84639259,swathi@verifinity.ai,gs://sawasdee-labelstudio/annotation_frames/1_itinerary_4_frame000071.jpg,1_itinerary_4,1_itinerary_4_454fd644,71,710.0,1,2025:03:27 05:48:45,2025-03-27 06:00:35,6,3,1233.0,HERO13 Black,18.94311111111111,72.83109444444445,9.117,0.0,5.0,1.0,,,No sidewalk,Yes,,Yes,No,No,No
243702058,84641031,swathi@verifinity.ai,gs://sawasdee-labelstudio/annotation_frames/1_itinerary_4_frame000074.jpg,1_itinerary_4,1_itinerary_4_454fd644,74,740.0,1,2025:03:27 05:48:45,2025-03-27 06:01:05,6,3,1233.0,HERO13 Black,18.942272222222222,72.83128888888889,6.252,0.0,2.0,1.0,1.0,,No sidewalk,Yes,,,No,No,No
243702059,84372529,swathi@verifinity.ai,gs://sawasdee-labelstudio/annotation_frames/1_itinerary_4_frame000075.jpg,1_itinerary_4,1_itinerary_4_454fd644,75,750.0,1,2025:03:27 05:48:45,2025-03-27 06:01:15,6,3,1233.0,HERO13 Black,18.94203611111111,72.83163333333333,4.426,0.0,4.0,1.0,2.0,,No sidewalk,Yes,,,No,No,No
243702062,84510757,swathi@verifinity.ai,gs://sawasdee-labelstudio/annotation_frames/1_itinerary_4_frame000078.jpg,1_itinerary_4,1_itinerary_4_454fd644,78,780.0,1,2025:03:27 05:48:45,2025-03-27 06:01:45,6,3,1233.0,HERO13 Black,18.94108888888889,72.8329611111111,2.729,0.0,3.0,3.0,,,No sidewalk,Yes,,,No,No,No
243702067,84295744,swathi@verifinity.ai,gs://sawasdee-labelstudio/annotation_frames/1_itinerary_4_frame000082.jpg,1_itinerary_4,1_itinerary_4_454fd644,82,820.0,1,2025:03:27 05:48:45,2025-03-27 06:02:25,6,3,1233.0,HERO13 Black,18.940213888888888,72.83422222222222,3.739,0.0,,,,,Paved,Yes,,,No,No,No
243702069,84395817,swathi@verifinity.ai,gs://sawasdee-labelstudio/annotation_frames/1_itinerary_4_frame000084.jpg,1_itinerary_4,1_itinerary_4_454fd644,84,840.0,1,2025:03:27 05:48:45,2025-03-27 06:02:45,6,3,1233.0,HERO13 Black,18.940030555555555,72.83453333333333,2.409,0.0,7.0,1.0,3.0,,Paved,Yes,,,No,No,No
243702070,84636469,swathi@verifinity.ai,gs://sawasdee-labelstudio/annotation_frames/1_itinerary_4_frame000085.jpg,1_itinerary_4,1_itinerary_4_454fd644,85,850.0,1,2025:03:27 05:48:45,2025-03-27 06:02:55,6,3,1233.0,HERO13 Black,18.940030555555555,72.83453055555555,3.978,0.0,2.0,,2.0,,Paved,Yes,,,No,No,No
243702073,83686294,varun.rama@usc.edu,gs://sawasdee-labelstudio/annotation_frames/1_itinerary_4_frame000088.jpg,1_itinerary_4,1_itinerary_4_454fd644,88,880.0,1,2025:03:27 05:48:45,2025-03-27 06:03:25,6,3,1233.0,HERO13 Black,18.94002777777778,72.8345361111111,1.542,0.0,4.0,1.0,0.0,0.0,Paved,Yes,No,No,No,No,No
243702074,84501677,swathi@verifinity.ai,gs://sawasdee-labelstudio/annotation_frames/1_itinerary_4_frame000089.jpg,1_itinerary_4,1_itinerary_4_454fd644,89,890.0,1,2025:03:27 05:48:45,2025-03-27 06:03:35,6,3,1233.0,HERO13 Black,18.94002777777778,72.83453888888889,1.473,0.0,6.0,3.0,,,Paved,Yes,,,No,No,No
243702077,84646880,swathi@verifinity.ai,gs://sawasdee-labelstudio/annotation_frames/1_itinerary_4_frame000092.jpg,1_itinerary_4,1_itinerary_4_454fd644,92,920.0,1,2025:03:27 05:48:45,2025-03-27 06:04:05,6,3,1233.0,HERO13 Black,18.940030555555555,72.8345361111111,2.602,0.0,,,2.0,,,,,,No,No,No
243702078,84264409,swathi@verifinity.ai,gs://sawasdee-labelstudio/annotation_frames/1_itinerary_4_frame000093.jpg,1_itinerary_4,1_itinerary_4_454fd644,93,930.0,1,2025:03:27 05:48:45,2025-03-27 06:04:15,6,3,1233.0,HERO13 Black,18.940030555555555,72.83453888888889,3.104,0.1,2.0,,,,,Yes,,,No,No,No
243702079,84638465,swathi@verifinity.ai,gs://sawasdee-labelstudio/annotation_frames/1_itinerary_4_frame000094.jpg,1_itinerary_4,1_itinerary_4_454fd644,94,940.0,1,2025:03:27 05:48:45,2025-03-27 06:04:25,6,3,1233.0,HERO13 Black,18.940030555555555,72.83454444444445,6.308,0.0,,,,,,Yes,,,No,No,No
243702086,85017878,swathi@verifinity.ai,gs://sawasdee-labelstudio/annotation_frames/1_itinerary_4_frame000101.jpg,1_itinerary_4,1_itinerary_4_454fd644,101,1010.0,1,2025:03:27 05:48:45,2025-03-27 06:05:35,6,3,1233.0,HERO13 Black,18.939040277777778,72.83486666666666,3.846,0.1,,,3.0,,No sidewalk,Yes,,,No,No,No
243702101,84266201,swathi@verifinity.ai,gs://sawasdee-labelstudio/annotation_frames/1_itinerary_4_frame000116.jpg,1_itinerary_4,1_itinerary_4_454fd644,116,1160.0,1,2025:03:27 05:48:45,2025-03-27 06:08:05,6,3,1233.0,HERO13 Black,18.935666666666666,72.83361111111111,4.747,9.1,7.0,3.0,2.0,,Paved,Yes,,,No,No,No
243702102,84290865,swathi@verifinity.ai,gs://sawasdee-labelstudio/annotation_frames/1_itinerary_4_frame000117.jpg,1_itinerary_4,1_itinerary_4_454fd644,117,1170.0,1,2025:03:27 05:48:45,2025-03-27 06:08:15,6,3,1233.0,HERO13 Black,18.935666666666666,72.83361111111111,4.747,19.1,1.0,,1.0,,,Yes,,,No,No,No
243702114,84532988,swathi@verifinity.ai,gs://sawasdee-labelstudio/annotation_frames/1_itinerary_5_frame000005.jpg,1_itinerary_5,1_itinerary_5_bd059bc1,5,50.0,1,2025:03:27 06:41:48,2025-03-27 06:42:38,6,3,1179.0,HERO13 Black,18.92146388888889,72.83216388888889,16.745,0.0,2.0,1.0,11.0,,,,,,No,No,No
243702115,85015189,swathi@verifinity.ai,gs://sawasdee-labelstudio/annotation_frames/1_itinerary_5_frame000006.jpg,1_itinerary_5,1_itinerary_5_bd059bc1,6,60.0,1,2025:03:27 06:41:48,2025-03-27 06:42:48,6,3,1179.0,HERO13 Black,18.921258333333334,72.83264444444444,16.407,0.0,6.0,2.0,1.0,,Paved,Yes,,,No,No,No
243702123,84296296,swathi@verifinity.ai,gs://sawasdee-labelstudio/annotation_frames/1_itinerary_5_frame000014.jpg,1_itinerary_5,1_itinerary_5_bd059bc1,14,140.0,1,2025:03:27 06:41:48,2025-03-27 06:44:08,6,3,1179.0,HERO13 Black,18.918294444444445,72.83172777777777,10.149,0.0,6.0,,1.0,,No sidewalk,Yes,,,No,No,No
243702128,84495073,swathi@verifinity.ai,gs://sawasdee-labelstudio/annotation_frames/1_itinerary_5_frame000019.jpg,1_itinerary_5,1_itinerary_5_bd059bc1,19,190.0,1,2025:03:27 06:41:48,2025-03-27 06:44:58,6,3,1179.0,HERO13 Black,18.918744444444446,72.82966944444443,12.802,0.0,1.0,,,,,Yes,,,No,No,No
243702131,84377528,swathi@verifinity.ai,gs://sawasdee-labelstudio/annotation_frames/1_itinerary_5_frame000022.jpg,1_itinerary_5,1_itinerary_5_bd059bc1,22,220.0,1,2025:03:27 06:41:48,2025-03-27 06:45:28,6,3,1179.0,HERO13 Black,18.91821666666667,72.83011388888889,14.651,0.0,,,1.0,,,Yes,,,No,No,No
243702136,84645863,swathi@verifinity.ai,gs://sawasdee-labelstudio/annotation_frames/1_itinerary_5_frame000027.jpg,1_itinerary_5,1_itinerary_5_bd059bc1,27,270.0,1,2025:03:27 06:41:48,2025-03-27 06:46:18,6,3,1179.0,HERO13 Black,18.917161111111113,72.82985555555555,16.101,0.0,2.0,,2.0,,,Yes,,,No,No,No
243702140,84543435,swathi@verifinity.ai,gs://sawasdee-labelstudio/annotation_frames/1_itinerary_5_frame000031.jpg,1_itinerary_5,1_itinerary_5_bd059bc1,31,310.0,1,2025:03:27 06:41:48,2025-03-27 06:46:58,6,3,1179.0,HERO13 Black,18.916116666666664,72.829775,12.008,0.0,4.0,,,,Paved - Blocked,Yes,,,No,No,No
243702175,84524313,swathi@verifinity.ai,gs://sawasdee-labelstudio/annotation_frames/1_itinerary_5_frame000064.jpg,1_itinerary_5,1_itinerary_5_bd059bc1,64,640.0,1,2025:03:27 06:41:48,2025-03-27 06:52:28,6,3,1179.0,HERO13 Black,18.918680555555557,72.82956666666666,12.722,0.0,,,,,Paved,Yes,,,No,No,No
243702189,84503339,swathi@verifinity.ai,gs://sawasdee-labelstudio/annotation_frames/1_itinerary_5_frame000078.jpg,1_itinerary_5,1_itinerary_5_bd059bc1,78,780.0,1,2025:03:27 06:41:48,2025-03-27 06:54:48,6,3,1179.0,HERO13 Black,18.917538888888892,72.82765555555555,15.566,0.0,8.0,,3.0,,Paved,Yes,,,No,No,No
243702190,84291655,swathi@verifinity.ai,gs://sawasdee-labelstudio/annotation_frames/1_itinerary_5_frame000079.jpg,1_itinerary_5,1_itinerary_5_bd059bc1,79,790.0,1,2025:03:27 06:41:48,2025-03-27 06:54:58,6,3,1179.0,HERO13 Black,18.917283333333334,72.82762222222222,16.725,0.0,2.0,,4.0,,Paved,Yes,,,No,No,No
243702195,84368437,swathi@verifinity.ai,gs://sawasdee-labelstudio/annotation_frames/1_itinerary_5_frame000084.jpg,1_itinerary_5,1_itinerary_5_bd059bc1,84,840.0,1,2025:03:27 06:41:48,2025-03-27 06:55:48,6,3,1179.0,HERO13 Black,18.9161875,72.82867638888888,19.741,0.1,6.0,,2.0,,,Yes,,,No,No,No
243702201,84386022,swathi@verifinity.ai,gs://sawasdee-labelstudio/annotation_frames/1_itinerary_5_frame000090.jpg,1_itinerary_5,1_itinerary_5_bd059bc1,90,900.0,1,2025:03:27 06:41:48,2025-03-27 06:56:48,6,3,1179.0,HERO13 Black,18.915341666666666,72.82919305555555,22.666,0.1,11.0,8.0,,,,,,,No,No,Yes
243702204,84527614,swathi@verifinity.ai,gs://sawasdee-labelstudio/annotation_frames/1_itinerary_5_frame000093.jpg,1_itinerary_5,1_itinerary_5_bd059bc1,93,930.0,1,2025:03:27 06:41:48,2025-03-27 06:57:18,6,3,1179.0,HERO13 Black,18.91531527777778,72.8301361111111,18.939999999999998,0.1,10.0,5.0,,,No sidewalk,Yes,,,No,No,Yes
243702208,84385951,swathi@verifinity.ai,gs://sawasdee-labelstudio/annotation_frames/1_itinerary_5_frame000097.jpg,1_itinerary_5,1_itinerary_5_bd059bc1,97,970.0,1,2025:03:27 06:41:48,2025-03-27 06:57:58,6,3,1179.0,HERO13 Black,18.915288888888888,72.8302625,15.933,0.1,5.0,6.0,,,No sidewalk,,,,No,No,No
243702212,84645198,swathi@verifinity.ai,gs://sawasdee-labelstudio/annotation_frames/1_itinerary_5_frame000099.jpg,1_itinerary_5,1_itinerary_5_bd059bc1,99,990.0,1,2025:03:27 06:41:48,2025-03-27 06:58:18,6,3,1179.0,HERO13 Black,18.915433333333333,72.82955,15.047,0.0,2.0,2.0,,,No sidewalk,,,,No,No,No
243702213,84287284,swathi@verifinity.ai,gs://sawasdee-labelstudio/annotation_frames/1_itinerary_5_frame000100.jpg,1_itinerary_5,1_itinerary_5_bd059bc1,100,1000.0,1,2025:03:27 06:41:48,2025-03-27 06:58:28,6,3,1179.0,HERO13 Black,18.915344444444443,72.82923888888888,13.873,0.0,2.0,,,,No sidewalk,,,,No,No,No
243702247,84261825,swathi@verifinity.ai,gs://sawasdee-labelstudio/annotation_frames/1_itinerary_6_frame000015.jpg,1_itinerary_6,1_itinerary_6_895a7bd7,15,150.0,1,2025:03:27 08:02:55,2025-03-27 08:05:25,8,3,1012.0,HERO13 Black,18.93581111111111,72.825925,33.112,0.0,6.0,,1.0,,Paved,,,,No,No,No
243702258,84636624,swathi@verifinity.ai,gs://sawasdee-labelstudio/annotation_frames/1_itinerary_6_frame000026.jpg,1_itinerary_6,1_itinerary_6_895a7bd7,26,260.0,1,2025:03:27 08:02:55,2025-03-27 08:07:15,8,3,1012.0,HERO13 Black,18.936925,72.82466388888888,26.168,0.0,1.0,,,,Paved,,,,No,No,No
243702273,84526906,swathi@verifinity.ai,gs://sawasdee-labelstudio/annotation_frames/1_itinerary_6_frame000039.jpg,1_itinerary_6,1_itinerary_6_895a7bd7,39,390.0,1,2025:03:27 08:02:55,2025-03-27 08:09:25,8,3,1012.0,HERO13 Black,18.945072222222223,72.82230555555554,12.925,0.0,3.0,2.0,,,Paved,Yes,,,No,No,No
243702276,84618760,swathi@verifinity.ai,gs://sawasdee-labelstudio/annotation_frames/1_itinerary_6_frame000042.jpg,1_itinerary_6,1_itinerary_6_895a7bd7,42,420.0,1,2025:03:27 08:02:55,2025-03-27 08:09:55,8,3,1012.0,HERO13 Black,18.947580555555557,72.82060833333333,12.456,0.0,11.0,4.0,1.0,,Paved,Yes,,,No,No,No
243702280,84381302,swathi@verifinity.ai,gs://sawasdee-labelstudio/annotation_frames/1_itinerary_6_frame000046.jpg,1_itinerary_6,1_itinerary_6_895a7bd7,46,460.0,1,2025:03:27 08:02:55,2025-03-27 08:10:35,8,3,1012.0,HERO13 Black,18.950819444444445,72.81794166666667,11.351,0.0,,,1.0,,No sidewalk,Yes,,,No,No,No
243702292,84381707,swathi@verifinity.ai,gs://sawasdee-labelstudio/annotation_frames/1_itinerary_6_frame000058.jpg,1_itinerary_6,1_itinerary_6_895a7bd7,58,580.0,1,2025:03:27 08:02:55,2025-03-27 08:12:35,8,3,1012.0,HERO13 Black,18.951072222222223,72.81786388888888,12.368,0.0,,,,,Paved,Yes,,,No,No,No
243702293,84383227,swathi@verifinity.ai,gs://sawasdee-labelstudio/annotation_frames/1_itinerary_6_frame000059.jpg,1_itinerary_6,1_itinerary_6_895a7bd7,59,590.0,1,2025:03:27 08:02:55,2025-03-27 08:12:45,8,3,1012.0,HERO13 Black,18.950352777777777,72.818525,12.21,0.0,3.0,,2.0,,,Yes,,,No,No,No
243702298,84611554,swathi@verifinity.ai,gs://sawasdee-labelstudio/annotation_frames/1_itinerary_6_frame000064.jpg,1_itinerary_6,1_itinerary_6_895a7bd7,64,640.0,1,2025:03:27 08:02:55,2025-03-27 08:13:35,8,3,1012.0,HERO13 Black,18.947030555555557,72.82136388888888,11.759,0.0,,,2.0,,Paved,Yes,,,No,No,No
243702303,85015489,swathi@verifinity.ai,gs://sawasdee-labelstudio/annotation_frames/1_itinerary_6_frame000069.jpg,1_itinerary_6,1_itinerary_6_895a7bd7,69,690.0,1,2025:03:27 08:02:55,2025-03-27 08:14:25,8,3,1012.0,HERO13 Black,18.943472222222223,72.82321666666667,12.37,0.0,,,2.0,,Paved,Yes,,,No,No,No
243702305,84643418,swathi@verifinity.ai,gs://sawasdee-labelstudio/annotation_frames/1_itinerary_6_frame000071.jpg,1_itinerary_6,1_itinerary_6_895a7bd7,71,710.0,1,2025:03:27 08:02:55,2025-03-27 08:14:45,8,3,1012.0,HERO13 Black,18.94282777777778,72.82346388888888,10.964,0.0,1.0,,,,Paved,Yes,,,No,No,No
243702306,84643670,swathi@verifinity.ai,gs://sawasdee-labelstudio/annotation_frames/1_itinerary_6_frame000072.jpg,1_itinerary_6,1_itinerary_6_895a7bd7,72,720.0,1,2025:03:27 08:02:55,2025-03-27 08:14:55,8,3,1012.0,HERO13 Black,18.942825,72.82347222222222,10.8,0.0,2.0,,,,Paved,Yes,,,No,No,No
243702310,84495397,swathi@verifinity.ai,gs://sawasdee-labelstudio/annotation_frames/1_itinerary_6_frame000075.jpg,1_itinerary_6,1_itinerary_6_895a7bd7,75,750.0,1,2025:03:27 08:02:55,2025-03-27 08:15:25,8,3,1012.0,HERO13 Black,18.942752777777777,72.82349166666667,5.581,0.0,,,1.0,,Paved,Yes,,,No,No,No
243702314,84644370,swathi@verifinity.ai,gs://sawasdee-labelstudio/annotation_frames/1_itinerary_6_frame000079.jpg,1_itinerary_6,1_itinerary_6_895a7bd7,79,790.0,1,2025:03:27 08:02:55,2025-03-27 08:16:05,8,3,1012.0,HERO13 Black,18.94176388888889,72.82493055555555,11.866,0.0,11.0,,,,Paved,Yes,,,No,No,No
243702327,85000461,swathi@verifinity.ai,gs://sawasdee-labelstudio/annotation_frames/1_itinerary_6_frame000091.jpg,1_itinerary_6,1_itinerary_6_895a7bd7,91,910.0,1,2025:03:27 08:02:55,2025-03-27 08:18:05,8,3,1012.0,HERO13 Black,18.939172222222222,72.82424999999999,8.314,0.0,6.0,,,,Paved,,,,No,No,No
243702336,84290918,swathi@verifinity.ai,gs://sawasdee-labelstudio/annotation_frames/1_itinerary_6_frame000100.jpg,1_itinerary_6,1_itinerary_6_895a7bd7,100,1000.0,1,2025:03:27 08:02:55,2025-03-27 08:19:35,8,3,1012.0,HERO13 Black,,,,,,,,,Paved,Yes,,,No,No,No
243702348,84526246,swathi@verifinity.ai,gs://sawasdee-labelstudio/annotation_frames/1_itinerary_7_frame000011.jpg,1_itinerary_7,1_itinerary_7_cd6163af,11,110.0,1,2025:03:27 09:24:10,2025-03-27 09:26:00,9,3,780.0,HERO13 Black,18.916324999999997,72.81768333333333,12.106,0.0,3.0,,,,,Yes,,,No,No,No
243702352,84643378,swathi@verifinity.ai,gs://sawasdee-labelstudio/annotation_frames/1_itinerary_7_frame000015.jpg,1_itinerary_7,1_itinerary_7_cd6163af,15,150.0,1,2025:03:27 09:24:10,2025-03-27 09:26:40,9,3,780.0,HERO13 Black,18.91685,72.81823055555556,12.521,0.0,,,,,No sidewalk,,,Construction debris,No,No,No
243702359,84396375,swathi@verifinity.ai,gs://sawasdee-labelstudio/annotation_frames/1_itinerary_7_frame000022.jpg,1_itinerary_7,1_itinerary_7_cd6163af,22,220.0,1,2025:03:27 09:24:10,2025-03-27 09:27:50,9,3,780.0,HERO13 Black,18.914227777777775,72.81927499999999,12.425,0.0,1.0,,,,,Yes,,,No,No,No
243702360,84542726,swathi@verifinity.ai,gs://sawasdee-labelstudio/annotation_frames/1_itinerary_7_frame000023.jpg,1_itinerary_7,1_itinerary_7_cd6163af,23,230.0,1,2025:03:27 09:24:10,2025-03-27 09:28:00,9,3,780.0,HERO13 Black,18.91375833333333,72.81888333333333,11.437,0.0,1.0,,,,Paved,,,,No,No,No
243702361,84539298,swathi@verifinity.ai,gs://sawasdee-labelstudio/annotation_frames/1_itinerary_7_frame000024.jpg,1_itinerary_7,1_itinerary_7_cd6163af,24,240.0,1,2025:03:27 09:24:10,2025-03-27 09:28:10,9,3,780.0,HERO13 Black,18.91323333333333,72.81840833333332,10.27,0.0,2.0,,,,Paved,Yes,,,No,No,No
243702363,84383195,swathi@verifinity.ai,gs://sawasdee-labelstudio/annotation_frames/1_itinerary_7_frame000026.jpg,1_itinerary_7,1_itinerary_7_cd6163af,26,260.0,1,2025:03:27 09:24:10,2025-03-27 09:28:30,9,3,780.0,HERO13 Black,18.91237222222222,72.81771388888889,7.575,0.0,1.0,,,,Paved,Yes,,,No,No,No
243702376,84613712,swathi@verifinity.ai,gs://sawasdee-labelstudio/annotation_frames/1_itinerary_7_frame000038.jpg,1_itinerary_7,1_itinerary_7_cd6163af,38,380.0,1,2025:03:27 09:24:10,2025-03-27 09:30:30,9,3,780.0,HERO13 Black,18.912827777777775,72.81708888888889,8.689,0.0,5.0,4.0,,,No sidewalk,,,,No,No,Yes
243702381,84362323,swathi@verifinity.ai,gs://sawasdee-labelstudio/annotation_frames/1_itinerary_7_frame000043.jpg,1_itinerary_7,1_itinerary_7_cd6163af,43,430.0,1,2025:03:27 09:24:10,2025-03-27 09:31:20,9,3,780.0,HERO13 Black,18.912380555555554,72.81757222222222,7.234,0.0,2.0,2.0,,,No sidewalk,,,,No,No,No
243702385,84290770,swathi@verifinity.ai,gs://sawasdee-labelstudio/annotation_frames/1_itinerary_7_frame000047.jpg,1_itinerary_7,1_itinerary_7_cd6163af,47,470.0,1,2025:03:27 09:24:10,2025-03-27 09:32:00,9,3,780.0,HERO13 Black,18.911177777777777,72.81897222222221,10.253,0.0,4.0,1.0,,,,,,Yes,No,No,No
243702387,84294345,swathi@verifinity.ai,gs://sawasdee-labelstudio/annotation_frames/1_itinerary_7_frame000049.jpg,1_itinerary_7,1_itinerary_7_cd6163af,49,490.0,1,2025:03:27 09:24:10,2025-03-27 09:32:20,9,3,780.0,HERO13 Black,18.910413888888886,72.81810833333333,7.997,0.0,6.0,2.0,,,,,,,No,No,No
243702393,84295091,swathi@verifinity.ai,gs://sawasdee-labelstudio/annotation_frames/1_itinerary_7_frame000055.jpg,1_itinerary_7,1_itinerary_7_cd6163af,55,550.0,1,2025:03:27 09:24:10,2025-03-27 09:33:20,9,3,780.0,HERO13 Black,18.91098333333333,72.81859722222222,11.565,0.0,,,,,Paved - Blocked,Yes,,,No,No,No
243702399,84499055,swathi@verifinity.ai,gs://sawasdee-labelstudio/annotation_frames/1_itinerary_7_frame000061.jpg,1_itinerary_7,1_itinerary_7_cd6163af,61,610.0,1,2025:03:27 09:24:10,2025-03-27 09:34:20,9,3,780.0,HERO13 Black,18.91395,72.821175,2.828,0.0,3.0,1.0,,,,,,Yes,No,No,No
243702409,84543326,swathi@verifinity.ai,gs://sawasdee-labelstudio/annotation_frames/1_itinerary_7_frame000071.jpg,1_itinerary_7,1_itinerary_7_cd6163af,71,710.0,1,2025:03:27 09:24:10,2025-03-27 09:36:00,9,3,780.0,HERO13 Black,18.91427222222222,72.8215,7.106,12.601,3.0,,1.0,,Paved,Yes,,,No,No,No
243702414,84620657,swathi@verifinity.ai,gs://sawasdee-labelstudio/annotation_frames/1_itinerary_7_frame000076.jpg,1_itinerary_7,1_itinerary_7_cd6163af,76,760.0,1,2025:03:27 09:24:10,2025-03-27 09:36:50,9,3,780.0,HERO13 Black,,,,,,,2.0,,,Yes,,,No,No,No
243702416,84645484,swathi@verifinity.ai,gs://sawasdee-labelstudio/annotation_frames/1_itinerary_8_1_frame000000.jpg,1_itinerary_8_1,1_itinerary_8_1_9f93eb04,0,0.0,1,2025:03:27 09:46:22,2025-03-27 09:46:22,9,3,142.0,HERO13 Black,18.92823611111111,72.83137222222221,28.13,0.0,5.0,2.0,2.0,,Paved,,,,No,No,No
243702420,84992138,swathi@verifinity.ai,gs://sawasdee-labelstudio/annotation_frames/1_itinerary_8_1_frame000004.jpg,1_itinerary_8_1,1_itinerary_8_1_9f93eb04,4,40.0,1,2025:03:27 09:46:22,2025-03-27 09:47:02,9,3,142.0,HERO13 Black,18.926183333333334,72.83161944444444,27.955,0.0,3.0,2.0,3.0,,Paved - Blocked,,,,No,No,Yes
243702421,84509595,swathi@verifinity.ai,gs://sawasdee-labelstudio/annotation_frames/1_itinerary_8_1_frame000005.jpg,1_itinerary_8_1,1_itinerary_8_1_9f93eb04,5,50.0,1,2025:03:27 09:46:22,2025-03-27 09:47:12,9,3,142.0,HERO13 Black,18.92590277777778,72.83187777777778,26.518,0.0,8.0,2.0,2.0,,,,,,No,No,No
243702435,84526988,swathi@verifinity.ai,gs://sawasdee-labelstudio/annotation_frames/1_itinerary_8_2_frame000002.jpg,1_itinerary_8_2,1_itinerary_8_2_44f36245,2,20.0,1,2025:03:27 09:49:43,2025-03-27 09:50:03,9,3,611.0,HERO13 Black,18.923355555555556,72.83179166666666,13.437,0.0,5.0,3.0,,,Paved,Yes,,,No,No,No
243702440,84370281,swathi@verifinity.ai,gs://sawasdee-labelstudio/annotation_frames/1_itinerary_8_2_frame000007.jpg,1_itinerary_8_2,1_itinerary_8_2_44f36245,7,70.0,1,2025:03:27 09:49:43,2025-03-27 09:50:53,9,3,611.0,HERO13 Black,18.92213888888889,72.83203888888889,15.82,0.0,4.0,,3.0,,Paved,Yes,,,No,No,No
243702447,84640391,swathi@verifinity.ai,gs://sawasdee-labelstudio/annotation_frames/1_itinerary_8_2_frame000014.jpg,1_itinerary_8_2,1_itinerary_8_2_44f36245,14,140.0,1,2025:03:27 09:49:43,2025-03-27 09:52:03,9,3,611.0,HERO13 Black,18.922019444444445,72.83232777777778,16.25,0.0,6.0,,,,Paved,Yes,,,No,No,No
243702453,84394624,swathi@verifinity.ai,gs://sawasdee-labelstudio/annotation_frames/1_itinerary_8_2_frame000020.jpg,1_itinerary_8_2,1_itinerary_8_2_44f36245,20,200.0,1,2025:03:27 09:49:43,2025-03-27 09:53:03,9,3,611.0,HERO13 Black,18.92259166666667,72.83236111111111,12.673,0.0,4.0,1.0,,,,Yes,,,No,No,No
243702455,84613996,swathi@verifinity.ai,gs://sawasdee-labelstudio/annotation_frames/1_itinerary_8_2_frame000022.jpg,1_itinerary_8_2,1_itinerary_8_2_44f36245,22,220.0,1,2025:03:27 09:49:43,2025-03-27 09:53:23,9,3,611.0,HERO13 Black,18.92283888888889,72.83169444444444,15.164,0.0,2.0,,,,Paved,Yes,,,No,No,No
243702459,84382558,swathi@verifinity.ai,gs://sawasdee-labelstudio/annotation_frames/1_itinerary_8_2_frame000026.jpg,1_itinerary_8_2,1_itinerary_8_2_44f36245,26,260.0,1,2025:03:27 09:49:43,2025-03-27 09:54:03,9,3,611.0,HERO13 Black,18.92195277777778,72.83128055555555,9.96,0.1,7.0,,,,,Yes,,,No,No,No
243702463,84607457,swathi@verifinity.ai,gs://sawasdee-labelstudio/annotation_frames/1_itinerary_8_2_frame000030.jpg,1_itinerary_8_2,1_itinerary_8_2_44f36245,30,300.0,1,2025:03:27 09:49:43,2025-03-27 09:54:43,9,3,611.0,HERO13 Black,18.921455555555557,72.8321111111111,7.289,0.0,,,2.0,,,Yes,,,No,No,No
243702464,84395108,swathi@verifinity.ai,gs://sawasdee-labelstudio/annotation_frames/1_itinerary_8_2_frame000031.jpg,1_itinerary_8_2,1_itinerary_8_2_44f36245,31,310.0,1,2025:03:27 09:49:43,2025-03-27 09:54:53,9,3,611.0,HERO13 Black,18.92125,72.83257777777777,6.06,0.0,6.0,2.0,,,No sidewalk,Yes,,,No,No,No
243702465,84261768,swathi@verifinity.ai,gs://sawasdee-labelstudio/annotation_frames/1_itinerary_8_2_frame000032.jpg,1_itinerary_8_2,1_itinerary_8_2_44f36245,32,320.0,1,2025:03:27 09:49:43,2025-03-27 09:55:03,9,3,611.0,HERO13 Black,18.92106388888889,72.83305833333333,3.795,0.0,8.0,1.0,5.0,,,Yes,,,No,No,No
243702476,84646249,swathi@verifinity.ai,gs://sawasdee-labelstudio/annotation_frames/1_itinerary_8_2_frame000043.jpg,1_itinerary_8_2,1_itinerary_8_2_44f36245,43,430.0,1,2025:03:27 09:49:43,2025-03-27 09:56:53,9,3,611.0,HERO13 Black,18.91861388888889,72.83017777777778,-4.191,0.0,,,3.0,,,Yes,,,No,No,No
243702479,84285394,swathi@verifinity.ai,gs://sawasdee-labelstudio/annotation_frames/1_itinerary_8_2_frame000046.jpg,1_itinerary_8_2,1_itinerary_8_2_44f36245,46,460.0,1,2025:03:27 09:49:43,2025-03-27 09:57:23,9,3,611.0,HERO13 Black,18.91915277777778,72.82933333333332,-0.118,0.0,,1.0,,,,,,,No,No,No
243702485,84259411,swathi@verifinity.ai,gs://sawasdee-labelstudio/annotation_frames/1_itinerary_8_2_frame000052.jpg,1_itinerary_8_2,1_itinerary_8_2_44f36245,52,520.0,1,2025:03:27 09:49:43,2025-03-27 09:58:23,9,3,611.0,HERO13 Black,18.921620875000002,72.83099306944445,10.577515,0.099,5.0,,,,,,,,No,No,No
243702487,84543603,swathi@verifinity.ai,gs://sawasdee-labelstudio/annotation_frames/1_itinerary_8_2_frame000054.jpg,1_itinerary_8_2,1_itinerary_8_2_44f36245,54,540.0,1,2025:03:27 09:49:43,2025-03-27 09:58:43,9,3,611.0,HERO13 Black,18.921844444444446,72.83105833333333,9.842,12.801,1.0,1.0,1.0,,Paved,Yes,,,Yes,No,No
243702489,84398265,swathi@verifinity.ai,gs://sawasdee-labelstudio/annotation_frames/1_itinerary_8_2_frame000056.jpg,1_itinerary_8_2,1_itinerary_8_2_44f36245,56,560.0,1,2025:03:27 09:49:43,2025-03-27 09:59:03,9,3,611.0,HERO13 Black,,,,,3.0,,1.0,,Paved,Yes,,,No,No,No
243702493,84292832,swathi@verifinity.ai,gs://sawasdee-labelstudio/annotation_frames/1_itinerary_8_2_frame000060.jpg,1_itinerary_8_2,1_itinerary_8_2_44f36245,60,600.0,1,2025:03:27 09:49:43,2025-03-27 09:59:43,9,3,611.0,HERO13 Black,,,,,1.0,,1.0,,Paved - Blocked,Yes,,,No,No,No
243702502,84284860,swathi@verifinity.ai,gs://sawasdee-labelstudio/annotation_frames/1_itinerary_9_frame000008.jpg,1_itinerary_9,1_itinerary_9_ee45370b,8,80.0,1,2025:03:27 10:16:00,2025-03-27 10:17:20,10,3,1550.0,HERO13 Black,18.91708888888889,72.82728055555555,18.728,0.0,11.0,1.0,,,No sidewalk,Yes,,,No,No,Yes
243702509,84260156,swathi@verifinity.ai,gs://sawasdee-labelstudio/annotation_frames/1_itinerary_9_frame000015.jpg,1_itinerary_9,1_itinerary_9_ee45370b,15,150.0,1,2025:03:27 10:16:00,2025-03-27 10:18:30,10,3,1550.0,HERO13 Black,18.91926666666667,72.8293861111111,23.45,0.0,8.0,5.0,2.0,,Paved,Yes,,,Yes,No,No
243702514,84994854,swathi@verifinity.ai,gs://sawasdee-labelstudio/annotation_frames/1_itinerary_9_frame000020.jpg,1_itinerary_9,1_itinerary_9_ee45370b,20,200.0,1,2025:03:27 10:16:00,2025-03-27 10:19:20,10,3,1550.0,HERO13 Black,18.92150277777778,72.83095833333333,20.309,0.0,4.0,,6.0,,Paved,Yes,,,No,No,No
243702515,84287932,swathi@verifinity.ai,gs://sawasdee-labelstudio/annotation_frames/1_itinerary_9_frame000021.jpg,1_itinerary_9,1_itinerary_9_ee45370b,21,210.0,1,2025:03:27 10:16:00,2025-03-27 10:19:30,10,3,1550.0,HERO13 Black,18.92150277777778,72.83094444444444,18.968,0.0,5.0,,2.0,,Paved,Yes,,,No,No,No
243702520,84393231,swathi@verifinity.ai,gs://sawasdee-labelstudio/annotation_frames/1_itinerary_9_frame000026.jpg,1_itinerary_9,1_itinerary_9_ee45370b,26,260.0,1,2025:03:27 10:16:00,2025-03-27 10:20:20,10,3,1550.0,HERO13 Black,18.922675,72.8314861111111,17.423,0.0,8.0,,3.0,1.0,Paved,Yes,,,No,No,No
243702524,84637538,swathi@verifinity.ai,gs://sawasdee-labelstudio/annotation_frames/1_itinerary_9_frame000030.jpg,1_itinerary_9,1_itinerary_9_ee45370b,30,300.0,1,2025:03:27 10:16:00,2025-03-27 10:21:00,10,3,1550.0,HERO13 Black,18.92436111111111,72.83203333333333,15.356,0.0,,,2.0,,Paved,,,,No,No,No
243702534,84295187,swathi@verifinity.ai,gs://sawasdee-labelstudio/annotation_frames/1_itinerary_9_frame000040.jpg,1_itinerary_9,1_itinerary_9_ee45370b,40,400.0,1,2025:03:27 10:16:00,2025-03-27 10:22:40,10,3,1550.0,HERO13 Black,18.92354166666667,72.83034722222222,25.835,0.0,1.0,,1.0,,Paved,Yes,,,No,No,No
243702544,84395240,swathi@verifinity.ai,gs://sawasdee-labelstudio/annotation_frames/1_itinerary_9_frame000050.jpg,1_itinerary_9,1_itinerary_9_ee45370b,50,500.0,1,2025:03:27 10:16:00,2025-03-27 10:24:20,10,3,1550.0,HERO13 Black,18.92191388888889,72.8310861111111,2.99,0.0,2.0,1.0,,,,Yes,,,No,No,No
243702548,84514399,swathi@verifinity.ai,gs://sawasdee-labelstudio/annotation_frames/1_itinerary_9_frame000054.jpg,1_itinerary_9,1_itinerary_9_ee45370b,54,540.0,1,2025:03:27 10:16:00,2025-03-27 10:25:00,10,3,1550.0,HERO13 Black,18.921902777777778,72.83110277777777,3.442605,0.099,4.0,3.0,2.0,,Paved - Blocked,Yes,,,No,No,Yes
243702557,84631400,swathi@verifinity.ai,gs://sawasdee-labelstudio/annotation_frames/1_itinerary_9_frame000063.jpg,1_itinerary_9,1_itinerary_9_ee45370b,63,630.0,1,2025:03:27 10:16:00,2025-03-27 10:26:30,10,3,1550.0,HERO13 Black,18.91941388888889,72.82962777777777,-4.206,0.0,11.0,3.0,3.0,1.0,Paved - Blocked,Yes,,,No,No,Yes
243702560,84294838,swathi@verifinity.ai,gs://sawasdee-labelstudio/annotation_frames/1_itinerary_9_frame000066.jpg,1_itinerary_9,1_itinerary_9_ee45370b,66,660.0,1,2025:03:27 10:16:00,2025-03-27 10:27:00,10,3,1550.0,HERO13 Black,18.91908888888889,72.83082222222222,0.474,0.0,,,,,Paved,Yes,,,Yes,No,No
243702563,84638249,swathi@verifinity.ai,gs://sawasdee-labelstudio/annotation_frames/1_itinerary_9_frame000069.jpg,1_itinerary_9,1_itinerary_9_ee45370b,69,690.0,1,2025:03:27 10:16:00,2025-03-27 10:27:30,10,3,1550.0,HERO13 Black,18.918480555555558,72.83110833333333,1.819,0.0,1.0,,2.0,,,Yes,,,No,No,No
243702570,84281917,swathi@verifinity.ai,gs://sawasdee-labelstudio/annotation_frames/1_itinerary_9_frame000075.jpg,1_itinerary_9,1_itinerary_9_ee45370b,75,750.0,1,2025:03:27 10:16:00,2025-03-27 10:28:30,10,3,1550.0,HERO13 Black,18.920508333333334,72.832925,4.017,0.0,3.0,,1.0,,Paved,,,,No,No,No
243702576,84644290,swathi@verifinity.ai,gs://sawasdee-labelstudio/annotation_frames/1_itinerary_9_frame000081.jpg,1_itinerary_9,1_itinerary_9_ee45370b,81,810.0,1,2025:03:27 10:16:00,2025-03-27 10:29:30,10,3,1550.0,HERO13 Black,18.921797222222224,72.83132222222221,10.88,0.0,2.0,,1.0,,Paved,Yes,,,No,No,No
243702579,84377379,swathi@verifinity.ai,gs://sawasdee-labelstudio/annotation_frames/1_itinerary_9_frame000084.jpg,1_itinerary_9,1_itinerary_9_ee45370b,84,840.0,1,2025:03:27 10:16:00,2025-03-27 10:30:00,10,3,1550.0,HERO13 Black,18.921797222222224,72.83130833333333,9.291,0.0,3.0,1.0,,,Paved,Yes,,,No,No,No
243702581,84292217,swathi@verifinity.ai,gs://sawasdee-labelstudio/annotation_frames/1_itinerary_9_frame000086.jpg,1_itinerary_9,1_itinerary_9_ee45370b,86,860.0,1,2025:03:27 10:16:00,2025-03-27 10:30:20,10,3,1550.0,HERO13 Black,18.92181666666667,72.83129722222222,12.724,0.0,1.0,,,,,Yes,,,No,No,No
243702588,84512063,swathi@verifinity.ai,gs://sawasdee-labelstudio/annotation_frames/1_itinerary_9_frame000092.jpg,1_itinerary_9,1_itinerary_9_ee45370b,92,920.0,1,2025:03:27 10:16:00,2025-03-27 10:31:20,10,3,1550.0,HERO13 Black,18.92246111111111,72.83,5.641,0.0,11.0,1.0,2.0,,Paved,Yes,,,No,No,Yes
243702597,84637236,swathi@verifinity.ai,gs://sawasdee-labelstudio/annotation_frames/1_itinerary_9_frame000101.jpg,1_itinerary_9,1_itinerary_9_ee45370b,101,1010.0,1,2025:03:27 10:16:00,2025-03-27 10:32:50,10,3,1550.0,HERO13 Black,18.920769444444446,72.82631388888889,-1.27,0.0,3.0,,2.0,,Paved,Yes,,,No,No,No
243702598,84372003,swathi@verifinity.ai,gs://sawasdee-labelstudio/annotation_frames/1_itinerary_9_frame000102.jpg,1_itinerary_9,1_itinerary_9_ee45370b,102,1020.0,1,2025:03:27 10:16:00,2025-03-27 10:33:00,10,3,1550.0,HERO13 Black,18.920322222222225,72.82611944444444,-0.446,0.0,1.0,,1.0,,,Yes,,,No,No,No
243702602,84610866,swathi@verifinity.ai,gs://sawasdee-labelstudio/annotation_frames/1_itinerary_9_frame000106.jpg,1_itinerary_9,1_itinerary_9_ee45370b,106,1060.0,1,2025:03:27 10:16:00,2025-03-27 10:33:40,10,3,1550.0,HERO13 Black,18.918319444444446,72.82511944444444,-0.446,0.0,2.0,,1.0,,,Yes,,,No,No,No
243702613,84256101,swathi@verifinity.ai,gs://sawasdee-labelstudio/annotation_frames/1_itinerary_9_frame000117.jpg,1_itinerary_9,1_itinerary_9_ee45370b,117,1170.0,1,2025:03:27 10:16:00,2025-03-27 10:35:30,10,3,1550.0,HERO13 Black,18.916377777777775,72.82335277777777,7.018,0.0,2.0,1.0,2.0,,Paved,Yes,,,No,No,No
243702614,84383397,swathi@verifinity.ai,gs://sawasdee-labelstudio/annotation_frames/1_itinerary_9_frame000118.jpg,1_itinerary_9,1_itinerary_9_ee45370b,118,1180.0,1,2025:03:27 10:16:00,2025-03-27 10:35:40,10,3,1550.0,HERO13 Black,18.916847222222223,72.82374999999999,8.405,0.0,3.0,1.0,3.0,,,,,,No,No,No
243702616,84638782,swathi@verifinity.ai,gs://sawasdee-labelstudio/annotation_frames/1_itinerary_9_frame000120.jpg,1_itinerary_9,1_itinerary_9_ee45370b,120,1200.0,1,2025:03:27 10:16:00,2025-03-27 10:36:00,10,3,1550.0,HERO13 Black,18.91786111111111,72.82461111111111,6.979,0.0,2.0,1.0,4.0,,Paved,Yes,,,No,No,No
243702619,84285474,swathi@verifinity.ai,gs://sawasdee-labelstudio/annotation_frames/1_itinerary_9_frame000123.jpg,1_itinerary_9,1_itinerary_9_ee45370b,123,1230.0,1,2025:03:27 10:16:00,2025-03-27 10:36:30,10,3,1550.0,HERO13 Black,18.918786111111114,72.82531388888889,8.102,0.0,,,,,,Yes,,,No,No,No
243702622,84986450,swathi@verifinity.ai,gs://sawasdee-labelstudio/annotation_frames/1_itinerary_9_frame000125.jpg,1_itinerary_9,1_itinerary_9_ee45370b,125,1250.0,1,2025:03:27 10:16:00,2025-03-27 10:36:50,10,3,1550.0,HERO13 Black,18.919194444444447,72.82546944444444,2.767,0.0,6.0,1.0,,,No sidewalk,Yes,,Yes,No,No,No
243702627,84383761,swathi@verifinity.ai,gs://sawasdee-labelstudio/annotation_frames/1_itinerary_9_frame000130.jpg,1_itinerary_9,1_itinerary_9_ee45370b,130,1300.0,1,2025:03:27 10:16:00,2025-03-27 10:37:40,10,3,1550.0,HERO13 Black,18.919641666666667,72.82459999999999,-0.636,0.0,4.0,,,,Paved - Blocked,,,,No,No,No
243702630,84646100,swathi@verifinity.ai,gs://sawasdee-labelstudio/annotation_frames/1_itinerary_9_frame000133.jpg,1_itinerary_9,1_itinerary_9_ee45370b,133,1330.0,1,2025:03:27 10:16:00,2025-03-27 10:38:10,10,3,1550.0,HERO13 Black,18.919619444444447,72.82467222222222,-0.984,0.0,8.0,,,,,N/A,N/A,Yes,No,No,No
243702639,85021312,swathi@verifinity.ai,gs://sawasdee-labelstudio/annotation_frames/1_itinerary_9_frame000142.jpg,1_itinerary_9,1_itinerary_9_ee45370b,142,1420.0,1,2025:03:27 10:16:00,2025-03-27 10:39:40,10,3,1550.0,HERO13 Black,18.92063611111111,72.82614722222222,5.616,0.0,2.0,,,,,N/A,N/A,,No,No,No
243702640,84293093,swathi@verifinity.ai,gs://sawasdee-labelstudio/annotation_frames/1_itinerary_9_frame000143.jpg,1_itinerary_9,1_itinerary_9_ee45370b,143,1430.0,1,2025:03:27 10:16:00,2025-03-27 10:39:50,10,3,1550.0,HERO13 Black,18.920683333333333,72.82617499999999,6.277,0.0,6.0,,,,,N/A,N/A,,No,No,No
243702643,84507422,swathi@verifinity.ai,gs://sawasdee-labelstudio/annotation_frames/1_itinerary_9_frame000146.jpg,1_itinerary_9,1_itinerary_9_ee45370b,146,1460.0,1,2025:03:27 10:16:00,2025-03-27 10:40:20,10,3,1550.0,HERO13 Black,18.92109166666667,72.82671944444444,6.253,0.0,2.0,,1.0,,,Yes,,,No,No,No
243702647,84611464,swathi@verifinity.ai,gs://sawasdee-labelstudio/annotation_frames/1_itinerary_9_frame000150.jpg,1_itinerary_9,1_itinerary_9_ee45370b,150,1500.0,1,2025:03:27 10:16:00,2025-03-27 10:41:00,10,3,1550.0,HERO13 Black,,,,,,,,,No sidewalk,Yes,,,No,No,No
243702659,84385686,swathi@verifinity.ai,gs://sawasdee-labelstudio/annotation_frames/2_dadar_flower_market_frame000007.jpg,2_dadar_flower_market,2_dadar_flower_market_bbbf412d,7,70.0,2,2025:03:29 11:00:44,2025-03-29 11:01:54,11,5,587.0,HERO13 Black,19.018563888888888,72.84102222222222,7.207,0.0,2.0,3.0,,,,,,,No,No,No
243702666,84282501,swathi@verifinity.ai,gs://sawasdee-labelstudio/annotation_frames/2_dadar_flower_market_frame000014.jpg,2_dadar_flower_market,2_dadar_flower_market_bbbf412d,14,140.0,2,2025:03:29 11:00:44,2025-03-29 11:03:04,11,5,587.0,HERO13 Black,19.018955555555554,72.84041944444444,2.975,0.0,11.0,2.0,,,,,,,No,No,No
243702671,84292705,swathi@verifinity.ai,gs://sawasdee-labelstudio/annotation_frames/2_dadar_flower_market_frame000019.jpg,2_dadar_flower_market,2_dadar_flower_market_bbbf412d,19,190.0,2,2025:03:29 11:00:44,2025-03-29 11:03:54,11,5,587.0,HERO13 Black,19.01896111111111,72.840425,3.147,0.0,11.0,11.0,,,,,,,No,No,Yes
243702681,84266101,swathi@verifinity.ai,gs://sawasdee-labelstudio/annotation_frames/2_dadar_flower_market_frame000028.jpg,2_dadar_flower_market,2_dadar_flower_market_bbbf412d,28,280.0,2,2025:03:29 11:00:44,2025-03-29 11:05:24,11,5,587.0,HERO13 Black,19.0195,72.84030555555555,0.537,0.0,,,1.0,,,,,,No,No,No
243702684,84257313,swathi@verifinity.ai,gs://sawasdee-labelstudio/annotation_frames/2_dadar_flower_market_frame000031.jpg,2_dadar_flower_market,2_dadar_flower_market_bbbf412d,31,310.0,2,2025:03:29 11:00:44,2025-03-29 11:05:54,11,5,587.0,HERO13 Black,19.019675,72.84057222222222,-5.295,0.0,2.0,,4.0,1.0,,,,,No,No,No
243702686,84293715,swathi@verifinity.ai,gs://sawasdee-labelstudio/annotation_frames/2_dadar_flower_market_frame000033.jpg,2_dadar_flower_market,2_dadar_flower_market_bbbf412d,33,330.0,2,2025:03:29 11:00:44,2025-03-29 11:06:14,11,5,587.0,HERO13 Black,19.019952777777778,72.840775,-4.113,0.0,1.0,,1.0,1.0,,,,,No,No,No
243702691,84613901,swathi@verifinity.ai,gs://sawasdee-labelstudio/annotation_frames/2_dadar_flower_market_frame000038.jpg,2_dadar_flower_market,2_dadar_flower_market_bbbf412d,38,380.0,2,2025:03:29 11:00:44,2025-03-29 11:07:04,11,5,587.0,HERO13 Black,19.02071806944444,72.84149584722222,7.430955,0.099,1.0,2.0,1.0,,,,,,No,No,No
243702692,84383979,swathi@verifinity.ai,gs://sawasdee-labelstudio/annotation_frames/2_dadar_flower_market_frame000039.jpg,2_dadar_flower_market,2_dadar_flower_market_bbbf412d,39,390.0,2,2025:03:29 11:00:44,2025-03-29 11:07:14,11,5,587.0,HERO13 Black,19.020747222222223,72.8415,5.104295,0.099,2.0,,1.0,,,,,,No,No,No
243702693,85020677,swathi@verifinity.ai,gs://sawasdee-labelstudio/annotation_frames/2_dadar_flower_market_frame000040.jpg,2_dadar_flower_market,2_dadar_flower_market_bbbf412d,40,400.0,2,2025:03:29 11:00:44,2025-03-29 11:07:24,11,5,587.0,HERO13 Black,19.02075,72.84151251388889,5.301435,0.099,11.0,1.0,1.0,,No sidewalk,,,,No,No,No
243702697,84372397,swathi@verifinity.ai,gs://sawasdee-labelstudio/annotation_frames/2_dadar_flower_market_frame000044.jpg,2_dadar_flower_market,2_dadar_flower_market_bbbf412d,44,440.0,2,2025:03:29 11:00:44,2025-03-29 11:08:04,11,5,587.0,HERO13 Black,19.020775,72.84157777777777,16.391814999999998,0.099,11.0,7.0,2.0,,,,,,No,No,No
243702699,85014193,swathi@verifinity.ai,gs://sawasdee-labelstudio/annotation_frames/2_dadar_flower_market_frame000046.jpg,2_dadar_flower_market,2_dadar_flower_market_bbbf412d,46,460.0,2,2025:03:29 11:00:44,2025-03-29 11:08:24,11,5,587.0,HERO13 Black,19.020983333333334,72.84173055555556,9.74,0.0,3.0,,5.0,2.0,Paved,Yes,,Yes,No,No,No
243702700,84267267,swathi@verifinity.ai,gs://sawasdee-labelstudio/annotation_frames/2_dadar_flower_market_frame000047.jpg,2_dadar_flower_market,2_dadar_flower_market_bbbf412d,47,470.0,2,2025:03:29 11:00:44,2025-03-29 11:08:34,11,5,587.0,HERO13 Black,19.02135277777778,72.84205833333333,4.933,0.0,1.0,,1.0,,Paved,Yes,,,No,No,No
243702705,84520955,swathi@verifinity.ai,gs://sawasdee-labelstudio/annotation_frames/2_dadar_flower_market_frame000052.jpg,2_dadar_flower_market,2_dadar_flower_market_bbbf412d,52,520.0,2,2025:03:29 11:00:44,2025-03-29 11:09:24,11,5,587.0,HERO13 Black,,,,,2.0,2.0,6.0,2.0,,,,,No,No,No
243702714,84390123,swathi@verifinity.ai,gs://sawasdee-labelstudio/annotation_frames/2_itinerary_1_2_frame000002.jpg,2_itinerary_1_2,2_itinerary_1_2_d78a4abf,2,20.0,2,2025:03:29 02:46:21,2025-03-29 02:46:41,2,5,107.0,HERO13 Black,,,,,2.0,,2.0,,Paved,Yes,,,No,No,No
243702718,84351324,swathi@verifinity.ai,gs://sawasdee-labelstudio/annotation_frames/2_itinerary_1_2_frame000006.jpg,2_itinerary_1_2,2_itinerary_1_2_d78a4abf,6,60.0,2,2025:03:29 02:46:21,2025-03-29 02:47:21,2,5,107.0,HERO13 Black,,,,,,,,,Paved - Blocked,Yes,,Yes,No,No,Yes
243702722,84499202,swathi@verifinity.ai,gs://sawasdee-labelstudio/annotation_frames/2_itinerary_1_2_frame000010.jpg,2_itinerary_1_2,2_itinerary_1_2_d78a4abf,10,100.0,2,2025:03:29 02:46:21,2025-03-29 02:48:01,2,5,107.0,HERO13 Black,,,,,1.0,1.0,,,Paved,Yes,,,No,No,No
243702725,84539326,swathi@verifinity.ai,gs://sawasdee-labelstudio/annotation_frames/2_itinerary_2_2_frame000002.jpg,2_itinerary_2_2,2_itinerary_2_2_184f0b4c,2,20.0,2,2025:03:29 03:36:56,2025-03-29 03:37:16,3,5,53.0,HERO13 Black,,,,,11.0,,1.0,,No sidewalk,,,,No,No,No
243702727,84367090,swathi@verifinity.ai,gs://sawasdee-labelstudio/annotation_frames/2_itinerary_2_2_frame000004.jpg,2_itinerary_2_2,2_itinerary_2_2_184f0b4c,4,40.0,2,2025:03:29 03:36:56,2025-03-29 03:37:36,3,5,53.0,HERO13 Black,,,,,11.0,1.0,1.0,,Paved,,,Yes,No,No,No
243702728,84523579,swathi@verifinity.ai,gs://sawasdee-labelstudio/annotation_frames/2_itinerary_5_2_frame000000.jpg,2_itinerary_5_2,2_itinerary_5_2_eeef3957,0,0.0,2,2025:03:29 09:01:36,2025-03-29 09:01:36,9,5,289.0,HERO13 Black,19.00787777777778,72.85929722222221,-4.625,0.0,,,5.0,,,Yes,,,No,No,No
243702731,84539814,swathi@verifinity.ai,gs://sawasdee-labelstudio/annotation_frames/2_itinerary_5_2_frame000002.jpg,2_itinerary_5_2,2_itinerary_5_2_eeef3957,2,20.0,2,2025:03:29 09:01:36,2025-03-29 09:01:56,9,5,289.0,HERO13 Black,19.00738888888889,72.85816944444444,-5.823,0.0,1.0,,,,Paved,,,,No,No,No
243702735,84382444,swathi@verifinity.ai,gs://sawasdee-labelstudio/annotation_frames/2_itinerary_5_2_frame000006.jpg,2_itinerary_5_2,2_itinerary_5_2_eeef3957,6,60.0,2,2025:03:29 09:01:36,2025-03-29 09:02:36,9,5,289.0,HERO13 Black,19.005836111111112,72.85599444444443,-5.564,0.0,,,7.0,,,Yes,,Yes,No,No,No
243702740,84645524,swathi@verifinity.ai,gs://sawasdee-labelstudio/annotation_frames/2_itinerary_5_2_frame000011.jpg,2_itinerary_5_2,2_itinerary_5_2_eeef3957,11,110.0,2,2025:03:29 09:01:36,2025-03-29 09:03:26,9,5,289.0,HERO13 Black,19.006308333333333,72.85539444444444,-8.82,0.0,1.0,,,,No sidewalk,,,Construction debris,No,No,No
243702743,84391715,swathi@verifinity.ai,gs://sawasdee-labelstudio/annotation_frames/2_itinerary_5_2_frame000014.jpg,2_itinerary_5_2,2_itinerary_5_2_eeef3957,14,140.0,2,2025:03:29 09:01:36,2025-03-29 09:03:56,9,5,289.0,HERO13 Black,19.007819444444443,72.85541944444444,-7.21,0.0,,,3.0,,,,,Yes,No,No,No
243702750,84523663,swathi@verifinity.ai,gs://sawasdee-labelstudio/annotation_frames/2_itinerary_5_2_frame000021.jpg,2_itinerary_5_2,2_itinerary_5_2_eeef3957,21,210.0,2,2025:03:29 09:01:36,2025-03-29 09:05:06,9,5,289.0,HERO13 Black,19.00977222222222,72.85565555555554,14.122,26.201,,,1.0,,Paved,,,,No,No,No
243702758,84643841,swathi@verifinity.ai,gs://sawasdee-labelstudio/annotation_frames/3_itinerary_1_frame000000.jpg,3_itinerary_1,3_itinerary_1_d448b513,0,0.0,3,2025:03:31 07:00:54,2025-03-31 07:00:54,7,0,1025.0,HERO13 Black,19.005258333333334,72.84326944444445,11.949,0.0,1.0,,,,Paved,Yes,,,No,No,No
243702770,84642348,swathi@verifinity.ai,gs://sawasdee-labelstudio/annotation_frames/3_itinerary_1_frame000012.jpg,3_itinerary_1,3_itinerary_1_d448b513,12,120.0,3,2025:03:31 07:00:54,2025-03-31 07:02:54,7,0,1025.0,HERO13 Black,19.003038888888888,72.84161388888889,12.6,0.0,,2.0,6.0,,,Yes,,,No,No,No
243702772,84641971,swathi@verifinity.ai,gs://sawasdee-labelstudio/annotation_frames/3_itinerary_1_frame000014.jpg,3_itinerary_1,3_itinerary_1_d448b513,14,140.0,3,2025:03:31 07:00:54,2025-03-31 07:03:14,7,0,1025.0,HERO13 Black,19.003069444444446,72.84159722222222,16.021,0.0,1.0,,2.0,,,Yes,,,No,No,No
243702782,84368782,swathi@verifinity.ai,gs://sawasdee-labelstudio/annotation_frames/3_itinerary_1_frame000023.jpg,3_itinerary_1,3_itinerary_1_d448b513,23,230.0,3,2025:03:31 07:00:54,2025-03-31 07:04:44,7,0,1025.0,HERO13 Black,19.00366111111111,72.84202222222221,15.233,0.0,4.0,1.0,,,Paved,Yes,,,No,No,No
243702783,85021713,swathi@verifinity.ai,gs://sawasdee-labelstudio/annotation_frames/3_itinerary_1_frame000024.jpg,3_itinerary_1,3_itinerary_1_d448b513,24,240.0,3,2025:03:31 07:00:54,2025-03-31 07:04:54,7,0,1025.0,HERO13 Black,19.003352777777778,72.84229166666667,14.616,0.0,,,3.0,,,,,,No,No,No
243702787,84501154,swathi@verifinity.ai,gs://sawasdee-labelstudio/annotation_frames/3_itinerary_1_frame000028.jpg,3_itinerary_1,3_itinerary_1_d448b513,28,280.0,3,2025:03:31 07:00:54,2025-03-31 07:05:34,7,0,1025.0,HERO13 Black,19.002027777777776,72.84360833333332,12.86,0.0,6.0,,5.0,,Paved,Yes,,,No,No,No
243702791,84370072,swathi@verifinity.ai,gs://sawasdee-labelstudio/annotation_frames/3_itinerary_1_frame000032.jpg,3_itinerary_1,3_itinerary_1_d448b513,32,320.0,3,2025:03:31 07:00:54,2025-03-31 07:06:14,7,0,1025.0,HERO13 Black,19.00201388888889,72.8436111111111,8.493,0.0,7.0,5.0,1.0,,,Yes,,,No,No,No
243702792,84997666,swathi@verifinity.ai,gs://sawasdee-labelstudio/annotation_frames/3_itinerary_1_frame000033.jpg,3_itinerary_1,3_itinerary_1_d448b513,33,330.0,3,2025:03:31 07:00:54,2025-03-31 07:06:24,7,0,1025.0,HERO13 Black,19.00184722222222,72.84365277777778,8.617,0.0,11.0,,2.0,,Paved,Yes,,,No,No,Yes
243702798,84533373,swathi@verifinity.ai,gs://sawasdee-labelstudio/annotation_frames/3_itinerary_1_frame000039.jpg,3_itinerary_1,3_itinerary_1_d448b513,39,390.0,3,2025:03:31 07:00:54,2025-03-31 07:07:24,7,0,1025.0,HERO13 Black,18.999575,72.84200555555555,8.924,0.0,,1.0,3.0,2.0,No sidewalk,,,,No,No,No
243702803,84381598,swathi@verifinity.ai,gs://sawasdee-labelstudio/annotation_frames/3_itinerary_1_frame000044.jpg,3_itinerary_1,3_itinerary_1_d448b513,44,440.0,3,2025:03:31 07:00:54,2025-03-31 07:08:14,7,0,1025.0,HERO13 Black,18.99811388888889,72.84159722222222,9.472,0.0,3.0,,4.0,,Paved,,,,No,No,No
243702804,84523965,swathi@verifinity.ai,gs://sawasdee-labelstudio/annotation_frames/3_itinerary_1_frame000045.jpg,3_itinerary_1,3_itinerary_1_d448b513,45,450.0,3,2025:03:31 07:00:54,2025-03-31 07:08:24,7,0,1025.0,HERO13 Black,18.998033333333336,72.84198055555555,9.03,0.0,4.0,1.0,3.0,,,,,,No,No,No
243702805,85049969,swathi@verifinity.ai,gs://sawasdee-labelstudio/annotation_frames/3_itinerary_1_frame000046.jpg,3_itinerary_1,3_itinerary_1_d448b513,46,460.0,3,2025:03:31 07:00:54,2025-03-31 07:08:34,7,0,1025.0,HERO13 Black,18.99795,72.84243055555555,11.39,0.0,,,5.0,,Paved,Yes,,,No,No,No
243702814,84638058,swathi@verifinity.ai,gs://sawasdee-labelstudio/annotation_frames/3_itinerary_1_frame000054.jpg,3_itinerary_1,3_itinerary_1_d448b513,54,540.0,3,2025:03:31 07:00:54,2025-03-31 07:09:54,7,0,1025.0,HERO13 Black,18.997254166666668,72.84034583333333,14.068,0.1,3.0,2.0,3.0,,Paved,Yes,,,No,No,No
243702815,84385241,swathi@verifinity.ai,gs://sawasdee-labelstudio/annotation_frames/3_itinerary_1_frame000055.jpg,3_itinerary_1,3_itinerary_1_d448b513,55,550.0,3,2025:03:31 07:00:54,2025-03-31 07:10:04,7,0,1025.0,HERO13 Black,18.997054166666665,72.84045555555555,11.937999999999999,0.1,,2.0,3.0,,,Yes,,,No,No,No
243702817,84287495,swathi@verifinity.ai,gs://sawasdee-labelstudio/annotation_frames/3_itinerary_1_frame000057.jpg,3_itinerary_1,3_itinerary_1_d448b513,57,570.0,3,2025:03:31 07:00:54,2025-03-31 07:10:24,7,0,1025.0,HERO13 Black,18.996654166666666,72.84140416666666,14.97,0.1,2.0,1.0,,,No sidewalk,,,,No,No,No
243702818,84396404,swathi@verifinity.ai,gs://sawasdee-labelstudio/annotation_frames/3_itinerary_1_frame000058.jpg,3_itinerary_1,3_itinerary_1_d448b513,58,580.0,3,2025:03:31 07:00:54,2025-03-31 07:10:34,7,0,1025.0,HERO13 Black,18.996480555555557,72.84180833333332,16.109,0.1,1.0,,,,No sidewalk,,,,No,No,No
243702823,84544101,swathi@verifinity.ai,gs://sawasdee-labelstudio/annotation_frames/3_itinerary_1_frame000063.jpg,3_itinerary_1,3_itinerary_1_d448b513,63,630.0,3,2025:03:31 07:00:54,2025-03-31 07:11:24,7,0,1025.0,HERO13 Black,18.996466666666667,72.84175555555555,15.704,0.0,3.0,1.0,3.0,,Paved,Yes,,,No,No,No
243702824,84395703,swathi@verifinity.ai,gs://sawasdee-labelstudio/annotation_frames/3_itinerary_1_frame000064.jpg,3_itinerary_1,3_itinerary_1_d448b513,64,640.0,3,2025:03:31 07:00:54,2025-03-31 07:11:34,7,0,1025.0,HERO13 Black,18.9967,72.8413861111111,14.285,0.0,3.0,1.0,5.0,,No sidewalk,Yes,,,No,No,No
243702840,84394846,swathi@verifinity.ai,gs://sawasdee-labelstudio/annotation_frames/3_itinerary_1_frame000079.jpg,3_itinerary_1,3_itinerary_1_d448b513,79,790.0,3,2025:03:31 07:00:54,2025-03-31 07:14:04,7,0,1025.0,HERO13 Black,18.994619444444446,72.84232222222222,16.902,0.0,1.0,,1.0,,,,,,No,No,No
243702847,84539614,swathi@verifinity.ai,gs://sawasdee-labelstudio/annotation_frames/3_itinerary_1_frame000086.jpg,3_itinerary_1,3_itinerary_1_d448b513,86,860.0,3,2025:03:31 07:00:54,2025-03-31 07:15:14,7,0,1025.0,HERO13 Black,18.995575000000002,72.84498888888888,22.73,0.0,5.0,,,,,Yes,,,No,No,No
243702852,84644627,swathi@verifinity.ai,gs://sawasdee-labelstudio/annotation_frames/3_itinerary_1_frame000091.jpg,3_itinerary_1,3_itinerary_1_d448b513,91,910.0,3,2025:03:31 07:00:54,2025-03-31 07:16:04,7,0,1025.0,HERO13 Black,18.995783333333335,72.84450277777778,19.668,13.201,,,4.0,,Paved - Blocked,Yes,,,No,No,No
243702867,85022648,swathi@verifinity.ai,gs://sawasdee-labelstudio/annotation_frames/3_itinerary_2_frame000004.jpg,3_itinerary_2,3_itinerary_2_f57717fc,4,40.0,3,2025:03:31 07:25:37,2025-03-31 07:26:17,7,0,1274.0,HERO13 Black,18.995319444444444,72.83690277777777,6.094,0.0,1.0,1.0,,,Paved - Blocked,Yes,,Yes,Yes,No,No
243702872,84545420,swathi@verifinity.ai,gs://sawasdee-labelstudio/annotation_frames/3_itinerary_2_frame000009.jpg,3_itinerary_2,3_itinerary_2_f57717fc,9,90.0,3,2025:03:31 07:25:37,2025-03-31 07:27:07,7,0,1274.0,HERO13 Black,18.997269444444445,72.83741111111111,6.802,0.0,1.0,,11.0,1.0,Paved,Yes,,,No,No,No
243702875,84367678,swathi@verifinity.ai,gs://sawasdee-labelstudio/annotation_frames/3_itinerary_2_frame000012.jpg,3_itinerary_2,3_itinerary_2_f57717fc,12,120.0,3,2025:03:31 07:25:37,2025-03-31 07:27:37,7,0,1274.0,HERO13 Black,18.99807777777778,72.83690555555555,13.339,0.0,,,,,,Yes,,,No,No,No
243702882,84360858,swathi@verifinity.ai,gs://sawasdee-labelstudio/annotation_frames/3_itinerary_2_frame000019.jpg,3_itinerary_2,3_itinerary_2_f57717fc,19,190.0,3,2025:03:31 07:25:37,2025-03-31 07:28:47,7,0,1274.0,HERO13 Black,18.998941666666667,72.83743055555556,15.58,0.0,2.0,,5.0,,Paved,Yes,,,No,No,No
243702887,84508402,swathi@verifinity.ai,gs://sawasdee-labelstudio/annotation_frames/3_itinerary_2_frame000023.jpg,3_itinerary_2,3_itinerary_2_f57717fc,23,230.0,3,2025:03:31 07:25:37,2025-03-31 07:29:27,7,0,1274.0,HERO13 Black,19.001602777777777,72.83818055555555,10.922,0.0,3.0,,1.0,,No sidewalk,,,,No,No,No
243702892,84647474,swathi@verifinity.ai,gs://sawasdee-labelstudio/annotation_frames/3_itinerary_2_frame000028.jpg,3_itinerary_2,3_itinerary_2_f57717fc,28,280.0,3,2025:03:31 07:25:37,2025-03-31 07:30:17,7,0,1274.0,HERO13 Black,19.00438888888889,72.83892222222222,8.328,0.0,1.0,,,,No sidewalk,,,Yes,No,No,No
243702894,84357894,swathi@verifinity.ai,gs://sawasdee-labelstudio/annotation_frames/3_itinerary_2_frame000030.jpg,3_itinerary_2,3_itinerary_2_f57717fc,30,300.0,3,2025:03:31 07:25:37,2025-03-31 07:30:37,7,0,1274.0,HERO13 Black,19.005227777777776,72.83946666666667,10.202,0.0,2.0,,2.0,,,Yes,,,No,No,No
243702897,84389550,swathi@verifinity.ai,gs://sawasdee-labelstudio/annotation_frames/3_itinerary_2_frame000033.jpg,3_itinerary_2,3_itinerary_2_f57717fc,33,330.0,3,2025:03:31 07:25:37,2025-03-31 07:31:07,7,0,1274.0,HERO13 Black,19.004213888888888,72.83903055555555,8.296,0.0,,,1.0,1.0,,Yes,,,No,No,No
243702899,84257755,swathi@verifinity.ai,gs://sawasdee-labelstudio/annotation_frames/3_itinerary_2_frame000035.jpg,3_itinerary_2,3_itinerary_2_f57717fc,35,350.0,3,2025:03:31 07:25:37,2025-03-31 07:31:27,7,0,1274.0,HERO13 Black,19.00312222222222,72.83870555555555,6.014,0.0,2.0,,4.0,,,Yes,,,No,No,No
243702903,84645932,swathi@verifinity.ai,gs://sawasdee-labelstudio/annotation_frames/3_itinerary_2_frame000039.jpg,3_itinerary_2,3_itinerary_2_f57717fc,39,390.0,3,2025:03:31 07:25:37,2025-03-31 07:32:07,7,0,1274.0,HERO13 Black,19.001269444444443,72.83825833333333,2.964,0.0,1.0,,6.0,1.0,Paved,Yes,,,No,No,No
243702904,84383125,swathi@verifinity.ai,gs://sawasdee-labelstudio/annotation_frames/3_itinerary_2_frame000040.jpg,3_itinerary_2,3_itinerary_2_f57717fc,40,400.0,3,2025:03:31 07:25:37,2025-03-31 07:32:17,7,0,1274.0,HERO13 Black,19.00079722222222,72.83812777777777,3.344,0.0,6.0,3.0,1.0,,,Yes,,,No,No,Yes
243702905,84267340,swathi@verifinity.ai,gs://sawasdee-labelstudio/annotation_frames/3_itinerary_2_frame000041.jpg,3_itinerary_2,3_itinerary_2_f57717fc,41,410.0,3,2025:03:31 07:25:37,2025-03-31 07:32:27,7,0,1274.0,HERO13 Black,19.00026666666667,72.83796944444444,5.932,0.0,11.0,5.0,,,Paved - Blocked,Yes,,,No,No,Yes
243702907,84524114,swathi@verifinity.ai,gs://sawasdee-labelstudio/annotation_frames/3_itinerary_2_frame000043.jpg,3_itinerary_2,3_itinerary_2_f57717fc,43,430.0,3,2025:03:31 07:25:37,2025-03-31 07:32:47,7,0,1274.0,HERO13 Black,18.999041666666667,72.83769444444444,4.715,0.0,7.0,3.0,,,Paved - Blocked,Yes,,,No,No,Yes
243702910,84638501,swathi@verifinity.ai,gs://sawasdee-labelstudio/annotation_frames/3_itinerary_2_frame000046.jpg,3_itinerary_2,3_itinerary_2_f57717fc,46,460.0,3,2025:03:31 07:25:37,2025-03-31 07:33:17,7,0,1274.0,HERO13 Black,18.997959680555557,72.83761944444444,4.371135,0.099,5.0,,4.0,2.0,Paved,Yes,,,No,No,No
243702916,84496409,swathi@verifinity.ai,gs://sawasdee-labelstudio/annotation_frames/3_itinerary_2_frame000052.jpg,3_itinerary_2,3_itinerary_2_f57717fc,52,520.0,3,2025:03:31 07:25:37,2025-03-31 07:34:17,7,0,1274.0,HERO13 Black,18.998481930555556,72.84021672222222,9.79917,0.099,3.0,1.0,3.0,1.0,Paved,,,,No,No,No
243702917,84291946,swathi@verifinity.ai,gs://sawasdee-labelstudio/annotation_frames/3_itinerary_2_frame000053.jpg,3_itinerary_2,3_itinerary_2_f57717fc,53,530.0,3,2025:03:31 07:25:37,2025-03-31 07:34:27,7,0,1274.0,HERO13 Black,18.998326375,72.84080838888889,12.604685,0.099,,,3.0,,Paved - Blocked,Yes,,,No,No,No
243702925,84380390,swathi@verifinity.ai,gs://sawasdee-labelstudio/annotation_frames/3_itinerary_2_frame000061.jpg,3_itinerary_2,3_itinerary_2_f57717fc,61,610.0,3,2025:03:31 07:25:37,2025-03-31 07:35:47,7,0,1274.0,HERO13 Black,18.995191666666667,72.83876944444444,15.418,0.0,1.0,,2.0,,Paved,Yes,,,No,No,No
243702932,84524199,swathi@verifinity.ai,gs://sawasdee-labelstudio/annotation_frames/3_itinerary_2_frame000068.jpg,3_itinerary_2,3_itinerary_2_f57717fc,68,680.0,3,2025:03:31 07:25:37,2025-03-31 07:36:57,7,0,1274.0,HERO13 Black,18.993211111111112,72.83731666666667,13.052,0.0,2.0,,1.0,,,Yes,,,No,No,No
243702936,85012565,swathi@verifinity.ai,gs://sawasdee-labelstudio/annotation_frames/3_itinerary_2_frame000071.jpg,3_itinerary_2,3_itinerary_2_f57717fc,71,710.0,3,2025:03:31 07:25:37,2025-03-31 07:37:27,7,0,1274.0,HERO13 Black,18.992305555555557,72.8366361111111,9.12,0.0,6.0,2.0,1.0,,Paved,Yes,,,No,No,No
243702944,84999972,swathi@verifinity.ai,gs://sawasdee-labelstudio/annotation_frames/3_itinerary_2_frame000079.jpg,3_itinerary_2,3_itinerary_2_f57717fc,79,790.0,3,2025:03:31 07:25:37,2025-03-31 07:38:47,7,0,1274.0,HERO13 Black,18.988572222222224,72.83589166666667,2.935,0.0,6.0,2.0,4.0,,No sidewalk,Yes,,,No,No,No
243702950,84510547,swathi@verifinity.ai,gs://sawasdee-labelstudio/annotation_frames/3_itinerary_2_frame000085.jpg,3_itinerary_2,3_itinerary_2_f57717fc,85,850.0,3,2025:03:31 07:25:37,2025-03-31 07:39:47,7,0,1274.0,HERO13 Black,18.988275,72.83777777777777,13.895,0.0,8.0,1.0,3.0,,Paved,Yes,,,No,No,No
243702952,84391515,swathi@verifinity.ai,gs://sawasdee-labelstudio/annotation_frames/3_itinerary_2_frame000087.jpg,3_itinerary_2,3_itinerary_2_f57717fc,87,870.0,3,2025:03:31 07:25:37,2025-03-31 07:40:07,7,0,1274.0,HERO13 Black,18.98817222222222,72.83886388888888,20.259,0.0,,,4.0,,Paved - Blocked,Yes,,Yes,No,No,No
243702961,85019828,swathi@verifinity.ai,gs://sawasdee-labelstudio/annotation_frames/3_itinerary_2_frame000096.jpg,3_itinerary_2,3_itinerary_2_f57717fc,96,960.0,3,2025:03:31 07:25:37,2025-03-31 07:41:37,7,0,1274.0,HERO13 Black,18.98624166666667,72.83854166666666,10.006,0.0,3.0,,,,Paved,Yes,,,No,No,No
243702965,84257967,swathi@verifinity.ai,gs://sawasdee-labelstudio/annotation_frames/3_itinerary_2_frame000100.jpg,3_itinerary_2,3_itinerary_2_f57717fc,100,1000.0,3,2025:03:31 07:25:37,2025-03-31 07:42:17,7,0,1274.0,HERO13 Black,18.985341666666667,72.83748055555554,9.053,0.0,2.0,,4.0,,Paved - Blocked,Yes,,,No,No,No
243702970,84395504,swathi@verifinity.ai,gs://sawasdee-labelstudio/annotation_frames/3_itinerary_2_frame000105.jpg,3_itinerary_2,3_itinerary_2_f57717fc,105,1050.0,3,2025:03:31 07:25:37,2025-03-31 07:43:07,7,0,1274.0,HERO13 Black,18.983911111111112,72.8353861111111,8.509,0.0,,,,,No sidewalk,,,,No,No,No
243702973,84522273,swathi@verifinity.ai,gs://sawasdee-labelstudio/annotation_frames/3_itinerary_2_frame000108.jpg,3_itinerary_2,3_itinerary_2_f57717fc,108,1080.0,3,2025:03:31 07:25:37,2025-03-31 07:43:37,7,0,1274.0,HERO13 Black,18.985311111111113,72.83533333333332,20.677,0.0,1.0,,1.0,,No sidewalk,,,Construction debris,No,No,No
243702979,84528413,swathi@verifinity.ai,gs://sawasdee-labelstudio/annotation_frames/3_itinerary_2_frame000114.jpg,3_itinerary_2,3_itinerary_2_f57717fc,114,1140.0,3,2025:03:31 07:25:37,2025-03-31 07:44:37,7,0,1274.0,HERO13 Black,18.98801388888889,72.83560555555555,20.037,0.0,4.0,2.0,,2.0,No sidewalk,,,,No,No,No
243702984,85014591,swathi@verifinity.ai,gs://sawasdee-labelstudio/annotation_frames/3_itinerary_2_frame000119.jpg,3_itinerary_2,3_itinerary_2_f57717fc,119,1190.0,3,2025:03:31 07:25:37,2025-03-31 07:45:27,7,0,1274.0,HERO13 Black,,,,,11.0,1.0,4.0,,Paved,Yes,,,No,No,No
243702985,84541565,swathi@verifinity.ai,gs://sawasdee-labelstudio/annotation_frames/3_itinerary_2_frame000120.jpg,3_itinerary_2,3_itinerary_2_f57717fc,120,1200.0,3,2025:03:31 07:25:37,2025-03-31 07:45:37,7,0,1274.0,HERO13 Black,,,,,2.0,1.0,5.0,,Paved,Yes,,,Yes,No,No
243702988,84381107,swathi@verifinity.ai,gs://sawasdee-labelstudio/annotation_frames/3_itinerary_2_frame000122.jpg,3_itinerary_2,3_itinerary_2_f57717fc,122,1220.0,3,2025:03:31 07:25:37,2025-03-31 07:45:57,7,0,1274.0,HERO13 Black,,,,,1.0,,4.0,,Paved,Yes,,,No,No,No
243702991,84536505,swathi@verifinity.ai,gs://sawasdee-labelstudio/annotation_frames/3_itinerary_2_frame000125.jpg,3_itinerary_2,3_itinerary_2_f57717fc,125,1250.0,3,2025:03:31 07:25:37,2025-03-31 07:46:27,7,0,1274.0,HERO13 Black,,,,,3.0,2.0,2.0,,Paved - Blocked,,,,No,No,No
243702995,84525882,swathi@verifinity.ai,gs://sawasdee-labelstudio/annotation_frames/3_itinerary_3_frame000002.jpg,3_itinerary_3,3_itinerary_3_31fe8084,2,20.0,3,2025:03:31 08:03:14,2025-03-31 08:03:34,8,0,748.0,HERO13 Black,18.994619444444446,72.84182222222222,26.093,0.0,,,5.0,1.0,No sidewalk,Yes,,,No,No,No
243703000,84526134,swathi@verifinity.ai,gs://sawasdee-labelstudio/annotation_frames/3_itinerary_3_frame000007.jpg,3_itinerary_3,3_itinerary_3_31fe8084,7,70.0,3,2025:03:31 08:03:14,2025-03-31 08:04:24,8,0,748.0,HERO13 Black,18.99433888888889,72.84443333333333,37.094,0.0,1.0,,3.0,,Paved - Blocked,Yes,,Construction debris,No,No,No
243703003,84511119,swathi@verifinity.ai,gs://sawasdee-labelstudio/annotation_frames/3_itinerary_3_frame000010.jpg,3_itinerary_3,3_itinerary_3_31fe8084,10,100.0,3,2025:03:31 08:03:14,2025-03-31 08:04:54,8,0,748.0,HERO13 Black,18.995769444444445,72.84500833333333,33.213,0.0,3.0,,3.0,,,Yes,,,No,No,No
243703008,84358994,swathi@verifinity.ai,gs://sawasdee-labelstudio/annotation_frames/3_itinerary_3_frame000015.jpg,3_itinerary_3,3_itinerary_3_31fe8084,15,150.0,3,2025:03:31 08:03:14,2025-03-31 08:05:44,8,0,748.0,HERO13 Black,18.998586111111113,72.84610555555555,33.398,0.0,3.0,1.0,,,Paved - Blocked,Yes,,,No,No,Yes
243703011,84281801,swathi@verifinity.ai,gs://sawasdee-labelstudio/annotation_frames/3_itinerary_3_frame000018.jpg,3_itinerary_3,3_itinerary_3_31fe8084,18,180.0,3,2025:03:31 08:03:14,2025-03-31 08:06:14,8,0,748.0,HERO13 Black,18.998905555555556,72.84499441666667,21.18639,0.099,1.0,,1.0,,Paved,Yes,,,No,No,No
243703013,85019973,swathi@verifinity.ai,gs://sawasdee-labelstudio/annotation_frames/3_itinerary_3_frame000020.jpg,3_itinerary_3,3_itinerary_3_31fe8084,20,200.0,3,2025:03:31 08:03:14,2025-03-31 08:06:34,8,0,748.0,HERO13 Black,18.99923613888889,72.84413327777777,16.09689,0.099,,1.0,2.0,,Paved - Blocked,Yes,,Yes,No,No,No
243703014,83686273,varun.rama@usc.edu,gs://sawasdee-labelstudio/annotation_frames/3_itinerary_3_frame000021.jpg,3_itinerary_3,3_itinerary_3_31fe8084,21,210.0,3,2025:03:31 08:03:14,2025-03-31 08:06:44,8,0,748.0,HERO13 Black,18.999488916666667,72.8436152361111,15.66092,0.099,1.0,0.0,1.0,0.0,Paved - Blocked,No,No,Yes,No,No,No
243703027,84366088,swathi@verifinity.ai,gs://sawasdee-labelstudio/annotation_frames/3_itinerary_3_frame000034.jpg,3_itinerary_3,3_itinerary_3_31fe8084,34,340.0,3,2025:03:31 08:03:14,2025-03-31 08:08:54,8,0,748.0,HERO13 Black,19.00006388888889,72.84551111111111,38.777,0.0,5.0,2.0,3.0,,,Yes,,,No,No,No
243703034,84382373,swathi@verifinity.ai,gs://sawasdee-labelstudio/annotation_frames/3_itinerary_3_frame000041.jpg,3_itinerary_3,3_itinerary_3_31fe8084,41,410.0,3,2025:03:31 08:03:14,2025-03-31 08:10:04,8,0,748.0,HERO13 Black,19.000080555555556,72.84403611111111,13.164,0.0,8.0,3.0,2.0,,No sidewalk,Yes,,,No,No,No
243703044,84527338,swathi@verifinity.ai,gs://sawasdee-labelstudio/annotation_frames/3_itinerary_3_frame000050.jpg,3_itinerary_3,3_itinerary_3_31fe8084,50,500.0,3,2025:03:31 08:03:14,2025-03-31 08:11:34,8,0,748.0,HERO13 Black,19.000655555555557,72.84595555555555,23.247,0.0,4.0,,,,No sidewalk,Yes,,,No,No,No
243703045,84261056,swathi@verifinity.ai,gs://sawasdee-labelstudio/annotation_frames/3_itinerary_3_frame000051.jpg,3_itinerary_3,3_itinerary_3_31fe8084,51,510.0,3,2025:03:31 08:03:14,2025-03-31 08:11:44,8,0,748.0,HERO13 Black,19.00063888888889,72.84627777777777,23.215,0.0,2.0,3.0,1.0,,No sidewalk,Yes,,,No,No,No
243703060,84645368,swathi@verifinity.ai,gs://sawasdee-labelstudio/annotation_frames/3_itinerary_3_frame000066.jpg,3_itinerary_3,3_itinerary_3_31fe8084,66,660.0,3,2025:03:31 08:03:14,2025-03-31 08:14:14,8,0,748.0,HERO13 Black,,,,,,,,,Paved - Blocked,,,,No,No,No
243703067,85021522,swathi@verifinity.ai,gs://sawasdee-labelstudio/annotation_frames/3_itinerary_3_frame000072.jpg,3_itinerary_3,3_itinerary_3_31fe8084,72,720.0,3,2025:03:31 08:03:14,2025-03-31 08:15:14,8,0,748.0,HERO13 Black,,,,,,,,,No sidewalk,,,,No,No,No
243703071,84642006,swathi@verifinity.ai,gs://sawasdee-labelstudio/annotation_frames/3_itinerary_4_frame000001.jpg,3_itinerary_4,3_itinerary_4_28fe432b,1,10.0,3,2025:03:31 08:29:52,2025-03-31 08:30:02,8,0,1406.0,HERO13 Black,18.988930555555555,72.8411611111111,8.394,0.0,2.0,,,,Paved,Yes,,Yes,No,No,No
243703073,85018769,swathi@verifinity.ai,gs://sawasdee-labelstudio/annotation_frames/3_itinerary_4_frame000003.jpg,3_itinerary_4,3_itinerary_4_28fe432b,3,30.0,3,2025:03:31 08:29:52,2025-03-31 08:30:22,8,0,1406.0,HERO13 Black,18.98811388888889,72.84133055555554,9.258,0.0,2.0,,2.0,,Paved,,,Yes,No,No,No
243703081,84639548,swathi@verifinity.ai,gs://sawasdee-labelstudio/annotation_frames/3_itinerary_4_frame000010.jpg,3_itinerary_4,3_itinerary_4_28fe432b,10,100.0,3,2025:03:31 08:29:52,2025-03-31 08:31:32,8,0,1406.0,HERO13 Black,18.987155555555557,72.84156666666667,8.391,0.0,7.0,2.0,,,,,,,No,No,Yes
243703087,84528067,swathi@verifinity.ai,gs://sawasdee-labelstudio/annotation_frames/3_itinerary_4_frame000016.jpg,3_itinerary_4,3_itinerary_4_28fe432b,16,160.0,3,2025:03:31 08:29:52,2025-03-31 08:32:32,8,0,1406.0,HERO13 Black,18.98918888888889,72.84189166666667,12.291,0.0,4.0,,3.0,,,Yes,,,No,No,No
243703088,84621306,swathi@verifinity.ai,gs://sawasdee-labelstudio/annotation_frames/3_itinerary_4_frame000017.jpg,3_itinerary_4,3_itinerary_4_28fe432b,17,170.0,3,2025:03:31 08:29:52,2025-03-31 08:32:42,8,0,1406.0,HERO13 Black,18.989505555555557,72.84168888888888,11.376,0.0,,,3.0,1.0,Paved,Yes,,,No,No,No
243703089,84644477,swathi@verifinity.ai,gs://sawasdee-labelstudio/annotation_frames/3_itinerary_4_frame000018.jpg,3_itinerary_4,3_itinerary_4_28fe432b,18,180.0,3,2025:03:31 08:29:52,2025-03-31 08:32:52,8,0,1406.0,HERO13 Black,18.989966666666668,72.84180555555555,12.35,0.0,1.0,,1.0,,Paved,,,,No,No,No
243703094,84643183,swathi@verifinity.ai,gs://sawasdee-labelstudio/annotation_frames/3_itinerary_4_frame000022.jpg,3_itinerary_4,3_itinerary_4_28fe432b,22,220.0,3,2025:03:31 08:29:52,2025-03-31 08:33:32,8,0,1406.0,HERO13 Black,18.990036111111113,72.8413861111111,10.711,0.0,3.0,,1.0,,Paved,,,,Yes,No,No
243703095,84495617,swathi@verifinity.ai,gs://sawasdee-labelstudio/annotation_frames/3_itinerary_4_frame000023.jpg,3_itinerary_4,3_itinerary_4_28fe432b,23,230.0,3,2025:03:31 08:29:52,2025-03-31 08:33:42,8,0,1406.0,HERO13 Black,18.989708333333333,72.84126666666666,10.363,0.0,8.0,2.0,1.0,,,Yes,,,No,No,No
243703098,84396075,swathi@verifinity.ai,gs://sawasdee-labelstudio/annotation_frames/3_itinerary_4_frame000026.jpg,3_itinerary_4,3_itinerary_4_28fe432b,26,260.0,3,2025:03:31 08:29:52,2025-03-31 08:34:12,8,0,1406.0,HERO13 Black,18.989202777777777,72.84113333333333,10.115,0.0,6.0,,2.0,,Paved - Blocked,Yes,,Yes,No,No,No
243703103,84645150,swathi@verifinity.ai,gs://sawasdee-labelstudio/annotation_frames/3_itinerary_4_frame000031.jpg,3_itinerary_4,3_itinerary_4_28fe432b,31,310.0,3,2025:03:31 08:29:52,2025-03-31 08:35:02,8,0,1406.0,HERO13 Black,18.989202777777777,72.84111388888888,24.559,0.0,2.0,1.0,1.0,,,Yes,,,No,No,No
243703107,84621422,swathi@verifinity.ai,gs://sawasdee-labelstudio/annotation_frames/3_itinerary_4_frame000035.jpg,3_itinerary_4,3_itinerary_4_28fe432b,35,350.0,3,2025:03:31 08:29:52,2025-03-31 08:35:42,8,0,1406.0,HERO13 Black,18.988991666666667,72.84115277777778,28.277,0.0,,,2.0,,,Yes,,,No,No,No
243703112,84644377,swathi@verifinity.ai,gs://sawasdee-labelstudio/annotation_frames/3_itinerary_4_frame000040.jpg,3_itinerary_4,3_itinerary_4_28fe432b,40,400.0,3,2025:03:31 08:29:52,2025-03-31 08:36:32,8,0,1406.0,HERO13 Black,18.988125,72.84044166666666,19.055,0.0,,,1.0,,Paved - Blocked,,,,No,No,Yes
243703113,84287547,swathi@verifinity.ai,gs://sawasdee-labelstudio/annotation_frames/3_itinerary_4_frame000041.jpg,3_itinerary_4,3_itinerary_4_28fe432b,41,410.0,3,2025:03:31 08:29:52,2025-03-31 08:36:42,8,0,1406.0,HERO13 Black,18.9881,72.84019444444444,12.835,0.1,1.0,,1.0,,Paved - Blocked,,,,No,No,Yes
243703121,84646306,swathi@verifinity.ai,gs://sawasdee-labelstudio/annotation_frames/3_itinerary_4_frame000049.jpg,3_itinerary_4,3_itinerary_4_28fe432b,49,490.0,3,2025:03:31 08:29:52,2025-03-31 08:38:02,8,0,1406.0,HERO13 Black,18.988400000000002,72.83637777777778,-3.508,0.1,3.0,,2.0,,Paved,,,,No,No,No
243703124,85022359,swathi@verifinity.ai,gs://sawasdee-labelstudio/annotation_frames/3_itinerary_4_frame000052.jpg,3_itinerary_4,3_itinerary_4_28fe432b,52,520.0,3,2025:03:31 08:29:52,2025-03-31 08:38:32,8,0,1406.0,HERO13 Black,18.988452777777777,72.83595833333332,0.722,0.1,3.0,,2.0,,Paved - Blocked,,,Construction debris,No,No,No
243703130,84645071,swathi@verifinity.ai,gs://sawasdee-labelstudio/annotation_frames/3_itinerary_4_frame000058.jpg,3_itinerary_4,3_itinerary_4_28fe432b,58,580.0,3,2025:03:31 08:29:52,2025-03-31 08:39:32,8,0,1406.0,HERO13 Black,18.988880555555557,72.83577222222222,16.81,0.0,2.0,,2.0,,Paved,Yes,,,No,No,No
243703143,84643803,swathi@verifinity.ai,gs://sawasdee-labelstudio/annotation_frames/3_itinerary_4_frame000070.jpg,3_itinerary_4,3_itinerary_4_28fe432b,70,700.0,3,2025:03:31 08:29:52,2025-03-31 08:41:32,8,0,1406.0,HERO13 Black,18.994355555555558,72.83653888888888,84.588,0.0,2.0,1.0,2.0,,,,,,No,No,No
243703144,84524653,swathi@verifinity.ai,gs://sawasdee-labelstudio/annotation_frames/3_itinerary_4_frame000071.jpg,3_itinerary_4,3_itinerary_4_28fe432b,71,710.0,3,2025:03:31 08:29:52,2025-03-31 08:41:42,8,0,1406.0,HERO13 Black,18.994622222222223,72.83637222222222,73.583,0.0,2.0,,,,,Yes,,,No,No,No
243703145,84537335,swathi@verifinity.ai,gs://sawasdee-labelstudio/annotation_frames/3_itinerary_4_frame000072.jpg,3_itinerary_4,3_itinerary_4_28fe432b,72,720.0,3,2025:03:31 08:29:52,2025-03-31 08:41:52,8,0,1406.0,HERO13 Black,18.994780555555558,72.83632222222222,32.398,0.0,2.0,,,,Paved - Blocked,Yes,,,No,No,No
243703153,84281528,swathi@verifinity.ai,gs://sawasdee-labelstudio/annotation_frames/3_itinerary_4_frame000080.jpg,3_itinerary_4,3_itinerary_4_28fe432b,80,800.0,3,2025:03:31 08:29:52,2025-03-31 08:43:12,8,0,1406.0,HERO13 Black,18.995108333333334,72.83637499999999,3.352,0.0,2.0,,4.0,2.0,Paved,Yes,,,No,No,No
243703159,84297682,swathi@verifinity.ai,gs://sawasdee-labelstudio/annotation_frames/3_itinerary_4_frame000086.jpg,3_itinerary_4,3_itinerary_4_28fe432b,86,860.0,3,2025:03:31 08:29:52,2025-03-31 08:44:12,8,0,1406.0,HERO13 Black,18.99563888888889,72.83907777777777,9.31,0.0,,,2.0,,,,,,No,No,No
243703164,84289134,swathi@verifinity.ai,gs://sawasdee-labelstudio/annotation_frames/3_itinerary_4_frame000091.jpg,3_itinerary_4,3_itinerary_4_28fe432b,91,910.0,3,2025:03:31 08:29:52,2025-03-31 08:45:02,8,0,1406.0,HERO13 Black,18.997872222222224,72.84072499999999,13.34,0.0,,,2.0,,,,,,No,No,No
243703168,84635568,swathi@verifinity.ai,gs://sawasdee-labelstudio/annotation_frames/3_itinerary_4_frame000095.jpg,3_itinerary_4,3_itinerary_4_28fe432b,95,950.0,3,2025:03:31 08:29:52,2025-03-31 08:45:42,8,0,1406.0,HERO13 Black,18.998622222222224,72.83954444444444,13.812,0.0,1.0,,2.0,,No sidewalk,,,Yes,No,No,No
243703177,84520863,swathi@verifinity.ai,gs://sawasdee-labelstudio/annotation_frames/3_itinerary_4_frame000104.jpg,3_itinerary_4,3_itinerary_4_28fe432b,104,1040.0,3,2025:03:31 08:29:52,2025-03-31 08:47:12,8,0,1406.0,HERO13 Black,18.996861111111112,72.840825,14.203,0.0,6.0,,2.0,,,Yes,,,No,No,No
243703180,84394788,swathi@verifinity.ai,gs://sawasdee-labelstudio/annotation_frames/3_itinerary_4_frame000107.jpg,3_itinerary_4,3_itinerary_4_28fe432b,107,1070.0,3,2025:03:31 08:29:52,2025-03-31 08:47:42,8,0,1406.0,HERO13 Black,18.99644166666667,72.84156666666667,13.174,0.0,5.0,,4.0,,Paved,Yes,,,No,No,No
243703190,84641342,swathi@verifinity.ai,gs://sawasdee-labelstudio/annotation_frames/3_itinerary_4_frame000116.jpg,3_itinerary_4,3_itinerary_4_28fe432b,116,1160.0,3,2025:03:31 08:29:52,2025-03-31 08:49:12,8,0,1406.0,HERO13 Black,18.99693611111111,72.840125,11.826,0.0,4.0,2.0,,,No sidewalk,Yes,,,No,No,No
243703195,84993431,swathi@verifinity.ai,gs://sawasdee-labelstudio/annotation_frames/3_itinerary_4_frame000121.jpg,3_itinerary_4,3_itinerary_4_28fe432b,121,1210.0,3,2025:03:31 08:29:52,2025-03-31 08:50:02,8,0,1406.0,HERO13 Black,18.99531388888889,72.83891944444444,10.986,0.0,,,2.0,,Paved - Blocked,Yes,Yes,,No,No,No
243703199,84384600,swathi@verifinity.ai,gs://sawasdee-labelstudio/annotation_frames/3_itinerary_4_frame000125.jpg,3_itinerary_4,3_itinerary_4_28fe432b,125,1250.0,3,2025:03:31 08:29:52,2025-03-31 08:50:42,8,0,1406.0,HERO13 Black,18.994294444444446,72.83811388888888,9.997,0.0,5.0,,,,No sidewalk,Yes,,,No,No,No
243703201,84392309,swathi@verifinity.ai,gs://sawasdee-labelstudio/annotation_frames/3_itinerary_4_frame000127.jpg,3_itinerary_4,3_itinerary_4_28fe432b,127,1270.0,3,2025:03:31 08:29:52,2025-03-31 08:51:02,8,0,1406.0,HERO13 Black,18.993591666666667,72.83763888888889,9.253,0.0,5.0,,,,No sidewalk,Yes,,,No,No,No
243703203,84371046,swathi@verifinity.ai,gs://sawasdee-labelstudio/annotation_frames/3_itinerary_4_frame000129.jpg,3_itinerary_4,3_itinerary_4_28fe432b,129,1290.0,3,2025:03:31 08:29:52,2025-03-31 08:51:22,8,0,1406.0,HERO13 Black,18.993533333333335,72.83762777777777,9.101,12.901,5.0,,1.0,,Paved,Yes,,,No,No,No
243703212,84637723,swathi@verifinity.ai,gs://sawasdee-labelstudio/annotation_frames/3_itinerary_4_frame000138.jpg,3_itinerary_4,3_itinerary_4_28fe432b,138,1380.0,3,2025:03:31 08:29:52,2025-03-31 08:52:52,8,0,1406.0,HERO13 Black,,,,,4.0,1.0,3.0,,Paved,Yes,,,No,No,No
243703217,84614677,swathi@verifinity.ai,gs://sawasdee-labelstudio/annotation_frames/3_itinerary_5_frame000002.jpg,3_itinerary_5,3_itinerary_5_42f6ace7,2,20.0,3,2025:03:31 09:18:16,2025-03-31 09:18:36,9,0,1047.0,HERO13 Black,19.00927777777778,72.83325555555555,6.818,0.0,4.0,3.0,6.0,1.0,Paved,Yes,,,No,No,No
243703220,84257417,swathi@verifinity.ai,gs://sawasdee-labelstudio/annotation_frames/3_itinerary_5_frame000005.jpg,3_itinerary_5,3_itinerary_5_42f6ace7,5,50.0,3,2025:03:31 09:18:16,2025-03-31 09:19:06,9,0,1047.0,HERO13 Black,19.009275,72.83325833333333,7.799,0.0,10.0,2.0,5.0,1.0,Paved,Yes,,,No,No,Yes
243703221,85021095,swathi@verifinity.ai,gs://sawasdee-labelstudio/annotation_frames/3_itinerary_5_frame000006.jpg,3_itinerary_5,3_itinerary_5_42f6ace7,6,60.0,3,2025:03:31 09:18:16,2025-03-31 09:19:16,9,0,1047.0,HERO13 Black,19.009261111111112,72.83326388888888,8.092,0.0,8.0,2.0,8.0,,Paved,Yes,,,No,No,No
243703223,84296755,swathi@verifinity.ai,gs://sawasdee-labelstudio/annotation_frames/3_itinerary_5_frame000008.jpg,3_itinerary_5,3_itinerary_5_42f6ace7,8,80.0,3,2025:03:31 09:18:16,2025-03-31 09:19:36,9,0,1047.0,HERO13 Black,19.008883333333333,72.833225,4.961,0.0,8.0,1.0,,,Paved - Blocked,,,,No,No,Yes
243703224,84496454,swathi@verifinity.ai,gs://sawasdee-labelstudio/annotation_frames/3_itinerary_5_frame000009.jpg,3_itinerary_5,3_itinerary_5_42f6ace7,9,90.0,3,2025:03:31 09:18:16,2025-03-31 09:19:46,9,0,1047.0,HERO13 Black,19.008477777777777,72.83287777777777,5.861,0.0,8.0,1.0,,,Paved - Blocked,,,,No,No,No
243703230,84536468,swathi@verifinity.ai,gs://sawasdee-labelstudio/annotation_frames/3_itinerary_5_frame000014.jpg,3_itinerary_5,3_itinerary_5_42f6ace7,14,140.0,3,2025:03:31 09:18:16,2025-03-31 09:20:36,9,0,1047.0,HERO13 Black,19.006097222222223,72.83175833333333,34.956,0.0,7.0,1.0,11.0,,,Yes,,,No,No,No
243703233,84609107,swathi@verifinity.ai,gs://sawasdee-labelstudio/annotation_frames/3_itinerary_5_frame000017.jpg,3_itinerary_5,3_itinerary_5_42f6ace7,17,170.0,3,2025:03:31 09:18:16,2025-03-31 09:21:06,9,0,1047.0,HERO13 Black,19.00551111111111,72.83105277777777,14.828,0.0,11.0,2.0,11.0,,,,,,No,No,No
243703244,84986899,swathi@verifinity.ai,gs://sawasdee-labelstudio/annotation_frames/3_itinerary_5_frame000027.jpg,3_itinerary_5,3_itinerary_5_42f6ace7,27,270.0,3,2025:03:31 09:18:16,2025-03-31 09:22:46,9,0,1047.0,HERO13 Black,19.008705555555554,72.83229166666666,10.293,0.0,,1.0,4.0,,Paved,Yes,,,No,No,No
243703251,84500615,swathi@verifinity.ai,gs://sawasdee-labelstudio/annotation_frames/3_itinerary_5_frame000034.jpg,3_itinerary_5,3_itinerary_5_42f6ace7,34,340.0,3,2025:03:31 09:18:16,2025-03-31 09:23:56,9,0,1047.0,HERO13 Black,19.00859722222222,72.83451111111111,6.071,0.0,,,2.0,,Paved - Blocked,Yes,,,No,No,No
243703252,84504023,swathi@verifinity.ai,gs://sawasdee-labelstudio/annotation_frames/3_itinerary_5_frame000035.jpg,3_itinerary_5,3_itinerary_5_42f6ace7,35,350.0,3,2025:03:31 09:18:16,2025-03-31 09:24:06,9,0,1047.0,HERO13 Black,19.008369444444444,72.83486388888889,6.61,0.0,1.0,,,,Paved - Blocked,Yes,,,No,No,No
243703257,85018337,swathi@verifinity.ai,gs://sawasdee-labelstudio/annotation_frames/3_itinerary_5_frame000040.jpg,3_itinerary_5,3_itinerary_5_42f6ace7,40,400.0,3,2025:03:31 09:18:16,2025-03-31 09:24:56,9,0,1047.0,HERO13 Black,19.008033333333334,72.83516944444445,8.248,0.0,1.0,,,,No sidewalk,Yes,,,No,No,No
243703258,84612516,swathi@verifinity.ai,gs://sawasdee-labelstudio/annotation_frames/3_itinerary_5_frame000041.jpg,3_itinerary_5,3_itinerary_5_42f6ace7,41,410.0,3,2025:03:31 09:18:16,2025-03-31 09:25:06,9,0,1047.0,HERO13 Black,19.00827222222222,72.83476944444443,7.811,0.0,1.0,3.0,3.0,,Paved,Yes,,,No,No,No
243703259,85022102,swathi@verifinity.ai,gs://sawasdee-labelstudio/annotation_frames/3_itinerary_5_frame000042.jpg,3_itinerary_5,3_itinerary_5_42f6ace7,42,420.0,3,2025:03:31 09:18:16,2025-03-31 09:25:16,9,0,1047.0,HERO13 Black,19.008480555555554,72.834425,7.548,0.0,5.0,,4.0,1.0,,Yes,,Yes,No,No,No
243703262,85017053,swathi@verifinity.ai,gs://sawasdee-labelstudio/annotation_frames/3_itinerary_5_frame000045.jpg,3_itinerary_5,3_itinerary_5_42f6ace7,45,450.0,3,2025:03:31 09:18:16,2025-03-31 09:25:46,9,0,1047.0,HERO13 Black,19.009,72.83364444444445,7.078,0.0,10.0,,5.0,1.0,No sidewalk,Yes,,,No,No,No
243703265,84546045,swathi@verifinity.ai,gs://sawasdee-labelstudio/annotation_frames/3_itinerary_5_frame000048.jpg,3_itinerary_5,3_itinerary_5_42f6ace7,48,480.0,3,2025:03:31 09:18:16,2025-03-31 09:26:16,9,0,1047.0,HERO13 Black,19.009308333333333,72.83349444444444,7.395,0.0,4.0,5.0,1.0,1.0,No sidewalk,,,,No,No,No
243703269,84291238,swathi@verifinity.ai,gs://sawasdee-labelstudio/annotation_frames/3_itinerary_5_frame000052.jpg,3_itinerary_5,3_itinerary_5_42f6ace7,52,520.0,3,2025:03:31 09:18:16,2025-03-31 09:26:56,9,0,1047.0,HERO13 Black,19.01097222222222,72.83499166666667,32.894,0.0,6.0,,,,Paved,Yes,,,No,No,No
243703273,84266487,swathi@verifinity.ai,gs://sawasdee-labelstudio/annotation_frames/3_itinerary_5_frame000056.jpg,3_itinerary_5,3_itinerary_5_42f6ace7,56,560.0,3,2025:03:31 09:18:16,2025-03-31 09:27:36,9,0,1047.0,HERO13 Black,19.012375,72.83633888888889,14.652,0.0,7.0,,7.0,,Paved - Blocked,Yes,,,No,No,No
243703278,84647635,swathi@verifinity.ai,gs://sawasdee-labelstudio/annotation_frames/3_itinerary_5_frame000061.jpg,3_itinerary_5,3_itinerary_5_42f6ace7,61,610.0,3,2025:03:31 09:18:16,2025-03-31 09:28:26,9,0,1047.0,HERO13 Black,19.013794444444443,72.836275,6.046,0.0,1.0,,1.0,,Paved,,,,Yes,No,No
243703280,84616715,swathi@verifinity.ai,gs://sawasdee-labelstudio/annotation_frames/3_itinerary_5_frame000063.jpg,3_itinerary_5,3_itinerary_5_42f6ace7,63,630.0,3,2025:03:31 09:18:16,2025-03-31 09:28:46,9,0,1047.0,HERO13 Black,19.014347222222224,72.83595833333332,5.864,0.0,3.0,,,,Paved,,,Construction debris,No,No,No
243703303,84631195,swathi@verifinity.ai,gs://sawasdee-labelstudio/annotation_frames/3_itinerary_5_frame000085.jpg,3_itinerary_5,3_itinerary_5_42f6ace7,85,850.0,3,2025:03:31 09:18:16,2025-03-31 09:32:26,9,0,1047.0,HERO13 Black,19.015830555555556,72.83466944444444,16.141,0.0,7.0,,4.0,,Paved,Yes,,,No,No,No
243703306,84544261,swathi@verifinity.ai,gs://sawasdee-labelstudio/annotation_frames/3_itinerary_5_frame000088.jpg,3_itinerary_5,3_itinerary_5_42f6ace7,88,880.0,3,2025:03:31 09:18:16,2025-03-31 09:32:56,9,0,1047.0,HERO13 Black,19.016775,72.83508611111111,13.212,0.0,3.0,,1.0,,Paved - Blocked,,,,No,No,No
243703322,84640635,swathi@verifinity.ai,gs://sawasdee-labelstudio/annotation_frames/3_itinerary_5_frame000104.jpg,3_itinerary_5,3_itinerary_5_42f6ace7,104,1040.0,3,2025:03:31 09:18:16,2025-03-31 09:35:36,9,0,1047.0,HERO13 Black,,,,,5.0,,5.0,,Paved,Yes,,,No,No,No
243703333,84643103,swathi@verifinity.ai,gs://sawasdee-labelstudio/annotation_frames/3_itinerary_6_frame000010.jpg,3_itinerary_6,3_itinerary_6_f8497136,10,100.0,3,2025:03:31 10:24:34,2025-03-31 10:26:14,10,0,990.0,HERO13 Black,19.00561111111111,72.8467611111111,20.006,0.0,4.0,1.0,1.0,,Paved - Blocked,Yes,,,No,No,Yes
243703355,84398333,swathi@verifinity.ai,gs://sawasdee-labelstudio/annotation_frames/3_itinerary_6_frame000031.jpg,3_itinerary_6,3_itinerary_6_f8497136,31,310.0,3,2025:03:31 10:24:34,2025-03-31 10:29:44,10,0,990.0,HERO13 Black,19.0026,72.84703055555555,30.787,0.0,3.0,1.0,,,Paved,,,,No,No,No
243703370,84644586,swathi@verifinity.ai,gs://sawasdee-labelstudio/annotation_frames/3_itinerary_6_frame000046.jpg,3_itinerary_6,3_itinerary_6_f8497136,46,460.0,3,2025:03:31 10:24:34,2025-03-31 10:32:14,10,0,990.0,HERO13 Black,18.999184680555558,72.84628748611111,18.35336,0.099,1.0,,,,No sidewalk,,,,No,No,Yes
243703376,84296689,swathi@verifinity.ai,gs://sawasdee-labelstudio/annotation_frames/3_itinerary_6_frame000052.jpg,3_itinerary_6,3_itinerary_6_f8497136,52,520.0,3,2025:03:31 10:24:34,2025-03-31 10:33:14,10,0,990.0,HERO13 Black,18.999366694444443,72.84392216666666,14.3301,0.099,3.0,3.0,1.0,,,Yes,,,No,No,No
243703379,84536660,swathi@verifinity.ai,gs://sawasdee-labelstudio/annotation_frames/3_itinerary_6_frame000055.jpg,3_itinerary_6,3_itinerary_6_f8497136,55,550.0,3,2025:03:31 10:24:34,2025-03-31 10:33:44,10,0,990.0,HERO13 Black,18.999894444444447,72.84266111111111,9.518,0.0,2.0,1.0,1.0,,,,,,No,No,No
243703387,84283055,swathi@verifinity.ai,gs://sawasdee-labelstudio/annotation_frames/3_itinerary_6_frame000063.jpg,3_itinerary_6,3_itinerary_6_f8497136,63,630.0,3,2025:03:31 10:24:34,2025-03-31 10:35:04,10,0,990.0,HERO13 Black,19.003475,72.84203333333333,1.906,0.0,,,2.0,,No sidewalk,Yes,,,No,No,No
243703397,84377129,swathi@verifinity.ai,gs://sawasdee-labelstudio/annotation_frames/3_itinerary_6_frame000073.jpg,3_itinerary_6,3_itinerary_6_f8497136,73,730.0,3,2025:03:31 10:24:34,2025-03-31 10:36:44,10,0,990.0,HERO13 Black,19.004369444444446,72.84315555555555,1.815,0.0,1.0,2.0,4.0,,Paved - Blocked,,,,No,No,No
243703412,84367249,swathi@verifinity.ai,gs://sawasdee-labelstudio/annotation_frames/3_itinerary_6_frame000087.jpg,3_itinerary_6,3_itinerary_6_f8497136,87,870.0,3,2025:03:31 10:24:34,2025-03-31 10:39:04,10,0,990.0,HERO13 Black,19.006341666666668,72.84542222222221,6.735,10.501,7.0,,2.0,1.0,Paved,Yes,,,No,No,No
243703416,84632540,swathi@verifinity.ai,gs://sawasdee-labelstudio/annotation_frames/3_itinerary_6_frame000091.jpg,3_itinerary_6,3_itinerary_6_f8497136,91,910.0,3,2025:03:31 10:24:34,2025-03-31 10:39:44,10,0,990.0,HERO13 Black,,,,,4.0,,2.0,,Paved,Yes,,,No,No,No
243703417,84631035,swathi@verifinity.ai,gs://sawasdee-labelstudio/annotation_frames/3_itinerary_6_frame000092.jpg,3_itinerary_6,3_itinerary_6_f8497136,92,920.0,3,2025:03:31 10:24:34,2025-03-31 10:39:54,10,0,990.0,HERO13 Black,,,,,11.0,4.0,3.0,,Paved,Yes,,,No,No,No
243703440,84290311,swathi@verifinity.ai,gs://sawasdee-labelstudio/annotation_frames/3_itinerary_7_frame000015.jpg,3_itinerary_7,3_itinerary_7_218663d3,15,150.0,3,2025:03:31 11:47:22,2025-03-31 11:49:52,11,0,1364.0,HERO13 Black,19.007605555555557,72.83563888888888,8.057,0.0,1.0,1.0,5.0,1.0,Paved,Yes,,,No,No,No
243703441,84527240,swathi@verifinity.ai,gs://sawasdee-labelstudio/annotation_frames/3_itinerary_7_frame000016.jpg,3_itinerary_7,3_itinerary_7_218663d3,16,160.0,3,2025:03:31 11:47:22,2025-03-31 11:50:02,11,0,1364.0,HERO13 Black,19.00733333333333,72.8355611111111,10.272,0.0,2.0,1.0,4.0,,Paved,Yes,,,No,No,No
243703446,84645730,swathi@verifinity.ai,gs://sawasdee-labelstudio/annotation_frames/3_itinerary_7_frame000021.jpg,3_itinerary_7,3_itinerary_7_218663d3,21,210.0,3,2025:03:31 11:47:22,2025-03-31 11:50:52,11,0,1364.0,HERO13 Black,19.006255555555555,72.83436944444443,5.69,0.0,5.0,,,,No sidewalk,,,,No,No,No
243703456,84499836,swathi@verifinity.ai,gs://sawasdee-labelstudio/annotation_frames/3_itinerary_7_frame000030.jpg,3_itinerary_7,3_itinerary_7_218663d3,30,300.0,3,2025:03:31 11:47:22,2025-03-31 11:52:22,11,0,1364.0,HERO13 Black,19.008052777777777,72.83514722222222,10.499,0.0,8.0,2.0,2.0,,No sidewalk,,,,No,No,No
243703458,84389342,swathi@verifinity.ai,gs://sawasdee-labelstudio/annotation_frames/3_itinerary_7_frame000032.jpg,3_itinerary_7,3_itinerary_7_218663d3,32,320.0,3,2025:03:31 11:47:22,2025-03-31 11:52:42,11,0,1364.0,HERO13 Black,19.008477777777777,72.83450277777777,11.903,0.0,11.0,6.0,,,No sidewalk,,,,No,No,No
243703459,84391604,swathi@verifinity.ai,gs://sawasdee-labelstudio/annotation_frames/3_itinerary_7_frame000033.jpg,3_itinerary_7,3_itinerary_7_218663d3,33,330.0,3,2025:03:31 11:47:22,2025-03-31 11:52:52,11,0,1364.0,HERO13 Black,19.008744444444446,72.83412222222222,9.651,0.0,11.0,3.0,3.0,,Paved - Blocked,,,Yes,No,No,No
243703460,84257512,swathi@verifinity.ai,gs://sawasdee-labelstudio/annotation_frames/3_itinerary_7_frame000034.jpg,3_itinerary_7,3_itinerary_7_218663d3,34,340.0,3,2025:03:31 11:47:22,2025-03-31 11:53:02,11,0,1364.0,HERO13 Black,19.008958333333332,72.83377777777777,9.797,0.0,,,3.0,,Paved - Blocked,,,,No,No,Yes
243703473,84264169,swathi@verifinity.ai,gs://sawasdee-labelstudio/annotation_frames/3_itinerary_7_frame000047.jpg,3_itinerary_7,3_itinerary_7_218663d3,47,470.0,3,2025:03:31 11:47:22,2025-03-31 11:55:12,11,0,1364.0,HERO13 Black,19.010305555555554,72.83605555555555,7.056,0.0,5.0,1.0,,,Paved,Yes,,,No,No,No
243703476,83686909,varun.rama@usc.edu,gs://sawasdee-labelstudio/annotation_frames/3_itinerary_7_frame000050.jpg,3_itinerary_7,3_itinerary_7_218663d3,50,500.0,3,2025:03:31 11:47:22,2025-03-31 11:55:42,11,0,1364.0,HERO13 Black,19.0103,72.83598611111111,14.206,0.0,0.0,0.0,0.0,1.0,Paved - Blocked,No,No,Yes,No,No,No
243703482,85021415,swathi@verifinity.ai,gs://sawasdee-labelstudio/annotation_frames/3_itinerary_7_frame000056.jpg,3_itinerary_7,3_itinerary_7_218663d3,56,560.0,3,2025:03:31 11:47:22,2025-03-31 11:56:42,11,0,1364.0,HERO13 Black,19.01093611111111,72.83518055555555,17.44,0.0,11.0,,,,No sidewalk,,Yes,,No,No,No
243703493,84391649,swathi@verifinity.ai,gs://sawasdee-labelstudio/annotation_frames/3_itinerary_7_frame000066.jpg,3_itinerary_7,3_itinerary_7_218663d3,66,660.0,3,2025:03:31 11:47:22,2025-03-31 11:58:22,11,0,1364.0,HERO13 Black,19.009233333333334,72.83361111111111,4.588,0.0,11.0,2.0,,,,,Yes,,No,No,Yes
243703498,84295237,swathi@verifinity.ai,gs://sawasdee-labelstudio/annotation_frames/3_itinerary_7_frame000071.jpg,3_itinerary_7,3_itinerary_7_218663d3,71,710.0,3,2025:03:31 11:47:22,2025-03-31 11:59:12,11,0,1364.0,HERO13 Black,19.009191666666666,72.83359166666666,4.87744,0.099,5.0,1.0,3.0,,Paved,Yes,,,No,No,No
243703499,84537167,swathi@verifinity.ai,gs://sawasdee-labelstudio/annotation_frames/3_itinerary_7_frame000072.jpg,3_itinerary_7,3_itinerary_7_218663d3,72,720.0,3,2025:03:31 11:47:22,2025-03-31 11:59:22,11,0,1364.0,HERO13 Black,19.00918888888889,72.8335861111111,3.417,0.0,5.0,1.0,4.0,,Paved,Yes,,,No,No,No
243703503,85016367,swathi@verifinity.ai,gs://sawasdee-labelstudio/annotation_frames/3_itinerary_7_frame000076.jpg,3_itinerary_7,3_itinerary_7_218663d3,76,760.0,3,2025:03:31 11:47:22,2025-03-31 12:00:02,12,0,1364.0,HERO13 Black,19.009191666666666,72.83357222222222,3.31,0.0,8.0,2.0,,,No sidewalk,Yes,,,No,No,No
243703504,85006077,swathi@verifinity.ai,gs://sawasdee-labelstudio/annotation_frames/3_itinerary_7_frame000077.jpg,3_itinerary_7,3_itinerary_7_218663d3,77,770.0,3,2025:03:31 11:47:22,2025-03-31 12:00:12,12,0,1364.0,HERO13 Black,19.008969444444446,72.83384444444444,1.421,0.0,11.0,3.0,7.0,,Paved - Blocked,,,,No,No,No
243703509,84382134,swathi@verifinity.ai,gs://sawasdee-labelstudio/annotation_frames/3_itinerary_7_frame000082.jpg,3_itinerary_7,3_itinerary_7_218663d3,82,820.0,3,2025:03:31 11:47:22,2025-03-31 12:01:02,12,0,1364.0,HERO13 Black,19.008377777777778,72.83508055555555,6.412,0.0,11.0,3.0,3.0,1.0,,,,,No,No,No
243703511,84644467,swathi@verifinity.ai,gs://sawasdee-labelstudio/annotation_frames/3_itinerary_7_frame000084.jpg,3_itinerary_7,3_itinerary_7_218663d3,84,840.0,3,2025:03:31 11:47:22,2025-03-31 12:01:22,12,0,1364.0,HERO13 Black,19.008494444444445,72.83516388888889,9.293,0.0,11.0,1.0,4.0,,Paved,Yes,,,No,No,No
243703512,85015046,swathi@verifinity.ai,gs://sawasdee-labelstudio/annotation_frames/3_itinerary_7_frame000085.jpg,3_itinerary_7,3_itinerary_7_218663d3,85,850.0,3,2025:03:31 11:47:22,2025-03-31 12:01:32,12,0,1364.0,HERO13 Black,19.00832777777778,72.83506666666666,4.923,0.0,11.0,1.0,1.0,,Paved,,,,No,No,No
243703521,83686109,varun.rama@usc.edu,gs://sawasdee-labelstudio/annotation_frames/3_itinerary_7_frame000094.jpg,3_itinerary_7,3_itinerary_7_218663d3,94,940.0,3,2025:03:31 11:47:22,2025-03-31 12:03:02,12,0,1364.0,HERO13 Black,19.008455555555557,72.83621388888888,6.053,0.0,4.0,1.0,1.0,0.0,No sidewalk,No,No,Yes,No,No,No
243703529,83686012,varun.rama@usc.edu,gs://sawasdee-labelstudio/annotation_frames/3_itinerary_7_frame000102.jpg,3_itinerary_7,3_itinerary_7_218663d3,102,1020.0,3,2025:03:31 11:47:22,2025-03-31 12:04:22,12,0,1364.0,HERO13 Black,19.008447222222223,72.8345611111111,13.706,0.0,2.0,2.0,1.0,,No sidewalk,No,,Yes,No,No,Yes
243703532,84646465,swathi@verifinity.ai,gs://sawasdee-labelstudio/annotation_frames/3_itinerary_7_frame000105.jpg,3_itinerary_7,3_itinerary_7_218663d3,105,1050.0,3,2025:03:31 11:47:22,2025-03-31 12:04:52,12,0,1364.0,HERO13 Black,19.008791666666667,72.83411944444444,10.33,0.0,3.0,,,,,,,Yes,No,No,No
243703535,84632059,swathi@verifinity.ai,gs://sawasdee-labelstudio/annotation_frames/3_itinerary_7_frame000108.jpg,3_itinerary_7,3_itinerary_7_218663d3,108,1080.0,3,2025:03:31 11:47:22,2025-03-31 12:05:22,12,0,1364.0,HERO13 Black,19.008583333333334,72.83455555555555,8.632,0.0,9.0,1.0,,,No sidewalk,,,Yes,No,No,No
243703540,84999151,swathi@verifinity.ai,gs://sawasdee-labelstudio/annotation_frames/3_itinerary_7_frame000113.jpg,3_itinerary_7,3_itinerary_7_218663d3,113,1130.0,3,2025:03:31 11:47:22,2025-03-31 12:06:12,12,0,1364.0,HERO13 Black,19.00718611111111,72.83675,8.381,0.0,5.0,1.0,1.0,,No sidewalk,Yes,,,No,No,No
243703548,84396035,swathi@verifinity.ai,gs://sawasdee-labelstudio/annotation_frames/3_itinerary_7_frame000121.jpg,3_itinerary_7,3_itinerary_7_218663d3,121,1210.0,3,2025:03:31 11:47:22,2025-03-31 12:07:32,12,0,1364.0,HERO13 Black,19.006166666666665,72.83878055555554,8.117,0.0,2.0,,2.0,,Paved,Yes,,,No,No,No
243703555,84639680,swathi@verifinity.ai,gs://sawasdee-labelstudio/annotation_frames/3_itinerary_7_frame000128.jpg,3_itinerary_7,3_itinerary_7_218663d3,128,1280.0,3,2025:03:31 11:47:22,2025-03-31 12:08:42,12,0,1364.0,HERO13 Black,,,,,11.0,3.0,2.0,2.0,Paved - Blocked,Yes,,,No,No,Yes
243703559,85014765,swathi@verifinity.ai,gs://sawasdee-labelstudio/annotation_frames/3_itinerary_7_frame000132.jpg,3_itinerary_7,3_itinerary_7_218663d3,132,1320.0,3,2025:03:31 11:47:22,2025-03-31 12:09:22,12,0,1364.0,HERO13 Black,,,,,2.0,1.0,,,No sidewalk,,Yes,Yes,No,No,No
243703563,84378306,swathi@verifinity.ai,gs://sawasdee-labelstudio/annotation_frames/3_itinerary_8_1_frame000000.jpg,3_itinerary_8_1,3_itinerary_8_1_b8ca5c82,0,0.0,3,2025:03:31 12:20:27,2025-03-31 12:20:27,12,0,1040.0,HERO13 Black,19.00507222222222,72.85125555555555,22.917,0.0,2.0,4.0,,,Paved,,,,No,No,No
243703571,84386524,swathi@verifinity.ai,gs://sawasdee-labelstudio/annotation_frames/3_itinerary_8_1_frame000008.jpg,3_itinerary_8_1,3_itinerary_8_1_b8ca5c82,8,80.0,3,2025:03:31 12:20:27,2025-03-31 12:21:47,12,0,1040.0,HERO13 Black,19.004608333333334,72.85408888888888,15.081,0.0,6.0,6.0,3.0,,Paved,Yes,,,No,No,No
243703576,84642546,swathi@verifinity.ai,gs://sawasdee-labelstudio/annotation_frames/3_itinerary_8_1_frame000013.jpg,3_itinerary_8_1,3_itinerary_8_1_b8ca5c82,13,130.0,3,2025:03:31 12:20:27,2025-03-31 12:22:37,12,0,1040.0,HERO13 Black,19.00164722222222,72.85392499999999,12.67,0.0,11.0,1.0,1.0,,Paved - Blocked,,,,Yes,No,No
243703587,84350808,swathi@verifinity.ai,gs://sawasdee-labelstudio/annotation_frames/3_itinerary_8_1_frame000024.jpg,3_itinerary_8_1,3_itinerary_8_1_b8ca5c82,24,240.0,3,2025:03:31 12:20:27,2025-03-31 12:24:27,12,0,1040.0,HERO13 Black,18.996258333333333,72.85290555555555,9.8095,0.1,,,,,,,,Yes,No,No,No
243703589,84284068,swathi@verifinity.ai,gs://sawasdee-labelstudio/annotation_frames/3_itinerary_8_1_frame000026.jpg,3_itinerary_8_1,3_itinerary_8_1_b8ca5c82,26,260.0,3,2025:03:31 12:20:27,2025-03-31 12:24:47,12,0,1040.0,HERO13 Black,18.996258333333333,72.85290972222222,8.402,0.1,1.0,3.0,,,No sidewalk,Yes,,,No,No,No
243703597,84296473,swathi@verifinity.ai,gs://sawasdee-labelstudio/annotation_frames/3_itinerary_8_1_frame000033.jpg,3_itinerary_8_1,3_itinerary_8_1_b8ca5c82,33,330.0,3,2025:03:31 12:20:27,2025-03-31 12:25:57,12,0,1040.0,HERO13 Black,18.993108333333332,72.85126527777777,1.4195,0.1,,1.0,3.0,,Paved - Blocked,Yes,,,No,No,No
243703607,84997832,swathi@verifinity.ai,gs://sawasdee-labelstudio/annotation_frames/3_itinerary_8_1_frame000043.jpg,3_itinerary_8_1,3_itinerary_8_1_b8ca5c82,43,430.0,3,2025:03:31 12:20:27,2025-03-31 12:27:37,12,0,1040.0,HERO13 Black,18.99321388888889,72.84843888888888,8.402,0.0,,,,,No sidewalk,,,Yes,No,No,No
243703612,84643024,swathi@verifinity.ai,gs://sawasdee-labelstudio/annotation_frames/3_itinerary_8_1_frame000048.jpg,3_itinerary_8_1,3_itinerary_8_1_b8ca5c82,48,480.0,3,2025:03:31 12:20:27,2025-03-31 12:28:27,12,0,1040.0,HERO13 Black,18.992797222222222,72.84824444444445,14.126,0.0,3.0,,,,,Yes,,,No,No,No
243703614,84539263,swathi@verifinity.ai,gs://sawasdee-labelstudio/annotation_frames/3_itinerary_8_1_frame000050.jpg,3_itinerary_8_1,3_itinerary_8_1_b8ca5c82,50,500.0,3,2025:03:31 12:20:27,2025-03-31 12:28:47,12,0,1040.0,HERO13 Black,18.99230277777778,72.84798055555555,4.978,0.0,3.0,3.0,1.0,,Paved,Yes,,,No,No,No
243703629,84545231,swathi@verifinity.ai,gs://sawasdee-labelstudio/annotation_frames/3_itinerary_8_1_frame000065.jpg,3_itinerary_8_1,3_itinerary_8_1_b8ca5c82,65,650.0,3,2025:03:31 12:20:27,2025-03-31 12:31:17,12,0,1040.0,HERO13 Black,18.988222222222223,72.84504722222222,1.679,0.0,7.0,1.0,1.0,1.0,,Yes,,,No,No,No
243703632,84545470,swathi@verifinity.ai,gs://sawasdee-labelstudio/annotation_frames/3_itinerary_8_1_frame000068.jpg,3_itinerary_8_1,3_itinerary_8_1_b8ca5c82,68,680.0,3,2025:03:31 12:20:27,2025-03-31 12:31:47,12,0,1040.0,HERO13 Black,18.987304125,72.84380968055555,0.47393,0.099,11.0,,,,No sidewalk,,,,No,No,No
243703633,84295003,swathi@verifinity.ai,gs://sawasdee-labelstudio/annotation_frames/3_itinerary_8_1_frame000069.jpg,3_itinerary_8_1,3_itinerary_8_1_b8ca5c82,69,690.0,3,2025:03:31 12:20:27,2025-03-31 12:31:57,12,0,1040.0,HERO13 Black,18.98695,72.84334722222222,0.266,0.0,11.0,1.0,,,,Yes,,,No,No,No
243703634,84289888,swathi@verifinity.ai,gs://sawasdee-labelstudio/annotation_frames/3_itinerary_8_1_frame000070.jpg,3_itinerary_8_1,3_itinerary_8_1_b8ca5c82,70,700.0,3,2025:03:31 12:20:27,2025-03-31 12:32:07,12,0,1040.0,HERO13 Black,18.9866,72.84290277777777,-2.088,0.0,11.0,,,,Paved,Yes,,,No,No,No
243703635,84498613,swathi@verifinity.ai,gs://sawasdee-labelstudio/annotation_frames/3_itinerary_8_1_frame000071.jpg,3_itinerary_8_1,3_itinerary_8_1_b8ca5c82,71,710.0,3,2025:03:31 12:20:27,2025-03-31 12:32:17,12,0,1040.0,HERO13 Black,18.98614166666667,72.84250555555555,-3.841,0.0,4.0,,,,,,,,No,No,No
243703652,84537567,swathi@verifinity.ai,gs://sawasdee-labelstudio/annotation_frames/3_itinerary_8_1_frame000087.jpg,3_itinerary_8_1,3_itinerary_8_1_b8ca5c82,87,870.0,3,2025:03:31 12:20:27,2025-03-31 12:34:57,12,0,1040.0,HERO13 Black,18.984391666666667,72.84803888888888,2.329,0.0,4.0,2.0,,,No sidewalk,,,,No,No,No
243703653,84644674,swathi@verifinity.ai,gs://sawasdee-labelstudio/annotation_frames/3_itinerary_8_1_frame000088.jpg,3_itinerary_8_1,3_itinerary_8_1_b8ca5c82,88,880.0,3,2025:03:31 12:20:27,2025-03-31 12:35:07,12,0,1040.0,HERO13 Black,18.984397222222224,72.84803333333333,3.362,0.0,1.0,,1.0,,,,,Construction debris,No,No,No
243703669,84543469,swathi@verifinity.ai,gs://sawasdee-labelstudio/annotation_frames/3_itinerary_8_day_2_frame000000.jpg,3_itinerary_8_day_2,3_itinerary_8_day_2_d9a68df4,0,0.0,3,2025:03:31 09:53:28,2025-03-31 09:53:28,9,0,1538.0,HERO13 Black,19.005994444444443,72.84119166666666,0.929,0.0,3.0,,2.0,,Paved,,,,No,No,No
243703676,84283386,swathi@verifinity.ai,gs://sawasdee-labelstudio/annotation_frames/3_itinerary_8_day_2_frame000006.jpg,3_itinerary_8_day_2,3_itinerary_8_day_2_d9a68df4,6,60.0,3,2025:03:31 09:53:28,2025-03-31 09:54:28,9,0,1538.0,HERO13 Black,19.004894444444446,72.83942499999999,0.551,0.0,7.0,1.0,3.0,,Paved,Yes,,,No,No,No
243703677,84372133,swathi@verifinity.ai,gs://sawasdee-labelstudio/annotation_frames/3_itinerary_8_day_2_frame000007.jpg,3_itinerary_8_day_2,3_itinerary_8_day_2_d9a68df4,7,70.0,3,2025:03:31 09:53:28,2025-03-31 09:54:38,9,0,1538.0,HERO13 Black,19.004416666666668,72.83917222222222,-1.63,0.0,7.0,1.0,1.0,,,Yes,,,No,No,No
243703692,84299252,swathi@verifinity.ai,gs://sawasdee-labelstudio/annotation_frames/3_itinerary_8_day_2_frame000022.jpg,3_itinerary_8_day_2,3_itinerary_8_day_2_d9a68df4,22,220.0,3,2025:03:31 09:53:28,2025-03-31 09:57:08,9,0,1538.0,HERO13 Black,19.004808333333333,72.84049722222221,1.374,0.0,,,1.0,1.0,Paved,Yes,,,No,No,No
243703698,85020844,swathi@verifinity.ai,gs://sawasdee-labelstudio/annotation_frames/3_itinerary_8_day_2_frame000028.jpg,3_itinerary_8_day_2,3_itinerary_8_day_2_d9a68df4,28,280.0,3,2025:03:31 09:53:28,2025-03-31 09:58:08,9,0,1538.0,HERO13 Black,19.00520277777778,72.83991388888889,1.773,0.0,3.0,,,,Paved,Yes,,,No,No,No
243703703,84365391,swathi@verifinity.ai,gs://sawasdee-labelstudio/annotation_frames/3_itinerary_8_day_2_frame000032.jpg,3_itinerary_8_day_2,3_itinerary_8_day_2_d9a68df4,32,320.0,3,2025:03:31 09:53:28,2025-03-31 09:58:48,9,0,1538.0,HERO13 Black,19.005197222222222,72.8399111111111,2.308,0.0,6.0,2.0,2.0,,Paved,,,,No,No,No
243703704,84390001,swathi@verifinity.ai,gs://sawasdee-labelstudio/annotation_frames/3_itinerary_8_day_2_frame000033.jpg,3_itinerary_8_day_2,3_itinerary_8_day_2_d9a68df4,33,330.0,3,2025:03:31 09:53:28,2025-03-31 09:58:58,9,0,1538.0,HERO13 Black,19.0052,72.83991666666667,2.195,0.0,11.0,1.0,,,Paved - Blocked,,,Construction debris,No,No,Yes
243703705,85013700,swathi@verifinity.ai,gs://sawasdee-labelstudio/annotation_frames/3_itinerary_8_day_2_frame000034.jpg,3_itinerary_8_day_2,3_itinerary_8_day_2_d9a68df4,34,340.0,3,2025:03:31 09:53:28,2025-03-31 09:59:08,9,0,1538.0,HERO13 Black,19.005280555555554,72.83983333333333,2.659,0.0,2.0,5.0,4.0,,Paved - Blocked,,,Yes,No,No,Yes
243703712,84296422,swathi@verifinity.ai,gs://sawasdee-labelstudio/annotation_frames/3_itinerary_8_day_2_frame000041.jpg,3_itinerary_8_day_2,3_itinerary_8_day_2_d9a68df4,41,410.0,3,2025:03:31 09:53:28,2025-03-31 10:00:18,10,0,1538.0,HERO13 Black,19.00849722222222,72.84139722222221,2.523,0.0,,,6.0,,,Yes,,,No,No,No
243703715,84640173,swathi@verifinity.ai,gs://sawasdee-labelstudio/annotation_frames/3_itinerary_8_day_2_frame000044.jpg,3_itinerary_8_day_2,3_itinerary_8_day_2_d9a68df4,44,440.0,3,2025:03:31 09:53:28,2025-03-31 10:00:48,10,0,1538.0,HERO13 Black,19.009658333333334,72.8416861111111,2.019,0.0,1.0,,9.0,,,,,,No,No,No
243703718,84539191,swathi@verifinity.ai,gs://sawasdee-labelstudio/annotation_frames/3_itinerary_8_day_2_frame000047.jpg,3_itinerary_8_day_2,3_itinerary_8_day_2_d9a68df4,47,470.0,3,2025:03:31 09:53:28,2025-03-31 10:01:18,10,0,1538.0,HERO13 Black,19.01106111111111,72.84198333333333,2.099,0.0,8.0,,2.0,,No sidewalk,Yes,,,No,No,No
243703724,84385411,swathi@verifinity.ai,gs://sawasdee-labelstudio/annotation_frames/3_itinerary_8_day_2_frame000053.jpg,3_itinerary_8_day_2,3_itinerary_8_day_2_d9a68df4,53,530.0,3,2025:03:31 09:53:28,2025-03-31 10:02:18,10,0,1538.0,HERO13 Black,19.013905555555557,72.84261111111111,7.894,0.0,4.0,,,,Paved,Yes,,,No,No,No
243703734,84371295,swathi@verifinity.ai,gs://sawasdee-labelstudio/annotation_frames/3_itinerary_8_day_2_frame000063.jpg,3_itinerary_8_day_2,3_itinerary_8_day_2_d9a68df4,63,630.0,3,2025:03:31 09:53:28,2025-03-31 10:03:58,10,0,1538.0,HERO13 Black,19.01586111111111,72.84315,4.498,0.0,8.0,10.0,,,Paved,Yes,,,No,No,No
243703739,84386644,swathi@verifinity.ai,gs://sawasdee-labelstudio/annotation_frames/3_itinerary_8_day_2_frame000068.jpg,3_itinerary_8_day_2,3_itinerary_8_day_2_d9a68df4,68,680.0,3,2025:03:31 09:53:28,2025-03-31 10:04:48,10,0,1538.0,HERO13 Black,19.014075,72.84316944444444,14.559,0.0,8.0,1.0,,,Paved,,,,No,No,No
243703741,84990839,swathi@verifinity.ai,gs://sawasdee-labelstudio/annotation_frames/3_itinerary_8_day_2_frame000070.jpg,3_itinerary_8_day_2,3_itinerary_8_day_2_d9a68df4,70,700.0,3,2025:03:31 09:53:28,2025-03-31 10:05:08,10,0,1538.0,HERO13 Black,19.013844444444445,72.84396111111111,15.364,0.0,10.0,6.0,2.0,,Paved - Blocked,Yes,,,No,No,No
243703756,84292902,swathi@verifinity.ai,gs://sawasdee-labelstudio/annotation_frames/3_itinerary_8_day_2_frame000084.jpg,3_itinerary_8_day_2,3_itinerary_8_day_2_d9a68df4,84,840.0,3,2025:03:31 09:53:28,2025-03-31 10:07:28,10,0,1538.0,HERO13 Black,19.016055555555557,72.84634444444444,8.979,0.0,6.0,,,,,,,,No,No,No
243703757,84496329,swathi@verifinity.ai,gs://sawasdee-labelstudio/annotation_frames/3_itinerary_8_day_2_frame000085.jpg,3_itinerary_8_day_2,3_itinerary_8_day_2_d9a68df4,85,850.0,3,2025:03:31 09:53:28,2025-03-31 10:07:38,10,0,1538.0,HERO13 Black,19.016475,72.84629444444444,9.572,0.0,,,,,Paved,,,,No,No,No
243703762,84296887,swathi@verifinity.ai,gs://sawasdee-labelstudio/annotation_frames/3_itinerary_8_day_2_frame000090.jpg,3_itinerary_8_day_2,3_itinerary_8_day_2_d9a68df4,90,900.0,3,2025:03:31 09:53:28,2025-03-31 10:08:28,10,0,1538.0,HERO13 Black,19.01741388888889,72.84420277777777,11.33,0.0,6.0,,3.0,,Paved,,,,Yes,No,No
243703764,84515057,swathi@verifinity.ai,gs://sawasdee-labelstudio/annotation_frames/3_itinerary_8_day_2_frame000092.jpg,3_itinerary_8_day_2,3_itinerary_8_day_2_d9a68df4,92,920.0,3,2025:03:31 09:53:28,2025-03-31 10:08:48,10,0,1538.0,HERO13 Black,19.017519444444442,72.84432222222222,11.142,0.0,3.0,1.0,2.0,,Paved - Blocked,Yes,,,No,No,No
243703767,84395907,swathi@verifinity.ai,gs://sawasdee-labelstudio/annotation_frames/3_itinerary_8_day_2_frame000095.jpg,3_itinerary_8_day_2,3_itinerary_8_day_2_d9a68df4,95,950.0,3,2025:03:31 09:53:28,2025-03-31 10:09:18,10,0,1538.0,HERO13 Black,19.01704722222222,72.84529722222221,17.035,0.0,4.0,,3.0,1.0,,Yes,,,No,No,No
243703772,84643433,swathi@verifinity.ai,gs://sawasdee-labelstudio/annotation_frames/3_itinerary_8_day_2_frame000100.jpg,3_itinerary_8_day_2,3_itinerary_8_day_2_d9a68df4,100,1000.0,3,2025:03:31 09:53:28,2025-03-31 10:10:08,10,0,1538.0,HERO13 Black,19.016447222222222,72.84634444444444,16.637,0.0,11.0,,2.0,,Paved,Yes,,,No,No,No
243703773,84537250,swathi@verifinity.ai,gs://sawasdee-labelstudio/annotation_frames/3_itinerary_8_day_2_frame000101.jpg,3_itinerary_8_day_2,3_itinerary_8_day_2_d9a68df4,101,1010.0,3,2025:03:31 09:53:28,2025-03-31 10:10:18,10,0,1538.0,HERO13 Black,19.016447222222222,72.84635555555555,18.2,0.0,8.0,1.0,3.0,,Paved,Yes,,,No,No,No
243703774,84645403,swathi@verifinity.ai,gs://sawasdee-labelstudio/annotation_frames/3_itinerary_8_day_2_frame000102.jpg,3_itinerary_8_day_2,3_itinerary_8_day_2_d9a68df4,102,1020.0,3,2025:03:31 09:53:28,2025-03-31 10:10:28,10,0,1538.0,HERO13 Black,19.016430555555555,72.84638333333334,18.55,0.0,11.0,1.0,,,,Yes,,,No,No,No
243703779,84373013,swathi@verifinity.ai,gs://sawasdee-labelstudio/annotation_frames/3_itinerary_8_day_2_frame000107.jpg,3_itinerary_8_day_2,3_itinerary_8_day_2_d9a68df4,107,1070.0,3,2025:03:31 09:53:28,2025-03-31 10:11:18,10,0,1538.0,HERO13 Black,19.014677777777777,72.84561111111111,5.871,0.0,11.0,2.0,1.0,,Paved,Yes,,,No,No,Yes
243703782,84285652,swathi@verifinity.ai,gs://sawasdee-labelstudio/annotation_frames/3_itinerary_8_day_2_frame000110.jpg,3_itinerary_8_day_2,3_itinerary_8_day_2_d9a68df4,110,1100.0,3,2025:03:31 09:53:28,2025-03-31 10:11:48,10,0,1538.0,HERO13 Black,19.013394444444444,72.84478333333333,0.855,0.0,,,,,No sidewalk,,,,No,No,No
243703783,84640426,swathi@verifinity.ai,gs://sawasdee-labelstudio/annotation_frames/3_itinerary_8_day_2_frame000111.jpg,3_itinerary_8_day_2,3_itinerary_8_day_2_d9a68df4,111,1110.0,3,2025:03:31 09:53:28,2025-03-31 10:11:58,10,0,1538.0,HERO13 Black,19.01300277777778,72.84452222222222,1.929,0.0,1.0,,2.0,,,,,,No,No,No
243703784,84368719,swathi@verifinity.ai,gs://sawasdee-labelstudio/annotation_frames/3_itinerary_8_day_2_frame000112.jpg,3_itinerary_8_day_2,3_itinerary_8_day_2_d9a68df4,112,1120.0,3,2025:03:31 09:53:28,2025-03-31 10:12:08,10,0,1538.0,HERO13 Black,19.01255,72.84422222222221,2.065,0.0,,,,,,Yes,,,No,No,No
243703790,84379720,swathi@verifinity.ai,gs://sawasdee-labelstudio/annotation_frames/3_itinerary_8_day_2_frame000118.jpg,3_itinerary_8_day_2,3_itinerary_8_day_2_d9a68df4,118,1180.0,3,2025:03:31 09:53:28,2025-03-31 10:13:08,10,0,1538.0,HERO13 Black,19.010769444444445,72.84421666666667,9.396,0.0,,1.0,2.0,,Paved,Yes,,,No,No,No
243703792,84985562,swathi@verifinity.ai,gs://sawasdee-labelstudio/annotation_frames/3_itinerary_8_day_2_frame000120.jpg,3_itinerary_8_day_2,3_itinerary_8_day_2_d9a68df4,120,1200.0,3,2025:03:31 09:53:28,2025-03-31 10:13:28,10,0,1538.0,HERO13 Black,19.010152777777776,72.84387222222222,10.618,0.0,6.0,1.0,2.0,,Paved - Blocked,,,,No,No,Yes
243703795,84544312,swathi@verifinity.ai,gs://sawasdee-labelstudio/annotation_frames/3_itinerary_8_day_2_frame000123.jpg,3_itinerary_8_day_2,3_itinerary_8_day_2_d9a68df4,123,1230.0,3,2025:03:31 09:53:28,2025-03-31 10:13:58,10,0,1538.0,HERO13 Black,19.009216666666667,72.84321388888888,9.38,0.0,4.0,,9.0,,Paved - Blocked,Yes,,Yes,No,No,No
243703796,84296018,swathi@verifinity.ai,gs://sawasdee-labelstudio/annotation_frames/3_itinerary_8_day_2_frame000124.jpg,3_itinerary_8_day_2,3_itinerary_8_day_2_d9a68df4,124,1240.0,3,2025:03:31 09:53:28,2025-03-31 10:14:08,10,0,1538.0,HERO13 Black,19.00931388888889,72.84326666666666,12.341,0.0,5.0,,4.0,1.0,,Yes,,,No,No,No
243703798,84295480,swathi@verifinity.ai,gs://sawasdee-labelstudio/annotation_frames/3_itinerary_8_day_2_frame000125.jpg,3_itinerary_8_day_2,3_itinerary_8_day_2_d9a68df4,125,1250.0,3,2025:03:31 09:53:28,2025-03-31 10:14:18,10,0,1538.0,HERO13 Black,19.00956111111111,72.84319444444444,13.909,0.0,1.0,1.0,4.0,,Paved - Blocked,Yes,,,No,No,No
243703802,84391339,swathi@verifinity.ai,gs://sawasdee-labelstudio/annotation_frames/3_itinerary_8_day_2_frame000129.jpg,3_itinerary_8_day_2,3_itinerary_8_day_2_d9a68df4,129,1290.0,3,2025:03:31 09:53:28,2025-03-31 10:14:58,10,0,1538.0,HERO13 Black,19.00990138888889,72.84359166666667,16.7215,0.1,2.0,,,,,,,,No,No,No
243703811,84394870,swathi@verifinity.ai,gs://sawasdee-labelstudio/annotation_frames/3_itinerary_8_day_2_frame000138.jpg,3_itinerary_8_day_2,3_itinerary_8_day_2_d9a68df4,138,1380.0,3,2025:03:31 09:53:28,2025-03-31 10:16:28,10,0,1538.0,HERO13 Black,19.008015277777776,72.84147083333333,-3.7675,0.1,,,,,No sidewalk,,,Construction debris,No,No,No
243703815,85019772,swathi@verifinity.ai,gs://sawasdee-labelstudio/annotation_frames/3_itinerary_8_day_2_frame000142.jpg,3_itinerary_8_day_2,3_itinerary_8_day_2_d9a68df4,142,1420.0,3,2025:03:31 09:53:28,2025-03-31 10:17:08,10,0,1538.0,HERO13 Black,19.006933333333333,72.84107777777777,0.013,10.2,,2.0,2.0,,Paved,Yes,,Yes,No,No,No
243703829,84360622,swathi@verifinity.ai,gs://sawasdee-labelstudio/annotation_frames/4_itinerary_10_1_frame000002.jpg,4_itinerary_10_1,4_itinerary_10_1_5f852e11,2,20.0,4,2025:04:01 11:39:38,2025-04-01 11:39:58,11,1,464.0,HERO13 Black,18.99456111111111,72.85306944444444,7.794,0.0,11.0,,,,Paved,,Yes,,No,No,No
243703836,84647031,swathi@verifinity.ai,gs://sawasdee-labelstudio/annotation_frames/4_itinerary_10_1_frame000009.jpg,4_itinerary_10_1,4_itinerary_10_1_5f852e11,9,90.0,4,2025:04:01 11:39:38,2025-04-01 11:41:08,11,1,464.0,HERO13 Black,18.99024438888889,72.85102497222222,8.903575,0.099,3.0,,,,Paved,Yes,,,No,No,No
243703838,84296113,swathi@verifinity.ai,gs://sawasdee-labelstudio/annotation_frames/4_itinerary_10_1_frame000011.jpg,4_itinerary_10_1,4_itinerary_10_1_5f852e11,11,110.0,4,2025:04:01 11:39:38,2025-04-01 11:41:28,11,1,464.0,HERO13 Black,18.989511111111113,72.85066111111111,9.009475,0.099,5.0,,,,Paved,,,,No,No,No
243703846,84643521,swathi@verifinity.ai,gs://sawasdee-labelstudio/annotation_frames/4_itinerary_10_1_frame000019.jpg,4_itinerary_10_1,4_itinerary_10_1_5f852e11,19,190.0,4,2025:04:01 11:39:38,2025-04-01 11:42:48,11,1,464.0,HERO13 Black,18.98545277777778,72.8487111111111,9.546,0.0,2.0,,1.0,,,,,Yes,No,No,No
243703847,84299996,swathi@verifinity.ai,gs://sawasdee-labelstudio/annotation_frames/4_itinerary_10_1_frame000020.jpg,4_itinerary_10_1,4_itinerary_10_1_5f852e11,20,200.0,4,2025:04:01 11:39:38,2025-04-01 11:42:58,11,1,464.0,HERO13 Black,18.98451388888889,72.84819999999999,10.766,0.0,,,2.0,,No sidewalk,,,Yes,No,No,No
243703850,84608529,swathi@verifinity.ai,gs://sawasdee-labelstudio/annotation_frames/4_itinerary_10_1_frame000023.jpg,4_itinerary_10_1,4_itinerary_10_1_5f852e11,23,230.0,4,2025:04:01 11:39:38,2025-04-01 11:43:28,11,1,464.0,HERO13 Black,18.984347222222222,72.84720277777777,10.345,0.0,2.0,,1.0,,,Yes,,,No,No,No
243703854,84646403,swathi@verifinity.ai,gs://sawasdee-labelstudio/annotation_frames/4_itinerary_10_1_frame000026.jpg,4_itinerary_10_1,4_itinerary_10_1_5f852e11,26,260.0,4,2025:04:01 11:39:38,2025-04-01 11:43:58,11,1,464.0,HERO13 Black,18.984602777777777,72.84591388888889,10.927,0.0,4.0,,3.0,1.0,,Yes,,,No,No,No
243703858,84632198,swathi@verifinity.ai,gs://sawasdee-labelstudio/annotation_frames/4_itinerary_10_1_frame000030.jpg,4_itinerary_10_1,4_itinerary_10_1_5f852e11,30,300.0,4,2025:04:01 11:39:38,2025-04-01 11:44:38,11,1,464.0,HERO13 Black,18.985147222222224,72.84371666666667,8.02,0.0,,,5.0,,No sidewalk,,,,No,No,No
243703861,84363347,swathi@verifinity.ai,gs://sawasdee-labelstudio/annotation_frames/4_itinerary_10_1_frame000033.jpg,4_itinerary_10_1,4_itinerary_10_1_5f852e11,33,330.0,4,2025:04:01 11:39:38,2025-04-01 11:45:08,11,1,464.0,HERO13 Black,18.985322222222223,72.84246666666667,8.199,7.601,,,2.0,,,,,,No,No,No
243703863,84398477,swathi@verifinity.ai,gs://sawasdee-labelstudio/annotation_frames/4_itinerary_10_1_frame000035.jpg,4_itinerary_10_1,4_itinerary_10_1_5f852e11,35,350.0,4,2025:04:01 11:39:38,2025-04-01 11:45:28,11,1,464.0,HERO13 Black,18.985322222222223,72.84246666666667,8.199,27.601,1.0,1.0,6.0,,,,,Yes,No,No,No
243703864,84545892,swathi@verifinity.ai,gs://sawasdee-labelstudio/annotation_frames/4_itinerary_10_1_frame000036.jpg,4_itinerary_10_1,4_itinerary_10_1_5f852e11,36,360.0,4,2025:04:01 11:39:38,2025-04-01 11:45:38,11,1,464.0,HERO13 Black,,,,,,,,,Paved - Blocked,Yes,,,No,No,No
243703872,84645352,swathi@verifinity.ai,gs://sawasdee-labelstudio/annotation_frames/4_itinerary_10_1_frame000044.jpg,4_itinerary_10_1,4_itinerary_10_1_5f852e11,44,440.0,4,2025:04:01 11:39:38,2025-04-01 11:46:58,11,1,464.0,HERO13 Black,,,,,5.0,,,,,,,Yes,No,No,No
243703880,84495375,swathi@verifinity.ai,gs://sawasdee-labelstudio/annotation_frames/4_itinerary_10_2_frame000005.jpg,4_itinerary_10_2,4_itinerary_10_2_4bf2cebd,5,50.0,4,2025:04:01 11:50:10,2025-04-01 11:51:00,11,1,642.0,HERO13 Black,18.99133888888889,72.84903055555554,13.915,0.0,,,1.0,,,,,Yes,No,No,No
243703888,84396137,swathi@verifinity.ai,gs://sawasdee-labelstudio/annotation_frames/4_itinerary_10_2_frame000013.jpg,4_itinerary_10_2,4_itinerary_10_2_4bf2cebd,13,130.0,4,2025:04:01 11:50:10,2025-04-01 11:52:20,11,1,642.0,HERO13 Black,18.99462777777778,72.85224444444444,13.107,0.0,,,5.0,1.0,,Yes,,,No,No,No
243703891,84499384,swathi@verifinity.ai,gs://sawasdee-labelstudio/annotation_frames/4_itinerary_10_2_frame000016.jpg,4_itinerary_10_2,4_itinerary_10_2_4bf2cebd,16,160.0,4,2025:04:01 11:50:10,2025-04-01 11:52:50,11,1,642.0,HERO13 Black,18.99590277777778,72.8527,12.352,0.0,11.0,1.0,1.0,1.0,,Yes,,,No,No,No
243703892,84524167,swathi@verifinity.ai,gs://sawasdee-labelstudio/annotation_frames/4_itinerary_10_2_frame000017.jpg,4_itinerary_10_2,4_itinerary_10_2_4bf2cebd,17,170.0,4,2025:04:01 11:50:10,2025-04-01 11:53:00,11,1,642.0,HERO13 Black,18.996291666666668,72.85281944444444,13.476,0.0,3.0,1.0,1.0,1.0,No sidewalk,Yes,,,No,No,No
243703901,84281618,swathi@verifinity.ai,gs://sawasdee-labelstudio/annotation_frames/4_itinerary_10_2_frame000026.jpg,4_itinerary_10_2,4_itinerary_10_2_4bf2cebd,26,260.0,4,2025:04:01 11:50:10,2025-04-01 11:54:30,11,1,642.0,HERO13 Black,18.99866111111111,72.85326111111111,12.562,0.0,,,2.0,,Paved,Yes,,,No,No,No
243703906,84610346,swathi@verifinity.ai,gs://sawasdee-labelstudio/annotation_frames/4_itinerary_10_2_frame000030.jpg,4_itinerary_10_2,4_itinerary_10_2_4bf2cebd,30,300.0,4,2025:04:01 11:50:10,2025-04-01 11:55:10,11,1,642.0,HERO13 Black,19.00043611111111,72.85340277777777,17.86,0.0,6.0,2.0,4.0,,No sidewalk,Yes,,Yes,No,No,No
243703909,84545915,swathi@verifinity.ai,gs://sawasdee-labelstudio/annotation_frames/4_itinerary_10_2_frame000033.jpg,4_itinerary_10_2,4_itinerary_10_2_4bf2cebd,33,330.0,4,2025:04:01 11:50:10,2025-04-01 11:55:40,11,1,642.0,HERO13 Black,19.00026666666667,72.85229444444444,19.006,0.0,,,1.0,,Paved,,,Yes,No,No,No
243703918,84296594,swathi@verifinity.ai,gs://sawasdee-labelstudio/annotation_frames/4_itinerary_10_2_frame000042.jpg,4_itinerary_10_2,4_itinerary_10_2_4bf2cebd,42,420.0,4,2025:04:01 11:50:10,2025-04-01 11:57:10,11,1,642.0,HERO13 Black,18.99813888888889,72.85218611111111,13.444,0.0,1.0,,6.0,,,Yes,,,No,No,No
243703927,84300163,swathi@verifinity.ai,gs://sawasdee-labelstudio/annotation_frames/4_itinerary_10_2_frame000051.jpg,4_itinerary_10_2,4_itinerary_10_2_4bf2cebd,51,510.0,4,2025:04:01 11:50:10,2025-04-01 11:58:40,11,1,642.0,HERO13 Black,18.996308333333335,72.85272499999999,14.034,9.2,7.0,1.0,2.0,,,Yes,,,No,No,No
243703933,84358883,swathi@verifinity.ai,gs://sawasdee-labelstudio/annotation_frames/4_itinerary_10_2_frame000057.jpg,4_itinerary_10_2,4_itinerary_10_2_4bf2cebd,57,570.0,4,2025:04:01 11:50:10,2025-04-01 11:59:40,11,1,642.0,HERO13 Black,,,,,1.0,,,,,,,Yes,No,No,Yes
243703937,84299523,swathi@verifinity.ai,gs://sawasdee-labelstudio/annotation_frames/4_itinerary_10_2_frame000061.jpg,4_itinerary_10_2,4_itinerary_10_2_4bf2cebd,61,610.0,4,2025:04:01 11:50:10,2025-04-01 12:00:20,12,1,642.0,HERO13 Black,,,,,,,2.0,,,Yes,,Construction debris,No,No,No
243703940,84265253,swathi@verifinity.ai,gs://sawasdee-labelstudio/annotation_frames/4_itinerary_1_1_frame000000.jpg,4_itinerary_1_1,4_itinerary_1_1_65c33afe,0,0.0,4,2025:04:01 06:59:31,2025-04-01 06:59:31,6,1,2114.0,HERO13 Black,19.014936111111112,72.86245555555556,-7.667,0.0,10.0,9.0,2.0,,Paved,Yes,,,No,No,No
243703942,85018147,swathi@verifinity.ai,gs://sawasdee-labelstudio/annotation_frames/4_itinerary_1_1_frame000002.jpg,4_itinerary_1_1,4_itinerary_1_1_65c33afe,2,20.0,4,2025:04:01 06:59:31,2025-04-01 06:59:51,6,1,2114.0,HERO13 Black,19.01449722222222,72.86182222222222,-8.696,0.0,4.0,6.0,1.0,,Paved,,,,No,No,No
243703943,84644317,swathi@verifinity.ai,gs://sawasdee-labelstudio/annotation_frames/4_itinerary_1_1_frame000003.jpg,4_itinerary_1_1,4_itinerary_1_1_65c33afe,3,30.0,4,2025:04:01 06:59:31,2025-04-01 07:00:01,7,1,2114.0,HERO13 Black,19.014291666666665,72.86153333333333,-5.662,0.0,5.0,1.0,2.0,,No sidewalk,Yes,,,No,No,No
243703949,84288938,swathi@verifinity.ai,gs://sawasdee-labelstudio/annotation_frames/4_itinerary_1_1_frame000009.jpg,4_itinerary_1_1,4_itinerary_1_1_65c33afe,9,90.0,4,2025:04:01 06:59:31,2025-04-01 07:01:01,7,1,2114.0,HERO13 Black,19.014794444444444,72.86070277777777,-1.777,0.0,11.0,,3.0,,Paved,Yes,,,No,No,No
243703953,84501775,swathi@verifinity.ai,gs://sawasdee-labelstudio/annotation_frames/4_itinerary_1_1_frame000013.jpg,4_itinerary_1_1,4_itinerary_1_1_65c33afe,13,130.0,4,2025:04:01 06:59:31,2025-04-01 07:01:41,7,1,2114.0,HERO13 Black,19.01583888888889,72.86123888888888,-0.378,0.0,,6.0,,,No sidewalk,,,,No,No,No
243703954,84621116,swathi@verifinity.ai,gs://sawasdee-labelstudio/annotation_frames/4_itinerary_1_1_frame000014.jpg,4_itinerary_1_1,4_itinerary_1_1_65c33afe,14,140.0,4,2025:04:01 06:59:31,2025-04-01 07:01:51,7,1,2114.0,HERO13 Black,19.01573888888889,72.86162499999999,0.245,0.0,1.0,,2.0,,Paved - Blocked,,,,No,No,No
243703960,84289339,swathi@verifinity.ai,gs://sawasdee-labelstudio/annotation_frames/4_itinerary_1_1_frame000019.jpg,4_itinerary_1_1,4_itinerary_1_1_65c33afe,19,190.0,4,2025:04:01 06:59:31,2025-04-01 07:02:41,7,1,2114.0,HERO13 Black,19.01440277777778,72.8612,-4.979,0.0,,,,,Paved - Blocked,,,,No,No,No
243703962,84365693,swathi@verifinity.ai,gs://sawasdee-labelstudio/annotation_frames/4_itinerary_1_1_frame000021.jpg,4_itinerary_1_1,4_itinerary_1_1_65c33afe,21,210.0,4,2025:04:01 06:59:31,2025-04-01 07:03:01,7,1,2114.0,HERO13 Black,19.01401111111111,72.86065277777777,-2.857,0.0,2.0,1.0,,,,,,Yes,No,No,No
243703964,84637076,swathi@verifinity.ai,gs://sawasdee-labelstudio/annotation_frames/4_itinerary_1_1_frame000023.jpg,4_itinerary_1_1,4_itinerary_1_1_65c33afe,23,230.0,4,2025:04:01 06:59:31,2025-04-01 07:03:21,7,1,2114.0,HERO13 Black,19.013905555555557,72.86099999999999,-4.174,0.0,4.0,,,,No sidewalk,,,,No,No,No
243703984,85049932,swathi@verifinity.ai,gs://sawasdee-labelstudio/annotation_frames/4_itinerary_1_1_frame000043.jpg,4_itinerary_1_1,4_itinerary_1_1_65c33afe,43,430.0,4,2025:04:01 06:59:31,2025-04-01 07:06:41,7,1,2114.0,HERO13 Black,19.008741666666666,72.86113333333333,2.744,0.0,2.0,1.0,,,Paved,,Yes,Yes,No,No,No
243703995,84396567,swathi@verifinity.ai,gs://sawasdee-labelstudio/annotation_frames/4_itinerary_1_1_frame000054.jpg,4_itinerary_1_1,4_itinerary_1_1_65c33afe,54,540.0,4,2025:04:01 06:59:31,2025-04-01 07:08:31,7,1,2114.0,HERO13 Black,19.00545,72.85556666666666,-0.852,0.0,1.0,,2.0,,Paved - Blocked,,,Yes,No,No,No
243704000,84298722,swathi@verifinity.ai,gs://sawasdee-labelstudio/annotation_frames/4_itinerary_1_1_frame000059.jpg,4_itinerary_1_1,4_itinerary_1_1_65c33afe,59,590.0,4,2025:04:01 06:59:31,2025-04-01 07:09:21,7,1,2114.0,HERO13 Black,19.00713888888889,72.85536666666665,-5.213,0.0,,,3.0,,,Yes,,Yes,No,No,No
243704009,85013499,swathi@verifinity.ai,gs://sawasdee-labelstudio/annotation_frames/4_itinerary_1_1_frame000068.jpg,4_itinerary_1_1,4_itinerary_1_1_65c33afe,68,680.0,4,2025:04:01 06:59:31,2025-04-01 07:10:51,7,1,2114.0,HERO13 Black,19.01123611111111,72.8560611111111,0.724,0.0,1.0,,,,No sidewalk,,,Construction debris,No,No,No
243704020,84511151,swathi@verifinity.ai,gs://sawasdee-labelstudio/annotation_frames/4_itinerary_1_1_frame000079.jpg,4_itinerary_1_1,4_itinerary_1_1_65c33afe,79,790.0,4,2025:04:01 06:59:31,2025-04-01 07:12:41,7,1,2114.0,HERO13 Black,19.015166666666666,72.85837777777778,10.27,0.0,,,,,Paved,,,,No,No,No
243704023,84299045,swathi@verifinity.ai,gs://sawasdee-labelstudio/annotation_frames/4_itinerary_1_1_frame000082.jpg,4_itinerary_1_1,4_itinerary_1_1_65c33afe,82,820.0,4,2025:04:01 06:59:31,2025-04-01 07:13:11,7,1,2114.0,HERO13 Black,19.014847222222222,72.85812777777777,9.688,0.0,,,,,Paved,Yes,,,No,No,No
243704037,84297520,swathi@verifinity.ai,gs://sawasdee-labelstudio/annotation_frames/4_itinerary_1_1_frame000096.jpg,4_itinerary_1_1,4_itinerary_1_1_65c33afe,96,960.0,4,2025:04:01 06:59:31,2025-04-01 07:15:31,7,1,2114.0,HERO13 Black,19.00745,72.85536388888889,7.439,0.0,1.0,,,,Paved,N/A,N/A,Yes,No,No,No
243704039,84538034,swathi@verifinity.ai,gs://sawasdee-labelstudio/annotation_frames/4_itinerary_1_1_frame000098.jpg,4_itinerary_1_1,4_itinerary_1_1_65c33afe,98,980.0,4,2025:04:01 06:59:31,2025-04-01 07:15:51,7,1,2114.0,HERO13 Black,19.006394444444446,72.85530833333333,4.218,0.0,,,,,Paved,Yes,,,No,No,No
243704047,84611523,swathi@verifinity.ai,gs://sawasdee-labelstudio/annotation_frames/4_itinerary_1_1_frame000106.jpg,4_itinerary_1_1,4_itinerary_1_1_65c33afe,106,1060.0,4,2025:04:01 06:59:31,2025-04-01 07:17:11,7,1,2114.0,HERO13 Black,19.007969444444445,72.85928888888888,0.712,0.0,,,1.0,,Paved - Blocked,Yes,,,No,No,No
243704055,84396265,swathi@verifinity.ai,gs://sawasdee-labelstudio/annotation_frames/4_itinerary_1_1_frame000113.jpg,4_itinerary_1_1,4_itinerary_1_1_65c33afe,113,1130.0,4,2025:04:01 06:59:31,2025-04-01 07:18:21,7,1,2114.0,HERO13 Black,19.011869444444443,72.86214444444444,2.617,0.0,,,,,No sidewalk,,,,No,No,No
243704060,84606869,swathi@verifinity.ai,gs://sawasdee-labelstudio/annotation_frames/4_itinerary_1_1_frame000117.jpg,4_itinerary_1_1,4_itinerary_1_1_65c33afe,117,1170.0,4,2025:04:01 06:59:31,2025-04-01 07:19:01,7,1,2114.0,HERO13 Black,19.014405555555555,72.86295555555554,2.131,0.0,1.0,,2.0,,Paved - Blocked,,,Yes,No,No,No
243704067,84647704,swathi@verifinity.ai,gs://sawasdee-labelstudio/annotation_frames/4_itinerary_1_1_frame000124.jpg,4_itinerary_1_1,4_itinerary_1_1_65c33afe,124,1240.0,4,2025:04:01 06:59:31,2025-04-01 07:20:11,7,1,2114.0,HERO13 Black,19.01718333333333,72.86479166666666,0.729,0.0,,,2.0,,,,,Yes,No,No,No
243704076,84371475,swathi@verifinity.ai,gs://sawasdee-labelstudio/annotation_frames/4_itinerary_1_1_frame000134.jpg,4_itinerary_1_1,4_itinerary_1_1_65c33afe,134,1340.0,4,2025:04:01 06:59:31,2025-04-01 07:21:51,7,1,2114.0,HERO13 Black,19.018744444444444,72.859225,6.352,0.0,4.0,,5.0,1.0,Paved,Yes,,,No,No,No
243704079,84285444,swathi@verifinity.ai,gs://sawasdee-labelstudio/annotation_frames/4_itinerary_1_1_frame000137.jpg,4_itinerary_1_1,4_itinerary_1_1_65c33afe,137,1370.0,4,2025:04:01 06:59:31,2025-04-01 07:22:21,7,1,2114.0,HERO13 Black,19.019222222222222,72.85688888888889,5.859,0.0,5.0,4.0,,,,Yes,,,No,No,No
243704082,84372937,swathi@verifinity.ai,gs://sawasdee-labelstudio/annotation_frames/4_itinerary_1_1_frame000140.jpg,4_itinerary_1_1,4_itinerary_1_1_65c33afe,140,1400.0,4,2025:04:01 06:59:31,2025-04-01 07:22:51,7,1,2114.0,HERO13 Black,19.019425,72.8563611111111,6.176,0.0,5.0,3.0,1.0,,Paved,,,,No,No,No
243704092,84299203,swathi@verifinity.ai,gs://sawasdee-labelstudio/annotation_frames/4_itinerary_1_1_frame000149.jpg,4_itinerary_1_1,4_itinerary_1_1_65c33afe,149,1490.0,4,2025:04:01 06:59:31,2025-04-01 07:24:21,7,1,2114.0,HERO13 Black,19.02098611111111,72.85928888888888,5.423,0.0,,1.0,3.0,,Paved,Yes,,,No,No,No
243704097,84514120,swathi@verifinity.ai,gs://sawasdee-labelstudio/annotation_frames/4_itinerary_1_1_frame000154.jpg,4_itinerary_1_1,4_itinerary_1_1_65c33afe,154,1540.0,4,2025:04:01 06:59:31,2025-04-01 07:25:11,7,1,2114.0,HERO13 Black,19.02087222222222,72.85956388888889,3.916,0.0,1.0,,2.0,,Paved,Yes,,,No,No,No
243704103,84377455,swathi@verifinity.ai,gs://sawasdee-labelstudio/annotation_frames/4_itinerary_1_1_frame000159.jpg,4_itinerary_1_1,4_itinerary_1_1_65c33afe,159,1590.0,4,2025:04:01 06:59:31,2025-04-01 07:26:01,7,1,2114.0,HERO13 Black,19.021194444444443,72.85719444444445,11.692,0.0,2.0,2.0,,,Paved,Yes,,,No,No,No
243704112,85020616,swathi@verifinity.ai,gs://sawasdee-labelstudio/annotation_frames/4_itinerary_1_1_frame000168.jpg,4_itinerary_1_1,4_itinerary_1_1_65c33afe,168,1680.0,4,2025:04:01 06:59:31,2025-04-01 07:27:31,7,1,2114.0,HERO13 Black,19.019125,72.85992777777777,9.293,0.0,11.0,8.0,,,No sidewalk,Yes,,,No,No,No
243704114,84639802,swathi@verifinity.ai,gs://sawasdee-labelstudio/annotation_frames/4_itinerary_1_1_frame000170.jpg,4_itinerary_1_1,4_itinerary_1_1_65c33afe,170,1700.0,4,2025:04:01 06:59:31,2025-04-01 07:27:51,7,1,2114.0,HERO13 Black,19.01862222222222,72.86034166666666,2.552,0.0,,,,,Paved,Yes,,Yes,No,No,No
243704115,84644021,swathi@verifinity.ai,gs://sawasdee-labelstudio/annotation_frames/4_itinerary_1_1_frame000171.jpg,4_itinerary_1_1,4_itinerary_1_1_65c33afe,171,1710.0,4,2025:04:01 06:59:31,2025-04-01 07:28:01,7,1,2114.0,HERO13 Black,19.018077777777776,72.85997777777777,3.6,0.0,,2.0,1.0,,Paved,Yes,,,No,No,No
243704119,84545852,swathi@verifinity.ai,gs://sawasdee-labelstudio/annotation_frames/4_itinerary_1_1_frame000175.jpg,4_itinerary_1_1,4_itinerary_1_1_65c33afe,175,1750.0,4,2025:04:01 06:59:31,2025-04-01 07:28:41,7,1,2114.0,HERO13 Black,19.01696111111111,72.85904166666666,8.905,0.0,1.0,,3.0,,Paved,Yes,,,No,No,No
243704126,84379948,swathi@verifinity.ai,gs://sawasdee-labelstudio/annotation_frames/4_itinerary_1_1_frame000182.jpg,4_itinerary_1_1,4_itinerary_1_1_65c33afe,182,1820.0,4,2025:04:01 06:59:31,2025-04-01 07:29:51,7,1,2114.0,HERO13 Black,19.01515690277778,72.85697079166665,10.668515,0.099,3.0,,,,,Yes,,,No,No,No
243704127,84369510,swathi@verifinity.ai,gs://sawasdee-labelstudio/annotation_frames/4_itinerary_1_1_frame000183.jpg,4_itinerary_1_1,4_itinerary_1_1_65c33afe,183,1830.0,4,2025:04:01 06:59:31,2025-04-01 07:30:01,7,1,2114.0,HERO13 Black,19.014724944444445,72.85643745833332,13.576015,0.099,4.0,2.0,,,Paved,Yes,,,No,No,No
243704132,84256067,swathi@verifinity.ai,gs://sawasdee-labelstudio/annotation_frames/4_itinerary_1_1_frame000188.jpg,4_itinerary_1_1,4_itinerary_1_1_65c33afe,188,1880.0,4,2025:04:01 06:59:31,2025-04-01 07:30:51,7,1,2114.0,HERO13 Black,19.013727777777778,72.85524722222222,9.001,0.0,1.0,,,,,Yes,,,No,No,No
243704136,84646952,swathi@verifinity.ai,gs://sawasdee-labelstudio/annotation_frames/4_itinerary_1_1_frame000192.jpg,4_itinerary_1_1,4_itinerary_1_1_65c33afe,192,1920.0,4,2025:04:01 06:59:31,2025-04-01 07:31:31,7,1,2114.0,HERO13 Black,19.01563888888889,72.85713055555556,4.548,0.0,11.0,3.0,,,,Yes,,,Yes,No,No
243704138,84611071,swathi@verifinity.ai,gs://sawasdee-labelstudio/annotation_frames/4_itinerary_1_1_frame000194.jpg,4_itinerary_1_1,4_itinerary_1_1_65c33afe,194,1940.0,4,2025:04:01 06:59:31,2025-04-01 07:31:51,7,1,2114.0,HERO13 Black,19.016477777777776,72.85813333333333,5.304,0.0,1.0,,3.0,,,Yes,,,No,No,No
243704139,84290266,swathi@verifinity.ai,gs://sawasdee-labelstudio/annotation_frames/4_itinerary_1_1_frame000195.jpg,4_itinerary_1_1,4_itinerary_1_1_65c33afe,195,1950.0,4,2025:04:01 06:59:31,2025-04-01 07:32:01,7,1,2114.0,HERO13 Black,19.016644444444445,72.85833888888888,4.679,0.0,1.0,1.0,3.0,1.0,Paved,Yes,,,No,No,No
243704142,84509710,swathi@verifinity.ai,gs://sawasdee-labelstudio/annotation_frames/4_itinerary_1_1_frame000198.jpg,4_itinerary_1_1,4_itinerary_1_1_65c33afe,198,1980.0,4,2025:04:01 06:59:31,2025-04-01 07:32:31,7,1,2114.0,HERO13 Black,19.01737222222222,72.85789722222222,3.266,6.0,2.0,,2.0,,Paved,Yes,,,No,No,No
243704165,84631517,swathi@verifinity.ai,gs://sawasdee-labelstudio/annotation_frames/4_itinerary_1_2_frame000009.jpg,4_itinerary_1_2,4_itinerary_1_2_98ede2eb,9,90.0,4,2025:04:01 06:59:31,2025-04-01 07:01:01,7,1,109.0,HERO13 Black,,,,,11.0,4.0,,,,Yes,,,No,No,No
243704168,85006728,swathi@verifinity.ai,gs://sawasdee-labelstudio/annotation_frames/4_itinerary_2_frame000001.jpg,4_itinerary_2,4_itinerary_2_12d017ec,1,10.0,4,2025:04:01 07:54:24,2025-04-01 07:54:34,7,1,639.0,HERO13 Black,19.037897222222224,72.87204166666666,2.779,0.0,6.0,3.0,2.0,,,,,Yes,No,No,No
243704169,84269027,swathi@verifinity.ai,gs://sawasdee-labelstudio/annotation_frames/4_itinerary_2_frame000002.jpg,4_itinerary_2,4_itinerary_2_12d017ec,2,20.0,4,2025:04:01 07:54:24,2025-04-01 07:54:44,7,1,639.0,HERO13 Black,19.038016666666667,72.87204999999999,2.994,0.0,5.0,,4.0,,Paved - Blocked,,,,No,No,No
243704171,84495136,swathi@verifinity.ai,gs://sawasdee-labelstudio/annotation_frames/4_itinerary_2_frame000004.jpg,4_itinerary_2,4_itinerary_2_12d017ec,4,40.0,4,2025:04:01 07:54:24,2025-04-01 07:55:04,7,1,639.0,HERO13 Black,19.038497222222222,72.87201944444443,2.137,0.0,11.0,4.0,3.0,,Paved - Blocked,,,,No,No,Yes
243704175,84257569,swathi@verifinity.ai,gs://sawasdee-labelstudio/annotation_frames/4_itinerary_2_frame000008.jpg,4_itinerary_2,4_itinerary_2_12d017ec,8,80.0,4,2025:04:01 07:54:24,2025-04-01 07:55:44,7,1,639.0,HERO13 Black,19.038980555555558,72.87132222222222,1.444,0.0,5.0,2.0,,,No sidewalk,,,,No,No,Yes
243704178,84645650,swathi@verifinity.ai,gs://sawasdee-labelstudio/annotation_frames/4_itinerary_2_frame000011.jpg,4_itinerary_2,4_itinerary_2_12d017ec,11,110.0,4,2025:04:01 07:54:24,2025-04-01 07:56:14,7,1,639.0,HERO13 Black,19.038858333333334,72.87079444444444,1.11,0.0,3.0,2.0,,1.0,No sidewalk,,,Yes,No,No,No
243704180,84365649,swathi@verifinity.ai,gs://sawasdee-labelstudio/annotation_frames/4_itinerary_2_frame000013.jpg,4_itinerary_2,4_itinerary_2_12d017ec,13,130.0,4,2025:04:01 07:54:24,2025-04-01 07:56:34,7,1,639.0,HERO13 Black,19.038736111111113,72.87081388888888,0.684,0.0,6.0,1.0,,,No sidewalk,,Yes,,No,No,No
243704199,84545929,swathi@verifinity.ai,gs://sawasdee-labelstudio/annotation_frames/4_itinerary_2_frame000031.jpg,4_itinerary_2,4_itinerary_2_12d017ec,31,310.0,4,2025:04:01 07:54:24,2025-04-01 07:59:34,7,1,639.0,HERO13 Black,19.036719444444447,72.87389999999999,4.156,0.0,,,,,,N/A,N/A,,No,No,No
243704201,84394359,swathi@verifinity.ai,gs://sawasdee-labelstudio/annotation_frames/4_itinerary_2_frame000033.jpg,4_itinerary_2,4_itinerary_2_12d017ec,33,330.0,4,2025:04:01 07:54:24,2025-04-01 07:59:54,7,1,639.0,HERO13 Black,19.03659166666667,72.87320833333332,2.309,0.0,3.0,2.0,1.0,,No sidewalk,,,,No,No,No
243704203,84508093,swathi@verifinity.ai,gs://sawasdee-labelstudio/annotation_frames/4_itinerary_2_frame000035.jpg,4_itinerary_2,4_itinerary_2_12d017ec,35,350.0,4,2025:04:01 07:54:24,2025-04-01 08:00:14,8,1,639.0,HERO13 Black,19.036411111111114,72.87279166666666,-0.344,0.0,,2.0,,,Paved - Blocked,,,,No,No,No
243704207,84644354,swathi@verifinity.ai,gs://sawasdee-labelstudio/annotation_frames/4_itinerary_2_frame000039.jpg,4_itinerary_2,4_itinerary_2_12d017ec,39,390.0,4,2025:04:01 07:54:24,2025-04-01 08:00:54,8,1,639.0,HERO13 Black,19.035930555555556,72.87255833333333,3.335,0.0,,,1.0,,No sidewalk,,,Yes,No,No,No
243704212,84636680,swathi@verifinity.ai,gs://sawasdee-labelstudio/annotation_frames/4_itinerary_2_frame000044.jpg,4_itinerary_2,4_itinerary_2_12d017ec,44,440.0,4,2025:04:01 07:54:24,2025-04-01 08:01:44,8,1,639.0,HERO13 Black,19.035355555555558,72.87249722222222,2.266,0.0,,,3.0,1.0,No sidewalk,Yes,,Yes,No,No,No
243704213,84368339,swathi@verifinity.ai,gs://sawasdee-labelstudio/annotation_frames/4_itinerary_2_frame000045.jpg,4_itinerary_2,4_itinerary_2_12d017ec,45,450.0,4,2025:04:01 07:54:24,2025-04-01 08:01:54,8,1,639.0,HERO13 Black,19.035269444444445,72.87251111111111,2.385,0.0,,,,,,Yes,,,No,No,No
243704220,84522215,swathi@verifinity.ai,gs://sawasdee-labelstudio/annotation_frames/4_itinerary_2_frame000052.jpg,4_itinerary_2,4_itinerary_2_12d017ec,52,520.0,4,2025:04:01 07:54:24,2025-04-01 08:03:04,8,1,639.0,HERO13 Black,19.034100000000002,72.87259999999999,3.924,22.0,6.0,,4.0,,,,,Yes,No,No,No
243704226,84645435,swathi@verifinity.ai,gs://sawasdee-labelstudio/annotation_frames/4_itinerary_2_frame000058.jpg,4_itinerary_2,4_itinerary_2_12d017ec,58,580.0,4,2025:04:01 07:54:24,2025-04-01 08:04:04,8,1,639.0,HERO13 Black,,,,,,3.0,1.0,,,,,,No,No,No
243704229,84536775,swathi@verifinity.ai,gs://sawasdee-labelstudio/annotation_frames/4_itinerary_2_frame000061.jpg,4_itinerary_2,4_itinerary_2_12d017ec,61,610.0,4,2025:04:01 07:54:24,2025-04-01 08:04:34,8,1,639.0,HERO13 Black,,,,,3.0,,2.0,,No sidewalk,,,Construction debris,No,No,No
243704232,84991637,swathi@verifinity.ai,gs://sawasdee-labelstudio/annotation_frames/4_itinerary_3_frame000000.jpg,4_itinerary_3,4_itinerary_3_8cfba1a5,0,0.0,4,2025:04:01 08:10:47,2025-04-01 08:10:47,8,1,1472.0,HERO13 Black,19.038372222222225,72.86595833333332,6.444,0.0,4.0,5.0,2.0,,Paved - Blocked,,,,No,No,No
243704237,85012123,swathi@verifinity.ai,gs://sawasdee-labelstudio/annotation_frames/4_itinerary_3_frame000005.jpg,4_itinerary_3,4_itinerary_3_8cfba1a5,5,50.0,4,2025:04:01 08:10:47,2025-04-01 08:11:37,8,1,1472.0,HERO13 Black,19.0394125,72.86684305555555,9.3935,0.1,3.0,4.0,1.0,1.0,No sidewalk,Yes,,,No,No,Yes
243704243,84285042,swathi@verifinity.ai,gs://sawasdee-labelstudio/annotation_frames/4_itinerary_3_frame000011.jpg,4_itinerary_3,4_itinerary_3_8cfba1a5,11,110.0,4,2025:04:01 08:10:47,2025-04-01 08:12:37,8,1,1472.0,HERO13 Black,19.03753888888889,72.86524444444444,12.701,0.0,7.0,2.0,,,Paved,,,,No,No,No
243704247,84641884,swathi@verifinity.ai,gs://sawasdee-labelstudio/annotation_frames/4_itinerary_3_frame000015.jpg,4_itinerary_3,4_itinerary_3_8cfba1a5,15,150.0,4,2025:04:01 08:10:47,2025-04-01 08:13:17,8,1,1472.0,HERO13 Black,19.037415277777782,72.86561666666665,11.996500000000001,0.1,11.0,,4.0,1.0,Paved,Yes,,,No,No,No
243704250,84365856,swathi@verifinity.ai,gs://sawasdee-labelstudio/annotation_frames/4_itinerary_3_frame000018.jpg,4_itinerary_3,4_itinerary_3_8cfba1a5,18,180.0,4,2025:04:01 08:10:47,2025-04-01 08:13:47,8,1,1472.0,HERO13 Black,19.037225000000003,72.86697222222222,12.696,0.0,9.0,5.0,,,Paved - Blocked,Yes,,,No,No,No
243704263,85018085,swathi@verifinity.ai,gs://sawasdee-labelstudio/annotation_frames/4_itinerary_3_frame000030.jpg,4_itinerary_3,4_itinerary_3_8cfba1a5,30,300.0,4,2025:04:01 08:10:47,2025-04-01 08:15:47,8,1,1472.0,HERO13 Black,19.03510277777778,72.8673111111111,19.081,0.0,4.0,9.0,3.0,,No sidewalk,Yes,,,No,No,No
243704265,84647091,swathi@verifinity.ai,gs://sawasdee-labelstudio/annotation_frames/4_itinerary_3_frame000032.jpg,4_itinerary_3,4_itinerary_3_8cfba1a5,32,320.0,4,2025:04:01 08:10:47,2025-04-01 08:16:07,8,1,1472.0,HERO13 Black,19.034111111111113,72.86676944444444,13.56,0.0,5.0,1.0,3.0,,Paved - Blocked,Yes,,,No,No,No
243704273,84534068,swathi@verifinity.ai,gs://sawasdee-labelstudio/annotation_frames/4_itinerary_3_frame000040.jpg,4_itinerary_3,4_itinerary_3_8cfba1a5,40,400.0,4,2025:04:01 08:10:47,2025-04-01 08:17:27,8,1,1472.0,HERO13 Black,19.03215833333333,72.86697222222222,3.118,0.0,2.0,3.0,1.0,,,,,Yes,No,No,No
243704274,83686456,varun.rama@usc.edu,gs://sawasdee-labelstudio/annotation_frames/4_itinerary_3_frame000041.jpg,4_itinerary_3,4_itinerary_3_8cfba1a5,41,410.0,4,2025:04:01 08:10:47,2025-04-01 08:17:37,8,1,1472.0,HERO13 Black,19.032119444444444,72.86694722222222,2.175,0.0,0.0,1.0,2.0,0.0,Paved - Blocked,No,No,No,No,No,No
243704275,84291120,swathi@verifinity.ai,gs://sawasdee-labelstudio/annotation_frames/4_itinerary_3_frame000042.jpg,4_itinerary_3,4_itinerary_3_8cfba1a5,42,420.0,4,2025:04:01 08:10:47,2025-04-01 08:17:47,8,1,1472.0,HERO13 Black,19.032049999999998,72.86694444444444,-0.705,0.0,4.0,,2.0,,Paved - Blocked,Yes,,,No,No,No
243704293,84495202,swathi@verifinity.ai,gs://sawasdee-labelstudio/annotation_frames/4_itinerary_3_frame000060.jpg,4_itinerary_3,4_itinerary_3_8cfba1a5,60,600.0,4,2025:04:01 08:10:47,2025-04-01 08:20:47,8,1,1472.0,HERO13 Black,19.02841388888889,72.86646388888889,2.297,0.0,1.0,,,,No sidewalk,,,,No,No,No
243704299,84383734,swathi@verifinity.ai,gs://sawasdee-labelstudio/annotation_frames/4_itinerary_3_frame000066.jpg,4_itinerary_3,4_itinerary_3_8cfba1a5,66,660.0,4,2025:04:01 08:10:47,2025-04-01 08:21:47,8,1,1472.0,HERO13 Black,19.026427777777776,72.86632222222222,1.309,0.0,2.0,1.0,,,Paved - Blocked,,,Yes,No,No,No
243704309,84646446,swathi@verifinity.ai,gs://sawasdee-labelstudio/annotation_frames/4_itinerary_3_frame000074.jpg,4_itinerary_3,4_itinerary_3_8cfba1a5,74,740.0,4,2025:04:01 08:10:47,2025-04-01 08:23:07,8,1,1472.0,HERO13 Black,19.027105555555554,72.86651111111111,4.792,0.0,,,3.0,,No sidewalk,Yes,,,No,No,No
243704311,84539778,swathi@verifinity.ai,gs://sawasdee-labelstudio/annotation_frames/4_itinerary_3_frame000076.jpg,4_itinerary_3,4_itinerary_3_8cfba1a5,76,760.0,4,2025:04:01 08:10:47,2025-04-01 08:23:27,8,1,1472.0,HERO13 Black,19.028130555555556,72.8664361111111,5.01,0.0,7.0,,3.0,,,,,Yes,No,No,No
243704318,84296365,swathi@verifinity.ai,gs://sawasdee-labelstudio/annotation_frames/4_itinerary_3_frame000083.jpg,4_itinerary_3,4_itinerary_3_8cfba1a5,83,830.0,4,2025:04:01 08:10:47,2025-04-01 08:24:37,8,1,1472.0,HERO13 Black,19.028658333333333,72.866475,3.268,0.0,1.0,,5.0,,,,,,No,No,No
243704321,84630613,swathi@verifinity.ai,gs://sawasdee-labelstudio/annotation_frames/4_itinerary_3_frame000086.jpg,4_itinerary_3,4_itinerary_3_8cfba1a5,86,860.0,4,2025:04:01 08:10:47,2025-04-01 08:25:07,8,1,1472.0,HERO13 Black,19.026519444444443,72.86635,1.428,0.0,11.0,3.0,1.0,1.0,Paved - Blocked,Yes,,,No,No,Yes
243704324,84294524,swathi@verifinity.ai,gs://sawasdee-labelstudio/annotation_frames/4_itinerary_3_frame000089.jpg,4_itinerary_3,4_itinerary_3_8cfba1a5,89,890.0,4,2025:04:01 08:10:47,2025-04-01 08:25:37,8,1,1472.0,HERO13 Black,19.02598888888889,72.86572777777778,3.019,0.0,7.0,,1.0,,Paved,Yes,,,No,No,No
243704331,85010471,swathi@verifinity.ai,gs://sawasdee-labelstudio/annotation_frames/4_itinerary_3_frame000096.jpg,4_itinerary_3,4_itinerary_3_8cfba1a5,96,960.0,4,2025:04:01 08:10:47,2025-04-01 08:26:47,8,1,1472.0,HERO13 Black,19.02491111111111,72.86741666666666,7.958,0.0,1.0,1.0,4.0,,Paved,Yes,,Yes,No,No,No
243704333,84296785,swathi@verifinity.ai,gs://sawasdee-labelstudio/annotation_frames/4_itinerary_3_frame000098.jpg,4_itinerary_3,4_itinerary_3_8cfba1a5,98,980.0,4,2025:04:01 08:10:47,2025-04-01 08:27:07,8,1,1472.0,HERO13 Black,19.02495,72.8672,4.242,0.0,2.0,,6.0,,,Yes,,,No,No,No
243704335,84613545,swathi@verifinity.ai,gs://sawasdee-labelstudio/annotation_frames/4_itinerary_3_frame000100.jpg,4_itinerary_3,4_itinerary_3_8cfba1a5,100,1000.0,4,2025:04:01 08:10:47,2025-04-01 08:27:27,8,1,1472.0,HERO13 Black,19.025116666666666,72.8664111111111,5.102,0.0,1.0,,2.0,,,Yes,,,No,No,No
243704339,84631713,swathi@verifinity.ai,gs://sawasdee-labelstudio/annotation_frames/4_itinerary_3_frame000104.jpg,4_itinerary_3,4_itinerary_3_8cfba1a5,104,1040.0,4,2025:04:01 08:10:47,2025-04-01 08:28:07,8,1,1472.0,HERO13 Black,19.024158333333332,72.86634444444444,9.691,0.0,3.0,2.0,2.0,1.0,No sidewalk,Yes,,,No,No,No
243704348,84617759,swathi@verifinity.ai,gs://sawasdee-labelstudio/annotation_frames/4_itinerary_3_frame000113.jpg,4_itinerary_3,4_itinerary_3_8cfba1a5,113,1130.0,4,2025:04:01 08:10:47,2025-04-01 08:29:37,8,1,1472.0,HERO13 Black,19.023238888888887,72.866025,3.627,0.0,3.0,,2.0,,Paved,,,,No,No,No
243704349,85016475,swathi@verifinity.ai,gs://sawasdee-labelstudio/annotation_frames/4_itinerary_3_frame000114.jpg,4_itinerary_3,4_itinerary_3_8cfba1a5,114,1140.0,4,2025:04:01 08:10:47,2025-04-01 08:29:47,8,1,1472.0,HERO13 Black,19.02285,72.86600277777777,5.576,0.0,1.0,,,,Paved,,,,No,No,No
243704350,84608605,swathi@verifinity.ai,gs://sawasdee-labelstudio/annotation_frames/4_itinerary_3_frame000115.jpg,4_itinerary_3,4_itinerary_3_8cfba1a5,115,1150.0,4,2025:04:01 08:10:47,2025-04-01 08:29:57,8,1,1472.0,HERO13 Black,19.02233611111111,72.866075,10.868,0.0,4.0,2.0,2.0,,Paved - Blocked,,,,No,No,No
243704353,85016757,swathi@verifinity.ai,gs://sawasdee-labelstudio/annotation_frames/4_itinerary_3_frame000118.jpg,4_itinerary_3,4_itinerary_3_8cfba1a5,118,1180.0,4,2025:04:01 08:10:47,2025-04-01 08:30:27,8,1,1472.0,HERO13 Black,19.021827777777776,72.86759722222222,5.156,0.0,4.0,3.0,,,Paved,,,,No,No,No
243704360,84370533,swathi@verifinity.ai,gs://sawasdee-labelstudio/annotation_frames/4_itinerary_3_frame000124.jpg,4_itinerary_3,4_itinerary_3_8cfba1a5,124,1240.0,4,2025:04:01 08:10:47,2025-04-01 08:31:27,8,1,1472.0,HERO13 Black,19.021566666666665,72.86945833333333,3.662,0.0,1.0,3.0,,,No sidewalk,Yes,,,No,No,No
243704364,84371335,swathi@verifinity.ai,gs://sawasdee-labelstudio/annotation_frames/4_itinerary_3_frame000128.jpg,4_itinerary_3,4_itinerary_3_8cfba1a5,128,1280.0,4,2025:04:01 08:10:47,2025-04-01 08:32:07,8,1,1472.0,HERO13 Black,19.022133333333333,72.86976666666666,8.18,0.0,,1.0,2.0,,Paved,Yes,,,No,No,No
243704367,84535584,swathi@verifinity.ai,gs://sawasdee-labelstudio/annotation_frames/4_itinerary_3_frame000131.jpg,4_itinerary_3,4_itinerary_3_8cfba1a5,131,1310.0,4,2025:04:01 08:10:47,2025-04-01 08:32:37,8,1,1472.0,HERO13 Black,19.022327777777775,72.87024444444444,4.826,0.0,,3.0,2.0,,Paved,Yes,,,No,No,No
243704375,84523079,swathi@verifinity.ai,gs://sawasdee-labelstudio/annotation_frames/4_itinerary_3_frame000139.jpg,4_itinerary_3,4_itinerary_3_8cfba1a5,139,1390.0,4,2025:04:01 08:10:47,2025-04-01 08:33:57,8,1,1472.0,HERO13 Black,,,,,11.0,4.0,,,No sidewalk,,,Yes,No,No,Yes
243704385,85017476,swathi@verifinity.ai,gs://sawasdee-labelstudio/annotation_frames/4_itinerary_4_frame000002.jpg,4_itinerary_4,4_itinerary_4_9cc4d901,2,20.0,4,2025:04:01 08:53:14,2025-04-01 08:53:34,8,1,415.0,HERO13 Black,19.019319444444445,72.85667222222222,10.351,0.0,4.0,2.0,3.0,,No sidewalk,Yes,,,No,No,No
243704390,84292244,swathi@verifinity.ai,gs://sawasdee-labelstudio/annotation_frames/4_itinerary_4_frame000007.jpg,4_itinerary_4,4_itinerary_4_9cc4d901,7,70.0,4,2025:04:01 08:53:14,2025-04-01 08:54:24,8,1,415.0,HERO13 Black,19.018916666666666,72.85566944444444,10.215,0.0,,,2.0,,Paved,,,,No,No,No
243704398,84383963,swathi@verifinity.ai,gs://sawasdee-labelstudio/annotation_frames/4_itinerary_4_frame000015.jpg,4_itinerary_4,4_itinerary_4_9cc4d901,15,150.0,4,2025:04:01 08:53:14,2025-04-01 08:55:44,8,1,415.0,HERO13 Black,19.022791666666667,72.85691666666666,16.186,0.0,,,3.0,,Paved,,,,No,No,No
243704399,84289093,swathi@verifinity.ai,gs://sawasdee-labelstudio/annotation_frames/4_itinerary_4_frame000016.jpg,4_itinerary_4,4_itinerary_4_9cc4d901,16,160.0,4,2025:04:01 08:53:14,2025-04-01 08:55:54,8,1,415.0,HERO13 Black,19.02338611111111,72.85702222222221,16.024,0.0,2.0,,2.0,,Paved,Yes,,,No,No,No
243704413,85000790,swathi@verifinity.ai,gs://sawasdee-labelstudio/annotation_frames/4_itinerary_4_frame000029.jpg,4_itinerary_4,4_itinerary_4_9cc4d901,29,290.0,4,2025:04:01 08:53:14,2025-04-01 08:58:04,8,1,415.0,HERO13 Black,19.0213,72.85733888888889,16.203,16.0,3.0,1.0,,,Paved,Yes,,,No,No,No
243704425,84256048,swathi@verifinity.ai,gs://sawasdee-labelstudio/annotation_frames/4_itinerary_5_1_frame000000.jpg,4_itinerary_5_1,4_itinerary_5_1_ffe70e03,0,0.0,4,2025:04:01 09:31:25,2025-04-01 09:31:25,9,1,1664.0,HERO13 Black,19.044283333333336,72.86443333333332,19.15,0.0,2.0,,6.0,,,Yes,,,No,No,No
243704434,84370904,swathi@verifinity.ai,gs://sawasdee-labelstudio/annotation_frames/4_itinerary_5_1_frame000008.jpg,4_itinerary_5_1,4_itinerary_5_1_ffe70e03,8,80.0,4,2025:04:01 09:31:25,2025-04-01 09:32:45,9,1,1664.0,HERO13 Black,19.04835277777778,72.86557777777777,14.127,0.0,,,2.0,,Paved,Yes,,,No,No,No
243704436,84544376,swathi@verifinity.ai,gs://sawasdee-labelstudio/annotation_frames/4_itinerary_5_1_frame000010.jpg,4_itinerary_5_1,4_itinerary_5_1_ffe70e03,10,100.0,4,2025:04:01 09:31:25,2025-04-01 09:33:05,9,1,1664.0,HERO13 Black,19.049405555555555,72.86606666666665,12.932,0.0,1.0,1.0,,,,,,,No,No,No
243704439,84384039,swathi@verifinity.ai,gs://sawasdee-labelstudio/annotation_frames/4_itinerary_5_1_frame000013.jpg,4_itinerary_5_1,4_itinerary_5_1_ffe70e03,13,130.0,4,2025:04:01 09:31:25,2025-04-01 09:33:35,9,1,1664.0,HERO13 Black,19.05098611111111,72.86690555555555,12.509,0.0,6.0,,4.0,,,Yes,,,No,No,No
243704440,84644599,swathi@verifinity.ai,gs://sawasdee-labelstudio/annotation_frames/4_itinerary_5_1_frame000014.jpg,4_itinerary_5_1,4_itinerary_5_1_ffe70e03,14,140.0,4,2025:04:01 09:31:25,2025-04-01 09:33:45,9,1,1664.0,HERO13 Black,19.051550000000002,72.8672,12.331,0.0,3.0,,3.0,,,Yes,,,No,No,No
243704446,84524794,swathi@verifinity.ai,gs://sawasdee-labelstudio/annotation_frames/4_itinerary_5_1_frame000020.jpg,4_itinerary_5_1,4_itinerary_5_1_ffe70e03,20,200.0,4,2025:04:01 09:31:25,2025-04-01 09:34:45,9,1,1664.0,HERO13 Black,19.053050000000002,72.86918333333332,15.301,0.0,2.0,,,,Paved,Yes,,,No,No,No
243704451,84369966,swathi@verifinity.ai,gs://sawasdee-labelstudio/annotation_frames/4_itinerary_5_1_frame000025.jpg,4_itinerary_5_1,4_itinerary_5_1_ffe70e03,25,250.0,4,2025:04:01 09:31:25,2025-04-01 09:35:35,9,1,1664.0,HERO13 Black,19.05098611111111,72.86925,10.562,0.0,2.0,2.0,,,Paved,,,,No,No,No
243704452,84511285,swathi@verifinity.ai,gs://sawasdee-labelstudio/annotation_frames/4_itinerary_5_1_frame000026.jpg,4_itinerary_5_1,4_itinerary_5_1_ffe70e03,26,260.0,4,2025:04:01 09:31:25,2025-04-01 09:35:45,9,1,1664.0,HERO13 Black,19.050580555555555,72.86931944444444,14.532,0.0,2.0,,,,Paved,,,,No,No,No
243704461,84989209,swathi@verifinity.ai,gs://sawasdee-labelstudio/annotation_frames/4_itinerary_5_1_frame000034.jpg,4_itinerary_5_1,4_itinerary_5_1_ffe70e03,34,340.0,4,2025:04:01 09:31:25,2025-04-01 09:37:05,9,1,1664.0,HERO13 Black,19.052047222222225,72.869225,5.883,0.0,3.0,1.0,,,No sidewalk,,,,No,No,No
243704462,84638346,swathi@verifinity.ai,gs://sawasdee-labelstudio/annotation_frames/4_itinerary_5_1_frame000035.jpg,4_itinerary_5_1,4_itinerary_5_1_ffe70e03,35,350.0,4,2025:04:01 09:31:25,2025-04-01 09:37:15,9,1,1664.0,HERO13 Black,19.05249722222222,72.86924166666665,6.742,0.0,2.0,,1.0,,No sidewalk,,,,No,No,No
243704467,84363187,swathi@verifinity.ai,gs://sawasdee-labelstudio/annotation_frames/4_itinerary_5_1_frame000040.jpg,4_itinerary_5_1,4_itinerary_5_1_ffe70e03,40,400.0,4,2025:04:01 09:31:25,2025-04-01 09:38:05,9,1,1664.0,HERO13 Black,19.05296388888889,72.87077777777777,16.365,0.0,3.0,,1.0,,Paved,,,,No,No,No
243704470,85019489,swathi@verifinity.ai,gs://sawasdee-labelstudio/annotation_frames/4_itinerary_5_1_frame000042.jpg,4_itinerary_5_1,4_itinerary_5_1_ffe70e03,42,420.0,4,2025:04:01 09:31:25,2025-04-01 09:38:25,9,1,1664.0,HERO13 Black,19.052844444444446,72.87155833333333,13.086,0.0,3.0,,,,Paved,Yes,,Yes,No,No,No
243704473,84541639,swathi@verifinity.ai,gs://sawasdee-labelstudio/annotation_frames/4_itinerary_5_1_frame000045.jpg,4_itinerary_5_1,4_itinerary_5_1_ffe70e03,45,450.0,4,2025:04:01 09:31:25,2025-04-01 09:38:55,9,1,1664.0,HERO13 Black,19.052772222222224,72.872625,11.899,0.0,,,,,No sidewalk,Yes,,,No,No,No
243704474,84378556,swathi@verifinity.ai,gs://sawasdee-labelstudio/annotation_frames/4_itinerary_5_1_frame000046.jpg,4_itinerary_5_1,4_itinerary_5_1_ffe70e03,46,460.0,4,2025:04:01 09:31:25,2025-04-01 09:39:05,9,1,1664.0,HERO13 Black,19.05259722222222,72.87262222222222,10.67,0.0,,,,,No sidewalk,,,Yes,No,No,No
243704475,84372413,swathi@verifinity.ai,gs://sawasdee-labelstudio/annotation_frames/4_itinerary_5_1_frame000047.jpg,4_itinerary_5_1,4_itinerary_5_1_ffe70e03,47,470.0,4,2025:04:01 09:31:25,2025-04-01 09:39:15,9,1,1664.0,HERO13 Black,19.052241666666667,72.87264444444443,6.438,0.0,,,,,No sidewalk,,,,No,No,No
243704484,84284716,swathi@verifinity.ai,gs://sawasdee-labelstudio/annotation_frames/4_itinerary_5_1_frame000056.jpg,4_itinerary_5_1,4_itinerary_5_1_ffe70e03,56,560.0,4,2025:04:01 09:31:25,2025-04-01 09:40:45,9,1,1664.0,HERO13 Black,19.049247194444447,72.87016938888888,3.13789,0.099,1.0,1.0,,,No sidewalk,Yes,,,No,No,No
243704488,84514881,swathi@verifinity.ai,gs://sawasdee-labelstudio/annotation_frames/4_itinerary_5_1_frame000059.jpg,4_itinerary_5_1,4_itinerary_5_1_ffe70e03,59,590.0,4,2025:04:01 09:31:25,2025-04-01 09:41:15,9,1,1664.0,HERO13 Black,19.04896111111111,72.87025694444444,9.4435,0.1,,1.0,,,No sidewalk,Yes,,,No,No,No
243704491,83686207,varun.rama@usc.edu,gs://sawasdee-labelstudio/annotation_frames/4_itinerary_5_1_frame000062.jpg,4_itinerary_5_1,4_itinerary_5_1_ffe70e03,62,620.0,4,2025:04:01 09:31:25,2025-04-01 09:41:45,9,1,1664.0,HERO13 Black,19.049045833333334,72.87072638888888,13.288,0.1,2.0,0.0,0.0,0.0,Paved,Yes,No,Yes,No,No,No
243704508,84614433,swathi@verifinity.ai,gs://sawasdee-labelstudio/annotation_frames/4_itinerary_5_1_frame000079.jpg,4_itinerary_5_1,4_itinerary_5_1_ffe70e03,79,790.0,4,2025:04:01 09:31:25,2025-04-01 09:44:35,9,1,1664.0,HERO13 Black,19.04489166666667,72.86732777777777,6.667,0.0,2.0,1.0,11.0,2.0,,Yes,,,Yes,No,No
243704511,84266703,swathi@verifinity.ai,gs://sawasdee-labelstudio/annotation_frames/4_itinerary_5_1_frame000082.jpg,4_itinerary_5_1,4_itinerary_5_1_ffe70e03,82,820.0,4,2025:04:01 09:31:25,2025-04-01 09:45:05,9,1,1664.0,HERO13 Black,19.045483333333333,72.86833888888889,10.847,0.0,1.0,,,,Paved,,,,No,No,No
243704518,84534594,swathi@verifinity.ai,gs://sawasdee-labelstudio/annotation_frames/4_itinerary_5_1_frame000087.jpg,4_itinerary_5_1,4_itinerary_5_1_ffe70e03,87,870.0,4,2025:04:01 09:31:25,2025-04-01 09:45:55,9,1,1664.0,HERO13 Black,19.046530555555556,72.86871111111111,16.051,0.0,2.0,1.0,1.0,1.0,,,,,No,No,No
243704520,84533179,swathi@verifinity.ai,gs://sawasdee-labelstudio/annotation_frames/4_itinerary_5_1_frame000089.jpg,4_itinerary_5_1,4_itinerary_5_1_ffe70e03,89,890.0,4,2025:04:01 09:31:25,2025-04-01 09:46:15,9,1,1664.0,HERO13 Black,19.04644166666667,72.86870833333333,11.678,0.0,3.0,,2.0,,Paved,Yes,,,No,No,No
243704523,85010809,swathi@verifinity.ai,gs://sawasdee-labelstudio/annotation_frames/4_itinerary_5_1_frame000091.jpg,4_itinerary_5_1,4_itinerary_5_1_ffe70e03,91,910.0,4,2025:04:01 09:31:25,2025-04-01 09:46:35,9,1,1664.0,HERO13 Black,19.045544444444445,72.86839444444443,7.219,0.0,6.0,1.0,1.0,,No sidewalk,Yes,,,No,No,No
243704525,84369251,swathi@verifinity.ai,gs://sawasdee-labelstudio/annotation_frames/4_itinerary_5_1_frame000093.jpg,4_itinerary_5_1,4_itinerary_5_1_ffe70e03,93,930.0,4,2025:04:01 09:31:25,2025-04-01 09:46:55,9,1,1664.0,HERO13 Black,19.044969444444448,72.86801666666666,8.392,0.0,,,3.0,,,,,,No,No,No
243704529,84367402,swathi@verifinity.ai,gs://sawasdee-labelstudio/annotation_frames/4_itinerary_5_1_frame000097.jpg,4_itinerary_5_1,4_itinerary_5_1_ffe70e03,97,970.0,4,2025:04:01 09:31:25,2025-04-01 09:47:35,9,1,1664.0,HERO13 Black,19.043958333333336,72.86755277777777,6.357,0.0,2.0,1.0,2.0,,No sidewalk,,,Yes,No,No,No
243704530,84617433,swathi@verifinity.ai,gs://sawasdee-labelstudio/annotation_frames/4_itinerary_5_1_frame000098.jpg,4_itinerary_5_1,4_itinerary_5_1_ffe70e03,98,980.0,4,2025:04:01 09:31:25,2025-04-01 09:47:45,9,1,1664.0,HERO13 Black,19.043561111111114,72.86728888888888,8.115,0.0,1.0,,,,No sidewalk,Yes,,,No,No,No
243704539,83686598,varun.rama@usc.edu,gs://sawasdee-labelstudio/annotation_frames/4_itinerary_5_1_frame000107.jpg,4_itinerary_5_1,4_itinerary_5_1_ffe70e03,107,1070.0,4,2025:04:01 09:31:25,2025-04-01 09:49:15,9,1,1664.0,HERO13 Black,19.042075,72.86419444444444,16.372,0.0,3.0,0.0,0.0,0.0,Not visible,No,No,Yes,No,No,No
243704541,84393988,swathi@verifinity.ai,gs://sawasdee-labelstudio/annotation_frames/4_itinerary_5_1_frame000109.jpg,4_itinerary_5_1,4_itinerary_5_1_ffe70e03,109,1090.0,4,2025:04:01 09:31:25,2025-04-01 09:49:35,9,1,1664.0,HERO13 Black,19.04263888888889,72.86354166666666,10.283,0.0,,,,,,Yes,,,No,No,No
243704546,84617692,swathi@verifinity.ai,gs://sawasdee-labelstudio/annotation_frames/4_itinerary_5_1_frame000114.jpg,4_itinerary_5_1,4_itinerary_5_1_ffe70e03,114,1140.0,4,2025:04:01 09:31:25,2025-04-01 09:50:25,9,1,1664.0,HERO13 Black,19.045175,72.864875,16.069,0.0,4.0,,1.0,1.0,Paved,Yes,,,No,No,No
243704547,84383895,swathi@verifinity.ai,gs://sawasdee-labelstudio/annotation_frames/4_itinerary_5_1_frame000115.jpg,4_itinerary_5_1,4_itinerary_5_1_ffe70e03,115,1150.0,4,2025:04:01 09:31:25,2025-04-01 09:50:35,9,1,1664.0,HERO13 Black,19.04575277777778,72.865225,14.165,0.0,,,,,Paved,Yes,,,No,No,No
243704552,84297303,swathi@verifinity.ai,gs://sawasdee-labelstudio/annotation_frames/4_itinerary_5_1_frame000120.jpg,4_itinerary_5_1,4_itinerary_5_1_ffe70e03,120,1200.0,4,2025:04:01 09:31:25,2025-04-01 09:51:25,9,1,1664.0,HERO13 Black,19.04821111111111,72.86775555555555,8.538,0.0,2.0,1.0,,,Paved,Yes,,,No,No,No
243704553,84647395,swathi@verifinity.ai,gs://sawasdee-labelstudio/annotation_frames/4_itinerary_5_1_frame000121.jpg,4_itinerary_5_1,4_itinerary_5_1_ffe70e03,121,1210.0,4,2025:04:01 09:31:25,2025-04-01 09:51:35,9,1,1664.0,HERO13 Black,19.048516666666668,72.86841388888888,10.844,0.0,4.0,2.0,2.0,,Paved - Blocked,Yes,,,No,No,No
243704563,85014733,swathi@verifinity.ai,gs://sawasdee-labelstudio/annotation_frames/4_itinerary_5_1_frame000131.jpg,4_itinerary_5_1,4_itinerary_5_1_ffe70e03,131,1310.0,4,2025:04:01 09:31:25,2025-04-01 09:53:15,9,1,1664.0,HERO13 Black,19.049572222222224,72.87113333333333,7.604,0.0,1.0,,2.0,,Paved,Yes,,,No,No,No
243704566,84378419,swathi@verifinity.ai,gs://sawasdee-labelstudio/annotation_frames/4_itinerary_5_1_frame000134.jpg,4_itinerary_5_1,4_itinerary_5_1_ffe70e03,134,1340.0,4,2025:04:01 09:31:25,2025-04-01 09:53:45,9,1,1664.0,HERO13 Black,19.04871388888889,72.86966666666666,2.03,0.0,1.0,1.0,4.0,1.0,,Yes,,,No,No,No
243704569,84526752,swathi@verifinity.ai,gs://sawasdee-labelstudio/annotation_frames/4_itinerary_5_1_frame000137.jpg,4_itinerary_5_1,4_itinerary_5_1_ffe70e03,137,1370.0,4,2025:04:01 09:31:25,2025-04-01 09:54:15,9,1,1664.0,HERO13 Black,19.04913888888889,72.87128055555554,4.26,0.0,,,1.0,,Paved,Yes,,,No,No,No
243704570,84368546,swathi@verifinity.ai,gs://sawasdee-labelstudio/annotation_frames/4_itinerary_5_1_frame000138.jpg,4_itinerary_5_1,4_itinerary_5_1_ffe70e03,138,1380.0,4,2025:04:01 09:31:25,2025-04-01 09:54:25,9,1,1664.0,HERO13 Black,19.049372222222225,72.87194166666666,2.22,0.0,1.0,,2.0,,,Yes,,,No,No,No
243704571,84259356,swathi@verifinity.ai,gs://sawasdee-labelstudio/annotation_frames/4_itinerary_5_1_frame000139.jpg,4_itinerary_5_1,4_itinerary_5_1_ffe70e03,139,1390.0,4,2025:04:01 09:31:25,2025-04-01 09:54:35,9,1,1664.0,HERO13 Black,19.04963888888889,72.87266944444444,1.093,0.0,1.0,,3.0,,Paved,Yes,,,No,No,No
243704582,84299723,swathi@verifinity.ai,gs://sawasdee-labelstudio/annotation_frames/4_itinerary_5_1_frame000149.jpg,4_itinerary_5_1,4_itinerary_5_1_ffe70e03,149,1490.0,4,2025:04:01 09:31:25,2025-04-01 09:56:15,9,1,1664.0,HERO13 Black,19.050880555555555,72.87736388888888,4.516,0.0,,,1.0,,,,,Yes,No,No,No
243704588,84293265,swathi@verifinity.ai,gs://sawasdee-labelstudio/annotation_frames/4_itinerary_5_1_frame000155.jpg,4_itinerary_5_1,4_itinerary_5_1_ffe70e03,155,1550.0,4,2025:04:01 09:31:25,2025-04-01 09:57:15,9,1,1664.0,HERO13 Black,19.051058333333334,72.87750555555554,6.516,26.4,,1.0,1.0,,Paved - Blocked,Yes,,,No,No,Yes
243704589,84521318,swathi@verifinity.ai,gs://sawasdee-labelstudio/annotation_frames/4_itinerary_5_1_frame000156.jpg,4_itinerary_5_1,4_itinerary_5_1_ffe70e03,156,1560.0,4,2025:04:01 09:31:25,2025-04-01 09:57:25,9,1,1664.0,HERO13 Black,,,,,4.0,2.0,4.0,1.0,Paved,Yes,,,Yes,No,No
243704592,84494929,swathi@verifinity.ai,gs://sawasdee-labelstudio/annotation_frames/4_itinerary_5_1_frame000159.jpg,4_itinerary_5_1,4_itinerary_5_1_ffe70e03,159,1590.0,4,2025:04:01 09:31:25,2025-04-01 09:57:55,9,1,1664.0,HERO13 Black,,,,,1.0,,3.0,1.0,Paved,Yes,,,No,No,No
243704594,84394389,swathi@verifinity.ai,gs://sawasdee-labelstudio/annotation_frames/4_itinerary_5_1_frame000161.jpg,4_itinerary_5_1,4_itinerary_5_1_ffe70e03,161,1610.0,4,2025:04:01 09:31:25,2025-04-01 09:58:15,9,1,1664.0,HERO13 Black,,,,,,,,,No sidewalk,,,,No,No,No
243704596,84259977,swathi@verifinity.ai,gs://sawasdee-labelstudio/annotation_frames/4_itinerary_5_1_frame000163.jpg,4_itinerary_5_1,4_itinerary_5_1_ffe70e03,163,1630.0,4,2025:04:01 09:31:25,2025-04-01 09:58:35,9,1,1664.0,HERO13 Black,,,,,5.0,,,,,Yes,,Yes,No,No,No
243704597,84291032,swathi@verifinity.ai,gs://sawasdee-labelstudio/annotation_frames/4_itinerary_5_1_frame000164.jpg,4_itinerary_5_1,4_itinerary_5_1_ffe70e03,164,1640.0,4,2025:04:01 09:31:25,2025-04-01 09:58:45,9,1,1664.0,HERO13 Black,,,,,4.0,1.0,,,Paved - Blocked,Yes,,,No,No,No
243704603,84296397,swathi@verifinity.ai,gs://sawasdee-labelstudio/annotation_frames/4_itinerary_5_2_frame000004.jpg,4_itinerary_5_2,4_itinerary_5_2_1338017a,4,40.0,4,2025:04:01 10:01:10,2025-04-01 10:01:50,10,1,339.0,HERO13 Black,19.042520819444444,72.87848327777778,3.84022,0.099,,,,,,Yes,,,No,No,No
243704604,84300118,swathi@verifinity.ai,gs://sawasdee-labelstudio/annotation_frames/4_itinerary_5_2_frame000005.jpg,4_itinerary_5_2,4_itinerary_5_2_1338017a,5,50.0,4,2025:04:01 10:01:10,2025-04-01 10:02:00,10,1,339.0,HERO13 Black,19.042286083333334,72.87787354166666,2.1647350000000003,0.099,,,4.0,,No sidewalk,,,,No,No,No
243704609,84528146,swathi@verifinity.ai,gs://sawasdee-labelstudio/annotation_frames/4_itinerary_5_2_frame000010.jpg,4_itinerary_5_2,4_itinerary_5_2_1338017a,10,100.0,4,2025:04:01 10:01:10,2025-04-01 10:02:50,10,1,339.0,HERO13 Black,19.042706986111114,72.87581941666666,5.896635,0.099,,,1.0,,No sidewalk,Yes,,,No,No,No
243704629,84608025,swathi@verifinity.ai,gs://sawasdee-labelstudio/annotation_frames/4_itinerary_5_2_frame000030.jpg,4_itinerary_5_2,4_itinerary_5_2_1338017a,30,300.0,4,2025:04:01 10:01:10,2025-04-01 10:06:10,10,1,339.0,HERO13 Black,,,,,4.0,1.0,,,No sidewalk,,,,No,No,No
243704634,84514818,swathi@verifinity.ai,gs://sawasdee-labelstudio/annotation_frames/4_itinerary_6_frame000001.jpg,4_itinerary_6,4_itinerary_6_fd02fb70,1,10.0,4,2025:04:01 10:29:13,2025-04-01 10:29:23,10,1,369.0,HERO13 Black,19.040566666666667,72.86540555555555,13.791,0.0,,,,,,Yes,,,No,No,No
243704646,84291908,swathi@verifinity.ai,gs://sawasdee-labelstudio/annotation_frames/4_itinerary_6_frame000013.jpg,4_itinerary_6,4_itinerary_6_fd02fb70,13,130.0,4,2025:04:01 10:29:13,2025-04-01 10:31:23,10,1,369.0,HERO13 Black,19.03807777777778,72.86570277777777,12.367,0.0,3.0,,1.0,,Paved,Yes,,,No,No,No
243704653,84495721,swathi@verifinity.ai,gs://sawasdee-labelstudio/annotation_frames/4_itinerary_6_frame000020.jpg,4_itinerary_6,4_itinerary_6_fd02fb70,20,200.0,4,2025:04:01 10:29:13,2025-04-01 10:32:33,10,1,369.0,HERO13 Black,19.039336111111112,72.86656111111111,12.037,0.0,2.0,3.0,2.0,,,Yes,,,No,No,No
243704656,84645273,swathi@verifinity.ai,gs://sawasdee-labelstudio/annotation_frames/4_itinerary_6_frame000023.jpg,4_itinerary_6,4_itinerary_6_fd02fb70,23,230.0,4,2025:04:01 10:29:13,2025-04-01 10:33:03,10,1,369.0,HERO13 Black,19.03981388888889,72.86711666666666,12.542,2.7,9.0,,6.0,,Paved - Blocked,,,,No,No,No
243704657,84545339,swathi@verifinity.ai,gs://sawasdee-labelstudio/annotation_frames/4_itinerary_6_frame000024.jpg,4_itinerary_6,4_itinerary_6_fd02fb70,24,240.0,4,2025:04:01 10:29:13,2025-04-01 10:33:13,10,1,369.0,HERO13 Black,19.03981388888889,72.86711666666666,12.542,12.7,,2.0,5.0,1.0,Paved,Yes,,,No,No,No
243704659,85012742,swathi@verifinity.ai,gs://sawasdee-labelstudio/annotation_frames/4_itinerary_6_frame000026.jpg,4_itinerary_6,4_itinerary_6_fd02fb70,26,260.0,4,2025:04:01 10:29:13,2025-04-01 10:33:33,10,1,369.0,HERO13 Black,,,,,11.0,1.0,3.0,,Paved - Blocked,,,Yes,No,No,Yes
243704661,84543805,swathi@verifinity.ai,gs://sawasdee-labelstudio/annotation_frames/4_itinerary_6_frame000027.jpg,4_itinerary_6,4_itinerary_6_fd02fb70,27,270.0,4,2025:04:01 10:29:13,2025-04-01 10:33:43,10,1,369.0,HERO13 Black,,,,,4.0,2.0,2.0,,Paved,,,,No,No,No
243704662,84643365,swathi@verifinity.ai,gs://sawasdee-labelstudio/annotation_frames/4_itinerary_6_frame000028.jpg,4_itinerary_6,4_itinerary_6_fd02fb70,28,280.0,4,2025:04:01 10:29:13,2025-04-01 10:33:53,10,1,369.0,HERO13 Black,,,,,5.0,,1.0,,Paved,,,,No,No,Yes
243704676,84381689,swathi@verifinity.ai,gs://sawasdee-labelstudio/annotation_frames/4_itinerary_7_frame000005.jpg,4_itinerary_7,4_itinerary_7_1cc6ad77,5,50.0,4,2025:04:01 10:41:53,2025-04-01 10:42:43,10,1,1215.0,HERO13 Black,19.03491388888889,72.85970277777777,15.216,0.0,1.0,,,,Paved - Blocked,Yes,,,No,No,No
243704678,84501623,swathi@verifinity.ai,gs://sawasdee-labelstudio/annotation_frames/4_itinerary_7_frame000007.jpg,4_itinerary_7,4_itinerary_7_1cc6ad77,7,70.0,4,2025:04:01 10:41:53,2025-04-01 10:43:03,10,1,1215.0,HERO13 Black,19.03491388888889,72.85969999999999,13.573,0.0,2.0,,5.0,2.0,,,,,No,No,No
243704679,84546292,swathi@verifinity.ai,gs://sawasdee-labelstudio/annotation_frames/4_itinerary_7_frame000008.jpg,4_itinerary_7,4_itinerary_7_1cc6ad77,8,80.0,4,2025:04:01 10:41:53,2025-04-01 10:43:13,10,1,1215.0,HERO13 Black,19.03497777777778,72.85973055555554,13.082,0.0,6.0,7.0,3.0,1.0,Paved - Blocked,Yes,,,No,No,No
243704680,84631613,swathi@verifinity.ai,gs://sawasdee-labelstudio/annotation_frames/4_itinerary_7_frame000009.jpg,4_itinerary_7,4_itinerary_7_1cc6ad77,9,90.0,4,2025:04:01 10:41:53,2025-04-01 10:43:23,10,1,1215.0,HERO13 Black,19.03545277777778,72.8599111111111,14.057,0.0,4.0,4.0,,,Paved,Yes,,,Yes,No,No
243704698,85011544,swathi@verifinity.ai,gs://sawasdee-labelstudio/annotation_frames/4_itinerary_7_frame000027.jpg,4_itinerary_7,4_itinerary_7_1cc6ad77,27,270.0,4,2025:04:01 10:41:53,2025-04-01 10:46:23,10,1,1215.0,HERO13 Black,19.042036111111113,72.86385,15.321,0.0,2.0,1.0,3.0,1.0,Paved,Yes,,,No,No,No
243704699,84611767,swathi@verifinity.ai,gs://sawasdee-labelstudio/annotation_frames/4_itinerary_7_frame000028.jpg,4_itinerary_7,4_itinerary_7_1cc6ad77,28,280.0,4,2025:04:01 10:41:53,2025-04-01 10:46:33,10,1,1215.0,HERO13 Black,19.041569444444445,72.86342499999999,14.921,0.0,,,2.0,1.0,Paved,Yes,,,No,No,No
243704705,84293403,swathi@verifinity.ai,gs://sawasdee-labelstudio/annotation_frames/4_itinerary_7_frame000033.jpg,4_itinerary_7,4_itinerary_7_1cc6ad77,33,330.0,4,2025:04:01 10:41:53,2025-04-01 10:47:23,10,1,1215.0,HERO13 Black,19.038694388888892,72.86158608333334,14.039315,0.099,5.0,1.0,2.0,,Paved,Yes,,,Yes,No,No
243704706,84394708,swathi@verifinity.ai,gs://sawasdee-labelstudio/annotation_frames/4_itinerary_7_frame000034.jpg,4_itinerary_7,4_itinerary_7_1cc6ad77,34,340.0,4,2025:04:01 10:41:53,2025-04-01 10:47:33,10,1,1215.0,HERO13 Black,19.038052722222226,72.86129997222221,13.56182,0.099,1.0,3.0,1.0,,Paved,Yes,,,No,No,No
243704707,84512855,swathi@verifinity.ai,gs://sawasdee-labelstudio/annotation_frames/4_itinerary_7_frame000035.jpg,4_itinerary_7,4_itinerary_7_1cc6ad77,35,350.0,4,2025:04:01 10:41:53,2025-04-01 10:47:43,10,1,1215.0,HERO13 Black,19.037430500000003,72.86104997222222,13.356375,0.099,4.0,2.0,2.0,,Paved,Yes,,,No,No,No
243704711,84393327,swathi@verifinity.ai,gs://sawasdee-labelstudio/annotation_frames/4_itinerary_7_frame000039.jpg,4_itinerary_7,4_itinerary_7_1cc6ad77,39,390.0,4,2025:04:01 10:41:53,2025-04-01 10:48:23,10,1,1215.0,HERO13 Black,19.03533888888889,72.86018888888889,13.623,0.0,1.0,,3.0,,,,,,No,No,No
243704716,84368406,swathi@verifinity.ai,gs://sawasdee-labelstudio/annotation_frames/4_itinerary_7_frame000043.jpg,4_itinerary_7,4_itinerary_7_1cc6ad77,43,430.0,4,2025:04:01 10:41:53,2025-04-01 10:49:03,10,1,1215.0,HERO13 Black,19.035175000000002,72.86013055555556,14.896,0.0,1.0,1.0,2.0,1.0,Paved,Yes,,,No,No,No
243704719,84293577,swathi@verifinity.ai,gs://sawasdee-labelstudio/annotation_frames/4_itinerary_7_frame000046.jpg,4_itinerary_7,4_itinerary_7_1cc6ad77,46,460.0,4,2025:04:01 10:41:53,2025-04-01 10:49:33,10,1,1215.0,HERO13 Black,19.033780555555555,72.85955555555554,13.583,0.0,,,1.0,1.0,,,,,No,No,No
243704727,84521010,swathi@verifinity.ai,gs://sawasdee-labelstudio/annotation_frames/4_itinerary_7_frame000054.jpg,4_itinerary_7,4_itinerary_7_1cc6ad77,54,540.0,4,2025:04:01 10:41:53,2025-04-01 10:50:53,10,1,1215.0,HERO13 Black,19.03238888888889,72.86063055555555,13.401,0.0,,,1.0,1.0,Paved,Yes,,,No,No,No
243704733,84283931,swathi@verifinity.ai,gs://sawasdee-labelstudio/annotation_frames/4_itinerary_7_frame000060.jpg,4_itinerary_7,4_itinerary_7_1cc6ad77,60,600.0,4,2025:04:01 10:41:53,2025-04-01 10:51:53,10,1,1215.0,HERO13 Black,19.033022222222222,72.86120833333332,12.044,0.0,1.0,2.0,2.0,,,Yes,,,Yes,No,No
243704747,84615399,swathi@verifinity.ai,gs://sawasdee-labelstudio/annotation_frames/4_itinerary_7_frame000073.jpg,4_itinerary_7,4_itinerary_7_1cc6ad77,73,730.0,4,2025:04:01 10:41:53,2025-04-01 10:54:03,10,1,1215.0,HERO13 Black,19.03418888888889,72.86243888888889,16.812,0.0,1.0,,1.0,,,Yes,,Yes,No,No,No
243704758,84358642,swathi@verifinity.ai,gs://sawasdee-labelstudio/annotation_frames/4_itinerary_7_frame000084.jpg,4_itinerary_7,4_itinerary_7_1cc6ad77,84,840.0,4,2025:04:01 10:41:53,2025-04-01 10:55:53,10,1,1215.0,HERO13 Black,19.033497222222223,72.86638333333333,12.93,0.0,4.0,1.0,2.0,,Paved - Blocked,,,,No,No,No
243704775,84537719,swathi@verifinity.ai,gs://sawasdee-labelstudio/annotation_frames/4_itinerary_7_frame000100.jpg,4_itinerary_7,4_itinerary_7_1cc6ad77,100,1000.0,4,2025:04:01 10:41:53,2025-04-01 10:58:33,10,1,1215.0,HERO13 Black,19.03055277777778,72.86318055555554,19.374,0.0,7.0,,4.0,,Paved - Blocked,Yes,,Yes,No,No,No
243704783,84522062,swathi@verifinity.ai,gs://sawasdee-labelstudio/annotation_frames/4_itinerary_7_frame000108.jpg,4_itinerary_7,4_itinerary_7_1cc6ad77,108,1080.0,4,2025:04:01 10:41:53,2025-04-01 10:59:53,10,1,1215.0,HERO13 Black,19.029691666666665,72.86249444444444,14.64,7.8,2.0,,,,Paved,Yes,,,No,No,No
243704790,84395287,swathi@verifinity.ai,gs://sawasdee-labelstudio/annotation_frames/4_itinerary_7_frame000115.jpg,4_itinerary_7,4_itinerary_7_1cc6ad77,115,1150.0,4,2025:04:01 10:41:53,2025-04-01 11:01:03,11,1,1215.0,HERO13 Black,,,,,5.0,,,,,,,,No,No,Yes
243704795,84617603,swathi@verifinity.ai,gs://sawasdee-labelstudio/annotation_frames/4_itinerary_7_frame000120.jpg,4_itinerary_7,4_itinerary_7_1cc6ad77,120,1200.0,4,2025:04:01 10:41:53,2025-04-01 11:01:53,11,1,1215.0,HERO13 Black,,,,,,,,,Paved - Blocked,,,Yes,No,No,No
243704806,84372607,swathi@verifinity.ai,gs://sawasdee-labelstudio/annotation_frames/4_itinerary_8_frame000010.jpg,4_itinerary_8,4_itinerary_8_cb1162bc,10,100.0,4,2025:04:01 11:07:07,2025-04-01 11:08:47,11,1,300.0,HERO13 Black,19.039055555555557,72.87204166666666,11.081,0.0,8.0,4.0,2.0,,No sidewalk,,,Yes,No,No,No
243704809,84260976,swathi@verifinity.ai,gs://sawasdee-labelstudio/annotation_frames/4_itinerary_8_frame000013.jpg,4_itinerary_8,4_itinerary_8_cb1162bc,13,130.0,4,2025:04:01 11:07:07,2025-04-01 11:09:17,11,1,300.0,HERO13 Black,19.038358333333335,72.87206666666665,14.483,0.0,1.0,,,,No sidewalk,,,Yes,No,No,No
243704810,84496278,swathi@verifinity.ai,gs://sawasdee-labelstudio/annotation_frames/4_itinerary_8_frame000014.jpg,4_itinerary_8,4_itinerary_8_cb1162bc,14,140.0,4,2025:04:01 11:07:07,2025-04-01 11:09:27,11,1,300.0,HERO13 Black,19.038180555555556,72.87206111111111,12.102,0.0,4.0,,,,,,,,No,No,No
243704811,84289754,swathi@verifinity.ai,gs://sawasdee-labelstudio/annotation_frames/4_itinerary_8_frame000015.jpg,4_itinerary_8,4_itinerary_8_cb1162bc,15,150.0,4,2025:04:01 11:07:07,2025-04-01 11:09:37,11,1,300.0,HERO13 Black,19.037850000000002,72.87209722222221,10.285,0.0,1.0,,,,Paved,,,,No,No,No
243704812,85016275,swathi@verifinity.ai,gs://sawasdee-labelstudio/annotation_frames/4_itinerary_8_frame000016.jpg,4_itinerary_8,4_itinerary_8_cb1162bc,16,160.0,4,2025:04:01 11:07:07,2025-04-01 11:09:47,11,1,300.0,HERO13 Black,19.03761666666667,72.87209722222221,10.382,1.2,11.0,3.0,,,No sidewalk,Yes,,Yes,No,No,No
243704818,84527302,swathi@verifinity.ai,gs://sawasdee-labelstudio/annotation_frames/4_itinerary_8_frame000022.jpg,4_itinerary_8,4_itinerary_8_cb1162bc,22,220.0,4,2025:04:01 11:07:07,2025-04-01 11:10:47,11,1,300.0,HERO13 Black,,,,,3.0,2.0,,,No sidewalk,Yes,,,No,No,No
243704823,84643902,swathi@verifinity.ai,gs://sawasdee-labelstudio/annotation_frames/4_itinerary_8_frame000026.jpg,4_itinerary_8,4_itinerary_8_cb1162bc,26,260.0,4,2025:04:01 11:07:07,2025-04-01 11:11:27,11,1,300.0,HERO13 Black,,,,,2.0,2.0,,,No sidewalk,,,Yes,No,No,No
243704826,84644663,swathi@verifinity.ai,gs://sawasdee-labelstudio/annotation_frames/4_itinerary_8_frame000029.jpg,4_itinerary_8,4_itinerary_8_cb1162bc,29,290.0,4,2025:04:01 11:07:07,2025-04-01 11:11:57,11,1,300.0,HERO13 Black,,,,,2.0,,,,No sidewalk,,,,No,No,No
243704831,84526532,swathi@verifinity.ai,gs://sawasdee-labelstudio/annotation_frames/4_itinerary_9_frame000004.jpg,4_itinerary_9,4_itinerary_9_79d3f18e,4,40.0,4,2025:04:01 11:18:51,2025-04-01 11:19:31,11,1,1207.0,HERO13 Black,19.03341388888889,72.87917499999999,10.291,0.0,3.0,,5.0,,,Yes,,,No,No,No
243704845,84636045,swathi@verifinity.ai,gs://sawasdee-labelstudio/annotation_frames/4_itinerary_9_frame000018.jpg,4_itinerary_9,4_itinerary_9_79d3f18e,18,180.0,4,2025:04:01 11:18:51,2025-04-01 11:21:51,11,1,1207.0,HERO13 Black,19.023113888888886,72.87654722222221,9.493,0.0,1.0,,6.0,,No sidewalk,Yes,,,No,No,No
243704851,84639770,swathi@verifinity.ai,gs://sawasdee-labelstudio/annotation_frames/4_itinerary_9_frame000024.jpg,4_itinerary_9,4_itinerary_9_79d3f18e,24,240.0,4,2025:04:01 11:18:51,2025-04-01 11:22:51,11,1,1207.0,HERO13 Black,19.022980555555556,72.87653333333333,8.367,0.0,,,,,No sidewalk,,,Yes,No,No,No
243704864,84496636,swathi@verifinity.ai,gs://sawasdee-labelstudio/annotation_frames/4_itinerary_9_frame000037.jpg,4_itinerary_9,4_itinerary_9_79d3f18e,37,370.0,4,2025:04:01 11:18:51,2025-04-01 11:25:01,11,1,1207.0,HERO13 Black,19.017405555555555,72.87310277777777,9.3,0.0,2.0,1.0,1.0,,,,,,No,No,No
243704866,84512978,swathi@verifinity.ai,gs://sawasdee-labelstudio/annotation_frames/4_itinerary_9_frame000039.jpg,4_itinerary_9,4_itinerary_9_79d3f18e,39,390.0,4,2025:04:01 11:18:51,2025-04-01 11:25:21,11,1,1207.0,HERO13 Black,19.01610833333333,72.87240555555555,7.062,0.0,4.0,,4.0,,,Yes,,,No,No,No
243704869,84396203,swathi@verifinity.ai,gs://sawasdee-labelstudio/annotation_frames/4_itinerary_9_frame000042.jpg,4_itinerary_9,4_itinerary_9_79d3f18e,42,420.0,4,2025:04:01 11:18:51,2025-04-01 11:25:51,11,1,1207.0,HERO13 Black,19.013672222222223,72.87169305555555,7.0504999999999995,0.1,2.0,,4.0,,,Yes,,,No,No,No
243704873,84543246,swathi@verifinity.ai,gs://sawasdee-labelstudio/annotation_frames/4_itinerary_9_frame000046.jpg,4_itinerary_9,4_itinerary_9_79d3f18e,46,460.0,4,2025:04:01 11:18:51,2025-04-01 11:26:31,11,1,1207.0,HERO13 Black,19.011366666666667,72.87012222222222,4.971,0.0,,,5.0,,,,,,No,No,No
243704882,83686430,varun.rama@usc.edu,gs://sawasdee-labelstudio/annotation_frames/4_itinerary_9_frame000054.jpg,4_itinerary_9,4_itinerary_9_79d3f18e,54,540.0,4,2025:04:01 11:18:51,2025-04-01 11:27:51,11,1,1207.0,HERO13 Black,19.01019722222222,72.86430555555555,2.819,0.0,0.0,0.0,,1.0,,Yes,No,Yes,No,No,No
243704890,84293771,swathi@verifinity.ai,gs://sawasdee-labelstudio/annotation_frames/4_itinerary_9_frame000062.jpg,4_itinerary_9,4_itinerary_9_79d3f18e,62,620.0,4,2025:04:01 11:18:51,2025-04-01 11:29:11,11,1,1207.0,HERO13 Black,19.00835,72.86086944444443,0.844,0.0,,,1.0,1.0,,,Yes,Yes,No,No,No
243704892,84291203,swathi@verifinity.ai,gs://sawasdee-labelstudio/annotation_frames/4_itinerary_9_frame000064.jpg,4_itinerary_9,4_itinerary_9_79d3f18e,64,640.0,4,2025:04:01 11:18:51,2025-04-01 11:29:31,11,1,1207.0,HERO13 Black,19.00716111111111,72.86051944444444,5.043,0.0,,,1.0,1.0,,,,Yes,No,No,No
243704896,84643862,swathi@verifinity.ai,gs://sawasdee-labelstudio/annotation_frames/4_itinerary_9_frame000068.jpg,4_itinerary_9,4_itinerary_9_79d3f18e,68,680.0,4,2025:04:01 11:18:51,2025-04-01 11:30:11,11,1,1207.0,HERO13 Black,19.004683333333332,72.86000833333333,7.424,0.0,,,2.0,,No sidewalk,,,Yes,No,No,No
243704897,84394477,swathi@verifinity.ai,gs://sawasdee-labelstudio/annotation_frames/4_itinerary_9_frame000069.jpg,4_itinerary_9,4_itinerary_9_79d3f18e,69,690.0,4,2025:04:01 11:18:51,2025-04-01 11:30:21,11,1,1207.0,HERO13 Black,19.004077777777777,72.86016111111111,8.252,0.0,,,6.0,1.0,,,Yes,Yes,No,No,No
243704904,84391377,swathi@verifinity.ai,gs://sawasdee-labelstudio/annotation_frames/4_itinerary_9_frame000076.jpg,4_itinerary_9,4_itinerary_9_79d3f18e,76,760.0,4,2025:04:01 11:18:51,2025-04-01 11:31:31,11,1,1207.0,HERO13 Black,19.001697222222223,72.85920833333333,12.009,0.0,2.0,,,,,,,,No,No,No
243704916,84499630,swathi@verifinity.ai,gs://sawasdee-labelstudio/annotation_frames/4_itinerary_9_frame000088.jpg,4_itinerary_9,4_itinerary_9_79d3f18e,88,880.0,4,2025:04:01 11:18:51,2025-04-01 11:33:31,11,1,1207.0,HERO13 Black,19.00001111111111,72.85618055555555,11.143,0.0,1.0,,,,,,,Yes,No,No,No
243704922,84370175,swathi@verifinity.ai,gs://sawasdee-labelstudio/annotation_frames/4_itinerary_9_frame000094.jpg,4_itinerary_9,4_itinerary_9_79d3f18e,94,940.0,4,2025:04:01 11:18:51,2025-04-01 11:34:31,11,1,1207.0,HERO13 Black,18.998358333333336,72.85706111111111,7.321,0.0,2.0,,,,,,,Yes,No,No,No
243704923,84386779,swathi@verifinity.ai,gs://sawasdee-labelstudio/annotation_frames/4_itinerary_9_frame000095.jpg,4_itinerary_9,4_itinerary_9_79d3f18e,95,950.0,4,2025:04:01 11:18:51,2025-04-01 11:34:41,11,1,1207.0,HERO13 Black,18.998019444444445,72.85720277777777,7.551,0.0,,,,,,,,Construction debris,No,No,No
243704926,84269702,swathi@verifinity.ai,gs://sawasdee-labelstudio/annotation_frames/4_itinerary_9_frame000098.jpg,4_itinerary_9,4_itinerary_9_79d3f18e,98,980.0,4,2025:04:01 11:18:51,2025-04-01 11:35:11,11,1,1207.0,HERO13 Black,18.9985,72.85700833333333,6.369,0.0,4.0,,3.0,1.0,,,,Yes,No,No,No
243704935,84610932,swathi@verifinity.ai,gs://sawasdee-labelstudio/annotation_frames/4_itinerary_9_frame000106.jpg,4_itinerary_9,4_itinerary_9_79d3f18e,106,1060.0,4,2025:04:01 11:18:51,2025-04-01 11:36:31,11,1,1207.0,HERO13 Black,19.00070277777778,72.85555277777777,2.046,0.0,,5.0,7.0,,No sidewalk,,,Yes,No,No,No
243704939,84398505,swathi@verifinity.ai,gs://sawasdee-labelstudio/annotation_frames/4_itinerary_9_frame000110.jpg,4_itinerary_9,4_itinerary_9_79d3f18e,110,1100.0,4,2025:04:01 11:18:51,2025-04-01 11:37:11,11,1,1207.0,HERO13 Black,,,,,3.0,2.0,,,No sidewalk,,,Yes,No,No,No
243704948,84643296,swathi@verifinity.ai,gs://sawasdee-labelstudio/annotation_frames/4_itinerary_9_frame000119.jpg,4_itinerary_9,4_itinerary_9_79d3f18e,119,1190.0,4,2025:04:01 11:18:51,2025-04-01 11:38:41,11,1,1207.0,HERO13 Black,,,,,,,2.0,,No sidewalk,,,,No,No,No
243704950,84643555,swathi@verifinity.ai,gs://sawasdee-labelstudio/annotation_frames/5_itinerary_1_frame000000.jpg,5_itinerary_1,5_itinerary_1_f26b9710,0,0.0,5,2025:04:04 07:14:19,2025-04-04 07:14:19,7,4,1504.0,HERO13 Black,19.039472222222223,72.85175277777778,5.579,0.0,,,8.0,,Paved - Blocked,,,,No,No,No
243704957,84615153,swathi@verifinity.ai,gs://sawasdee-labelstudio/annotation_frames/5_itinerary_1_frame000006.jpg,5_itinerary_1,5_itinerary_1_f26b9710,6,60.0,5,2025:04:04 07:14:19,2025-04-04 07:15:19,7,4,1504.0,HERO13 Black,19.03976666666667,72.85074722222221,3.735,0.0,1.0,1.0,3.0,,,Yes,,,No,No,No
243704960,84300355,swathi@verifinity.ai,gs://sawasdee-labelstudio/annotation_frames/5_itinerary_1_frame000009.jpg,5_itinerary_1,5_itinerary_1_f26b9710,9,90.0,5,2025:04:04 07:14:19,2025-04-04 07:15:49,7,4,1504.0,HERO13 Black,19.039275,72.85048333333333,2.789,0.0,2.0,,,,Paved - Blocked,Yes,,,No,No,No
243704964,84264535,swathi@verifinity.ai,gs://sawasdee-labelstudio/annotation_frames/5_itinerary_1_frame000013.jpg,5_itinerary_1,5_itinerary_1_f26b9710,13,130.0,5,2025:04:04 07:14:19,2025-04-04 07:16:29,7,4,1504.0,HERO13 Black,19.040308333333336,72.84958055555555,2.903,0.0,7.0,1.0,,,Paved - Blocked,,,,No,No,No
243704968,84647841,swathi@verifinity.ai,gs://sawasdee-labelstudio/annotation_frames/5_itinerary_1_frame000018.jpg,5_itinerary_1,5_itinerary_1_f26b9710,18,180.0,5,2025:04:04 07:14:19,2025-04-04 07:17:19,7,4,1504.0,HERO13 Black,19.041848611111114,72.84842638888888,1.9255,0.1,2.0,,2.0,,,,,,No,No,No
243704970,84392568,swathi@verifinity.ai,gs://sawasdee-labelstudio/annotation_frames/5_itinerary_1_frame000020.jpg,5_itinerary_1,5_itinerary_1_f26b9710,20,200.0,5,2025:04:04 07:14:19,2025-04-04 07:17:39,7,4,1504.0,HERO13 Black,19.042430555555555,72.8479111111111,2.602,0.1,4.0,5.0,,,No sidewalk,,,Yes,No,No,No
243704985,84520150,swathi@verifinity.ai,gs://sawasdee-labelstudio/annotation_frames/5_itinerary_1_frame000035.jpg,5_itinerary_1,5_itinerary_1_f26b9710,35,350.0,5,2025:04:04 07:14:19,2025-04-04 07:20:09,7,4,1504.0,HERO13 Black,19.042905555555556,72.846525,-0.779,0.0,5.0,4.0,3.0,,Paved,Yes,,,No,No,No
243704986,85021822,swathi@verifinity.ai,gs://sawasdee-labelstudio/annotation_frames/5_itinerary_1_frame000036.jpg,5_itinerary_1,5_itinerary_1_f26b9710,36,360.0,5,2025:04:04 07:14:19,2025-04-04 07:20:19,7,4,1504.0,HERO13 Black,19.043172222222225,72.84651111111111,0.431,0.0,6.0,,4.0,,No sidewalk,,,,No,No,No
243704988,84522797,swathi@verifinity.ai,gs://sawasdee-labelstudio/annotation_frames/5_itinerary_1_frame000037.jpg,5_itinerary_1,5_itinerary_1_f26b9710,37,370.0,5,2025:04:04 07:14:19,2025-04-04 07:20:29,7,4,1504.0,HERO13 Black,19.043288888888892,72.84651944444444,1.466,0.0,8.0,2.0,2.0,,No sidewalk,,,,No,No,No
243704996,84645384,swathi@verifinity.ai,gs://sawasdee-labelstudio/annotation_frames/5_itinerary_1_frame000045.jpg,5_itinerary_1,5_itinerary_1_f26b9710,45,450.0,5,2025:04:04 07:14:19,2025-04-04 07:21:49,7,4,1504.0,HERO13 Black,19.044205555555557,72.84668333333333,13.454,0.0,7.0,1.0,,,,,,,No,No,No
243705002,85022211,swathi@verifinity.ai,gs://sawasdee-labelstudio/annotation_frames/5_itinerary_1_frame000051.jpg,5_itinerary_1,5_itinerary_1_f26b9710,51,510.0,5,2025:04:04 07:14:19,2025-04-04 07:22:49,7,4,1504.0,HERO13 Black,19.044433333333334,72.84674722222222,5.469,0.0,6.0,5.0,,,No sidewalk,Yes,,Yes,No,No,No
243705003,84371745,swathi@verifinity.ai,gs://sawasdee-labelstudio/annotation_frames/5_itinerary_1_frame000052.jpg,5_itinerary_1,5_itinerary_1_f26b9710,52,520.0,5,2025:04:04 07:14:19,2025-04-04 07:22:59,7,4,1504.0,HERO13 Black,19.044180555555556,72.84663333333333,2.811,0.0,4.0,,1.0,,No sidewalk,Yes,,,No,No,No
243705009,84299167,swathi@verifinity.ai,gs://sawasdee-labelstudio/annotation_frames/5_itinerary_1_frame000058.jpg,5_itinerary_1,5_itinerary_1_f26b9710,58,580.0,5,2025:04:04 07:14:19,2025-04-04 07:23:59,7,4,1504.0,HERO13 Black,19.04365277777778,72.84658055555555,-17.585,0.0,2.0,,,,,,,Yes,No,No,No
243705013,84638827,swathi@verifinity.ai,gs://sawasdee-labelstudio/annotation_frames/5_itinerary_1_frame000062.jpg,5_itinerary_1,5_itinerary_1_f26b9710,62,620.0,5,2025:04:04 07:14:19,2025-04-04 07:24:39,7,4,1504.0,HERO13 Black,19.043722222222225,72.84699166666667,-8.296,0.0,7.0,,,,No sidewalk,,,Yes,No,No,No
243705022,84507914,swathi@verifinity.ai,gs://sawasdee-labelstudio/annotation_frames/5_itinerary_1_frame000071.jpg,5_itinerary_1,5_itinerary_1_f26b9710,71,710.0,5,2025:04:04 07:14:19,2025-04-04 07:26:09,7,4,1504.0,HERO13 Black,19.045405555555558,72.84726111111111,13.069,0.0,7.0,,,,,,,Yes,No,No,No
243705023,84995440,swathi@verifinity.ai,gs://sawasdee-labelstudio/annotation_frames/5_itinerary_1_frame000072.jpg,5_itinerary_1,5_itinerary_1_f26b9710,72,720.0,5,2025:04:04 07:14:19,2025-04-04 07:26:19,7,4,1504.0,HERO13 Black,19.0456,72.84717222222221,3.441,0.0,5.0,,,,No sidewalk,,,Yes,No,No,Yes
243705024,84522984,swathi@verifinity.ai,gs://sawasdee-labelstudio/annotation_frames/5_itinerary_1_frame000073.jpg,5_itinerary_1,5_itinerary_1_f26b9710,73,730.0,5,2025:04:04 07:14:19,2025-04-04 07:26:29,7,4,1504.0,HERO13 Black,19.045547222222226,72.84691111111111,6.192,0.0,11.0,4.0,1.0,,No sidewalk,,,,No,No,No
243705026,84544180,swathi@verifinity.ai,gs://sawasdee-labelstudio/annotation_frames/5_itinerary_1_frame000075.jpg,5_itinerary_1,5_itinerary_1_f26b9710,75,750.0,5,2025:04:04 07:14:19,2025-04-04 07:26:49,7,4,1504.0,HERO13 Black,19.04523888888889,72.84583333333333,6.872,0.0,11.0,,,,No sidewalk,,,Yes,No,No,No
243705043,84638860,swathi@verifinity.ai,gs://sawasdee-labelstudio/annotation_frames/5_itinerary_1_frame000091.jpg,5_itinerary_1,5_itinerary_1_f26b9710,91,910.0,5,2025:04:04 07:14:19,2025-04-04 07:29:29,7,4,1504.0,HERO13 Black,19.046519444444446,72.85076111111111,0.749,0.0,3.0,,5.0,,,Yes,,,No,No,No
243705044,84613662,swathi@verifinity.ai,gs://sawasdee-labelstudio/annotation_frames/5_itinerary_1_frame000092.jpg,5_itinerary_1,5_itinerary_1_f26b9710,92,920.0,5,2025:04:04 07:14:19,2025-04-04 07:29:39,7,4,1504.0,HERO13 Black,19.046686111111114,72.85140833333332,1.2,0.0,1.0,,5.0,,Paved - Blocked,,,Yes,No,No,No
243705045,84644193,swathi@verifinity.ai,gs://sawasdee-labelstudio/annotation_frames/5_itinerary_1_frame000093.jpg,5_itinerary_1,5_itinerary_1_f26b9710,93,930.0,5,2025:04:04 07:14:19,2025-04-04 07:29:49,7,4,1504.0,HERO13 Black,19.046794444444448,72.85164166666667,1.526,0.0,,,2.0,,No sidewalk,Yes,,,No,No,No
243705049,84523494,swathi@verifinity.ai,gs://sawasdee-labelstudio/annotation_frames/5_itinerary_1_frame000097.jpg,5_itinerary_1,5_itinerary_1_f26b9710,97,970.0,5,2025:04:04 07:14:19,2025-04-04 07:30:29,7,4,1504.0,HERO13 Black,19.046208333333336,72.84963611111111,0.454,0.0,,,3.0,1.0,,,,,No,No,No
243705050,84376638,swathi@verifinity.ai,gs://sawasdee-labelstudio/annotation_frames/5_itinerary_1_frame000098.jpg,5_itinerary_1,5_itinerary_1_f26b9710,98,980.0,5,2025:04:04 07:14:19,2025-04-04 07:30:39,7,4,1504.0,HERO13 Black,19.046097222222222,72.84910555555555,0.617,0.0,5.0,,4.0,,,Yes,,,No,No,No
243705063,84257897,swathi@verifinity.ai,gs://sawasdee-labelstudio/annotation_frames/5_itinerary_1_frame000111.jpg,5_itinerary_1,5_itinerary_1_f26b9710,111,1110.0,5,2025:04:04 07:14:19,2025-04-04 07:32:49,7,4,1504.0,HERO13 Black,19.04396388888889,72.84968888888888,5.896,0.0,1.0,2.0,10.0,,,,,,No,No,No
243705070,84646194,swathi@verifinity.ai,gs://sawasdee-labelstudio/annotation_frames/5_itinerary_1_frame000118.jpg,5_itinerary_1,5_itinerary_1_f26b9710,118,1180.0,5,2025:04:04 07:14:19,2025-04-04 07:33:59,7,4,1504.0,HERO13 Black,19.04373888888889,72.84875555555556,4.574,0.0,3.0,,1.0,,,Yes,,,No,No,No
243705072,84533920,swathi@verifinity.ai,gs://sawasdee-labelstudio/annotation_frames/5_itinerary_1_frame000120.jpg,5_itinerary_1,5_itinerary_1_f26b9710,120,1200.0,5,2025:04:04 07:14:19,2025-04-04 07:34:19,7,4,1504.0,HERO13 Black,19.04333327777778,72.84878055555555,3.83908,0.099,9.0,,,,Paved - Blocked,,,,No,No,No
243705084,84546153,swathi@verifinity.ai,gs://sawasdee-labelstudio/annotation_frames/5_itinerary_1_frame000132.jpg,5_itinerary_1,5_itinerary_1_f26b9710,132,1320.0,5,2025:04:04 07:14:19,2025-04-04 07:36:19,7,4,1504.0,HERO13 Black,19.038980555555558,72.85234722222222,2.216,0.0,6.0,1.0,2.0,,,,,Yes,No,No,No
243705089,85011893,swathi@verifinity.ai,gs://sawasdee-labelstudio/annotation_frames/5_itinerary_1_frame000137.jpg,5_itinerary_1,5_itinerary_1_f26b9710,137,1370.0,5,2025:04:04 07:14:19,2025-04-04 07:37:09,7,4,1504.0,HERO13 Black,,,,,4.0,,,,No sidewalk,,,,No,No,No
243705095,84523276,swathi@verifinity.ai,gs://sawasdee-labelstudio/annotation_frames/5_itinerary_1_frame000142.jpg,5_itinerary_1,5_itinerary_1_f26b9710,142,1420.0,5,2025:04:04 07:14:19,2025-04-04 07:37:59,7,4,1504.0,HERO13 Black,,,,,3.0,,1.0,,Paved - Blocked,Yes,,Yes,No,No,No
243705096,84511375,swathi@verifinity.ai,gs://sawasdee-labelstudio/annotation_frames/5_itinerary_1_frame000143.jpg,5_itinerary_1,5_itinerary_1_f26b9710,143,1430.0,5,2025:04:04 07:14:19,2025-04-04 07:38:09,7,4,1504.0,HERO13 Black,,,,,1.0,,1.0,,,,,Yes,No,No,No
243705100,84647132,swathi@verifinity.ai,gs://sawasdee-labelstudio/annotation_frames/5_itinerary_1_frame000147.jpg,5_itinerary_1,5_itinerary_1_f26b9710,147,1470.0,5,2025:04:04 07:14:19,2025-04-04 07:38:49,7,4,1504.0,HERO13 Black,,,,,2.0,,1.0,,No sidewalk,,,Yes,No,No,No
243705101,84538205,swathi@verifinity.ai,gs://sawasdee-labelstudio/annotation_frames/5_itinerary_1_frame000148.jpg,5_itinerary_1,5_itinerary_1_f26b9710,148,1480.0,5,2025:04:04 07:14:19,2025-04-04 07:38:59,7,4,1504.0,HERO13 Black,,,,,6.0,6.0,1.0,,Paved,Yes,,,No,No,No
243705103,84392380,swathi@verifinity.ai,gs://sawasdee-labelstudio/annotation_frames/5_itinerary_2_frame000000.jpg,5_itinerary_2,5_itinerary_2_4ecbd668,0,0.0,5,2025:04:04 07:44:23,2025-04-04 07:44:23,7,4,1914.0,HERO13 Black,19.041230555555558,72.85558888888889,14.396,0.0,2.0,3.0,,,,,,,No,No,No
243705108,84378715,swathi@verifinity.ai,gs://sawasdee-labelstudio/annotation_frames/5_itinerary_2_frame000005.jpg,5_itinerary_2,5_itinerary_2_4ecbd668,5,50.0,5,2025:04:04 07:44:23,2025-04-04 07:45:13,7,4,1914.0,HERO13 Black,19.042030555555556,72.8561861111111,8.692,0.0,1.0,,3.0,,Paved - Blocked,,,,No,No,No
243705109,84261904,swathi@verifinity.ai,gs://sawasdee-labelstudio/annotation_frames/5_itinerary_2_frame000006.jpg,5_itinerary_2,5_itinerary_2_4ecbd668,6,60.0,5,2025:04:04 07:44:23,2025-04-04 07:45:23,7,4,1914.0,HERO13 Black,19.041966666666667,72.85636388888888,6.199,0.0,2.0,1.0,,,Paved - Blocked,Yes,,,No,No,No
243705120,84544579,swathi@verifinity.ai,gs://sawasdee-labelstudio/annotation_frames/5_itinerary_2_frame000017.jpg,5_itinerary_2,5_itinerary_2_4ecbd668,17,170.0,5,2025:04:04 07:44:23,2025-04-04 07:47:13,7,4,1914.0,HERO13 Black,19.041075000000003,72.85754166666666,1.516,0.0,,3.0,2.0,,,Yes,,,No,No,No
243705126,84620856,swathi@verifinity.ai,gs://sawasdee-labelstudio/annotation_frames/5_itinerary_2_frame000023.jpg,5_itinerary_2,5_itinerary_2_4ecbd668,23,230.0,5,2025:04:04 07:44:23,2025-04-04 07:48:13,7,4,1914.0,HERO13 Black,19.041505555555556,72.85810833333333,-3.171,0.0,11.0,1.0,3.0,,No sidewalk,,,,No,No,No
243705128,84630455,swathi@verifinity.ai,gs://sawasdee-labelstudio/annotation_frames/5_itinerary_2_frame000025.jpg,5_itinerary_2,5_itinerary_2_4ecbd668,25,250.0,5,2025:04:04 07:44:23,2025-04-04 07:48:33,7,4,1914.0,HERO13 Black,19.041219444444447,72.85849444444443,-2.069,0.0,9.0,,1.0,,No sidewalk,,,,No,No,No
243705142,84494983,swathi@verifinity.ai,gs://sawasdee-labelstudio/annotation_frames/5_itinerary_2_frame000039.jpg,5_itinerary_2,5_itinerary_2_4ecbd668,39,390.0,5,2025:04:04 07:44:23,2025-04-04 07:50:53,7,4,1914.0,HERO13 Black,19.042025000000002,72.85944722222222,8.296,0.0,6.0,1.0,,,No sidewalk,,,Yes,No,No,No
243705147,85022182,swathi@verifinity.ai,gs://sawasdee-labelstudio/annotation_frames/5_itinerary_2_frame000043.jpg,5_itinerary_2,5_itinerary_2_4ecbd668,43,430.0,5,2025:04:04 07:44:23,2025-04-04 07:51:33,7,4,1914.0,HERO13 Black,19.042394444444447,72.859225,4.022,0.0,9.0,4.0,,,No sidewalk,,,,No,No,Yes
243705151,84997082,swathi@verifinity.ai,gs://sawasdee-labelstudio/annotation_frames/5_itinerary_2_frame000047.jpg,5_itinerary_2,5_itinerary_2_4ecbd668,47,470.0,5,2025:04:04 07:44:23,2025-04-04 07:52:13,7,4,1914.0,HERO13 Black,19.042833333333334,72.85861944444444,-0.722,0.0,3.0,5.0,,,Paved,,,Yes,No,No,No
243705156,85004667,swathi@verifinity.ai,gs://sawasdee-labelstudio/annotation_frames/5_itinerary_2_frame000051.jpg,5_itinerary_2,5_itinerary_2_4ecbd668,51,510.0,5,2025:04:04 07:44:23,2025-04-04 07:52:53,7,4,1914.0,HERO13 Black,19.043000000000003,72.85836388888889,6.845,0.0,7.0,3.0,,,Paved - Blocked,,Yes,,No,No,Yes
243705167,84521823,swathi@verifinity.ai,gs://sawasdee-labelstudio/annotation_frames/5_itinerary_2_frame000062.jpg,5_itinerary_2,5_itinerary_2_4ecbd668,62,620.0,5,2025:04:04 07:44:23,2025-04-04 07:54:43,7,4,1914.0,HERO13 Black,19.042481944444447,72.85794583333333,6.2705,0.1,4.0,1.0,,,Paved - Blocked,,,Yes,No,No,No
243705171,84511045,swathi@verifinity.ai,gs://sawasdee-labelstudio/annotation_frames/5_itinerary_2_frame000066.jpg,5_itinerary_2,5_itinerary_2_4ecbd668,66,660.0,5,2025:04:04 07:44:23,2025-04-04 07:55:23,7,4,1914.0,HERO13 Black,19.04309166666667,72.85716111111111,5.425,0.0,11.0,,,,No sidewalk,,,Yes,No,No,No
243705172,84291838,swathi@verifinity.ai,gs://sawasdee-labelstudio/annotation_frames/5_itinerary_2_frame000067.jpg,5_itinerary_2,5_itinerary_2_4ecbd668,67,670.0,5,2025:04:04 07:44:23,2025-04-04 07:55:33,7,4,1914.0,HERO13 Black,19.043255555555557,72.85726388888888,3.455,0.0,11.0,,,,,,Yes,,No,No,No
243705185,84611360,swathi@verifinity.ai,gs://sawasdee-labelstudio/annotation_frames/5_itinerary_2_frame000080.jpg,5_itinerary_2,5_itinerary_2_4ecbd668,80,800.0,5,2025:04:04 07:44:23,2025-04-04 07:57:43,7,4,1914.0,HERO13 Black,19.046111111111113,72.85958333333333,7.755,0.0,10.0,,,,Paved - Blocked,,,,No,No,No
243705196,84522485,swathi@verifinity.ai,gs://sawasdee-labelstudio/annotation_frames/5_itinerary_2_frame000090.jpg,5_itinerary_2,5_itinerary_2_4ecbd668,90,900.0,5,2025:04:04 07:44:23,2025-04-04 07:59:23,7,4,1914.0,HERO13 Black,19.047711111111113,72.86031944444444,8.247,0.0,11.0,2.0,5.0,,,,,,No,No,No
243705200,84998066,swathi@verifinity.ai,gs://sawasdee-labelstudio/annotation_frames/5_itinerary_2_frame000094.jpg,5_itinerary_2,5_itinerary_2_4ecbd668,94,940.0,5,2025:04:04 07:44:23,2025-04-04 08:00:03,8,4,1914.0,HERO13 Black,19.047830555555556,72.860175,7.953,0.0,10.0,3.0,1.0,1.0,No sidewalk,,,,No,No,No
243705208,84534698,swathi@verifinity.ai,gs://sawasdee-labelstudio/annotation_frames/5_itinerary_2_frame000102.jpg,5_itinerary_2,5_itinerary_2_4ecbd668,102,1020.0,5,2025:04:04 07:44:23,2025-04-04 08:01:23,8,4,1914.0,HERO13 Black,19.048172222222224,72.85648333333333,4.141,0.0,11.0,3.0,1.0,,Paved - Blocked,Yes,,,No,No,Yes
243705221,84292489,swathi@verifinity.ai,gs://sawasdee-labelstudio/annotation_frames/5_itinerary_2_frame000115.jpg,5_itinerary_2,5_itinerary_2_4ecbd668,115,1150.0,5,2025:04:04 07:44:23,2025-04-04 08:03:33,8,4,1914.0,HERO13 Black,19.04635277777778,72.85024722222222,9.739,0.0,4.0,1.0,2.0,,,Yes,,,No,No,No
243705223,84372656,swathi@verifinity.ai,gs://sawasdee-labelstudio/annotation_frames/5_itinerary_2_frame000117.jpg,5_itinerary_2,5_itinerary_2_4ecbd668,117,1170.0,5,2025:04:04 07:44:23,2025-04-04 08:03:53,8,4,1914.0,HERO13 Black,19.046083333333335,72.84899166666666,11.588,0.0,8.0,,3.0,,,,,,No,No,No
243705237,83685984,varun.rama@usc.edu,gs://sawasdee-labelstudio/annotation_frames/5_itinerary_2_frame000131.jpg,5_itinerary_2,5_itinerary_2_4ecbd668,131,1310.0,5,2025:04:04 07:44:23,2025-04-04 08:06:13,8,4,1914.0,HERO13 Black,19.04374166666667,72.84967222222221,6.471,0.0,1.0,0.0,1.0,0.0,Not visible,No,No,No,No,No,No
243705251,84633076,swathi@verifinity.ai,gs://sawasdee-labelstudio/annotation_frames/5_itinerary_2_frame000145.jpg,5_itinerary_2,5_itinerary_2_4ecbd668,145,1450.0,5,2025:04:04 07:44:23,2025-04-04 08:08:33,8,4,1914.0,HERO13 Black,19.045180555555557,72.85277222222221,6.906,0.0,11.0,2.0,2.0,,,,,Yes,No,No,No
243705252,85019880,swathi@verifinity.ai,gs://sawasdee-labelstudio/annotation_frames/5_itinerary_2_frame000146.jpg,5_itinerary_2,5_itinerary_2_4ecbd668,146,1460.0,5,2025:04:04 07:44:23,2025-04-04 08:08:43,8,4,1914.0,HERO13 Black,19.045375,72.85306666666666,7.88,0.0,11.0,2.0,1.0,,No sidewalk,,,,No,No,No
243705253,84297750,swathi@verifinity.ai,gs://sawasdee-labelstudio/annotation_frames/5_itinerary_2_frame000147.jpg,5_itinerary_2,5_itinerary_2_4ecbd668,147,1470.0,5,2025:04:04 07:44:23,2025-04-04 08:08:53,8,4,1914.0,HERO13 Black,19.045497222222224,72.85324999999999,7.721,0.0,2.0,1.0,,,,,,Yes,No,No,No
243705255,84383029,swathi@verifinity.ai,gs://sawasdee-labelstudio/annotation_frames/5_itinerary_2_frame000149.jpg,5_itinerary_2,5_itinerary_2_4ecbd668,149,1490.0,5,2025:04:04 07:44:23,2025-04-04 08:09:13,8,4,1914.0,HERO13 Black,19.04561388888889,72.85359444444444,8.194,0.0,11.0,5.0,,,No sidewalk,,,,No,No,No
243705256,84644968,swathi@verifinity.ai,gs://sawasdee-labelstudio/annotation_frames/5_itinerary_2_frame000150.jpg,5_itinerary_2,5_itinerary_2_4ecbd668,150,1500.0,5,2025:04:04 07:44:23,2025-04-04 08:09:23,8,4,1914.0,HERO13 Black,19.045772222222222,72.85391666666666,8.502,0.0,11.0,3.0,,,,,,,No,No,Yes
243705259,85018460,swathi@verifinity.ai,gs://sawasdee-labelstudio/annotation_frames/5_itinerary_2_frame000153.jpg,5_itinerary_2,5_itinerary_2_4ecbd668,153,1530.0,5,2025:04:04 07:44:23,2025-04-04 08:09:53,8,4,1914.0,HERO13 Black,19.046443069444447,72.85440140277778,7.75524,0.099,11.0,,,,No sidewalk,,,,No,No,No
243705261,84528111,swathi@verifinity.ai,gs://sawasdee-labelstudio/annotation_frames/5_itinerary_2_frame000155.jpg,5_itinerary_2,5_itinerary_2_4ecbd668,155,1550.0,5,2025:04:04 07:44:23,2025-04-04 08:10:13,8,4,1914.0,HERO13 Black,19.046980555555557,72.854675,9.545,0.0,11.0,2.0,2.0,,No sidewalk,,,,No,No,No
243705264,84539669,swathi@verifinity.ai,gs://sawasdee-labelstudio/annotation_frames/5_itinerary_2_frame000157.jpg,5_itinerary_2,5_itinerary_2_4ecbd668,157,1570.0,5,2025:04:04 07:44:23,2025-04-04 08:10:33,8,4,1914.0,HERO13 Black,19.047641694444447,72.85499725,8.560595000000001,0.099,11.0,2.0,,,No sidewalk,,,,No,No,No
243705273,84636537,swathi@verifinity.ai,gs://sawasdee-labelstudio/annotation_frames/5_itinerary_2_frame000166.jpg,5_itinerary_2,5_itinerary_2_4ecbd668,166,1660.0,5,2025:04:04 07:44:23,2025-04-04 08:12:03,8,4,1914.0,HERO13 Black,19.048638888888892,72.85630277777777,2.624,0.0,11.0,1.0,,,No sidewalk,,,,No,No,No
243705278,84357975,swathi@verifinity.ai,gs://sawasdee-labelstudio/annotation_frames/5_itinerary_2_frame000171.jpg,5_itinerary_2,5_itinerary_2_4ecbd668,171,1710.0,5,2025:04:04 07:44:23,2025-04-04 08:12:53,8,4,1914.0,HERO13 Black,19.050830555555557,72.85759444444444,3.156,0.0,11.0,1.0,1.0,,No sidewalk,,,,No,No,No
243705284,84397909,swathi@verifinity.ai,gs://sawasdee-labelstudio/annotation_frames/5_itinerary_2_frame000177.jpg,5_itinerary_2,5_itinerary_2_4ecbd668,177,1770.0,5,2025:04:04 07:44:23,2025-04-04 08:13:53,8,4,1914.0,HERO13 Black,,,,,8.0,3.0,3.0,,,,,,No,No,No
243705286,84396476,swathi@verifinity.ai,gs://sawasdee-labelstudio/annotation_frames/5_itinerary_2_frame000179.jpg,5_itinerary_2,5_itinerary_2_4ecbd668,179,1790.0,5,2025:04:04 07:44:23,2025-04-04 08:14:13,8,4,1914.0,HERO13 Black,,,,,3.0,,,,No sidewalk,,,,No,No,No
243705295,84385843,swathi@verifinity.ai,gs://sawasdee-labelstudio/annotation_frames/5_itinerary_2_frame000188.jpg,5_itinerary_2,5_itinerary_2_4ecbd668,188,1880.0,5,2025:04:04 07:44:23,2025-04-04 08:15:43,8,4,1914.0,HERO13 Black,,,,,6.0,2.0,1.0,,No sidewalk,Yes,,,No,No,No
243705296,84524352,swathi@verifinity.ai,gs://sawasdee-labelstudio/annotation_frames/5_itinerary_2_frame000189.jpg,5_itinerary_2,5_itinerary_2_4ecbd668,189,1890.0,5,2025:04:04 07:44:23,2025-04-04 08:15:53,8,4,1914.0,HERO13 Black,,,,,,1.0,4.0,,,Yes,,,No,No,No
243705305,84501295,swathi@verifinity.ai,gs://sawasdee-labelstudio/annotation_frames/5_itinerary_3_1_frame000007.jpg,5_itinerary_3_1,5_itinerary_3_1_af7e7be7,7,70.0,5,2025:04:04 08:30:52,2025-04-04 08:32:02,8,4,2114.0,HERO13 Black,19.047452722222225,72.86315830555556,10.587385000000001,0.099,7.0,2.0,2.0,,No sidewalk,,,,No,No,No
243705312,84290965,swathi@verifinity.ai,gs://sawasdee-labelstudio/annotation_frames/5_itinerary_3_1_frame000014.jpg,5_itinerary_3_1,5_itinerary_3_1_af7e7be7,14,140.0,5,2025:04:04 08:30:52,2025-04-04 08:33:12,8,4,2114.0,HERO13 Black,19.046997222222224,72.86180555555555,7.921,0.0,1.0,1.0,2.0,1.0,,,,,No,No,No
243705314,84524928,swathi@verifinity.ai,gs://sawasdee-labelstudio/annotation_frames/5_itinerary_3_1_frame000016.jpg,5_itinerary_3_1,5_itinerary_3_1_af7e7be7,16,160.0,5,2025:04:04 08:30:52,2025-04-04 08:33:32,8,4,2114.0,HERO13 Black,19.04686388888889,72.86196944444444,8.398,0.0,7.0,,4.0,,No sidewalk,Yes,,,No,No,No
243705323,84544364,swathi@verifinity.ai,gs://sawasdee-labelstudio/annotation_frames/5_itinerary_3_1_frame000024.jpg,5_itinerary_3_1,5_itinerary_3_1_af7e7be7,24,240.0,5,2025:04:04 08:30:52,2025-04-04 08:34:52,8,4,2114.0,HERO13 Black,19.04570277777778,72.86157499999999,8.091,0.0,,,1.0,,,Yes,,Construction debris,No,No,No
243705332,84264661,swathi@verifinity.ai,gs://sawasdee-labelstudio/annotation_frames/5_itinerary_3_1_frame000033.jpg,5_itinerary_3_1,5_itinerary_3_1_af7e7be7,33,330.0,5,2025:04:04 08:30:52,2025-04-04 08:36:22,8,4,2114.0,HERO13 Black,19.045372222222223,72.86131666666667,2.298,0.0,8.0,,,,No sidewalk,,,Yes,No,No,No
243705334,84615662,swathi@verifinity.ai,gs://sawasdee-labelstudio/annotation_frames/5_itinerary_3_1_frame000035.jpg,5_itinerary_3_1,5_itinerary_3_1_af7e7be7,35,350.0,5,2025:04:04 08:30:52,2025-04-04 08:36:42,8,4,2114.0,HERO13 Black,19.044825000000003,72.86119166666666,-0.457,0.0,2.0,,,,No sidewalk,,,,No,No,No
243705337,84611631,swathi@verifinity.ai,gs://sawasdee-labelstudio/annotation_frames/5_itinerary_3_1_frame000038.jpg,5_itinerary_3_1,5_itinerary_3_1_af7e7be7,38,380.0,5,2025:04:04 08:30:52,2025-04-04 08:37:12,8,4,2114.0,HERO13 Black,19.044247222222225,72.86086388888889,-0.84,0.0,11.0,1.0,,,No sidewalk,,,,No,No,No
243705345,84279786,swathi@verifinity.ai,gs://sawasdee-labelstudio/annotation_frames/5_itinerary_3_1_frame000046.jpg,5_itinerary_3_1,5_itinerary_3_1_af7e7be7,46,460.0,5,2025:04:04 08:30:52,2025-04-04 08:38:32,8,4,2114.0,HERO13 Black,19.04266666666667,72.85987499999999,2.123,0.0,2.0,1.0,,,No sidewalk,,,,No,No,No
243705352,84520246,swathi@verifinity.ai,gs://sawasdee-labelstudio/annotation_frames/5_itinerary_3_1_frame000053.jpg,5_itinerary_3_1,5_itinerary_3_1_af7e7be7,53,530.0,5,2025:04:04 08:30:52,2025-04-04 08:39:42,8,4,2114.0,HERO13 Black,19.042538888888892,72.859,0.684,0.0,11.0,1.0,,,No sidewalk,,,Yes,No,No,Yes
243705353,84643320,swathi@verifinity.ai,gs://sawasdee-labelstudio/annotation_frames/5_itinerary_3_1_frame000054.jpg,5_itinerary_3_1,5_itinerary_3_1_af7e7be7,54,540.0,5,2025:04:04 08:30:52,2025-04-04 08:39:52,8,4,2114.0,HERO13 Black,19.042597222222224,72.85891111111111,0.771,0.0,7.0,1.0,,,No sidewalk,,,,No,No,No
243705357,84647666,swathi@verifinity.ai,gs://sawasdee-labelstudio/annotation_frames/5_itinerary_3_1_frame000058.jpg,5_itinerary_3_1,5_itinerary_3_1_af7e7be7,58,580.0,5,2025:04:04 08:30:52,2025-04-04 08:40:32,8,4,2114.0,HERO13 Black,19.04287777777778,72.858475,-2.97,0.0,11.0,2.0,1.0,,No sidewalk,,,,No,No,No
243705372,84647509,swathi@verifinity.ai,gs://sawasdee-labelstudio/annotation_frames/5_itinerary_3_1_frame000072.jpg,5_itinerary_3_1,5_itinerary_3_1_af7e7be7,72,720.0,5,2025:04:04 08:30:52,2025-04-04 08:42:52,8,4,2114.0,HERO13 Black,19.042711111111114,72.85759999999999,-0.263,0.0,5.0,4.0,,,No sidewalk,,,,No,No,No
243705373,84363922,swathi@verifinity.ai,gs://sawasdee-labelstudio/annotation_frames/5_itinerary_3_1_frame000073.jpg,5_itinerary_3_1,5_itinerary_3_1_af7e7be7,73,730.0,5,2025:04:04 08:30:52,2025-04-04 08:43:02,8,4,2114.0,HERO13 Black,19.04287777777778,72.85735,0.802,0.0,8.0,1.0,,,No sidewalk,,,Yes,No,No,No
243705382,84367469,swathi@verifinity.ai,gs://sawasdee-labelstudio/annotation_frames/5_itinerary_3_1_frame000082.jpg,5_itinerary_3_1,5_itinerary_3_1_af7e7be7,82,820.0,5,2025:04:04 08:30:52,2025-04-04 08:44:32,8,4,2114.0,HERO13 Black,19.041061111111112,72.85553055555555,10.345,0.0,7.0,,,,,,,Yes,No,No,No
243705392,84296994,swathi@verifinity.ai,gs://sawasdee-labelstudio/annotation_frames/5_itinerary_3_1_frame000091.jpg,5_itinerary_3_1,5_itinerary_3_1_af7e7be7,91,910.0,5,2025:04:04 08:30:52,2025-04-04 08:46:02,8,4,2114.0,HERO13 Black,19.038144444444445,72.85386944444444,9.835,0.0,1.0,,,,,,,,No,No,No
243705394,84643150,swathi@verifinity.ai,gs://sawasdee-labelstudio/annotation_frames/5_itinerary_3_1_frame000093.jpg,5_itinerary_3_1,5_itinerary_3_1_af7e7be7,93,930.0,5,2025:04:04 08:30:52,2025-04-04 08:46:22,8,4,2114.0,HERO13 Black,19.037994444444447,72.85390277777778,8.887,0.0,2.0,,2.0,,,,,,No,No,No
243705399,84494848,swathi@verifinity.ai,gs://sawasdee-labelstudio/annotation_frames/5_itinerary_3_1_frame000098.jpg,5_itinerary_3_1,5_itinerary_3_1_af7e7be7,98,980.0,5,2025:04:04 08:30:52,2025-04-04 08:47:12,8,4,2114.0,HERO13 Black,19.03663611111111,72.8566111111111,13.484,0.0,6.0,,,,,,,,No,No,No
243705403,84527185,swathi@verifinity.ai,gs://sawasdee-labelstudio/annotation_frames/5_itinerary_3_1_frame000101.jpg,5_itinerary_3_1,5_itinerary_3_1_af7e7be7,101,1010.0,5,2025:04:04 08:30:52,2025-04-04 08:47:42,8,4,2114.0,HERO13 Black,19.03579722222222,72.85840416666667,7.8125,0.1,11.0,1.0,2.0,,,,,,No,No,Yes
243705410,84533827,swathi@verifinity.ai,gs://sawasdee-labelstudio/annotation_frames/5_itinerary_3_1_frame000108.jpg,5_itinerary_3_1,5_itinerary_3_1_af7e7be7,108,1080.0,5,2025:04:04 08:30:52,2025-04-04 08:48:52,8,4,2114.0,HERO13 Black,19.035294444444446,72.85971388888888,14.6935,0.1,5.0,,7.0,1.0,No sidewalk,,,,No,No,No
243705412,84996537,swathi@verifinity.ai,gs://sawasdee-labelstudio/annotation_frames/5_itinerary_3_1_frame000110.jpg,5_itinerary_3_1,5_itinerary_3_1_af7e7be7,110,1100.0,5,2025:04:04 08:30:52,2025-04-04 08:49:12,8,4,2114.0,HERO13 Black,19.035330555555557,72.85981388888888,11.51,0.0,3.0,,11.0,3.0,,,,,No,No,No
243705413,84643941,swathi@verifinity.ai,gs://sawasdee-labelstudio/annotation_frames/5_itinerary_3_1_frame000111.jpg,5_itinerary_3_1,5_itinerary_3_1_af7e7be7,111,1110.0,5,2025:04:04 08:30:52,2025-04-04 08:49:22,8,4,2114.0,HERO13 Black,19.035755555555557,72.86001666666667,7.789,0.0,3.0,,4.0,,Paved,,,,No,No,No
243705421,83686184,varun.rama@usc.edu,gs://sawasdee-labelstudio/annotation_frames/5_itinerary_3_1_frame000119.jpg,5_itinerary_3_1,5_itinerary_3_1_af7e7be7,119,1190.0,5,2025:04:04 08:30:52,2025-04-04 08:50:42,8,4,2114.0,HERO13 Black,19.038186111111113,72.85805277777777,4.678,0.0,7.0,1.0,1.0,,Paved,Yes,No,Yes,Yes,No,No
243705424,84606654,swathi@verifinity.ai,gs://sawasdee-labelstudio/annotation_frames/5_itinerary_3_1_frame000122.jpg,5_itinerary_3_1,5_itinerary_3_1_af7e7be7,122,1220.0,5,2025:04:04 08:30:52,2025-04-04 08:51:12,8,4,2114.0,HERO13 Black,19.039447222222226,72.85890277777777,7.098,0.0,,,,,,Yes,,,No,No,No
243705428,84395051,swathi@verifinity.ai,gs://sawasdee-labelstudio/annotation_frames/5_itinerary_3_1_frame000126.jpg,5_itinerary_3_1,5_itinerary_3_1_af7e7be7,126,1260.0,5,2025:04:04 08:30:52,2025-04-04 08:51:52,8,4,2114.0,HERO13 Black,19.040308333333336,72.86010833333333,7.488,0.0,,,,,,Yes,,,No,No,No
243705433,84391836,swathi@verifinity.ai,gs://sawasdee-labelstudio/annotation_frames/5_itinerary_3_1_frame000131.jpg,5_itinerary_3_1,5_itinerary_3_1_af7e7be7,131,1310.0,5,2025:04:04 08:30:52,2025-04-04 08:52:42,8,4,2114.0,HERO13 Black,19.042269444444447,72.86154722222221,5.061,0.0,5.0,1.0,1.0,,,Yes,,,No,No,No
243705442,84537627,swathi@verifinity.ai,gs://sawasdee-labelstudio/annotation_frames/5_itinerary_3_1_frame000139.jpg,5_itinerary_3_1,5_itinerary_3_1_af7e7be7,139,1390.0,5,2025:04:04 08:30:52,2025-04-04 08:54:02,8,4,2114.0,HERO13 Black,19.043122222222223,72.863025,6.591,0.0,3.0,1.0,,,Paved,Yes,,,No,No,No
243705447,84294617,swathi@verifinity.ai,gs://sawasdee-labelstudio/annotation_frames/5_itinerary_3_1_frame000144.jpg,5_itinerary_3_1,5_itinerary_3_1_af7e7be7,144,1440.0,5,2025:04:04 08:30:52,2025-04-04 08:54:52,8,4,2114.0,HERO13 Black,19.043925,72.8642611111111,7.045,0.0,2.0,1.0,,,Paved,Yes,,,No,No,No
243705460,84513197,swathi@verifinity.ai,gs://sawasdee-labelstudio/annotation_frames/5_itinerary_3_1_frame000157.jpg,5_itinerary_3_1,5_itinerary_3_1_af7e7be7,157,1570.0,5,2025:04:04 08:30:52,2025-04-04 08:57:02,8,4,2114.0,HERO13 Black,19.043597222222225,72.86299444444444,5.275,0.0,11.0,2.0,,1.0,Paved,Yes,,,No,No,Yes
243705469,85013949,swathi@verifinity.ai,gs://sawasdee-labelstudio/annotation_frames/5_itinerary_3_1_frame000166.jpg,5_itinerary_3_1,5_itinerary_3_1_af7e7be7,166,1660.0,5,2025:04:04 08:30:52,2025-04-04 08:58:32,8,4,2114.0,HERO13 Black,19.04418888888889,72.86365833333333,9.75,0.0,8.0,3.0,,,Paved,Yes,,,No,No,No
243705474,84376760,swathi@verifinity.ai,gs://sawasdee-labelstudio/annotation_frames/5_itinerary_3_1_frame000171.jpg,5_itinerary_3_1,5_itinerary_3_1_af7e7be7,171,1710.0,5,2025:04:04 08:30:52,2025-04-04 08:59:22,8,4,2114.0,HERO13 Black,19.042825,72.86343333333333,6.899,0.0,1.0,,,,Paved,,,,No,No,No
243705477,84644917,swathi@verifinity.ai,gs://sawasdee-labelstudio/annotation_frames/5_itinerary_3_1_frame000174.jpg,5_itinerary_3_1,5_itinerary_3_1_af7e7be7,174,1740.0,5,2025:04:04 08:30:52,2025-04-04 08:59:52,8,4,2114.0,HERO13 Black,19.04415277777778,72.86433055555555,8.143,0.0,,,,,Paved,Yes,,,No,No,No
243705483,83686071,varun.rama@usc.edu,gs://sawasdee-labelstudio/annotation_frames/5_itinerary_3_1_frame000180.jpg,5_itinerary_3_1,5_itinerary_3_1_af7e7be7,180,1800.0,5,2025:04:04 08:30:52,2025-04-04 09:00:52,9,4,2114.0,HERO13 Black,19.046994444444447,72.86541944444444,3.192,0.0,3.0,1.0,1.0,0.0,Paved,Yes,No,Yes,Yes,No,No
243705486,84297827,swathi@verifinity.ai,gs://sawasdee-labelstudio/annotation_frames/5_itinerary_3_1_frame000183.jpg,5_itinerary_3_1,5_itinerary_3_1_af7e7be7,183,1830.0,5,2025:04:04 08:30:52,2025-04-04 09:01:22,9,4,2114.0,HERO13 Black,19.048686111111113,72.86561111111111,3.179,0.0,,,,,Paved,,,,No,No,No
243705488,84298169,swathi@verifinity.ai,gs://sawasdee-labelstudio/annotation_frames/5_itinerary_3_1_frame000185.jpg,5_itinerary_3_1,5_itinerary_3_1_af7e7be7,185,1850.0,5,2025:04:04 08:30:52,2025-04-04 09:01:42,9,4,2114.0,HERO13 Black,19.049383333333335,72.86590833333332,7.824,0.0,4.0,1.0,,,Paved,,,Yes,No,No,No
243705489,84526368,swathi@verifinity.ai,gs://sawasdee-labelstudio/annotation_frames/5_itinerary_3_1_frame000186.jpg,5_itinerary_3_1,5_itinerary_3_1_af7e7be7,186,1860.0,5,2025:04:04 08:30:52,2025-04-04 09:01:52,9,4,2114.0,HERO13 Black,19.04950277777778,72.86560555555555,7.583,0.0,11.0,,2.0,,Paved,Yes,,,No,No,No
243705490,84294114,swathi@verifinity.ai,gs://sawasdee-labelstudio/annotation_frames/5_itinerary_3_1_frame000187.jpg,5_itinerary_3_1,5_itinerary_3_1_af7e7be7,187,1870.0,5,2025:04:04 08:30:52,2025-04-04 09:02:02,9,4,2114.0,HERO13 Black,19.049305555555556,72.86540555555555,6.32,0.0,3.0,,,,Paved - Blocked,,Yes,,No,No,No
243705515,84526013,swathi@verifinity.ai,gs://sawasdee-labelstudio/annotation_frames/5_itinerary_3_2_frame000000.jpg,5_itinerary_3_2,5_itinerary_3_2_0d4b3b55,0,0.0,5,2025:04:04 08:30:52,2025-04-04 08:30:52,8,4,63.0,HERO13 Black,,,,,,,,,,,,Construction debris,No,No,No
243705523,84607562,swathi@verifinity.ai,gs://sawasdee-labelstudio/annotation_frames/5_itinerary_5_frame000002.jpg,5_itinerary_5,5_itinerary_5_288ab4bc,2,20.0,5,2025:04:04 10:05:44,2025-04-04 10:06:04,10,4,881.0,HERO13 Black,19.045694444444447,72.84743055555555,6.946,0.0,11.0,1.0,1.0,,No sidewalk,,,Yes,No,No,Yes
243705527,84631914,swathi@verifinity.ai,gs://sawasdee-labelstudio/annotation_frames/5_itinerary_5_frame000006.jpg,5_itinerary_5,5_itinerary_5_288ab4bc,6,60.0,5,2025:04:04 10:05:44,2025-04-04 10:06:44,10,4,881.0,HERO13 Black,19.044897222222225,72.84481111111111,11.709,0.0,11.0,2.0,,,No sidewalk,,,,No,No,No
243705528,85021363,swathi@verifinity.ai,gs://sawasdee-labelstudio/annotation_frames/5_itinerary_5_frame000007.jpg,5_itinerary_5,5_itinerary_5_288ab4bc,7,70.0,5,2025:04:04 10:05:44,2025-04-04 10:06:54,10,4,881.0,HERO13 Black,19.044733333333333,72.84425555555555,10.584,0.0,11.0,2.0,1.0,,No sidewalk,,,Yes,No,No,Yes
243705530,84284991,swathi@verifinity.ai,gs://sawasdee-labelstudio/annotation_frames/5_itinerary_5_frame000009.jpg,5_itinerary_5,5_itinerary_5_288ab4bc,9,90.0,5,2025:04:04 10:05:44,2025-04-04 10:07:14,10,4,881.0,HERO13 Black,19.044619444444447,72.84380277777777,9.4,0.0,11.0,,,,,,,,No,No,No
243705537,84385659,swathi@verifinity.ai,gs://sawasdee-labelstudio/annotation_frames/5_itinerary_5_frame000016.jpg,5_itinerary_5,5_itinerary_5_288ab4bc,16,160.0,5,2025:04:04 10:05:44,2025-04-04 10:08:24,10,4,881.0,HERO13 Black,19.045683333333336,72.84242222222221,2.738,0.0,2.0,,,,,Yes,,,No,No,No
243705538,84372029,swathi@verifinity.ai,gs://sawasdee-labelstudio/annotation_frames/5_itinerary_5_frame000017.jpg,5_itinerary_5,5_itinerary_5_288ab4bc,17,170.0,5,2025:04:04 10:05:44,2025-04-04 10:08:34,10,4,881.0,HERO13 Black,19.045922222222224,72.84273888888889,2.975,0.0,,,1.0,,,,,,No,No,No
243705539,84369805,swathi@verifinity.ai,gs://sawasdee-labelstudio/annotation_frames/5_itinerary_5_frame000018.jpg,5_itinerary_5,5_itinerary_5_288ab4bc,18,180.0,5,2025:04:04 10:05:44,2025-04-04 10:08:44,10,4,881.0,HERO13 Black,19.046094444444446,72.84339166666666,3.763,0.0,,,1.0,,Paved - Blocked,,,,No,No,No
243705543,84298802,swathi@verifinity.ai,gs://sawasdee-labelstudio/annotation_frames/5_itinerary_5_frame000022.jpg,5_itinerary_5,5_itinerary_5_288ab4bc,22,220.0,5,2025:04:04 10:05:44,2025-04-04 10:09:24,10,4,881.0,HERO13 Black,19.044244444444445,72.84484166666667,4.872,0.0,,1.0,2.0,,,,,,No,No,No
243705550,84646574,swathi@verifinity.ai,gs://sawasdee-labelstudio/annotation_frames/5_itinerary_5_frame000028.jpg,5_itinerary_5,5_itinerary_5_288ab4bc,28,280.0,5,2025:04:04 10:05:44,2025-04-04 10:10:24,10,4,881.0,HERO13 Black,19.041747222222224,72.84598333333332,4.737,0.0,,,3.0,3.0,Paved,Yes,,,No,No,No
243705555,84386084,swathi@verifinity.ai,gs://sawasdee-labelstudio/annotation_frames/5_itinerary_5_frame000033.jpg,5_itinerary_5,5_itinerary_5_288ab4bc,33,330.0,5,2025:04:04 10:05:44,2025-04-04 10:11:14,10,4,881.0,HERO13 Black,19.038605555555556,72.84720833333333,4.901,0.0,,1.0,,,,Yes,,,No,No,No
243705556,84635526,swathi@verifinity.ai,gs://sawasdee-labelstudio/annotation_frames/5_itinerary_5_frame000034.jpg,5_itinerary_5,5_itinerary_5_288ab4bc,34,340.0,5,2025:04:04 10:05:44,2025-04-04 10:11:24,10,4,881.0,HERO13 Black,19.037975000000003,72.84737222222222,4.894,0.0,2.0,2.0,,,Paved,,,,No,No,No
243705559,84533221,swathi@verifinity.ai,gs://sawasdee-labelstudio/annotation_frames/5_itinerary_5_frame000037.jpg,5_itinerary_5,5_itinerary_5_288ab4bc,37,370.0,5,2025:04:04 10:05:44,2025-04-04 10:11:54,10,4,881.0,HERO13 Black,19.03600555555556,72.84770833333333,4.923,0.0,,,2.0,,,Yes,,,No,No,No
243705565,84299307,swathi@verifinity.ai,gs://sawasdee-labelstudio/annotation_frames/5_itinerary_5_frame000043.jpg,5_itinerary_5,5_itinerary_5_288ab4bc,43,430.0,5,2025:04:04 10:05:44,2025-04-04 10:12:54,10,4,881.0,HERO13 Black,19.035711111111112,72.84676944444443,9.583,0.0,11.0,1.0,4.0,,Paved,Yes,,,Yes,No,No
243705566,84992673,swathi@verifinity.ai,gs://sawasdee-labelstudio/annotation_frames/5_itinerary_5_frame000044.jpg,5_itinerary_5,5_itinerary_5_288ab4bc,44,440.0,5,2025:04:04 10:05:44,2025-04-04 10:13:04,10,4,881.0,HERO13 Black,19.036158333333336,72.84669722222222,8.827,0.0,7.0,4.0,4.0,,Paved,Yes,,Yes,No,No,No
243705567,84608680,swathi@verifinity.ai,gs://sawasdee-labelstudio/annotation_frames/5_itinerary_5_frame000045.jpg,5_itinerary_5,5_itinerary_5_288ab4bc,45,450.0,5,2025:04:04 10:05:44,2025-04-04 10:13:14,10,4,881.0,HERO13 Black,19.036616666666667,72.84666388888888,8.817,0.0,5.0,,7.0,,Paved,Yes,,,No,No,No
243705574,84523214,swathi@verifinity.ai,gs://sawasdee-labelstudio/annotation_frames/5_itinerary_5_frame000052.jpg,5_itinerary_5,5_itinerary_5_288ab4bc,52,520.0,5,2025:04:04 10:05:44,2025-04-04 10:14:24,10,4,881.0,HERO13 Black,19.038566666666668,72.84567222222222,16.003,0.0,3.0,,5.0,1.0,Paved - Blocked,Yes,,Yes,No,No,No
243705576,84538630,swathi@verifinity.ai,gs://sawasdee-labelstudio/annotation_frames/5_itinerary_5_frame000054.jpg,5_itinerary_5,5_itinerary_5_288ab4bc,54,540.0,5,2025:04:04 10:05:44,2025-04-04 10:14:44,10,4,881.0,HERO13 Black,19.03831388888889,72.84524166666667,11.798,0.0,2.0,,2.0,,Paved,Yes,,,No,No,No
243705577,84292616,swathi@verifinity.ai,gs://sawasdee-labelstudio/annotation_frames/5_itinerary_5_frame000055.jpg,5_itinerary_5,5_itinerary_5_288ab4bc,55,550.0,5,2025:04:04 10:05:44,2025-04-04 10:14:54,10,4,881.0,HERO13 Black,19.038080555555556,72.84514444444444,13.407,0.0,1.0,,5.0,,,Yes,,,No,No,No
243705582,84296832,swathi@verifinity.ai,gs://sawasdee-labelstudio/annotation_frames/5_itinerary_5_frame000060.jpg,5_itinerary_5,5_itinerary_5_288ab4bc,60,600.0,5,2025:04:04 10:05:44,2025-04-04 10:15:44,10,4,881.0,HERO13 Black,19.037061111111115,72.84379444444444,-1.083,0.0,,,1.0,,Paved,Yes,,,No,No,No
243705598,84645591,swathi@verifinity.ai,gs://sawasdee-labelstudio/annotation_frames/5_itinerary_5_frame000075.jpg,5_itinerary_5,5_itinerary_5_288ab4bc,75,750.0,5,2025:04:04 10:05:44,2025-04-04 10:18:14,10,4,881.0,HERO13 Black,,,,,1.0,,2.0,,,Yes,,,No,No,No
243705604,84544821,swathi@verifinity.ai,gs://sawasdee-labelstudio/annotation_frames/5_itinerary_5_frame000080.jpg,5_itinerary_5,5_itinerary_5_288ab4bc,80,800.0,5,2025:04:04 10:05:44,2025-04-04 10:19:04,10,4,881.0,HERO13 Black,,,,,,,2.0,,,Yes,,,No,No,No
243705620,84283443,swathi@verifinity.ai,gs://sawasdee-labelstudio/annotation_frames/5_itinerary_6_frame000008.jpg,5_itinerary_6,5_itinerary_6_a2aa0242,8,80.0,5,2025:04:04 11:11:06,2025-04-04 11:12:26,11,4,818.0,HERO13 Black,19.02803611111111,72.85206111111111,9.928,0.0,,,4.0,,Paved,Yes,,,No,No,No
243705621,84541603,swathi@verifinity.ai,gs://sawasdee-labelstudio/annotation_frames/5_itinerary_6_frame000009.jpg,5_itinerary_6,5_itinerary_6_a2aa0242,9,90.0,5,2025:04:04 11:11:06,2025-04-04 11:12:36,11,4,818.0,HERO13 Black,19.028116666666666,72.85183333333333,12.251,0.0,1.0,,3.0,1.0,Paved,Yes,,,No,No,No
243705622,83686048,varun.rama@usc.edu,gs://sawasdee-labelstudio/annotation_frames/5_itinerary_6_frame000010.jpg,5_itinerary_6,5_itinerary_6_a2aa0242,10,100.0,5,2025:04:04 11:11:06,2025-04-04 11:12:46,11,4,818.0,HERO13 Black,19.028194444444445,72.85159999999999,14.724,0.0,1.0,0.0,0.0,0.0,Paved - Blocked,No,No,No,No,No,No
243705624,84365582,swathi@verifinity.ai,gs://sawasdee-labelstudio/annotation_frames/5_itinerary_6_frame000012.jpg,5_itinerary_6,5_itinerary_6_a2aa0242,12,120.0,5,2025:04:04 11:11:06,2025-04-04 11:13:06,11,4,818.0,HERO13 Black,19.028363888888887,72.85160555555555,15.975,0.0,3.0,,1.0,,Paved - Blocked,,,,No,No,No
243705625,84524757,swathi@verifinity.ai,gs://sawasdee-labelstudio/annotation_frames/5_itinerary_6_frame000013.jpg,5_itinerary_6,5_itinerary_6_a2aa0242,13,130.0,5,2025:04:04 11:11:06,2025-04-04 11:13:16,11,4,818.0,HERO13 Black,19.028427777777775,72.85164166666667,16.439,0.0,2.0,1.0,,,Paved - Blocked,Yes,,,No,No,No
243705629,84382276,swathi@verifinity.ai,gs://sawasdee-labelstudio/annotation_frames/5_itinerary_6_frame000017.jpg,5_itinerary_6,5_itinerary_6_a2aa0242,17,170.0,5,2025:04:04 11:11:06,2025-04-04 11:13:56,11,4,818.0,HERO13 Black,19.028080555555555,72.85154722222222,14.918,0.0,,,2.0,,,Yes,,,No,No,No
243705637,84391787,swathi@verifinity.ai,gs://sawasdee-labelstudio/annotation_frames/5_itinerary_6_frame000025.jpg,5_itinerary_6,5_itinerary_6_a2aa0242,25,250.0,5,2025:04:04 11:11:06,2025-04-04 11:15:16,11,4,818.0,HERO13 Black,19.02589722222222,72.85021111111111,15.408,0.0,5.0,,2.0,,,Yes,,,No,No,No
243705642,85018543,swathi@verifinity.ai,gs://sawasdee-labelstudio/annotation_frames/5_itinerary_6_frame000030.jpg,5_itinerary_6,5_itinerary_6_a2aa0242,30,300.0,5,2025:04:04 11:11:06,2025-04-04 11:16:06,11,4,818.0,HERO13 Black,19.024419444444444,72.84980555555555,14.433,0.0,11.0,5.0,,,Paved,,,,No,No,No
243705645,85014068,swathi@verifinity.ai,gs://sawasdee-labelstudio/annotation_frames/5_itinerary_6_frame000033.jpg,5_itinerary_6,5_itinerary_6_a2aa0242,33,330.0,5,2025:04:04 11:11:06,2025-04-04 11:16:36,11,4,818.0,HERO13 Black,19.023097222222223,72.8500111111111,16.33,0.0,9.0,2.0,,,No sidewalk,,,No,No,No,No
243705646,84544439,swathi@verifinity.ai,gs://sawasdee-labelstudio/annotation_frames/5_itinerary_6_frame000034.jpg,5_itinerary_6,5_itinerary_6_a2aa0242,34,340.0,5,2025:04:04 11:11:06,2025-04-04 11:16:46,11,4,818.0,HERO13 Black,19.023202777777776,72.850325,14.531,0.0,5.0,,2.0,,,Yes,,,No,No,No
243705649,84539732,swathi@verifinity.ai,gs://sawasdee-labelstudio/annotation_frames/5_itinerary_6_frame000037.jpg,5_itinerary_6,5_itinerary_6_a2aa0242,37,370.0,5,2025:04:04 11:11:06,2025-04-04 11:17:16,11,4,818.0,HERO13 Black,19.02408611111111,72.85118055555554,-4.692,0.0,9.0,5.0,2.0,,,Yes,,,No,No,Yes
243705652,84526831,swathi@verifinity.ai,gs://sawasdee-labelstudio/annotation_frames/5_itinerary_6_frame000040.jpg,5_itinerary_6,5_itinerary_6_a2aa0242,40,400.0,5,2025:04:04 11:11:06,2025-04-04 11:17:46,11,4,818.0,HERO13 Black,19.025091666666665,72.85211388888888,1.374,0.0,2.0,2.0,1.0,,,Yes,,,No,No,No
243705654,84645838,swathi@verifinity.ai,gs://sawasdee-labelstudio/annotation_frames/5_itinerary_6_frame000042.jpg,5_itinerary_6,5_itinerary_6_a2aa0242,42,420.0,5,2025:04:04 11:11:06,2025-04-04 11:18:06,11,4,818.0,HERO13 Black,19.025805555555554,72.85280833333333,8.211,0.0,2.0,,1.0,,Paved,Yes,,,No,No,No
243705659,84284620,swathi@verifinity.ai,gs://sawasdee-labelstudio/annotation_frames/5_itinerary_6_frame000046.jpg,5_itinerary_6,5_itinerary_6_a2aa0242,46,460.0,5,2025:04:04 11:11:06,2025-04-04 11:18:46,11,4,818.0,HERO13 Black,19.026077777777775,72.85433055555555,20.25,0.0,5.0,1.0,1.0,,Paved,,,,No,No,No
243705664,84386263,swathi@verifinity.ai,gs://sawasdee-labelstudio/annotation_frames/5_itinerary_6_frame000051.jpg,5_itinerary_6,5_itinerary_6_a2aa0242,51,510.0,5,2025:04:04 11:11:06,2025-04-04 11:19:36,11,4,818.0,HERO13 Black,19.027316666666664,72.85500555555555,25.422,0.0,,,2.0,,Paved,,,,No,No,No
243705666,84289060,swathi@verifinity.ai,gs://sawasdee-labelstudio/annotation_frames/5_itinerary_6_frame000053.jpg,5_itinerary_6,5_itinerary_6_a2aa0242,53,530.0,5,2025:04:04 11:11:06,2025-04-04 11:19:56,11,4,818.0,HERO13 Black,19.027327777777778,72.85563333333333,21.67,0.0,,1.0,2.0,,Paved,,,,No,No,No
243705667,84509906,swathi@verifinity.ai,gs://sawasdee-labelstudio/annotation_frames/5_itinerary_6_frame000054.jpg,5_itinerary_6,5_itinerary_6_a2aa0242,54,540.0,5,2025:04:04 11:11:06,2025-04-04 11:20:06,11,4,818.0,HERO13 Black,19.027327777777778,72.85562777777777,20.783,0.0,1.0,,3.0,,Paved,,,Yes,No,No,No
243705671,84395753,swathi@verifinity.ai,gs://sawasdee-labelstudio/annotation_frames/5_itinerary_6_frame000058.jpg,5_itinerary_6,5_itinerary_6_a2aa0242,58,580.0,5,2025:04:04 11:11:06,2025-04-04 11:20:46,11,4,818.0,HERO13 Black,19.02631388888889,72.85508055555555,20.47,0.0,8.0,,,,Paved,Yes,,,No,No,No
243705689,84611432,swathi@verifinity.ai,gs://sawasdee-labelstudio/annotation_frames/5_itinerary_6_frame000076.jpg,5_itinerary_6,5_itinerary_6_a2aa0242,76,760.0,5,2025:04:04 11:11:06,2025-04-04 11:23:46,11,4,818.0,HERO13 Black,,,,,11.0,3.0,2.0,,Paved - Blocked,Yes,,,No,No,No
243705690,84643120,swathi@verifinity.ai,gs://sawasdee-labelstudio/annotation_frames/5_itinerary_6_frame000077.jpg,5_itinerary_6,5_itinerary_6_a2aa0242,77,770.0,5,2025:04:04 11:11:06,2025-04-04 11:23:56,11,4,818.0,HERO13 Black,,,,,1.0,1.0,,,,Yes,,,No,No,No
243705695,84298087,swathi@verifinity.ai,gs://sawasdee-labelstudio/annotation_frames/6_grant.rd_byculla_frame000000.jpg,6_grant.rd_byculla,6_grant.rd_byculla_7618109a,0,0.0,6,2025:04:06 09:23:20,2025-04-06 09:23:20,9,6,1277.0,HERO13 Black,18.96384722222222,72.81838888888889,11.716,0.0,11.0,2.0,,,Paved,,,,No,No,No
243705705,84641560,swathi@verifinity.ai,gs://sawasdee-labelstudio/annotation_frames/6_grant.rd_byculla_frame000010.jpg,6_grant.rd_byculla,6_grant.rd_byculla_7618109a,10,100.0,6,2025:04:06 09:23:20,2025-04-06 09:25:00,9,6,1277.0,HERO13 Black,18.96560277777778,72.81893333333333,13.24076,0.099,3.0,,1.0,1.0,Paved,Yes,,,No,No,No
243705714,84647791,swathi@verifinity.ai,gs://sawasdee-labelstudio/annotation_frames/6_grant.rd_byculla_frame000019.jpg,6_grant.rd_byculla,6_grant.rd_byculla_7618109a,19,190.0,6,2025:04:06 09:23:20,2025-04-06 09:26:30,9,6,1277.0,HERO13 Black,18.965574999999998,72.81889166666666,1.095,0.0,5.0,,3.0,,,Yes,,,No,No,No
243705715,85014932,swathi@verifinity.ai,gs://sawasdee-labelstudio/annotation_frames/6_grant.rd_byculla_frame000020.jpg,6_grant.rd_byculla,6_grant.rd_byculla_7618109a,20,200.0,6,2025:04:06 09:23:20,2025-04-06 09:26:40,9,6,1277.0,HERO13 Black,18.965566666666668,72.81888055555555,0.788,0.0,,,1.0,,No sidewalk,,,,No,No,No
243705720,84640892,swathi@verifinity.ai,gs://sawasdee-labelstudio/annotation_frames/6_grant.rd_byculla_frame000025.jpg,6_grant.rd_byculla,6_grant.rd_byculla_7618109a,25,250.0,6,2025:04:06 09:23:20,2025-04-06 09:27:30,9,6,1277.0,HERO13 Black,18.966152777777776,72.81925833333332,3.762,0.0,2.0,,1.0,,Paved,Yes,,,No,No,No
243705724,84606634,swathi@verifinity.ai,gs://sawasdee-labelstudio/annotation_frames/6_grant.rd_byculla_frame000029.jpg,6_grant.rd_byculla,6_grant.rd_byculla_7618109a,29,290.0,6,2025:04:06 09:23:20,2025-04-06 09:28:10,9,6,1277.0,HERO13 Black,18.96853611111111,72.8205611111111,4.52,0.0,3.0,,6.0,,Paved - Blocked,,,,No,No,No
243705725,84647002,swathi@verifinity.ai,gs://sawasdee-labelstudio/annotation_frames/6_grant.rd_byculla_frame000030.jpg,6_grant.rd_byculla,6_grant.rd_byculla_7618109a,30,300.0,6,2025:04:06 09:23:20,2025-04-06 09:28:20,9,6,1277.0,HERO13 Black,18.968994444444444,72.82073888888888,4.566,0.0,1.0,,7.0,1.0,,Yes,,,No,No,No
243705732,84281962,swathi@verifinity.ai,gs://sawasdee-labelstudio/annotation_frames/6_grant.rd_byculla_frame000036.jpg,6_grant.rd_byculla,6_grant.rd_byculla_7618109a,36,360.0,6,2025:04:06 09:23:20,2025-04-06 09:29:20,9,6,1277.0,HERO13 Black,18.97201944444444,72.82182499999999,5.38,0.0,3.0,,3.0,,Paved,Yes,,,No,No,No
243705735,84643714,swathi@verifinity.ai,gs://sawasdee-labelstudio/annotation_frames/6_grant.rd_byculla_frame000039.jpg,6_grant.rd_byculla,6_grant.rd_byculla_7618109a,39,390.0,6,2025:04:06 09:23:20,2025-04-06 09:29:50,9,6,1277.0,HERO13 Black,18.97321111111111,72.82246388888889,5.729,0.0,2.0,,6.0,,Paved,Yes,,,No,No,No
243705737,84632281,swathi@verifinity.ai,gs://sawasdee-labelstudio/annotation_frames/6_grant.rd_byculla_frame000041.jpg,6_grant.rd_byculla,6_grant.rd_byculla_7618109a,41,410.0,6,2025:04:06 09:23:20,2025-04-06 09:30:10,9,6,1277.0,HERO13 Black,18.97406111111111,72.82294444444445,6.814,0.0,4.0,1.0,2.0,,Paved,Yes,,,No,No,No
243705739,84266426,swathi@verifinity.ai,gs://sawasdee-labelstudio/annotation_frames/6_grant.rd_byculla_frame000043.jpg,6_grant.rd_byculla,6_grant.rd_byculla_7618109a,43,430.0,6,2025:04:06 09:23:20,2025-04-06 09:30:30,9,6,1277.0,HERO13 Black,18.974786111111108,72.82328888888888,7.492,0.0,2.0,1.0,11.0,,Paved - Blocked,,,,No,No,No
243705742,84385324,swathi@verifinity.ai,gs://sawasdee-labelstudio/annotation_frames/6_grant.rd_byculla_frame000046.jpg,6_grant.rd_byculla,6_grant.rd_byculla_7618109a,46,460.0,6,2025:04:06 09:23:20,2025-04-06 09:31:00,9,6,1277.0,HERO13 Black,18.976433333333333,72.82385,8.465,0.0,,,4.0,,Paved,Yes,,,No,No,Yes
243705746,85011182,swathi@verifinity.ai,gs://sawasdee-labelstudio/annotation_frames/6_grant.rd_byculla_frame000050.jpg,6_grant.rd_byculla,6_grant.rd_byculla_7618109a,50,500.0,6,2025:04:06 09:23:20,2025-04-06 09:31:40,9,6,1277.0,HERO13 Black,18.978783333333332,72.82471388888888,11.997,0.0,11.0,,4.0,,No sidewalk,,,,No,No,Yes
243705753,84541401,swathi@verifinity.ai,gs://sawasdee-labelstudio/annotation_frames/6_grant.rd_byculla_frame000057.jpg,6_grant.rd_byculla,6_grant.rd_byculla_7618109a,57,570.0,6,2025:04:06 09:23:20,2025-04-06 09:32:50,9,6,1277.0,HERO13 Black,18.981475,72.82704444444444,12.139,0.0,,1.0,5.0,1.0,Paved,,,,No,No,No
243705759,84643008,swathi@verifinity.ai,gs://sawasdee-labelstudio/annotation_frames/6_grant.rd_byculla_frame000063.jpg,6_grant.rd_byculla,6_grant.rd_byculla_7618109a,63,630.0,6,2025:04:06 09:23:20,2025-04-06 09:33:50,9,6,1277.0,HERO13 Black,18.980483333333332,72.82884166666666,8.87,0.0,1.0,,3.0,,Paved - Blocked,,,,No,No,No
243705761,84295592,swathi@verifinity.ai,gs://sawasdee-labelstudio/annotation_frames/6_grant.rd_byculla_frame000065.jpg,6_grant.rd_byculla,6_grant.rd_byculla_7618109a,65,650.0,6,2025:04:06 09:23:20,2025-04-06 09:34:10,9,6,1277.0,HERO13 Black,18.980141666666665,72.83021666666666,9.249,0.0,,1.0,5.0,,Paved - Blocked,Yes,,,No,No,No
243705774,84609815,swathi@verifinity.ai,gs://sawasdee-labelstudio/annotation_frames/6_grant.rd_byculla_frame000078.jpg,6_grant.rd_byculla,6_grant.rd_byculla_7618109a,78,780.0,6,2025:04:06 09:23:20,2025-04-06 09:36:20,9,6,1277.0,HERO13 Black,18.979891666666663,72.83224166666666,7.782,0.0,6.0,1.0,2.0,,Paved - Blocked,,,,No,No,No
243705777,84296559,swathi@verifinity.ai,gs://sawasdee-labelstudio/annotation_frames/6_grant.rd_byculla_frame000081.jpg,6_grant.rd_byculla,6_grant.rd_byculla_7618109a,81,810.0,6,2025:04:06 09:23:20,2025-04-06 09:36:50,9,6,1277.0,HERO13 Black,18.979530555555552,72.83287777777777,10.583,0.0,6.0,,,,Paved - Blocked,,,,No,No,No
243705778,84996160,swathi@verifinity.ai,gs://sawasdee-labelstudio/annotation_frames/6_grant.rd_byculla_frame000082.jpg,6_grant.rd_byculla,6_grant.rd_byculla_7618109a,82,820.0,6,2025:04:06 09:23:20,2025-04-06 09:37:00,9,6,1277.0,HERO13 Black,18.97905833333333,72.833275,8.947,0.0,1.0,,3.0,,Paved,,,,No,No,No
243705782,84644528,swathi@verifinity.ai,gs://sawasdee-labelstudio/annotation_frames/6_grant.rd_byculla_frame000086.jpg,6_grant.rd_byculla,6_grant.rd_byculla_7618109a,86,860.0,6,2025:04:06 09:23:20,2025-04-06 09:37:40,9,6,1277.0,HERO13 Black,18.980177777777776,72.83416666666666,-2.971,0.0,4.0,,2.0,,Paved,,,,No,No,No
243705783,84521628,swathi@verifinity.ai,gs://sawasdee-labelstudio/annotation_frames/6_grant.rd_byculla_frame000087.jpg,6_grant.rd_byculla,6_grant.rd_byculla_7618109a,87,870.0,6,2025:04:06 09:23:20,2025-04-06 09:37:50,9,6,1277.0,HERO13 Black,18.98045833333333,72.83421944444444,1.821,0.0,5.0,1.0,3.0,,Paved,,,,No,No,No
243705786,84509498,swathi@verifinity.ai,gs://sawasdee-labelstudio/annotation_frames/6_grant.rd_byculla_frame000090.jpg,6_grant.rd_byculla,6_grant.rd_byculla_7618109a,90,900.0,6,2025:04:06 09:23:20,2025-04-06 09:38:20,9,6,1277.0,HERO13 Black,18.981536111111108,72.83446388888889,-5.058,0.0,7.0,,8.0,,,Yes,,,No,No,No
243705787,84525035,swathi@verifinity.ai,gs://sawasdee-labelstudio/annotation_frames/6_grant.rd_byculla_frame000091.jpg,6_grant.rd_byculla,6_grant.rd_byculla_7618109a,91,910.0,6,2025:04:06 09:23:20,2025-04-06 09:38:30,9,6,1277.0,HERO13 Black,18.981583333333333,72.83444444444444,-4.65,0.0,2.0,,7.0,1.0,,Yes,,,No,No,No
243705799,84297046,swathi@verifinity.ai,gs://sawasdee-labelstudio/annotation_frames/6_grant.rd_byculla_frame000102.jpg,6_grant.rd_byculla,6_grant.rd_byculla_7618109a,102,1020.0,6,2025:04:06 09:23:20,2025-04-06 09:40:20,9,6,1277.0,HERO13 Black,18.980291666666666,72.83869166666666,7.33,0.0,,,2.0,,Paved,Yes,,,No,No,No
243705800,84293677,swathi@verifinity.ai,gs://sawasdee-labelstudio/annotation_frames/6_grant.rd_byculla_frame000103.jpg,6_grant.rd_byculla,6_grant.rd_byculla_7618109a,103,1030.0,6,2025:04:06 09:23:20,2025-04-06 09:40:30,9,6,1277.0,HERO13 Black,18.980252777777775,72.83935555555556,9.384,0.0,,,1.0,,Paved,Yes,,,No,No,No
243705809,84645811,swathi@verifinity.ai,gs://sawasdee-labelstudio/annotation_frames/6_grant.rd_byculla_frame000112.jpg,6_grant.rd_byculla,6_grant.rd_byculla_7618109a,112,1120.0,6,2025:04:06 09:23:20,2025-04-06 09:42:00,9,6,1277.0,HERO13 Black,,,,,,1.0,1.0,,Paved,,,,No,No,No
243705823,84645051,swathi@verifinity.ai,gs://sawasdee-labelstudio/annotation_frames/6_grant.rd_byculla_frame000126.jpg,6_grant.rd_byculla,6_grant.rd_byculla_7618109a,126,1260.0,6,2025:04:06 09:23:20,2025-04-06 09:44:20,9,6,1277.0,HERO13 Black,,,,,1.0,,2.0,,Paved,,,,No,No,No
243705824,84606783,swathi@verifinity.ai,gs://sawasdee-labelstudio/annotation_frames/6_grant.rd_byculla_frame000127.jpg,6_grant.rd_byculla,6_grant.rd_byculla_7618109a,127,1270.0,6,2025:04:06 09:23:20,2025-04-06 09:44:30,9,6,1277.0,HERO13 Black,,,,,3.0,,1.0,,No sidewalk,,,Yes,No,No,No
243705832,84372829,swathi@verifinity.ai,gs://sawasdee-labelstudio/annotation_frames/6_itinerary_10_frame000006.jpg,6_itinerary_10,6_itinerary_10_51f13bae,6,60.0,6,2025:04:06 09:10:15,2025-04-06 09:11:15,9,6,436.0,HERO13 Black,18.96098888888889,72.81731388888889,26.887,0.0,3.0,1.0,4.0,,,Yes,,,No,No,No
243705836,84621383,swathi@verifinity.ai,gs://sawasdee-labelstudio/annotation_frames/6_itinerary_10_frame000010.jpg,6_itinerary_10,6_itinerary_10_51f13bae,10,100.0,6,2025:04:06 09:10:15,2025-04-06 09:11:55,9,6,436.0,HERO13 Black,18.961941666666664,72.81616111111111,26.717,0.0,1.0,,1.0,,Paved,Yes,,,No,No,No
243705845,84642568,swathi@verifinity.ai,gs://sawasdee-labelstudio/annotation_frames/6_itinerary_10_frame000019.jpg,6_itinerary_10,6_itinerary_10_51f13bae,19,190.0,6,2025:04:06 09:10:15,2025-04-06 09:13:25,9,6,436.0,HERO13 Black,18.962563888888887,72.81500555555556,-8.161,0.0,4.0,,,,Paved,,,,No,No,No
243705850,84291516,swathi@verifinity.ai,gs://sawasdee-labelstudio/annotation_frames/6_itinerary_10_frame000024.jpg,6_itinerary_10,6_itinerary_10_51f13bae,24,240.0,6,2025:04:06 09:10:15,2025-04-06 09:14:15,9,6,436.0,HERO13 Black,18.96418611111111,72.81580277777778,0.367,6.5,4.0,,,,Paved,Yes,,,No,No,No
243705855,84608162,swathi@verifinity.ai,gs://sawasdee-labelstudio/annotation_frames/6_itinerary_10_frame000029.jpg,6_itinerary_10,6_itinerary_10_51f13bae,29,290.0,6,2025:04:06 09:10:15,2025-04-06 09:15:05,9,6,436.0,HERO13 Black,,,,,1.0,,2.0,,Paved,,,,No,No,No
243705862,85022549,swathi@verifinity.ai,gs://sawasdee-labelstudio/annotation_frames/6_itinerary_10_frame000035.jpg,6_itinerary_10,6_itinerary_10_51f13bae,35,350.0,6,2025:04:06 09:10:15,2025-04-06 09:16:05,9,6,436.0,HERO13 Black,,,,,8.0,,1.0,,Paved,,,Yes,No,No,No
243705863,84384553,swathi@verifinity.ai,gs://sawasdee-labelstudio/annotation_frames/6_itinerary_10_frame000036.jpg,6_itinerary_10,6_itinerary_10_51f13bae,36,360.0,6,2025:04:06 09:10:15,2025-04-06 09:16:15,9,6,436.0,HERO13 Black,,,,,11.0,1.0,,,Paved,,,,No,No,No
243705867,84283194,swathi@verifinity.ai,gs://sawasdee-labelstudio/annotation_frames/6_itinerary_10_frame000040.jpg,6_itinerary_10,6_itinerary_10_51f13bae,40,400.0,6,2025:04:06 09:10:15,2025-04-06 09:16:55,9,6,436.0,HERO13 Black,,,,,11.0,3.0,1.0,,Paved - Blocked,,,,No,No,No
243705868,84544796,swathi@verifinity.ai,gs://sawasdee-labelstudio/annotation_frames/6_itinerary_10_frame000041.jpg,6_itinerary_10,6_itinerary_10_51f13bae,41,410.0,6,2025:04:06 09:10:15,2025-04-06 09:17:05,9,6,436.0,HERO13 Black,,,,,6.0,2.0,,,No sidewalk,Yes,,Yes,Yes,No,No
243705881,84385259,swathi@verifinity.ai,gs://sawasdee-labelstudio/annotation_frames/6_itinerary_1_frame000010.jpg,6_itinerary_1,6_itinerary_1_ce154c32,10,100.0,6,2025:04:06 02:47:41,2025-04-06 02:49:21,2,6,1681.0,HERO13 Black,18.944066666666668,72.82401944444445,-31.322,0.0,,,,,Paved,Yes,,,No,No,No
243705890,84525058,swathi@verifinity.ai,gs://sawasdee-labelstudio/annotation_frames/6_itinerary_1_frame000019.jpg,6_itinerary_1,6_itinerary_1_ce154c32,19,190.0,6,2025:04:06 02:47:41,2025-04-06 02:50:51,2,6,1681.0,HERO13 Black,18.945458333333335,72.82715555555555,5.613,0.0,1.0,,1.0,,,,,,No,No,No
243705892,84536733,swathi@verifinity.ai,gs://sawasdee-labelstudio/annotation_frames/6_itinerary_1_frame000021.jpg,6_itinerary_1,6_itinerary_1_ce154c32,21,210.0,6,2025:04:06 02:47:41,2025-04-06 02:51:11,2,6,1681.0,HERO13 Black,18.94567222222222,72.82783888888889,5.163,0.0,2.0,,3.0,,No sidewalk,Yes,,,No,No,No
243705903,84284474,swathi@verifinity.ai,gs://sawasdee-labelstudio/annotation_frames/6_itinerary_1_frame000032.jpg,6_itinerary_1,6_itinerary_1_ce154c32,32,320.0,6,2025:04:06 02:47:41,2025-04-06 02:53:01,2,6,1681.0,HERO13 Black,18.9472,72.83032777777777,4.987,0.0,,,,,,Yes,,,No,No,No
243705911,84646688,swathi@verifinity.ai,gs://sawasdee-labelstudio/annotation_frames/6_itinerary_1_frame000039.jpg,6_itinerary_1,6_itinerary_1_ce154c32,39,390.0,6,2025:04:06 02:47:41,2025-04-06 02:54:11,2,6,1681.0,HERO13 Black,18.94775,72.82840833333333,0.44,0.0,2.0,4.0,4.0,,Paved,Yes,,,No,No,No
243705914,84358132,swathi@verifinity.ai,gs://sawasdee-labelstudio/annotation_frames/6_itinerary_1_frame000042.jpg,6_itinerary_1,6_itinerary_1_ce154c32,42,420.0,6,2025:04:06 02:47:41,2025-04-06 02:54:41,2,6,1681.0,HERO13 Black,18.94746111111111,72.82726666666666,8.384,0.0,9.0,,3.0,,Paved,Yes,,,No,No,No
243705919,84300235,swathi@verifinity.ai,gs://sawasdee-labelstudio/annotation_frames/6_itinerary_1_frame000047.jpg,6_itinerary_1,6_itinerary_1_ce154c32,47,470.0,6,2025:04:06 02:47:41,2025-04-06 02:55:31,2,6,1681.0,HERO13 Black,18.947466666666667,72.82744166666666,7.471,0.0,5.0,1.0,,,Paved,Yes,,,No,No,No
243705920,84392818,swathi@verifinity.ai,gs://sawasdee-labelstudio/annotation_frames/6_itinerary_1_frame000048.jpg,6_itinerary_1,6_itinerary_1_ce154c32,48,480.0,6,2025:04:06 02:47:41,2025-04-06 02:55:41,2,6,1681.0,HERO13 Black,18.947541666666666,72.827775,9.971,0.0,6.0,,,,Paved,Yes,,,No,No,No
243705921,84987365,swathi@verifinity.ai,gs://sawasdee-labelstudio/annotation_frames/6_itinerary_1_frame000049.jpg,6_itinerary_1,6_itinerary_1_ce154c32,49,490.0,6,2025:04:06 02:47:41,2025-04-06 02:55:51,2,6,1681.0,HERO13 Black,18.947655555555556,72.82830833333333,12.309,0.0,1.0,1.0,,,Paved,,,,No,No,No
243705923,84392014,swathi@verifinity.ai,gs://sawasdee-labelstudio/annotation_frames/6_itinerary_1_frame000051.jpg,6_itinerary_1,6_itinerary_1_ce154c32,51,510.0,6,2025:04:06 02:47:41,2025-04-06 02:56:11,2,6,1681.0,HERO13 Black,18.94807777777778,72.828775,12.688,0.0,8.0,3.0,,,,Yes,,Yes,No,No,No
243705924,84647449,swathi@verifinity.ai,gs://sawasdee-labelstudio/annotation_frames/6_itinerary_1_frame000052.jpg,6_itinerary_1,6_itinerary_1_ce154c32,52,520.0,6,2025:04:06 02:47:41,2025-04-06 02:56:21,2,6,1681.0,HERO13 Black,18.948241666666668,72.82876388888889,9.221,0.0,9.0,,,,Paved,Yes,,,No,No,No
243705927,84646813,swathi@verifinity.ai,gs://sawasdee-labelstudio/annotation_frames/6_itinerary_1_frame000055.jpg,6_itinerary_1,6_itinerary_1_ce154c32,55,550.0,6,2025:04:06 02:47:41,2025-04-06 02:56:51,2,6,1681.0,HERO13 Black,18.948741666666667,72.82883333333334,7.552,0.0,2.0,1.0,,,No sidewalk,,,,No,No,No
243705928,84643948,swathi@verifinity.ai,gs://sawasdee-labelstudio/annotation_frames/6_itinerary_1_frame000056.jpg,6_itinerary_1,6_itinerary_1_ce154c32,56,560.0,6,2025:04:06 02:47:41,2025-04-06 02:57:01,2,6,1681.0,HERO13 Black,18.949155555555556,72.82880833333333,7.068,0.0,1.0,,,,No sidewalk,Yes,,,No,No,No
243705937,84299451,swathi@verifinity.ai,gs://sawasdee-labelstudio/annotation_frames/6_itinerary_1_frame000065.jpg,6_itinerary_1,6_itinerary_1_ce154c32,65,650.0,6,2025:04:06 02:47:41,2025-04-06 02:58:31,2,6,1681.0,HERO13 Black,18.948919444444446,72.82815555555555,8.388,0.0,11.0,1.0,,,No sidewalk,,,,No,No,No
243705942,84508063,swathi@verifinity.ai,gs://sawasdee-labelstudio/annotation_frames/6_itinerary_1_frame000070.jpg,6_itinerary_1,6_itinerary_1_ce154c32,70,700.0,6,2025:04:06 02:47:41,2025-04-06 02:59:21,2,6,1681.0,HERO13 Black,18.948711111111113,72.82661666666667,4.856,0.0,4.0,2.0,1.0,,Paved - Blocked,Yes,,,No,No,No
243705946,84613840,swathi@verifinity.ai,gs://sawasdee-labelstudio/annotation_frames/6_itinerary_1_frame000074.jpg,6_itinerary_1,6_itinerary_1_ce154c32,74,740.0,6,2025:04:06 02:47:41,2025-04-06 03:00:01,3,6,1681.0,HERO13 Black,18.948900000000002,72.82633055555556,7.291,0.0,5.0,,1.0,,Paved,,,,No,No,Yes
243705949,84363786,swathi@verifinity.ai,gs://sawasdee-labelstudio/annotation_frames/6_itinerary_1_frame000077.jpg,6_itinerary_1,6_itinerary_1_ce154c32,77,770.0,6,2025:04:06 02:47:41,2025-04-06 03:00:31,3,6,1681.0,HERO13 Black,18.948866666666667,72.82616944444445,3.377,0.0,2.0,,,,Paved,,,,No,No,No
243705954,84644706,swathi@verifinity.ai,gs://sawasdee-labelstudio/annotation_frames/6_itinerary_1_frame000082.jpg,6_itinerary_1,6_itinerary_1_ce154c32,82,820.0,6,2025:04:06 02:47:41,2025-04-06 03:01:21,3,6,1681.0,HERO13 Black,18.948991666666668,72.8253111111111,2.141,0.0,6.0,,,,No sidewalk,,,,No,No,No
243705955,84359502,swathi@verifinity.ai,gs://sawasdee-labelstudio/annotation_frames/6_itinerary_1_frame000083.jpg,6_itinerary_1,6_itinerary_1_ce154c32,83,830.0,6,2025:04:06 02:47:41,2025-04-06 03:01:31,3,6,1681.0,HERO13 Black,18.94921111111111,72.82555277777777,7.041,0.0,11.0,1.0,1.0,,Paved - Blocked,Yes,,,No,No,No
243705959,84291431,swathi@verifinity.ai,gs://sawasdee-labelstudio/annotation_frames/6_itinerary_1_frame000087.jpg,6_itinerary_1,6_itinerary_1_ce154c32,87,870.0,6,2025:04:06 02:47:41,2025-04-06 03:02:11,3,6,1681.0,HERO13 Black,18.95014722222222,72.82643888888889,12.366,0.0,8.0,,,,,,,Construction debris,No,No,No
243705964,84636820,swathi@verifinity.ai,gs://sawasdee-labelstudio/annotation_frames/6_itinerary_1_frame000091.jpg,6_itinerary_1,6_itinerary_1_ce154c32,91,910.0,6,2025:04:06 02:47:41,2025-04-06 03:02:51,3,6,1681.0,HERO13 Black,18.951238888888888,72.82580555555555,7.111,0.0,6.0,1.0,1.0,,,Yes,,Yes,No,No,No
243705967,84284922,swathi@verifinity.ai,gs://sawasdee-labelstudio/annotation_frames/6_itinerary_1_frame000094.jpg,6_itinerary_1,6_itinerary_1_ce154c32,94,940.0,6,2025:04:06 02:47:41,2025-04-06 03:03:21,3,6,1681.0,HERO13 Black,18.951877777777778,72.82566666666666,10.509,0.0,,,,,,Yes,,,No,No,No
243705971,84265993,swathi@verifinity.ai,gs://sawasdee-labelstudio/annotation_frames/6_itinerary_1_frame000098.jpg,6_itinerary_1,6_itinerary_1_ce154c32,98,980.0,6,2025:04:06 02:47:41,2025-04-06 03:04:01,3,6,1681.0,HERO13 Black,18.952997222222223,72.82534444444444,18.483,0.0,10.0,,,,Paved - Blocked,Yes,,Yes,No,No,No
243705972,84526286,swathi@verifinity.ai,gs://sawasdee-labelstudio/annotation_frames/6_itinerary_1_frame000099.jpg,6_itinerary_1,6_itinerary_1_ce154c32,99,990.0,6,2025:04:06 02:47:41,2025-04-06 03:04:11,3,6,1681.0,HERO13 Black,18.95317777777778,72.8253861111111,12.378,0.0,2.0,,,,,Yes,,Yes,No,No,No
243705973,84395440,swathi@verifinity.ai,gs://sawasdee-labelstudio/annotation_frames/6_itinerary_1_frame000100.jpg,6_itinerary_1,6_itinerary_1_ce154c32,100,1000.0,6,2025:04:06 02:47:41,2025-04-06 03:04:21,3,6,1681.0,HERO13 Black,18.95345,72.82538333333333,9.231,0.0,11.0,2.0,1.0,,Paved,Yes,,,No,No,No
243705974,84638451,swathi@verifinity.ai,gs://sawasdee-labelstudio/annotation_frames/6_itinerary_1_frame000101.jpg,6_itinerary_1,6_itinerary_1_ce154c32,101,1010.0,6,2025:04:06 02:47:41,2025-04-06 03:04:31,3,6,1681.0,HERO13 Black,18.95382222222222,72.82534166666666,6.816,0.0,11.0,3.0,3.0,,,Yes,,,No,No,Yes
243705975,84499600,swathi@verifinity.ai,gs://sawasdee-labelstudio/annotation_frames/6_itinerary_1_frame000102.jpg,6_itinerary_1,6_itinerary_1_ce154c32,102,1020.0,6,2025:04:06 02:47:41,2025-04-06 03:04:41,3,6,1681.0,HERO13 Black,18.954169444444442,72.82525555555556,5.172,0.0,11.0,2.0,1.0,1.0,No sidewalk,,,,No,No,No
243705977,84295961,swathi@verifinity.ai,gs://sawasdee-labelstudio/annotation_frames/6_itinerary_1_frame000104.jpg,6_itinerary_1,6_itinerary_1_ce154c32,104,1040.0,6,2025:04:06 02:47:41,2025-04-06 03:05:01,3,6,1681.0,HERO13 Black,18.954752777777777,72.82531388888889,8.506,0.0,11.0,2.0,,,No sidewalk,Yes,,,No,No,No
243705981,85016933,swathi@verifinity.ai,gs://sawasdee-labelstudio/annotation_frames/6_itinerary_1_frame000108.jpg,6_itinerary_1,6_itinerary_1_ce154c32,108,1080.0,6,2025:04:06 02:47:41,2025-04-06 03:05:41,3,6,1681.0,HERO13 Black,18.955908333333333,72.82515833333333,4.646,0.0,4.0,3.0,,,Paved,,,,No,No,No
243705982,84523744,swathi@verifinity.ai,gs://sawasdee-labelstudio/annotation_frames/6_itinerary_1_frame000109.jpg,6_itinerary_1,6_itinerary_1_ce154c32,109,1090.0,6,2025:04:06 02:47:41,2025-04-06 03:05:51,3,6,1681.0,HERO13 Black,18.95621111111111,72.82528333333333,8.905,0.0,3.0,,,,,,,,No,No,No
243705988,84646274,swathi@verifinity.ai,gs://sawasdee-labelstudio/annotation_frames/6_itinerary_1_frame000115.jpg,6_itinerary_1,6_itinerary_1_ce154c32,115,1150.0,6,2025:04:06 02:47:41,2025-04-06 03:06:51,3,6,1681.0,HERO13 Black,18.957891666666665,72.82606388888888,12.227,0.0,7.0,,1.0,,No sidewalk,,,Construction debris,No,No,No
243705990,84988868,swathi@verifinity.ai,gs://sawasdee-labelstudio/annotation_frames/6_itinerary_1_frame000117.jpg,6_itinerary_1,6_itinerary_1_ce154c32,117,1170.0,6,2025:04:06 02:47:41,2025-04-06 03:07:11,3,6,1681.0,HERO13 Black,18.958094444444445,72.82609722222222,4.219,0.0,11.0,3.0,1.0,,No sidewalk,,,,No,No,No
243705998,84380744,swathi@verifinity.ai,gs://sawasdee-labelstudio/annotation_frames/6_itinerary_1_frame000125.jpg,6_itinerary_1,6_itinerary_1_ce154c32,125,1250.0,6,2025:04:06 02:47:41,2025-04-06 03:08:31,3,6,1681.0,HERO13 Black,18.958152777777777,72.82459305555555,4.2645,0.1,5.0,,2.0,2.0,,,,,Yes,No,No
243705999,84985949,swathi@verifinity.ai,gs://sawasdee-labelstudio/annotation_frames/6_itinerary_1_frame000126.jpg,6_itinerary_1,6_itinerary_1_ce154c32,126,1260.0,6,2025:04:06 02:47:41,2025-04-06 03:08:41,3,6,1681.0,HERO13 Black,18.958141666666666,72.82488194444444,3.7215,0.1,6.0,3.0,3.0,,,,,,No,No,No
243706002,84257133,swathi@verifinity.ai,gs://sawasdee-labelstudio/annotation_frames/6_itinerary_1_frame000129.jpg,6_itinerary_1,6_itinerary_1_ce154c32,129,1290.0,6,2025:04:06 02:47:41,2025-04-06 03:09:11,3,6,1681.0,HERO13 Black,18.958229166666666,72.82594583333332,2.008,0.1,5.0,,3.0,,No sidewalk,,,Yes,No,No,No
243706013,84394149,swathi@verifinity.ai,gs://sawasdee-labelstudio/annotation_frames/6_itinerary_1_frame000139.jpg,6_itinerary_1,6_itinerary_1_ce154c32,139,1390.0,6,2025:04:06 02:47:41,2025-04-06 03:10:51,3,6,1681.0,HERO13 Black,18.960455555555555,72.8262111111111,4.729,0.0,6.0,,2.0,,,Yes,,Yes,No,No,No
243706026,84260807,swathi@verifinity.ai,gs://sawasdee-labelstudio/annotation_frames/6_itinerary_1_frame000152.jpg,6_itinerary_1,6_itinerary_1_ce154c32,152,1520.0,6,2025:04:06 02:47:41,2025-04-06 03:13:01,3,6,1681.0,HERO13 Black,,,,,10.0,,,,,,,,No,No,No
243706028,84359604,swathi@verifinity.ai,gs://sawasdee-labelstudio/annotation_frames/6_itinerary_1_frame000154.jpg,6_itinerary_1,6_itinerary_1_ce154c32,154,1540.0,6,2025:04:06 02:47:41,2025-04-06 03:13:21,3,6,1681.0,HERO13 Black,,,,,11.0,2.0,,,,,,Yes,No,No,No
243706031,84640587,swathi@verifinity.ai,gs://sawasdee-labelstudio/annotation_frames/6_itinerary_1_frame000157.jpg,6_itinerary_1,6_itinerary_1_ce154c32,157,1570.0,6,2025:04:06 02:47:41,2025-04-06 03:13:51,3,6,1681.0,HERO13 Black,,,,,9.0,1.0,,,Paved,Yes,,,No,No,No
243706032,84644071,swathi@verifinity.ai,gs://sawasdee-labelstudio/annotation_frames/6_itinerary_1_frame000158.jpg,6_itinerary_1,6_itinerary_1_ce154c32,158,1580.0,6,2025:04:06 02:47:41,2025-04-06 03:14:01,3,6,1681.0,HERO13 Black,,,,,10.0,,,,No sidewalk,,,,No,No,No
243706035,84261012,swathi@verifinity.ai,gs://sawasdee-labelstudio/annotation_frames/6_itinerary_1_frame000161.jpg,6_itinerary_1,6_itinerary_1_ce154c32,161,1610.0,6,2025:04:06 02:47:41,2025-04-06 03:14:31,3,6,1681.0,HERO13 Black,,,,,5.0,,,,No sidewalk,,,,No,No,No
243706044,84287410,swathi@verifinity.ai,gs://sawasdee-labelstudio/annotation_frames/6_itinerary_2_frame000002.jpg,6_itinerary_2,6_itinerary_2_7f73720a,2,20.0,6,2025:04:06 03:25:42,2025-04-06 03:26:02,3,6,958.0,HERO13 Black,18.9591,72.81271111111111,8.325,0.0,1.0,,1.0,,Paved,Yes,,,No,No,No
243706048,85016178,swathi@verifinity.ai,gs://sawasdee-labelstudio/annotation_frames/6_itinerary_2_frame000006.jpg,6_itinerary_2,6_itinerary_2_7f73720a,6,60.0,6,2025:04:06 03:25:42,2025-04-06 03:26:42,3,6,958.0,HERO13 Black,18.96003888888889,72.81245555555556,4.411,0.0,,,1.0,1.0,Paved,Yes,,,No,No,No
243706052,84287793,swathi@verifinity.ai,gs://sawasdee-labelstudio/annotation_frames/6_itinerary_2_frame000010.jpg,6_itinerary_2,6_itinerary_2_7f73720a,10,100.0,6,2025:04:06 03:25:42,2025-04-06 03:27:22,3,6,958.0,HERO13 Black,18.96072222222222,72.81274722222221,2.546,0.0,2.0,1.0,4.0,,Paved,Yes,,,No,No,No
243706059,84525767,swathi@verifinity.ai,gs://sawasdee-labelstudio/annotation_frames/6_itinerary_2_frame000017.jpg,6_itinerary_2,6_itinerary_2_7f73720a,17,170.0,6,2025:04:06 03:25:42,2025-04-06 03:28:32,3,6,958.0,HERO13 Black,18.961769444444442,72.81288611111111,-3.428,0.0,,2.0,7.0,2.0,Paved - Blocked,Yes,,,No,No,No
243706064,84260257,swathi@verifinity.ai,gs://sawasdee-labelstudio/annotation_frames/6_itinerary_2_frame000022.jpg,6_itinerary_2,6_itinerary_2_7f73720a,22,220.0,6,2025:04:06 03:25:42,2025-04-06 03:29:22,3,6,958.0,HERO13 Black,18.962238888888887,72.811925,3.113,0.0,8.0,,,,Paved,,,,No,No,No
243706071,85459854,swathi@verifinity.ai,gs://sawasdee-labelstudio/annotation_frames/6_itinerary_2_frame000027.jpg,6_itinerary_2,6_itinerary_2_7f73720a,27,270.0,6,2025:04:06 03:25:42,2025-04-06 03:30:12,3,6,958.0,HERO13 Black,18.96264722222222,72.81128333333334,5.264,0.0,2.0,,,,Paved,Yes,,,No,No,No
243706075,85013853,swathi@verifinity.ai,gs://sawasdee-labelstudio/annotation_frames/6_itinerary_2_frame000031.jpg,6_itinerary_2,6_itinerary_2_7f73720a,31,310.0,6,2025:04:06 03:25:42,2025-04-06 03:30:52,3,6,958.0,HERO13 Black,18.963594444444443,72.809975,10.341,0.0,3.0,1.0,2.0,,,Yes,,,No,No,No
243706076,84538716,swathi@verifinity.ai,gs://sawasdee-labelstudio/annotation_frames/6_itinerary_2_frame000032.jpg,6_itinerary_2,6_itinerary_2_7f73720a,32,320.0,6,2025:04:06 03:25:42,2025-04-06 03:31:02,3,6,958.0,HERO13 Black,18.96358611111111,72.81005,10.151,0.0,2.0,,5.0,,No sidewalk,Yes,,,No,No,No
243706096,84607624,swathi@verifinity.ai,gs://sawasdee-labelstudio/annotation_frames/6_itinerary_2_frame000052.jpg,6_itinerary_2,6_itinerary_2_7f73720a,52,520.0,6,2025:04:06 03:25:42,2025-04-06 03:34:22,3,6,958.0,HERO13 Black,18.965027777777777,72.81173055555556,5.43,0.0,8.0,,3.0,1.0,Paved,Yes,,,No,No,No
243706100,84542809,swathi@verifinity.ai,gs://sawasdee-labelstudio/annotation_frames/6_itinerary_2_frame000056.jpg,6_itinerary_2,6_itinerary_2_7f73720a,56,560.0,6,2025:04:06 03:25:42,2025-04-06 03:35:02,3,6,958.0,HERO13 Black,18.964188888888888,72.81060833333333,2.414,0.0,7.0,1.0,,,Paved,Yes,,,No,No,No
243706106,84955539,swathi@verifinity.ai,gs://sawasdee-labelstudio/annotation_frames/6_itinerary_2_frame000062.jpg,6_itinerary_2,6_itinerary_2_7f73720a,62,620.0,6,2025:04:06 03:25:42,2025-04-06 03:36:02,3,6,958.0,HERO13 Black,18.964041666666667,72.80768055555555,13.782,0.0,7.0,,6.0,,Paved - Blocked,,,Yes,No,No,No
243706107,84495287,swathi@verifinity.ai,gs://sawasdee-labelstudio/annotation_frames/6_itinerary_2_frame000063.jpg,6_itinerary_2,6_itinerary_2_7f73720a,63,630.0,6,2025:04:06 03:25:42,2025-04-06 03:36:12,3,6,958.0,HERO13 Black,18.96358888888889,72.80772777777777,13.541,0.0,5.0,,2.0,,No sidewalk,,,,No,No,No
243706108,84955686,swathi@verifinity.ai,gs://sawasdee-labelstudio/annotation_frames/6_itinerary_2_frame000064.jpg,6_itinerary_2,6_itinerary_2_7f73720a,64,640.0,6,2025:04:06 03:25:42,2025-04-06 03:36:22,3,6,958.0,HERO13 Black,18.963091666666667,72.80790555555555,11.469,0.0,3.0,,1.0,,Paved,,,,No,No,No
243706109,84955940,swathi@verifinity.ai,gs://sawasdee-labelstudio/annotation_frames/6_itinerary_2_frame000065.jpg,6_itinerary_2,6_itinerary_2_7f73720a,65,650.0,6,2025:04:06 03:25:42,2025-04-06 03:36:32,3,6,958.0,HERO13 Black,18.962491666666665,72.80816666666666,10.847,0.0,2.0,,3.0,,Paved,,,Yes,No,No,No
243706110,84381330,swathi@verifinity.ai,gs://sawasdee-labelstudio/annotation_frames/6_itinerary_2_frame000066.jpg,6_itinerary_2,6_itinerary_2_7f73720a,66,660.0,6,2025:04:06 03:25:42,2025-04-06 03:36:42,3,6,958.0,HERO13 Black,18.96184298611111,72.80846113888889,11.71016,0.099,5.0,,,,Paved - Blocked,,,,No,No,No
243706113,84533203,swathi@verifinity.ai,gs://sawasdee-labelstudio/annotation_frames/6_itinerary_2_frame000069.jpg,6_itinerary_2,6_itinerary_2_7f73720a,69,690.0,6,2025:04:06 03:25:42,2025-04-06 03:37:12,3,6,958.0,HERO13 Black,18.960636083333334,72.80911666666667,8.56601,0.099,2.0,,3.0,,Paved,Yes,,,No,No,No
243706114,84956972,swathi@verifinity.ai,gs://sawasdee-labelstudio/annotation_frames/6_itinerary_2_frame000070.jpg,6_itinerary_2,6_itinerary_2_7f73720a,70,700.0,6,2025:04:06 03:25:42,2025-04-06 03:37:22,3,6,958.0,HERO13 Black,18.96032359722222,72.8093083611111,10.11159,0.099,5.0,2.0,3.0,,Paved,Yes,,,No,No,No
243706115,84957081,swathi@verifinity.ai,gs://sawasdee-labelstudio/annotation_frames/6_itinerary_2_frame000071.jpg,6_itinerary_2,6_itinerary_2_7f73720a,71,710.0,6,2025:04:06 03:25:42,2025-04-06 03:37:32,3,6,958.0,HERO13 Black,18.96063198611111,72.80956251388889,9.42539,0.099,3.0,,1.0,1.0,Paved - Blocked,Yes,,,No,No,No
243706116,84641308,swathi@verifinity.ai,gs://sawasdee-labelstudio/annotation_frames/6_itinerary_2_frame000072.jpg,6_itinerary_2,6_itinerary_2_7f73720a,72,720.0,6,2025:04:06 03:25:42,2025-04-06 03:37:42,3,6,958.0,HERO13 Black,18.960865263888888,72.8097333611111,7.062494999999999,0.099,6.0,,1.0,1.0,,,,Construction debris,No,No,No
243706125,84990556,swathi@verifinity.ai,gs://sawasdee-labelstudio/annotation_frames/6_itinerary_2_frame000080.jpg,6_itinerary_2,6_itinerary_2_7f73720a,80,800.0,6,2025:04:06 03:25:42,2025-04-06 03:39:02,3,6,958.0,HERO13 Black,,,,,7.0,2.0,2.0,,Paved,Yes,,,No,No,No
243706127,84377731,swathi@verifinity.ai,gs://sawasdee-labelstudio/annotation_frames/6_itinerary_2_frame000082.jpg,6_itinerary_2,6_itinerary_2_7f73720a,82,820.0,6,2025:04:06 03:25:42,2025-04-06 03:39:22,3,6,958.0,HERO13 Black,,,,,1.0,2.0,,,Paved,,,,No,No,No
243706128,84631449,swathi@verifinity.ai,gs://sawasdee-labelstudio/annotation_frames/6_itinerary_2_frame000083.jpg,6_itinerary_2,6_itinerary_2_7f73720a,83,830.0,6,2025:04:06 03:25:42,2025-04-06 03:39:32,3,6,958.0,HERO13 Black,,,,,1.0,1.0,,,Paved,Yes,,,No,No,No
243706131,84499099,swathi@verifinity.ai,gs://sawasdee-labelstudio/annotation_frames/6_itinerary_2_frame000086.jpg,6_itinerary_2,6_itinerary_2_7f73720a,86,860.0,6,2025:04:06 03:25:42,2025-04-06 03:40:02,3,6,958.0,HERO13 Black,,,,,,,1.0,,Paved,Yes,,,No,No,No
243706139,84614587,swathi@verifinity.ai,gs://sawasdee-labelstudio/annotation_frames/6_itinerary_2_frame000094.jpg,6_itinerary_2,6_itinerary_2_7f73720a,94,940.0,6,2025:04:06 03:25:42,2025-04-06 03:41:22,3,6,958.0,HERO13 Black,,,,,1.0,,,,Paved - Blocked,Yes,,,No,No,No
243706142,84995854,swathi@verifinity.ai,gs://sawasdee-labelstudio/annotation_frames/6_itinerary_3_frame000001.jpg,6_itinerary_3,6_itinerary_3_a8453700,1,10.0,6,2025:04:06 03:56:14,2025-04-06 03:56:24,3,6,890.0,HERO13 Black,18.959777777777777,72.817025,10.335,0.0,5.0,,3.0,,,,,Yes,No,No,No
243706160,84986110,swathi@verifinity.ai,gs://sawasdee-labelstudio/annotation_frames/6_itinerary_3_frame000019.jpg,6_itinerary_3,6_itinerary_3_a8453700,19,190.0,6,2025:04:06 03:56:14,2025-04-06 03:59:24,3,6,890.0,HERO13 Black,18.963526388888887,72.81729583333333,10.471,0.1,4.0,1.0,1.0,,No sidewalk,,Yes,,No,No,No
243706164,84543624,swathi@verifinity.ai,gs://sawasdee-labelstudio/annotation_frames/6_itinerary_3_frame000023.jpg,6_itinerary_3,6_itinerary_3_a8453700,23,230.0,6,2025:04:06 03:56:14,2025-04-06 04:00:04,4,6,890.0,HERO13 Black,18.96268333333333,72.81608333333332,7.864,0.0,,,,,Paved,Yes,,,No,No,No
243706166,84528317,swathi@verifinity.ai,gs://sawasdee-labelstudio/annotation_frames/6_itinerary_3_frame000025.jpg,6_itinerary_3,6_itinerary_3_a8453700,25,250.0,6,2025:04:06 03:56:14,2025-04-06 04:00:24,4,6,890.0,HERO13 Black,18.962133333333334,72.81598888888888,7.4,0.0,4.0,1.0,1.0,,Paved,Yes,,,No,No,No
243706181,84369892,swathi@verifinity.ai,gs://sawasdee-labelstudio/annotation_frames/6_itinerary_3_frame000039.jpg,6_itinerary_3,6_itinerary_3_a8453700,39,390.0,6,2025:04:06 03:56:14,2025-04-06 04:02:44,4,6,890.0,HERO13 Black,18.961869444444442,72.81597222222221,5.5,0.0,9.0,2.0,,,Paved - Blocked,,,,No,No,Yes
243706185,84544678,swathi@verifinity.ai,gs://sawasdee-labelstudio/annotation_frames/6_itinerary_3_frame000043.jpg,6_itinerary_3,6_itinerary_3_a8453700,43,430.0,6,2025:04:06 03:56:14,2025-04-06 04:03:24,4,6,890.0,HERO13 Black,18.96208611111111,72.81603055555556,5.769,0.0,9.0,1.0,,,Paved,,,,No,No,Yes
243706187,84645310,swathi@verifinity.ai,gs://sawasdee-labelstudio/annotation_frames/6_itinerary_3_frame000045.jpg,6_itinerary_3,6_itinerary_3_a8453700,45,450.0,6,2025:04:06 03:56:14,2025-04-06 04:03:44,4,6,890.0,HERO13 Black,18.962044444444444,72.8171111111111,4.52,0.0,9.0,,1.0,,Paved,,,,No,No,No
243706192,85015509,swathi@verifinity.ai,gs://sawasdee-labelstudio/annotation_frames/6_itinerary_3_frame000050.jpg,6_itinerary_3,6_itinerary_3_a8453700,50,500.0,6,2025:04:06 03:56:14,2025-04-06 04:04:34,4,6,890.0,HERO13 Black,18.961966666666665,72.81529444444445,10.125,0.0,3.0,1.0,,,No sidewalk,Yes,,,No,No,No
243706197,84545543,swathi@verifinity.ai,gs://sawasdee-labelstudio/annotation_frames/6_itinerary_3_frame000055.jpg,6_itinerary_3,6_itinerary_3_a8453700,55,550.0,6,2025:04:06 03:56:14,2025-04-06 04:05:24,4,6,890.0,HERO13 Black,18.962008333333333,72.81378611111111,4.614,0.0,4.0,1.0,1.0,,,,,,No,No,No
243706199,85012447,swathi@verifinity.ai,gs://sawasdee-labelstudio/annotation_frames/6_itinerary_3_frame000057.jpg,6_itinerary_3,6_itinerary_3_a8453700,57,570.0,6,2025:04:06 03:56:14,2025-04-06 04:05:44,4,6,890.0,HERO13 Black,18.96205833333333,72.81365833333334,4.622,0.0,5.0,,,,No sidewalk,Yes,,Yes,No,No,No
243706200,84298511,swathi@verifinity.ai,gs://sawasdee-labelstudio/annotation_frames/6_itinerary_3_frame000058.jpg,6_itinerary_3,6_itinerary_3_a8453700,58,580.0,6,2025:04:06 03:56:14,2025-04-06 04:05:54,4,6,890.0,HERO13 Black,18.962108333333333,72.81367777777777,3.947,0.0,3.0,,,,No sidewalk,Yes,,,No,No,No
243706204,84294387,swathi@verifinity.ai,gs://sawasdee-labelstudio/annotation_frames/6_itinerary_3_frame000062.jpg,6_itinerary_3,6_itinerary_3_a8453700,62,620.0,6,2025:04:06 03:56:14,2025-04-06 04:06:34,4,6,890.0,HERO13 Black,18.96250973611111,72.81480698611111,-0.527055,0.099,11.0,1.0,2.0,,,,,,No,No,No
243706207,84645772,swathi@verifinity.ai,gs://sawasdee-labelstudio/annotation_frames/6_itinerary_3_frame000065.jpg,6_itinerary_3,6_itinerary_3_a8453700,65,650.0,6,2025:04:06 03:56:14,2025-04-06 04:07:04,4,6,890.0,HERO13 Black,18.963070875,72.81547918055556,7.256,0.099,4.0,2.0,3.0,,Paved,,,,No,No,No
243706211,85020339,swathi@verifinity.ai,gs://sawasdee-labelstudio/annotation_frames/6_itinerary_3_frame000069.jpg,6_itinerary_3,6_itinerary_3_a8453700,69,690.0,6,2025:04:06 03:56:14,2025-04-06 04:07:44,4,6,890.0,HERO13 Black,18.964583333333334,72.81606111111111,8.413,0.0,10.0,,,,Paved,Yes,,,No,No,No
243706212,84610055,swathi@verifinity.ai,gs://sawasdee-labelstudio/annotation_frames/6_itinerary_3_frame000070.jpg,6_itinerary_3,6_itinerary_3_a8453700,70,700.0,6,2025:04:06 03:56:14,2025-04-06 04:07:54,4,6,890.0,HERO13 Black,18.964583333333334,72.81606111111111,8.413,10.0,11.0,2.0,3.0,,Paved,Yes,,,Yes,No,No
243706218,84288896,swathi@verifinity.ai,gs://sawasdee-labelstudio/annotation_frames/6_itinerary_3_frame000076.jpg,6_itinerary_3,6_itinerary_3_a8453700,76,760.0,6,2025:04:06 03:56:14,2025-04-06 04:08:54,4,6,890.0,HERO13 Black,,,,,3.0,,2.0,,,Yes,,,No,No,No
243706223,84298604,swathi@verifinity.ai,gs://sawasdee-labelstudio/annotation_frames/6_itinerary_3_frame000080.jpg,6_itinerary_3,6_itinerary_3_a8453700,80,800.0,6,2025:04:06 03:56:14,2025-04-06 04:09:34,4,6,890.0,HERO13 Black,,,,,5.0,,2.0,,Paved,,,,No,No,No
243706230,84281476,swathi@verifinity.ai,gs://sawasdee-labelstudio/annotation_frames/6_itinerary_3_frame000086.jpg,6_itinerary_3,6_itinerary_3_a8453700,86,860.0,6,2025:04:06 03:56:14,2025-04-06 04:10:34,4,6,890.0,HERO13 Black,,,,,11.0,,1.0,,Paved - Blocked,,,,No,No,Yes
243706247,85011291,swathi@verifinity.ai,gs://sawasdee-labelstudio/annotation_frames/6_itinerary_4_1_frame000013.jpg,6_itinerary_4_1,6_itinerary_4_1_0f1a9ba4,13,130.0,6,2025:04:06 04:52:30,2025-04-06 04:54:40,4,6,2114.0,HERO13 Black,18.941880555555556,72.82959444444444,4.093,0.0,2.0,3.0,1.0,,Paved,Yes,,,No,No,No
243706255,85022430,swathi@verifinity.ai,gs://sawasdee-labelstudio/annotation_frames/6_itinerary_4_1_frame000021.jpg,6_itinerary_4_1,6_itinerary_4_1_0f1a9ba4,21,210.0,6,2025:04:06 04:52:30,2025-04-06 04:56:00,4,6,2114.0,HERO13 Black,18.942005555555557,72.82721111111111,9.947,0.0,2.0,,3.0,1.0,Paved,Yes,,,No,No,No
243706266,84993822,swathi@verifinity.ai,gs://sawasdee-labelstudio/annotation_frames/6_itinerary_4_1_frame000031.jpg,6_itinerary_4_1,6_itinerary_4_1_0f1a9ba4,31,310.0,6,2025:04:06 04:52:30,2025-04-06 04:57:40,4,6,2114.0,HERO13 Black,18.942483333333335,72.82842777777778,18.809,0.0,4.0,,,1.0,Paved - Blocked,Yes,,,No,No,No
243706267,85022051,swathi@verifinity.ai,gs://sawasdee-labelstudio/annotation_frames/6_itinerary_4_1_frame000032.jpg,6_itinerary_4_1,6_itinerary_4_1_0f1a9ba4,32,320.0,6,2025:04:06 04:52:30,2025-04-06 04:57:50,4,6,2114.0,HERO13 Black,18.942522222222223,72.82856944444444,19.291,0.0,8.0,2.0,4.0,1.0,Paved,Yes,,,No,No,No
243706273,84264765,swathi@verifinity.ai,gs://sawasdee-labelstudio/annotation_frames/6_itinerary_4_1_frame000038.jpg,6_itinerary_4_1,6_itinerary_4_1_0f1a9ba4,38,380.0,6,2025:04:06 04:52:30,2025-04-06 04:58:50,4,6,2114.0,HERO13 Black,18.943808333333333,72.82868611111111,8.496,0.0,10.0,,,,Paved,Yes,,,No,No,No
243706275,84521363,swathi@verifinity.ai,gs://sawasdee-labelstudio/annotation_frames/6_itinerary_4_1_frame000040.jpg,6_itinerary_4_1,6_itinerary_4_1_0f1a9ba4,40,400.0,6,2025:04:06 04:52:30,2025-04-06 04:59:10,4,6,2114.0,HERO13 Black,18.944816666666668,72.82811111111111,7.927,0.0,2.0,2.0,1.0,,Paved,,,,No,No,No
243706278,84269472,swathi@verifinity.ai,gs://sawasdee-labelstudio/annotation_frames/6_itinerary_4_1_frame000043.jpg,6_itinerary_4_1,6_itinerary_4_1_0f1a9ba4,43,430.0,6,2025:04:06 04:52:30,2025-04-06 04:59:40,4,6,2114.0,HERO13 Black,18.945655555555557,72.82777222222222,6.4,0.0,1.0,,,,Paved,Yes,,,No,No,No
243706282,84537800,swathi@verifinity.ai,gs://sawasdee-labelstudio/annotation_frames/6_itinerary_4_1_frame000047.jpg,6_itinerary_4_1,6_itinerary_4_1_0f1a9ba4,47,470.0,6,2025:04:06 04:52:30,2025-04-06 05:00:20,5,6,2114.0,HERO13 Black,18.945847222222223,72.82818333333333,12.644,0.0,6.0,1.0,,,Paved - Blocked,Yes,,,No,No,No
243706292,84541433,swathi@verifinity.ai,gs://sawasdee-labelstudio/annotation_frames/6_itinerary_4_1_frame000056.jpg,6_itinerary_4_1,6_itinerary_4_1_0f1a9ba4,56,560.0,6,2025:04:06 04:52:30,2025-04-06 05:01:50,5,6,2114.0,HERO13 Black,18.94775277777778,72.82946666666666,15.722,0.0,2.0,,7.0,,,Yes,,,No,No,No
243706294,84528188,swathi@verifinity.ai,gs://sawasdee-labelstudio/annotation_frames/6_itinerary_4_1_frame000058.jpg,6_itinerary_4_1,6_itinerary_4_1_0f1a9ba4,58,580.0,6,2025:04:06 04:52:30,2025-04-06 05:02:10,5,6,2114.0,HERO13 Black,18.947819444444445,72.82893055555556,22.002,0.0,2.0,2.0,2.0,,Paved - Blocked,,,,No,No,No
243706295,84384397,swathi@verifinity.ai,gs://sawasdee-labelstudio/annotation_frames/6_itinerary_4_1_frame000059.jpg,6_itinerary_4_1,6_itinerary_4_1_0f1a9ba4,59,590.0,6,2025:04:06 04:52:30,2025-04-06 05:02:20,5,6,2114.0,HERO13 Black,18.94782222222222,72.82889722222222,19.479,0.0,2.0,,2.0,,Paved,Yes,,,No,No,No
243706299,84631221,swathi@verifinity.ai,gs://sawasdee-labelstudio/annotation_frames/6_itinerary_4_1_frame000063.jpg,6_itinerary_4_1,6_itinerary_4_1_0f1a9ba4,63,630.0,6,2025:04:06 04:52:30,2025-04-06 05:03:00,5,6,2114.0,HERO13 Black,18.94858888888889,72.82877777777777,4.685,0.0,,,,,,Yes,,,No,No,No
243706304,84267735,swathi@verifinity.ai,gs://sawasdee-labelstudio/annotation_frames/6_itinerary_4_1_frame000068.jpg,6_itinerary_4_1,6_itinerary_4_1_0f1a9ba4,68,680.0,6,2025:04:06 04:52:30,2025-04-06 05:03:50,5,6,2114.0,HERO13 Black,18.94921111111111,72.82775277777777,5.195,0.0,5.0,,,,Paved,Yes,,,No,No,No
243706307,85015995,swathi@verifinity.ai,gs://sawasdee-labelstudio/annotation_frames/6_itinerary_4_1_frame000071.jpg,6_itinerary_4_1,6_itinerary_4_1_0f1a9ba4,71,710.0,6,2025:04:06 04:52:30,2025-04-06 05:04:20,5,6,2114.0,HERO13 Black,18.94975277777778,72.82723888888889,1.48,0.0,4.0,1.0,,,,Yes,,Construction debris,No,No,No
243706324,84647343,swathi@verifinity.ai,gs://sawasdee-labelstudio/annotation_frames/6_itinerary_4_1_frame000088.jpg,6_itinerary_4_1,6_itinerary_4_1_0f1a9ba4,88,880.0,6,2025:04:06 04:52:30,2025-04-06 05:07:10,5,6,2114.0,HERO13 Black,18.952041666666666,72.82624584722222,9.532325,0.099,4.0,,,,,Yes,,,No,No,No
243706332,84509675,swathi@verifinity.ai,gs://sawasdee-labelstudio/annotation_frames/6_itinerary_4_1_frame000096.jpg,6_itinerary_4_1,6_itinerary_4_1_0f1a9ba4,96,960.0,6,2025:04:06 04:52:30,2025-04-06 05:08:30,5,6,2114.0,HERO13 Black,18.95178611111111,72.82629999999999,14.843,0.0,9.0,,1.0,,Paved,,,,No,No,No
243706356,84294173,swathi@verifinity.ai,gs://sawasdee-labelstudio/annotation_frames/6_itinerary_4_1_frame000119.jpg,6_itinerary_4_1,6_itinerary_4_1_0f1a9ba4,119,1190.0,6,2025:04:06 04:52:30,2025-04-06 05:12:20,5,6,2114.0,HERO13 Black,18.954652777777778,72.8249861111111,35.965,0.0,4.0,1.0,,,,,,Yes,No,No,No
243706360,84295254,swathi@verifinity.ai,gs://sawasdee-labelstudio/annotation_frames/6_itinerary_4_1_frame000123.jpg,6_itinerary_4_1,6_itinerary_4_1_0f1a9ba4,123,1230.0,6,2025:04:06 04:52:30,2025-04-06 05:13:00,5,6,2114.0,HERO13 Black,18.954105555555554,72.82607222222222,21.508,0.0,,,,,,,Yes,Construction debris,No,No,No
243706361,84521167,swathi@verifinity.ai,gs://sawasdee-labelstudio/annotation_frames/6_itinerary_4_1_frame000124.jpg,6_itinerary_4_1,6_itinerary_4_1_0f1a9ba4,124,1240.0,6,2025:04:06 04:52:30,2025-04-06 05:13:10,5,6,2114.0,HERO13 Black,18.953783333333334,72.82630555555555,12.526,0.0,6.0,2.0,5.0,1.0,No sidewalk,,,,No,No,No
243706380,84393865,swathi@verifinity.ai,gs://sawasdee-labelstudio/annotation_frames/6_itinerary_4_1_frame000143.jpg,6_itinerary_4_1,6_itinerary_4_1_0f1a9ba4,143,1430.0,6,2025:04:06 04:52:30,2025-04-06 05:16:20,5,6,2114.0,HERO13 Black,18.952749999999998,72.82955277777778,26.017,0.0,2.0,3.0,1.0,,,,,,No,No,No
243706381,85006430,swathi@verifinity.ai,gs://sawasdee-labelstudio/annotation_frames/6_itinerary_4_1_frame000144.jpg,6_itinerary_4_1,6_itinerary_4_1_0f1a9ba4,144,1440.0,6,2025:04:06 04:52:30,2025-04-06 05:16:30,5,6,2114.0,HERO13 Black,18.95253611111111,72.82968888888888,22.494,0.0,11.0,3.0,,,Paved,,,,No,No,No
243706382,84386154,swathi@verifinity.ai,gs://sawasdee-labelstudio/annotation_frames/6_itinerary_4_1_frame000145.jpg,6_itinerary_4_1,6_itinerary_4_1_0f1a9ba4,145,1450.0,6,2025:04:06 04:52:30,2025-04-06 05:16:40,5,6,2114.0,HERO13 Black,18.952466666666666,72.82974722222222,17.991,0.0,11.0,4.0,2.0,1.0,No sidewalk,,,,No,No,No
243706383,84507976,swathi@verifinity.ai,gs://sawasdee-labelstudio/annotation_frames/6_itinerary_4_1_frame000146.jpg,6_itinerary_4_1,6_itinerary_4_1_0f1a9ba4,146,1460.0,6,2025:04:06 04:52:30,2025-04-06 05:16:50,5,6,2114.0,HERO13 Black,18.952302777777778,72.82972777777778,3.969,0.0,5.0,2.0,,,,,,,No,No,No
243706384,84645903,swathi@verifinity.ai,gs://sawasdee-labelstudio/annotation_frames/6_itinerary_4_1_frame000147.jpg,6_itinerary_4_1,6_itinerary_4_1_0f1a9ba4,147,1470.0,6,2025:04:06 04:52:30,2025-04-06 05:17:00,5,6,2114.0,HERO13 Black,18.952022222222222,72.82965277777777,2.174,0.0,11.0,4.0,2.0,,No sidewalk,,,,No,No,Yes
243706386,84644046,swathi@verifinity.ai,gs://sawasdee-labelstudio/annotation_frames/6_itinerary_4_1_frame000149.jpg,6_itinerary_4_1,6_itinerary_4_1_0f1a9ba4,149,1490.0,6,2025:04:06 04:52:30,2025-04-06 05:17:20,5,6,2114.0,HERO13 Black,18.951297222222223,72.82932777777778,3.646,0.0,3.0,6.0,2.0,,No sidewalk,,,,No,No,Yes
243706389,84646117,swathi@verifinity.ai,gs://sawasdee-labelstudio/annotation_frames/6_itinerary_4_1_frame000152.jpg,6_itinerary_4_1,6_itinerary_4_1_0f1a9ba4,152,1520.0,6,2025:04:06 04:52:30,2025-04-06 05:17:50,5,6,2114.0,HERO13 Black,18.950455555555553,72.82878333333333,4.755,0.0,11.0,4.0,,,,,,,No,No,Yes
243706390,85006819,swathi@verifinity.ai,gs://sawasdee-labelstudio/annotation_frames/6_itinerary_4_1_frame000153.jpg,6_itinerary_4_1,6_itinerary_4_1_0f1a9ba4,153,1530.0,6,2025:04:06 04:52:30,2025-04-06 05:18:00,5,6,2114.0,HERO13 Black,18.95005,72.82878611111111,5.028,0.0,11.0,3.0,,,No sidewalk,,,Yes,No,No,No
243706391,85018282,swathi@verifinity.ai,gs://sawasdee-labelstudio/annotation_frames/6_itinerary_4_1_frame000154.jpg,6_itinerary_4_1,6_itinerary_4_1_0f1a9ba4,154,1540.0,6,2025:04:06 04:52:30,2025-04-06 05:18:10,5,6,2114.0,HERO13 Black,18.94953888888889,72.82883333333334,6.352,0.0,11.0,4.0,2.0,,No sidewalk,,,,No,No,No
243706400,84546189,swathi@verifinity.ai,gs://sawasdee-labelstudio/annotation_frames/6_itinerary_4_1_frame000162.jpg,6_itinerary_4_1,6_itinerary_4_1_0f1a9ba4,162,1620.0,6,2025:04:06 04:52:30,2025-04-06 05:19:30,5,6,2114.0,HERO13 Black,18.948405555555556,72.83079444444444,32.194,0.0,11.0,3.0,,,Paved - Blocked,,,,No,No,Yes
243706410,84293530,swathi@verifinity.ai,gs://sawasdee-labelstudio/annotation_frames/6_itinerary_4_1_frame000172.jpg,6_itinerary_4_1,6_itinerary_4_1_0f1a9ba4,172,1720.0,6,2025:04:06 04:52:30,2025-04-06 05:21:10,5,6,2114.0,HERO13 Black,18.950075,72.8314861111111,4.148,0.0,11.0,,,,,,,,No,No,Yes
243706415,84370498,swathi@verifinity.ai,gs://sawasdee-labelstudio/annotation_frames/6_itinerary_4_1_frame000177.jpg,6_itinerary_4_1,6_itinerary_4_1_0f1a9ba4,177,1770.0,6,2025:04:06 04:52:30,2025-04-06 05:22:00,5,6,2114.0,HERO13 Black,18.950791666666667,72.83121666666666,2.649,0.0,11.0,,2.0,,No sidewalk,Yes,,,No,No,No
243706417,84608233,swathi@verifinity.ai,gs://sawasdee-labelstudio/annotation_frames/6_itinerary_4_1_frame000179.jpg,6_itinerary_4_1,6_itinerary_4_1_0f1a9ba4,179,1790.0,6,2025:04:06 04:52:30,2025-04-06 05:22:20,5,6,2114.0,HERO13 Black,18.95122222222222,72.83091388888889,0.794,0.0,8.0,,,,No sidewalk,Yes,,,No,No,No
243706418,84645582,swathi@verifinity.ai,gs://sawasdee-labelstudio/annotation_frames/6_itinerary_4_1_frame000180.jpg,6_itinerary_4_1,6_itinerary_4_1_0f1a9ba4,180,1800.0,6,2025:04:06 04:52:30,2025-04-06 05:22:30,5,6,2114.0,HERO13 Black,18.951297222222223,72.83084166666666,3.189,0.0,6.0,,,,No sidewalk,Yes,,,No,No,No
243706428,84609496,swathi@verifinity.ai,gs://sawasdee-labelstudio/annotation_frames/6_itinerary_4_1_frame000190.jpg,6_itinerary_4_1,6_itinerary_4_1_0f1a9ba4,190,1900.0,6,2025:04:06 04:52:30,2025-04-06 05:24:10,5,6,2114.0,HERO13 Black,18.950205555555556,72.83136666666667,7.369,0.0,11.0,,,,,Yes,,,No,No,No
243706429,84536542,swathi@verifinity.ai,gs://sawasdee-labelstudio/annotation_frames/6_itinerary_4_1_frame000191.jpg,6_itinerary_4_1,6_itinerary_4_1_0f1a9ba4,191,1910.0,6,2025:04:06 04:52:30,2025-04-06 05:24:20,5,6,2114.0,HERO13 Black,18.95028888888889,72.83127499999999,13.429,0.0,6.0,,,,Paved - Blocked,,,,No,No,No
243706433,84389415,swathi@verifinity.ai,gs://sawasdee-labelstudio/annotation_frames/6_itinerary_4_1_frame000195.jpg,6_itinerary_4_1,6_itinerary_4_1_0f1a9ba4,195,1950.0,6,2025:04:06 04:52:30,2025-04-06 05:25:00,5,6,2114.0,HERO13 Black,,,,,11.0,3.0,,,No sidewalk,,,,No,No,No
243706435,84295729,swathi@verifinity.ai,gs://sawasdee-labelstudio/annotation_frames/6_itinerary_4_1_frame000197.jpg,6_itinerary_4_1,6_itinerary_4_1_0f1a9ba4,197,1970.0,6,2025:04:06 04:52:30,2025-04-06 05:25:20,5,6,2114.0,HERO13 Black,,,,,11.0,8.0,,,Paved - Blocked,Yes,,,No,No,No
243706438,84293931,swathi@verifinity.ai,gs://sawasdee-labelstudio/annotation_frames/6_itinerary_4_1_frame000200.jpg,6_itinerary_4_1,6_itinerary_4_1_0f1a9ba4,200,2000.0,6,2025:04:06 04:52:30,2025-04-06 05:25:50,5,6,2114.0,HERO13 Black,,,,,11.0,6.0,,,,,,,No,No,No
243706443,84641225,swathi@verifinity.ai,gs://sawasdee-labelstudio/annotation_frames/6_itinerary_4_1_frame000205.jpg,6_itinerary_4_1,6_itinerary_4_1_0f1a9ba4,205,2050.0,6,2025:04:06 04:52:30,2025-04-06 05:26:40,5,6,2114.0,HERO13 Black,,,,,9.0,4.0,1.0,,No sidewalk,Yes,,,No,No,No
243706444,84496317,swathi@verifinity.ai,gs://sawasdee-labelstudio/annotation_frames/6_itinerary_4_1_frame000206.jpg,6_itinerary_4_1,6_itinerary_4_1_0f1a9ba4,206,2060.0,6,2025:04:06 04:52:30,2025-04-06 05:26:50,5,6,2114.0,HERO13 Black,,,,,11.0,6.0,,,,,,Construction debris,No,No,No
243706449,84285211,swathi@verifinity.ai,gs://sawasdee-labelstudio/annotation_frames/6_itinerary_4_2_frame000000.jpg,6_itinerary_4_2,6_itinerary_4_2_6793566b,0,0.0,6,2025:04:06 04:52:30,2025-04-06 04:52:30,4,6,96.0,HERO13 Black,,,,,8.0,,,,No sidewalk,,,,No,No,No
243706453,85013801,swathi@verifinity.ai,gs://sawasdee-labelstudio/annotation_frames/6_itinerary_4_2_frame000003.jpg,6_itinerary_4_2,6_itinerary_4_2_6793566b,3,30.0,6,2025:04:06 04:52:30,2025-04-06 04:53:00,4,6,96.0,HERO13 Black,,,,,7.0,3.0,,,No sidewalk,,,Yes,No,No,No
243706458,84644885,swathi@verifinity.ai,gs://sawasdee-labelstudio/annotation_frames/6_itinerary_4_2_frame000008.jpg,6_itinerary_4_2,6_itinerary_4_2_6793566b,8,80.0,6,2025:04:06 04:52:30,2025-04-06 04:53:50,4,6,96.0,HERO13 Black,,,,,5.0,,,,No sidewalk,,,,No,No,No
243706465,85021597,swathi@verifinity.ai,gs://sawasdee-labelstudio/annotation_frames/6_itinerary_5_frame000005.jpg,6_itinerary_5,6_itinerary_5_fc3353fe,5,50.0,6,2025:04:06 05:53:10,2025-04-06 05:54:00,5,6,1052.0,HERO13 Black,18.96036388888889,72.82427777777778,11.29,0.0,4.0,,,,No sidewalk,,,Yes,No,No,No
243706478,84384460,swathi@verifinity.ai,gs://sawasdee-labelstudio/annotation_frames/6_itinerary_5_frame000017.jpg,6_itinerary_5,6_itinerary_5_fc3353fe,17,170.0,6,2025:04:06 05:53:10,2025-04-06 05:56:00,5,6,1052.0,HERO13 Black,18.958125,72.82319722222222,3.241,0.0,6.0,,3.0,,Paved - Blocked,Yes,,,No,No,No
243706480,84265041,swathi@verifinity.ai,gs://sawasdee-labelstudio/annotation_frames/6_itinerary_5_frame000019.jpg,6_itinerary_5,6_itinerary_5_fc3353fe,19,190.0,6,2025:04:06 05:53:10,2025-04-06 05:56:20,5,6,1052.0,HERO13 Black,18.95837222222222,72.8229861111111,4.666,0.0,,,5.0,,,Yes,,,No,No,No
243706481,84264810,swathi@verifinity.ai,gs://sawasdee-labelstudio/annotation_frames/6_itinerary_5_frame000020.jpg,6_itinerary_5,6_itinerary_5_fc3353fe,20,200.0,6,2025:04:06 05:53:10,2025-04-06 05:56:30,5,6,1052.0,HERO13 Black,18.95842777777778,72.82301666666666,6.747,0.0,5.0,,1.0,,Paved,Yes,,,No,No,No
243706488,85021673,swathi@verifinity.ai,gs://sawasdee-labelstudio/annotation_frames/6_itinerary_5_frame000027.jpg,6_itinerary_5,6_itinerary_5_fc3353fe,27,270.0,6,2025:04:06 05:53:10,2025-04-06 05:57:40,5,6,1052.0,HERO13 Black,18.95911111111111,72.82429166666667,20.809,0.0,11.0,2.0,2.0,,Paved,Yes,,Yes,No,No,Yes
243706490,84297069,swathi@verifinity.ai,gs://sawasdee-labelstudio/annotation_frames/6_itinerary_5_frame000029.jpg,6_itinerary_5,6_itinerary_5_fc3353fe,29,290.0,6,2025:04:06 05:53:10,2025-04-06 05:58:00,5,6,1052.0,HERO13 Black,18.95928888888889,72.82385555555555,4.867,0.0,7.0,1.0,,,,Yes,,,No,No,No
243706497,84295375,swathi@verifinity.ai,gs://sawasdee-labelstudio/annotation_frames/6_itinerary_5_frame000036.jpg,6_itinerary_5,6_itinerary_5_fc3353fe,36,360.0,6,2025:04:06 05:53:10,2025-04-06 05:59:10,5,6,1052.0,HERO13 Black,18.96023333333333,72.82188611111111,14.075,0.0,5.0,1.0,2.0,,,Yes,,,No,No,No
243706501,84394639,swathi@verifinity.ai,gs://sawasdee-labelstudio/annotation_frames/6_itinerary_5_frame000040.jpg,6_itinerary_5,6_itinerary_5_fc3353fe,40,400.0,6,2025:04:06 05:53:10,2025-04-06 05:59:50,5,6,1052.0,HERO13 Black,18.960591666666666,72.820275,-3.451,0.0,,,,,No sidewalk,Yes,,,No,No,No
243706503,84545769,swathi@verifinity.ai,gs://sawasdee-labelstudio/annotation_frames/6_itinerary_5_frame000042.jpg,6_itinerary_5,6_itinerary_5_fc3353fe,42,420.0,6,2025:04:06 05:53:10,2025-04-06 06:00:10,6,6,1052.0,HERO13 Black,18.96026388888889,72.81970555555556,0.791,0.0,4.0,3.0,,,No sidewalk,Yes,,,No,No,No
243706524,84362546,swathi@verifinity.ai,gs://sawasdee-labelstudio/annotation_frames/6_itinerary_5_frame000062.jpg,6_itinerary_5,6_itinerary_5_fc3353fe,62,620.0,6,2025:04:06 05:53:10,2025-04-06 06:03:30,6,6,1052.0,HERO13 Black,18.955202777777778,72.81879444444444,8.631,0.0,4.0,,6.0,1.0,,Yes,,,No,No,No
243706529,84645959,swathi@verifinity.ai,gs://sawasdee-labelstudio/annotation_frames/6_itinerary_5_frame000067.jpg,6_itinerary_5,6_itinerary_5_fc3353fe,67,670.0,6,2025:04:06 05:53:10,2025-04-06 06:04:20,6,6,1052.0,HERO13 Black,18.953952777777776,72.82059166666666,12.259,0.0,2.0,,1.0,,Paved,,,,No,No,No
243706531,84281571,swathi@verifinity.ai,gs://sawasdee-labelstudio/annotation_frames/6_itinerary_5_frame000069.jpg,6_itinerary_5,6_itinerary_5_fc3353fe,69,690.0,6,2025:04:06 05:53:10,2025-04-06 06:04:40,6,6,1052.0,HERO13 Black,18.954316666666667,72.82105,11.772,0.0,,,4.0,,,Yes,,,No,No,No
243706534,84991175,swathi@verifinity.ai,gs://sawasdee-labelstudio/annotation_frames/6_itinerary_5_frame000072.jpg,6_itinerary_5,6_itinerary_5_fc3353fe,72,720.0,6,2025:04:06 05:53:10,2025-04-06 06:05:10,6,6,1052.0,HERO13 Black,18.954330555555554,72.82161666666666,17.739,0.0,3.0,1.0,11.0,,Paved,,,,No,No,No
243706535,84545381,swathi@verifinity.ai,gs://sawasdee-labelstudio/annotation_frames/6_itinerary_5_frame000073.jpg,6_itinerary_5,6_itinerary_5_fc3353fe,73,730.0,6,2025:04:06 05:53:10,2025-04-06 06:05:20,6,6,1052.0,HERO13 Black,18.954080555555556,72.82168055555555,18.424,0.0,,1.0,11.0,2.0,Paved,Yes,,,No,No,No
243706540,84263535,swathi@verifinity.ai,gs://sawasdee-labelstudio/annotation_frames/6_itinerary_5_frame000078.jpg,6_itinerary_5,6_itinerary_5_fc3353fe,78,780.0,6,2025:04:06 05:53:10,2025-04-06 06:06:10,6,6,1052.0,HERO13 Black,18.95303611111111,72.82155,15.203,0.0,5.0,1.0,3.0,,Paved,Yes,,,No,No,No
243706549,84381529,swathi@verifinity.ai,gs://sawasdee-labelstudio/annotation_frames/6_itinerary_5_frame000087.jpg,6_itinerary_5,6_itinerary_5_fc3353fe,87,870.0,6,2025:04:06 05:53:10,2025-04-06 06:07:40,6,6,1052.0,HERO13 Black,18.950988888888887,72.82106388888889,9.171,19.401,8.0,,1.0,1.0,No sidewalk,,,,No,No,No
243706551,84385386,swathi@verifinity.ai,gs://sawasdee-labelstudio/annotation_frames/6_itinerary_5_frame000089.jpg,6_itinerary_5,6_itinerary_5_fc3353fe,89,890.0,6,2025:04:06 05:53:10,2025-04-06 06:08:00,6,6,1052.0,HERO13 Black,,,,,7.0,3.0,1.0,1.0,No sidewalk,Yes,,,No,No,Yes
243706563,84646240,swathi@verifinity.ai,gs://sawasdee-labelstudio/annotation_frames/6_itinerary_5_frame000099.jpg,6_itinerary_5,6_itinerary_5_fc3353fe,99,990.0,6,2025:04:06 05:53:10,2025-04-06 06:09:40,6,6,1052.0,HERO13 Black,,,,,,,4.0,1.0,No sidewalk,,,,No,No,No
243706571,84645632,swathi@verifinity.ai,gs://sawasdee-labelstudio/annotation_frames/6_itinerary_6_frame000002.jpg,6_itinerary_6,6_itinerary_6_8c55e791,2,20.0,6,2025:04:06 07:31:42,2025-04-06 07:32:02,7,6,528.0,HERO13 Black,18.958430555555555,72.8095111111111,14.384,0.0,1.0,,,,Paved,Yes,,,No,No,No
243706573,84618945,swathi@verifinity.ai,gs://sawasdee-labelstudio/annotation_frames/6_itinerary_6_frame000004.jpg,6_itinerary_6,6_itinerary_6_8c55e791,4,40.0,6,2025:04:06 07:31:42,2025-04-06 07:32:22,7,6,528.0,HERO13 Black,18.957452777777778,72.80883055555556,12.881,0.0,9.0,1.0,,,Paved - Blocked,Yes,,,No,No,No
243706576,84515130,swathi@verifinity.ai,gs://sawasdee-labelstudio/annotation_frames/6_itinerary_6_frame000007.jpg,6_itinerary_6,6_itinerary_6_8c55e791,7,70.0,6,2025:04:06 07:31:42,2025-04-06 07:32:52,7,6,528.0,HERO13 Black,18.956952777777776,72.80964444444444,10.113,0.0,2.0,3.0,,,Paved - Blocked,Yes,,,No,No,No
243706584,84383508,swathi@verifinity.ai,gs://sawasdee-labelstudio/annotation_frames/6_itinerary_6_frame000015.jpg,6_itinerary_6,6_itinerary_6_8c55e791,15,150.0,6,2025:04:06 07:31:42,2025-04-06 07:34:12,7,6,528.0,HERO13 Black,18.956952777777776,72.8112,2.882,0.0,2.0,,2.0,4.0,Paved,Yes,,,No,No,No
243706586,84372201,swathi@verifinity.ai,gs://sawasdee-labelstudio/annotation_frames/6_itinerary_6_frame000017.jpg,6_itinerary_6,6_itinerary_6_8c55e791,17,170.0,6,2025:04:06 07:31:42,2025-04-06 07:34:32,7,6,528.0,HERO13 Black,18.956627777777776,72.81203055555555,3.941,0.0,2.0,,5.0,3.0,,Yes,,,No,No,No
243706590,84523909,swathi@verifinity.ai,gs://sawasdee-labelstudio/annotation_frames/6_itinerary_6_frame000021.jpg,6_itinerary_6,6_itinerary_6_8c55e791,21,210.0,6,2025:04:06 07:31:42,2025-04-06 07:35:12,7,6,528.0,HERO13 Black,18.95573611111111,72.81240277777778,10.201,0.0,1.0,3.0,1.0,,Paved,Yes,,,No,No,No
243706592,84369201,swathi@verifinity.ai,gs://sawasdee-labelstudio/annotation_frames/6_itinerary_6_frame000023.jpg,6_itinerary_6,6_itinerary_6_8c55e791,23,230.0,6,2025:04:06 07:31:42,2025-04-06 07:35:32,7,6,528.0,HERO13 Black,18.9559,72.81152222222222,4.047,0.0,7.0,2.0,,,No sidewalk,Yes,,,No,No,No
243706593,84392982,swathi@verifinity.ai,gs://sawasdee-labelstudio/annotation_frames/6_itinerary_6_frame000024.jpg,6_itinerary_6,6_itinerary_6_8c55e791,24,240.0,6,2025:04:06 07:31:42,2025-04-06 07:35:42,7,6,528.0,HERO13 Black,18.955980555555556,72.81061666666666,1.598,0.0,1.0,,1.0,,Paved,Yes,,,No,No,No
243706594,84397496,swathi@verifinity.ai,gs://sawasdee-labelstudio/annotation_frames/6_itinerary_6_frame000025.jpg,6_itinerary_6,6_itinerary_6_8c55e791,25,250.0,6,2025:04:06 07:31:42,2025-04-06 07:35:52,7,6,528.0,HERO13 Black,18.956,72.81033611111111,-1.663,0.0,3.0,,,,,,,,No,No,No
243706606,85011403,swathi@verifinity.ai,gs://sawasdee-labelstudio/annotation_frames/6_itinerary_6_frame000037.jpg,6_itinerary_6,6_itinerary_6_8c55e791,37,370.0,6,2025:04:06 07:31:42,2025-04-06 07:37:52,7,6,528.0,HERO13 Black,,,,,1.0,1.0,4.0,,Paved,,,,No,No,No
243706612,84644435,swathi@verifinity.ai,gs://sawasdee-labelstudio/annotation_frames/6_itinerary_6_frame000043.jpg,6_itinerary_6,6_itinerary_6_8c55e791,43,430.0,6,2025:04:06 07:31:42,2025-04-06 07:38:52,7,6,528.0,HERO13 Black,,,,,5.0,,1.0,,Paved,Yes,,,No,No,No
243706621,84524478,swathi@verifinity.ai,gs://sawasdee-labelstudio/annotation_frames/6_itinerary_6_frame000050.jpg,6_itinerary_6,6_itinerary_6_8c55e791,50,500.0,6,2025:04:06 07:31:42,2025-04-06 07:40:02,7,6,528.0,HERO13 Black,,,,,1.0,,1.0,1.0,,Yes,,,No,No,No
243706623,84527779,swathi@verifinity.ai,gs://sawasdee-labelstudio/annotation_frames/6_itinerary_6_frame000052.jpg,6_itinerary_6,6_itinerary_6_8c55e791,52,520.0,6,2025:04:06 07:31:42,2025-04-06 07:40:22,7,6,528.0,HERO13 Black,,,,,,2.0,1.0,,Paved,Yes,,,No,No,No
243706637,84292594,swathi@verifinity.ai,gs://sawasdee-labelstudio/annotation_frames/6_itinerary_7_frame000013.jpg,6_itinerary_7,6_itinerary_7_5c85a100,13,130.0,6,2025:04:06 07:51:31,2025-04-06 07:53:41,7,6,594.0,HERO13 Black,18.964222222222222,72.83197777777778,9.999,0.0,11.0,5.0,,,Paved,,,,No,No,No
243706648,84996961,swathi@verifinity.ai,gs://sawasdee-labelstudio/annotation_frames/6_itinerary_7_frame000023.jpg,6_itinerary_7,6_itinerary_7_5c85a100,23,230.0,6,2025:04:06 07:51:31,2025-04-06 07:55:21,7,6,594.0,HERO13 Black,18.968922222222222,72.83258055555555,10.527,0.0,7.0,,5.0,1.0,Paved,,,,No,No,No
243706649,84538911,swathi@verifinity.ai,gs://sawasdee-labelstudio/annotation_frames/6_itinerary_7_frame000024.jpg,6_itinerary_7,6_itinerary_7_5c85a100,24,240.0,6,2025:04:06 07:51:31,2025-04-06 07:55:31,7,6,594.0,HERO13 Black,18.969502777777777,72.83251388888888,10.595,0.0,4.0,,2.0,,Paved,,,,No,No,Yes
243706650,84524404,swathi@verifinity.ai,gs://sawasdee-labelstudio/annotation_frames/6_itinerary_7_frame000025.jpg,6_itinerary_7,6_itinerary_7_5c85a100,25,250.0,6,2025:04:06 07:51:31,2025-04-06 07:55:41,7,6,594.0,HERO13 Black,18.970041666666663,72.832475,10.264,0.0,1.0,2.0,7.0,4.0,,Yes,,,No,No,No
243706651,84992329,swathi@verifinity.ai,gs://sawasdee-labelstudio/annotation_frames/6_itinerary_7_frame000026.jpg,6_itinerary_7,6_itinerary_7_5c85a100,26,260.0,6,2025:04:06 07:51:31,2025-04-06 07:55:51,7,6,594.0,HERO13 Black,18.970544444444442,72.83243888888889,11.556,0.0,6.0,,4.0,2.0,Paved - Blocked,,,,No,No,No
243706652,84523835,swathi@verifinity.ai,gs://sawasdee-labelstudio/annotation_frames/6_itinerary_7_frame000027.jpg,6_itinerary_7,6_itinerary_7_5c85a100,27,270.0,6,2025:04:06 07:51:31,2025-04-06 07:56:01,7,6,594.0,HERO13 Black,18.971002777777777,72.8323361111111,13.611,0.0,3.0,,5.0,,Paved,,,,No,No,No
243706653,84644695,swathi@verifinity.ai,gs://sawasdee-labelstudio/annotation_frames/6_itinerary_7_frame000028.jpg,6_itinerary_7,6_itinerary_7_5c85a100,28,280.0,6,2025:04:06 07:51:31,2025-04-06 07:56:11,7,6,594.0,HERO13 Black,18.971016666666664,72.83251944444444,11.805,0.0,2.0,,5.0,,Paved - Blocked,,,,Yes,No,No
243706660,84526721,swathi@verifinity.ai,gs://sawasdee-labelstudio/annotation_frames/6_itinerary_7_frame000035.jpg,6_itinerary_7,6_itinerary_7_5c85a100,35,350.0,6,2025:04:06 07:51:31,2025-04-06 07:57:21,7,6,594.0,HERO13 Black,18.968161111111108,72.83269166666666,9.201,0.0,1.0,,7.0,1.0,Paved,Yes,,,No,No,No
243706661,85018995,swathi@verifinity.ai,gs://sawasdee-labelstudio/annotation_frames/6_itinerary_7_frame000036.jpg,6_itinerary_7,6_itinerary_7_5c85a100,36,360.0,6,2025:04:06 07:51:31,2025-04-06 07:57:31,7,6,594.0,HERO13 Black,18.968563888888887,72.83263611111111,8.479,0.0,3.0,,4.0,,Paved,,,Yes,No,No,No
243706675,84259239,swathi@verifinity.ai,gs://sawasdee-labelstudio/annotation_frames/6_itinerary_7_frame000048.jpg,6_itinerary_7,6_itinerary_7_5c85a100,48,480.0,6,2025:04:06 07:51:31,2025-04-06 07:59:31,7,6,594.0,HERO13 Black,,,,,,,6.0,,Paved,,,Construction debris,No,No,No
243706677,85013351,swathi@verifinity.ai,gs://sawasdee-labelstudio/annotation_frames/6_itinerary_7_frame000050.jpg,6_itinerary_7,6_itinerary_7_5c85a100,50,500.0,6,2025:04:06 07:51:31,2025-04-06 07:59:51,7,6,594.0,HERO13 Black,,,,,,,5.0,1.0,Paved,,,,No,No,No
243706708,84641259,swathi@verifinity.ai,gs://sawasdee-labelstudio/annotation_frames/6_itinerary_9_frame000021.jpg,6_itinerary_9,6_itinerary_9_687586d1,21,210.0,6,2025:04:06 08:48:36,2025-04-06 08:52:06,8,6,669.0,HERO13 Black,18.961688888888887,72.82809166666667,10.604,0.0,8.0,,1.0,,No sidewalk,,,,No,No,No
243706720,84295524,swathi@verifinity.ai,gs://sawasdee-labelstudio/annotation_frames/6_itinerary_9_frame000033.jpg,6_itinerary_9,6_itinerary_9_687586d1,33,330.0,6,2025:04:06 08:48:36,2025-04-06 08:54:06,8,6,669.0,HERO13 Black,18.960566666666665,72.82929166666666,13.418,0.1,6.0,,3.0,,,Yes,,,No,No,No
243706729,84394120,swathi@verifinity.ai,gs://sawasdee-labelstudio/annotation_frames/6_itinerary_9_frame000041.jpg,6_itinerary_9,6_itinerary_9_687586d1,41,410.0,6,2025:04:06 08:48:36,2025-04-06 08:55:26,8,6,669.0,HERO13 Black,18.959958333333333,72.82990833333334,1.614,0.0,6.0,3.0,9.0,,,Yes,,,No,No,No
243706730,84398409,swathi@verifinity.ai,gs://sawasdee-labelstudio/annotation_frames/6_itinerary_9_frame000042.jpg,6_itinerary_9,6_itinerary_9_687586d1,42,420.0,6,2025:04:06 08:48:36,2025-04-06 08:55:36,8,6,669.0,HERO13 Black,18.95996388888889,72.83017777777778,-0.191,0.0,5.0,,6.0,,Paved - Blocked,,,,Yes,No,No
243706731,84538858,swathi@verifinity.ai,gs://sawasdee-labelstudio/annotation_frames/6_itinerary_9_frame000043.jpg,6_itinerary_9,6_itinerary_9_687586d1,43,430.0,6,2025:04:06 08:48:36,2025-04-06 08:55:46,8,6,669.0,HERO13 Black,18.959975,72.83046944444445,0.328,0.0,3.0,,5.0,,,,,,No,No,No
243706736,84396754,swathi@verifinity.ai,gs://sawasdee-labelstudio/annotation_frames/6_itinerary_9_frame000048.jpg,6_itinerary_9,6_itinerary_9_687586d1,48,480.0,6,2025:04:06 08:48:36,2025-04-06 08:56:36,8,6,669.0,HERO13 Black,18.959991666666667,72.83158333333333,4.36,12.9,8.0,,,,No sidewalk,,,,No,No,No
243706741,84293342,swathi@verifinity.ai,gs://sawasdee-labelstudio/annotation_frames/6_itinerary_9_frame000053.jpg,6_itinerary_9,6_itinerary_9_687586d1,53,530.0,6,2025:04:06 08:48:36,2025-04-06 08:57:26,8,6,669.0,HERO13 Black,,,,,4.0,,2.0,,Paved - Blocked,,,,No,No,No
243706743,84521768,swathi@verifinity.ai,gs://sawasdee-labelstudio/annotation_frames/6_itinerary_9_frame000055.jpg,6_itinerary_9,6_itinerary_9_687586d1,55,550.0,6,2025:04:06 08:48:36,2025-04-06 08:57:46,8,6,669.0,HERO13 Black,,,,,7.0,,1.0,,,,,Yes,No,No,No
243706745,84257812,swathi@verifinity.ai,gs://sawasdee-labelstudio/annotation_frames/6_itinerary_9_frame000057.jpg,6_itinerary_9,6_itinerary_9_687586d1,57,570.0,6,2025:04:06 08:48:36,2025-04-06 08:58:06,8,6,669.0,HERO13 Black,,,,,11.0,2.0,,,No sidewalk,,,Yes,No,No,Yes
243706754,84631998,swathi@verifinity.ai,gs://sawasdee-labelstudio/annotation_frames/6_itinerary_9_frame000066.jpg,6_itinerary_9,6_itinerary_9_687586d1,66,660.0,6,2025:04:06 08:48:36,2025-04-06 08:59:36,8,6,669.0,HERO13 Black,,,,,2.0,4.0,,1.0,,,,Construction debris,No,No,No
243706755,84296903,swathi@verifinity.ai,gs://sawasdee-labelstudio/annotation_frames/7_itinerary_1 (1)_frame000000.jpg,7_itinerary_1 (1),7_itinerary_1 (1)_641347e1,0,0.0,7,2025:04:08 03:18:27,2025-04-08 03:18:27,3,1,358.0,HERO13 Black,18.9846,72.84098888888889,10.866,0.0,1.0,,,,,,,,No,No,No
243706757,84544638,swathi@verifinity.ai,gs://sawasdee-labelstudio/annotation_frames/7_itinerary_1 (1)_frame000002.jpg,7_itinerary_1 (1),7_itinerary_1 (1)_641347e1,2,20.0,7,2025:04:08 03:18:27,2025-04-08 03:18:47,3,1,358.0,HERO13 Black,18.985341666666667,72.84129722222222,8.747,0.0,2.0,,1.0,,Paved - Blocked,Yes,,,No,No,No
243706760,84538956,swathi@verifinity.ai,gs://sawasdee-labelstudio/annotation_frames/7_itinerary_1 (1)_frame000005.jpg,7_itinerary_1 (1),7_itinerary_1 (1)_641347e1,5,50.0,7,2025:04:08 03:18:27,2025-04-08 03:19:17,3,1,358.0,HERO13 Black,18.98660277777778,72.84150555555556,9.097,0.0,6.0,1.0,,,No sidewalk,Yes,,,No,No,No
243706775,84389800,swathi@verifinity.ai,gs://sawasdee-labelstudio/annotation_frames/7_itinerary_1 (1)_frame000020.jpg,7_itinerary_1 (1),7_itinerary_1 (1)_641347e1,20,200.0,7,2025:04:08 03:18:27,2025-04-08 03:21:47,3,1,358.0,HERO13 Black,,,,,11.0,6.0,2.0,,Paved,,,,No,No,Yes
243706786,85005355,swathi@verifinity.ai,gs://sawasdee-labelstudio/annotation_frames/7_itinerary_1 (1)_frame000031.jpg,7_itinerary_1 (1),7_itinerary_1 (1)_641347e1,31,310.0,7,2025:04:08 03:18:27,2025-04-08 03:23:37,3,1,358.0,HERO13 Black,,,,,8.0,,,,Paved,,,Yes,No,No,No
243706791,85020744,swathi@verifinity.ai,gs://sawasdee-labelstudio/annotation_frames/7_itinerary_10_1_frame000000.jpg,7_itinerary_10_1,7_itinerary_10_1_a4c625ea,0,0.0,7,2025:04:08 08:23:13,2025-04-08 08:23:13,8,1,505.0,HERO13 Black,18.962166666666665,72.83880277777777,12.756,0.0,10.0,2.0,,,No sidewalk,,,,No,No,No
243706798,84393624,swathi@verifinity.ai,gs://sawasdee-labelstudio/annotation_frames/7_itinerary_10_1_frame000007.jpg,7_itinerary_10_1,7_itinerary_10_1_a4c625ea,7,70.0,7,2025:04:08 08:23:13,2025-04-08 08:24:23,8,1,505.0,HERO13 Black,18.95883333333333,72.83833055555554,8.246,0.0,5.0,,,,,,,,No,No,No
243706801,84285138,swathi@verifinity.ai,gs://sawasdee-labelstudio/annotation_frames/7_itinerary_10_1_frame000009.jpg,7_itinerary_10_1,7_itinerary_10_1_a4c625ea,9,90.0,7,2025:04:08 08:23:13,2025-04-08 08:24:43,8,1,505.0,HERO13 Black,18.958288888888887,72.83897222222221,15.414,0.0,,,1.0,,,Yes,,,No,No,No
243706809,83686783,varun.rama@usc.edu,gs://sawasdee-labelstudio/annotation_frames/7_itinerary_10_1_frame000017.jpg,7_itinerary_10_1,7_itinerary_10_1_a4c625ea,17,170.0,7,2025:04:08 08:23:13,2025-04-08 08:26:03,8,1,505.0,HERO13 Black,18.95751111111111,72.84245277777778,10.695,0.0,1.0,0.0,0.0,0.0,No sidewalk,No,No,No,No,No,No
243706810,84957494,swathi@verifinity.ai,gs://sawasdee-labelstudio/annotation_frames/7_itinerary_10_1_frame000018.jpg,7_itinerary_10_1,7_itinerary_10_1_a4c625ea,18,180.0,7,2025:04:08 08:23:13,2025-04-08 08:26:13,8,1,505.0,HERO13 Black,18.957508333333333,72.84244722222222,10.146,0.0,9.0,1.0,6.0,,Paved - Blocked,,,,No,No,Yes
243706811,84957623,swathi@verifinity.ai,gs://sawasdee-labelstudio/annotation_frames/7_itinerary_10_1_frame000019.jpg,7_itinerary_10_1,7_itinerary_10_1_a4c625ea,19,190.0,7,2025:04:08 08:23:13,2025-04-08 08:26:23,8,1,505.0,HERO13 Black,18.957505555555556,72.84244166666666,9.252,0.0,6.0,,7.0,,,Yes,,,No,No,No
243706812,84957779,swathi@verifinity.ai,gs://sawasdee-labelstudio/annotation_frames/7_itinerary_10_1_frame000020.jpg,7_itinerary_10_1,7_itinerary_10_1_a4c625ea,20,200.0,7,2025:04:08 08:23:13,2025-04-08 08:26:33,8,1,505.0,HERO13 Black,18.957641666666667,72.84259444444444,9.505,0.0,4.0,3.0,3.0,,Paved - Blocked,Yes,,,No,No,No
243706817,84632474,swathi@verifinity.ai,gs://sawasdee-labelstudio/annotation_frames/7_itinerary_10_1_frame000025.jpg,7_itinerary_10_1,7_itinerary_10_1_a4c625ea,25,250.0,7,2025:04:08 08:23:13,2025-04-08 08:27:23,8,1,505.0,HERO13 Black,18.95901111111111,72.84303888888888,2.022,0.0,6.0,2.0,,,,Yes,,,No,No,No
243706818,84632379,swathi@verifinity.ai,gs://sawasdee-labelstudio/annotation_frames/7_itinerary_10_1_frame000026.jpg,7_itinerary_10_1,7_itinerary_10_1_a4c625ea,26,260.0,7,2025:04:08 08:23:13,2025-04-08 08:27:33,8,1,505.0,HERO13 Black,18.958111111111112,72.84281666666666,3.124,0.0,11.0,1.0,2.0,,Paved,Yes,,,No,No,No
243706821,84370956,swathi@verifinity.ai,gs://sawasdee-labelstudio/annotation_frames/7_itinerary_10_1_frame000029.jpg,7_itinerary_10_1,7_itinerary_10_1_a4c625ea,29,290.0,7,2025:04:08 08:23:13,2025-04-08 08:28:03,8,1,505.0,HERO13 Black,18.95762222222222,72.84267222222222,4.211,10.2,10.0,1.0,1.0,,Paved - Blocked,,,,No,No,No
243706834,84498044,swathi@verifinity.ai,gs://sawasdee-labelstudio/annotation_frames/7_itinerary_10_1_frame000042.jpg,7_itinerary_10_1,7_itinerary_10_1_a4c625ea,42,420.0,7,2025:04:08 08:23:13,2025-04-08 08:30:13,8,1,505.0,HERO13 Black,,,,,2.0,,1.0,2.0,Paved,,,,Yes,No,No
243706853,84639372,swathi@verifinity.ai,gs://sawasdee-labelstudio/annotation_frames/7_itinerary_10_2_frame000011.jpg,7_itinerary_10_2,7_itinerary_10_2_9830234e,11,110.0,7,2025:04:08 08:32:50,2025-04-08 08:34:40,8,1,451.0,HERO13 Black,18.949230555555555,72.84060555555556,6.492,0.0,5.0,,,,Paved - Blocked,Yes,,,No,No,No
243706854,84540063,swathi@verifinity.ai,gs://sawasdee-labelstudio/annotation_frames/7_itinerary_10_2_frame000012.jpg,7_itinerary_10_2,7_itinerary_10_2_9830234e,12,120.0,7,2025:04:08 08:32:50,2025-04-08 08:34:50,8,1,451.0,HERO13 Black,18.94922222222222,72.84061666666666,6.526,0.0,7.0,,,,No sidewalk,Yes,,,No,No,Yes
243706873,84255955,swathi@verifinity.ai,gs://sawasdee-labelstudio/annotation_frames/7_itinerary_10_2_frame000030.jpg,7_itinerary_10_2,7_itinerary_10_2_9830234e,30,300.0,7,2025:04:08 08:32:50,2025-04-08 08:37:50,8,1,451.0,HERO13 Black,,,,,,,,,Paved,Yes,,,No,No,No
243706885,84396001,swathi@verifinity.ai,gs://sawasdee-labelstudio/annotation_frames/7_itinerary_10_2_frame000041.jpg,7_itinerary_10_2,7_itinerary_10_2_9830234e,41,410.0,7,2025:04:08 08:32:50,2025-04-08 08:39:40,8,1,451.0,HERO13 Black,,,,,,2.0,1.0,,No sidewalk,,,,No,No,No
243706893,84396294,swathi@verifinity.ai,gs://sawasdee-labelstudio/annotation_frames/7_itinerary_11_1_frame000004.jpg,7_itinerary_11_1,7_itinerary_11_1_422e5351,4,40.0,7,2025:04:08 08:43:30,2025-04-08 08:44:10,8,1,653.0,HERO13 Black,18.95686111111111,72.8395,6.769,0.0,1.0,,,,No sidewalk,N/A,N/A,,No,No,No
243706899,84611679,swathi@verifinity.ai,gs://sawasdee-labelstudio/annotation_frames/7_itinerary_11_1_frame000010.jpg,7_itinerary_11_1,7_itinerary_11_1_422e5351,10,100.0,7,2025:04:08 08:43:30,2025-04-08 08:45:10,8,1,653.0,HERO13 Black,18.957644444444444,72.84094999999999,9.988,0.0,,,,,Paved,N/A,N/A,,No,No,No
243706902,84613525,swathi@verifinity.ai,gs://sawasdee-labelstudio/annotation_frames/7_itinerary_11_1_frame000013.jpg,7_itinerary_11_1,7_itinerary_11_1_422e5351,13,130.0,7,2025:04:08 08:43:30,2025-04-08 08:45:40,8,1,653.0,HERO13 Black,18.957513888888887,72.84240833333332,8.108,0.0,3.0,2.0,2.0,,,Yes,,,Yes,No,No
243706904,84369594,swathi@verifinity.ai,gs://sawasdee-labelstudio/annotation_frames/7_itinerary_11_1_frame000015.jpg,7_itinerary_11_1,7_itinerary_11_1_422e5351,15,150.0,7,2025:04:08 08:43:30,2025-04-08 08:46:00,8,1,653.0,HERO13 Black,18.957466666666665,72.84253888888888,7.536,0.0,11.0,,,,,,,Yes,No,No,Yes
243706906,85012012,swathi@verifinity.ai,gs://sawasdee-labelstudio/annotation_frames/7_itinerary_11_1_frame000017.jpg,7_itinerary_11_1,7_itinerary_11_1_422e5351,17,170.0,7,2025:04:08 08:43:30,2025-04-08 08:46:20,8,1,653.0,HERO13 Black,18.958330555555555,72.84277499999999,6.116,0.0,5.0,2.0,4.0,,Paved - Blocked,,,Yes,No,No,Yes
243706908,84390207,swathi@verifinity.ai,gs://sawasdee-labelstudio/annotation_frames/7_itinerary_11_1_frame000019.jpg,7_itinerary_11_1,7_itinerary_11_1_422e5351,19,190.0,7,2025:04:08 08:43:30,2025-04-08 08:46:40,8,1,653.0,HERO13 Black,18.95965,72.84308888888889,5.711,0.0,1.0,,4.0,,Paved,,,Yes,No,No,No
243706914,84283653,swathi@verifinity.ai,gs://sawasdee-labelstudio/annotation_frames/7_itinerary_11_1_frame000024.jpg,7_itinerary_11_1,7_itinerary_11_1_422e5351,24,240.0,7,2025:04:08 08:43:30,2025-04-08 08:47:30,8,1,653.0,HERO13 Black,18.959819444444445,72.84521666666666,7.047,0.0,4.0,,1.0,,Paved - Blocked,,,Yes,No,No,No
243706921,84368117,swathi@verifinity.ai,gs://sawasdee-labelstudio/annotation_frames/7_itinerary_11_1_frame000031.jpg,7_itinerary_11_1,7_itinerary_11_1_422e5351,31,310.0,7,2025:04:08 08:43:30,2025-04-08 08:48:40,8,1,653.0,HERO13 Black,18.960863888888888,72.84580277777778,11.102,0.0,5.0,,,,Paved,Yes,,Yes,No,No,No
243706922,84645789,swathi@verifinity.ai,gs://sawasdee-labelstudio/annotation_frames/7_itinerary_11_1_frame000032.jpg,7_itinerary_11_1,7_itinerary_11_1_422e5351,32,320.0,7,2025:04:08 08:43:30,2025-04-08 08:48:50,8,1,653.0,HERO13 Black,18.961299999999998,72.84600277777777,9.223,0.0,3.0,,1.0,,No sidewalk,,,Construction debris,No,No,No
243706923,84380336,swathi@verifinity.ai,gs://sawasdee-labelstudio/annotation_frames/7_itinerary_11_1_frame000033.jpg,7_itinerary_11_1,7_itinerary_11_1_422e5351,33,330.0,7,2025:04:08 08:43:30,2025-04-08 08:49:00,8,1,653.0,HERO13 Black,18.961994444444443,72.84616666666666,8.619,0.0,2.0,,,,Paved,,,Yes,No,No,No
243706942,85018670,swathi@verifinity.ai,gs://sawasdee-labelstudio/annotation_frames/7_itinerary_11_1_frame000052.jpg,7_itinerary_11_1,7_itinerary_11_1_422e5351,52,520.0,7,2025:04:08 08:43:30,2025-04-08 08:52:10,8,1,653.0,HERO13 Black,,,,,,,,,Paved - Blocked,,,Construction debris,No,No,No
243706946,84647647,swathi@verifinity.ai,gs://sawasdee-labelstudio/annotation_frames/7_itinerary_11_1_frame000056.jpg,7_itinerary_11_1,7_itinerary_11_1_422e5351,56,560.0,7,2025:04:08 08:43:30,2025-04-08 08:52:50,8,1,653.0,HERO13 Black,,,,,,,,,,Yes,,,No,No,No
243706947,84503293,swathi@verifinity.ai,gs://sawasdee-labelstudio/annotation_frames/7_itinerary_11_1_frame000057.jpg,7_itinerary_11_1,7_itinerary_11_1_422e5351,57,570.0,7,2025:04:08 08:43:30,2025-04-08 08:53:00,8,1,653.0,HERO13 Black,,,,,1.0,,1.0,,,,,Yes,No,No,No
243706960,84294871,swathi@verifinity.ai,gs://sawasdee-labelstudio/annotation_frames/7_itinerary_3_frame000001.jpg,7_itinerary_3,7_itinerary_3_6261da3c,1,10.0,7,2025:04:08 04:02:16,2025-04-08 04:02:26,4,1,836.0,HERO13 Black,18.97611111111111,72.83205833333334,2.123,0.0,,,,,Paved,Yes,,,No,No,No
243706961,84386717,swathi@verifinity.ai,gs://sawasdee-labelstudio/annotation_frames/7_itinerary_3_frame000002.jpg,7_itinerary_3,7_itinerary_3_6261da3c,2,20.0,7,2025:04:08 04:02:16,2025-04-08 04:02:36,4,1,836.0,HERO13 Black,18.976213888888886,72.83205833333334,-1.653,0.0,1.0,,1.0,,,Yes,,,No,No,No
243706964,84295793,swathi@verifinity.ai,gs://sawasdee-labelstudio/annotation_frames/7_itinerary_3_frame000004.jpg,7_itinerary_3,7_itinerary_3_6261da3c,4,40.0,7,2025:04:08 04:02:16,2025-04-08 04:02:56,4,1,836.0,HERO13 Black,18.976680555555554,72.83211944444444,1.167,0.0,1.0,,6.0,,Paved,Yes,,,No,No,No
243706971,84645820,swathi@verifinity.ai,gs://sawasdee-labelstudio/annotation_frames/7_itinerary_3_frame000011.jpg,7_itinerary_3,7_itinerary_3_6261da3c,11,110.0,7,2025:04:08 04:02:16,2025-04-08 04:04:06,4,1,836.0,HERO13 Black,18.974113888888887,72.83225277777777,9.049,0.0,1.0,,2.0,,Paved,,,,No,No,No
243706972,84299808,swathi@verifinity.ai,gs://sawasdee-labelstudio/annotation_frames/7_itinerary_3_frame000012.jpg,7_itinerary_3,7_itinerary_3_6261da3c,12,120.0,7,2025:04:08 04:02:16,2025-04-08 04:04:16,4,1,836.0,HERO13 Black,18.97373611111111,72.83252777777777,8.962,0.0,1.0,,3.0,,Paved,,,,No,No,No
243706974,84647733,swathi@verifinity.ai,gs://sawasdee-labelstudio/annotation_frames/7_itinerary_3_frame000014.jpg,7_itinerary_3,7_itinerary_3_6261da3c,14,140.0,7,2025:04:08 04:02:16,2025-04-08 04:04:36,4,1,836.0,HERO13 Black,18.9727,72.83263055555555,7.358,0.0,1.0,3.0,2.0,,Paved - Blocked,,,,No,No,No
243706978,84381423,swathi@verifinity.ai,gs://sawasdee-labelstudio/annotation_frames/7_itinerary_3_frame000018.jpg,7_itinerary_3,7_itinerary_3_6261da3c,18,180.0,7,2025:04:08 04:02:16,2025-04-08 04:05:16,4,1,836.0,HERO13 Black,18.97116111111111,72.832625,6.952,0.0,3.0,,,,Paved - Blocked,Yes,,,No,No,No
243706983,84285355,swathi@verifinity.ai,gs://sawasdee-labelstudio/annotation_frames/7_itinerary_3_frame000023.jpg,7_itinerary_3,7_itinerary_3_6261da3c,23,230.0,7,2025:04:08 04:02:16,2025-04-08 04:06:06,4,1,836.0,HERO13 Black,18.969363888888886,72.83268333333334,10.527,0.0,2.0,,,,No sidewalk,,,,No,No,No
243706987,84643924,swathi@verifinity.ai,gs://sawasdee-labelstudio/annotation_frames/7_itinerary_3_frame000027.jpg,7_itinerary_3,7_itinerary_3_6261da3c,27,270.0,7,2025:04:08 04:02:16,2025-04-08 04:06:46,4,1,836.0,HERO13 Black,18.968377777777775,72.83270277777777,8.238,0.0,11.0,1.0,,,Paved,Yes,,,No,No,No
243706989,84957872,swathi@verifinity.ai,gs://sawasdee-labelstudio/annotation_frames/7_itinerary_3_frame000029.jpg,7_itinerary_3,7_itinerary_3_6261da3c,29,290.0,7,2025:04:08 04:02:16,2025-04-08 04:07:06,4,1,836.0,HERO13 Black,18.969902777777776,72.83259166666666,8.434,0.0,11.0,1.0,,,Paved - Blocked,Yes,,,No,No,No
243706993,84256006,swathi@verifinity.ai,gs://sawasdee-labelstudio/annotation_frames/7_itinerary_3_frame000033.jpg,7_itinerary_3,7_itinerary_3_6261da3c,33,330.0,7,2025:04:08 04:02:16,2025-04-08 04:07:46,4,1,836.0,HERO13 Black,18.97311111111111,72.833325,8.136,0.0,4.0,,1.0,,Paved,Yes,,,No,No,No
243706994,84265011,swathi@verifinity.ai,gs://sawasdee-labelstudio/annotation_frames/7_itinerary_3_frame000034.jpg,7_itinerary_3,7_itinerary_3_6261da3c,34,340.0,7,2025:04:08 04:02:16,2025-04-08 04:07:56,4,1,836.0,HERO13 Black,18.973680555555553,72.83358055555556,7.947,0.0,1.0,1.0,1.0,,No sidewalk,Yes,,,No,No,Yes
243707008,84527517,swathi@verifinity.ai,gs://sawasdee-labelstudio/annotation_frames/7_itinerary_3_frame000048.jpg,7_itinerary_3,7_itinerary_3_6261da3c,48,480.0,7,2025:04:08 04:02:16,2025-04-08 04:10:16,4,1,836.0,HERO13 Black,18.974119444444444,72.83365277777777,5.099,0.0,2.0,1.0,4.0,1.0,Paved,Yes,,,No,No,No
243707009,84394184,swathi@verifinity.ai,gs://sawasdee-labelstudio/annotation_frames/7_itinerary_3_frame000049.jpg,7_itinerary_3,7_itinerary_3_6261da3c,49,490.0,7,2025:04:08 04:02:16,2025-04-08 04:10:26,4,1,836.0,HERO13 Black,18.974116666666664,72.83363888888888,6.534,0.0,,,1.0,,,,,,No,No,No
243707010,85018181,swathi@verifinity.ai,gs://sawasdee-labelstudio/annotation_frames/7_itinerary_3_frame000050.jpg,7_itinerary_3,7_itinerary_3_6261da3c,50,500.0,7,2025:04:08 04:02:16,2025-04-08 04:10:36,4,1,836.0,HERO13 Black,18.974124999999997,72.83363055555554,1.283,0.0,,,2.0,,Paved,Yes,,,No,No,No
243707018,84269407,swathi@verifinity.ai,gs://sawasdee-labelstudio/annotation_frames/7_itinerary_3_frame000057.jpg,7_itinerary_3,7_itinerary_3_6261da3c,57,570.0,7,2025:04:08 04:02:16,2025-04-08 04:11:46,4,1,836.0,HERO13 Black,18.973574999999997,72.83370833333333,5.948,0.0,,2.0,6.0,,,,,,No,No,No
243707020,84631563,swathi@verifinity.ai,gs://sawasdee-labelstudio/annotation_frames/7_itinerary_3_frame000059.jpg,7_itinerary_3,7_itinerary_3_6261da3c,59,590.0,7,2025:04:08 04:02:16,2025-04-08 04:12:06,4,1,836.0,HERO13 Black,18.972441666666665,72.83298611111111,11.212,0.0,5.0,1.0,3.0,,,,,,No,No,Yes
243707024,84500930,swathi@verifinity.ai,gs://sawasdee-labelstudio/annotation_frames/7_itinerary_3_frame000063.jpg,7_itinerary_3,7_itinerary_3_6261da3c,63,630.0,7,2025:04:08 04:02:16,2025-04-08 04:12:46,4,1,836.0,HERO13 Black,18.97148611111111,72.83261944444445,10.253,16.901,11.0,2.0,2.0,,,,,,No,No,Yes
243707027,84282378,swathi@verifinity.ai,gs://sawasdee-labelstudio/annotation_frames/7_itinerary_3_frame000066.jpg,7_itinerary_3,7_itinerary_3_6261da3c,66,660.0,7,2025:04:08 04:02:16,2025-04-08 04:13:16,4,1,836.0,HERO13 Black,,,,,1.0,,1.0,,,,,,No,No,No
243707031,84283851,swathi@verifinity.ai,gs://sawasdee-labelstudio/annotation_frames/7_itinerary_3_frame000070.jpg,7_itinerary_3,7_itinerary_3_6261da3c,70,700.0,7,2025:04:08 04:02:16,2025-04-08 04:13:56,4,1,836.0,HERO13 Black,,,,,7.0,,6.0,,,,,,No,No,No
243707035,85020804,swathi@verifinity.ai,gs://sawasdee-labelstudio/annotation_frames/7_itinerary_3_frame000074.jpg,7_itinerary_3,7_itinerary_3_6261da3c,74,740.0,7,2025:04:08 04:02:16,2025-04-08 04:14:36,4,1,836.0,HERO13 Black,,,,,4.0,1.0,4.0,,No sidewalk,,,,No,No,No
243707044,85000665,swathi@verifinity.ai,gs://sawasdee-labelstudio/annotation_frames/7_itinerary_3_frame000083.jpg,7_itinerary_3,7_itinerary_3_6261da3c,83,830.0,7,2025:04:08 04:02:16,2025-04-08 04:16:06,4,1,836.0,HERO13 Black,,,,,,,7.0,2.0,No sidewalk,Yes,,,No,No,No
243707046,84545016,swathi@verifinity.ai,gs://sawasdee-labelstudio/annotation_frames/7_itinerary_5_frame000001.jpg,7_itinerary_5,7_itinerary_5_9e7f6bbc,1,10.0,7,2025:04:08 05:13:03,2025-04-08 05:13:13,5,1,785.0,HERO13 Black,18.97661388888889,72.8355111111111,13.945,0.0,7.0,2.0,6.0,,Paved,Yes,,,No,No,No
243707047,84640053,swathi@verifinity.ai,gs://sawasdee-labelstudio/annotation_frames/7_itinerary_5_frame000002.jpg,7_itinerary_5,7_itinerary_5_9e7f6bbc,2,20.0,7,2025:04:08 05:13:03,2025-04-08 05:13:23,5,1,785.0,HERO13 Black,18.976777777777777,72.83553333333333,9.882,0.0,7.0,,4.0,,Paved,,,,No,No,No
243707055,84299602,swathi@verifinity.ai,gs://sawasdee-labelstudio/annotation_frames/7_itinerary_5_frame000010.jpg,7_itinerary_5,7_itinerary_5_9e7f6bbc,10,100.0,7,2025:04:08 05:13:03,2025-04-08 05:14:43,5,1,785.0,HERO13 Black,18.975883333333332,72.83550833333332,10.02,0.0,,2.0,1.0,,Paved,Yes,,,No,No,No
243707066,84999513,swathi@verifinity.ai,gs://sawasdee-labelstudio/annotation_frames/7_itinerary_5_frame000022.jpg,7_itinerary_5,7_itinerary_5_9e7f6bbc,22,220.0,7,2025:04:08 05:13:03,2025-04-08 05:16:43,5,1,785.0,HERO13 Black,18.976255555555554,72.83614444444444,7.378,0.0,7.0,1.0,,,No sidewalk,,,,No,No,No
243707070,84647041,swathi@verifinity.ai,gs://sawasdee-labelstudio/annotation_frames/7_itinerary_5_frame000025.jpg,7_itinerary_5,7_itinerary_5_9e7f6bbc,25,250.0,7,2025:04:08 05:13:03,2025-04-08 05:17:13,5,1,785.0,HERO13 Black,18.975772222222222,72.83640555555554,8.997,0.0,,,,,No sidewalk,Yes,,,No,No,No
243707075,84284211,swathi@verifinity.ai,gs://sawasdee-labelstudio/annotation_frames/7_itinerary_5_frame000029.jpg,7_itinerary_5,7_itinerary_5_9e7f6bbc,29,290.0,7,2025:04:08 05:13:03,2025-04-08 05:17:53,5,1,785.0,HERO13 Black,18.976113888888886,72.83786111111111,12.077,0.0,4.0,2.0,1.0,,No sidewalk,Yes,,,No,No,No
243707078,84300270,swathi@verifinity.ai,gs://sawasdee-labelstudio/annotation_frames/7_itinerary_5_frame000032.jpg,7_itinerary_5,7_itinerary_5_9e7f6bbc,32,320.0,7,2025:04:08 05:13:03,2025-04-08 05:18:23,5,1,785.0,HERO13 Black,18.97629722222222,72.83903333333333,11.946,0.0,2.0,1.0,,,No sidewalk,,,,No,No,No
243707080,84298773,swathi@verifinity.ai,gs://sawasdee-labelstudio/annotation_frames/7_itinerary_5_frame000034.jpg,7_itinerary_5,7_itinerary_5_9e7f6bbc,34,340.0,7,2025:04:08 05:13:03,2025-04-08 05:18:43,5,1,785.0,HERO13 Black,18.97677222222222,72.83917777777778,15.937,0.0,5.0,,,,Paved,Yes,,,No,No,No
243707081,84643457,swathi@verifinity.ai,gs://sawasdee-labelstudio/annotation_frames/7_itinerary_5_frame000035.jpg,7_itinerary_5,7_itinerary_5_9e7f6bbc,35,350.0,7,2025:04:08 05:13:03,2025-04-08 05:18:53,5,1,785.0,HERO13 Black,18.97710833333333,72.83925555555555,14.616,0.0,1.0,3.0,6.0,,Paved - Blocked,Yes,,,No,No,No
243707090,84618990,swathi@verifinity.ai,gs://sawasdee-labelstudio/annotation_frames/7_itinerary_5_frame000044.jpg,7_itinerary_5,7_itinerary_5_9e7f6bbc,44,440.0,7,2025:04:08 05:13:03,2025-04-08 05:20:23,5,1,785.0,HERO13 Black,18.976669444444443,72.84074722222222,15.902,0.0,3.0,1.0,,,No sidewalk,Yes,,,No,No,No
243707092,84545089,swathi@verifinity.ai,gs://sawasdee-labelstudio/annotation_frames/7_itinerary_5_frame000046.jpg,7_itinerary_5,7_itinerary_5_9e7f6bbc,46,460.0,7,2025:04:08 05:13:03,2025-04-08 05:20:43,5,1,785.0,HERO13 Black,18.97734722222222,72.84141944444444,15.317,0.1,,1.0,2.0,,No sidewalk,Yes,,,No,No,No
243707096,84300207,swathi@verifinity.ai,gs://sawasdee-labelstudio/annotation_frames/7_itinerary_5_frame000050.jpg,7_itinerary_5,7_itinerary_5_9e7f6bbc,50,500.0,7,2025:04:08 05:13:03,2025-04-08 05:21:23,5,1,785.0,HERO13 Black,18.97919722222222,72.8408986111111,12.305,0.1,2.0,,1.0,1.0,,Yes,,,No,No,No
243707099,84371128,swathi@verifinity.ai,gs://sawasdee-labelstudio/annotation_frames/7_itinerary_5_frame000053.jpg,7_itinerary_5,7_itinerary_5_9e7f6bbc,53,530.0,7,2025:04:08 05:13:03,2025-04-08 05:21:53,5,1,785.0,HERO13 Black,18.979894444444444,72.840775,9.415,0.0,5.0,,2.0,1.0,,Yes,,,No,No,No
243707120,84527743,swathi@verifinity.ai,gs://sawasdee-labelstudio/annotation_frames/7_itinerary_5_frame000073.jpg,7_itinerary_5,7_itinerary_5_9e7f6bbc,73,730.0,7,2025:04:08 05:13:03,2025-04-08 05:25:13,5,1,785.0,HERO13 Black,,,,,2.0,,,1.0,,,,Yes,No,No,No
243707124,84499497,swathi@verifinity.ai,gs://sawasdee-labelstudio/annotation_frames/7_itinerary_5_frame000076.jpg,7_itinerary_5,7_itinerary_5_9e7f6bbc,76,760.0,7,2025:04:08 05:13:03,2025-04-08 05:25:43,5,1,785.0,HERO13 Black,,,,,8.0,,2.0,,Paved,,,,No,No,No
243707132,84292354,swathi@verifinity.ai,gs://sawasdee-labelstudio/annotation_frames/7_itinerary_6_frame000006.jpg,7_itinerary_6,7_itinerary_6_04d0ca5d,6,60.0,7,2025:04:08 05:32:04,2025-04-08 05:33:04,5,1,734.0,HERO13 Black,18.968866666666663,72.84071666666667,16.229,0.0,1.0,1.0,1.0,,No sidewalk,,,,No,No,No
243707136,84363680,swathi@verifinity.ai,gs://sawasdee-labelstudio/annotation_frames/7_itinerary_6_frame000010.jpg,7_itinerary_6,7_itinerary_6_04d0ca5d,10,100.0,7,2025:04:08 05:32:04,2025-04-08 05:33:44,5,1,734.0,HERO13 Black,18.9684,72.84176111111111,22.088,0.0,,1.0,,,,N/A,N/A,,No,No,No
243707139,84370343,swathi@verifinity.ai,gs://sawasdee-labelstudio/annotation_frames/7_itinerary_6_frame000013.jpg,7_itinerary_6,7_itinerary_6_04d0ca5d,13,130.0,7,2025:04:08 05:32:04,2025-04-08 05:34:14,5,1,734.0,HERO13 Black,18.967466666666667,72.84131666666666,19.498,0.0,,,,,,,,Yes,No,No,No
243707143,84957899,swathi@verifinity.ai,gs://sawasdee-labelstudio/annotation_frames/7_itinerary_6_frame000017.jpg,7_itinerary_6,7_itinerary_6_04d0ca5d,17,170.0,7,2025:04:08 05:32:04,2025-04-08 05:34:54,5,1,734.0,HERO13 Black,18.966041666666666,72.84068611111111,12.854,0.0,,,,,No sidewalk,,,Yes,No,No,No
243707144,84544510,swathi@verifinity.ai,gs://sawasdee-labelstudio/annotation_frames/7_itinerary_6_frame000018.jpg,7_itinerary_6,7_itinerary_6_04d0ca5d,18,180.0,7,2025:04:08 05:32:04,2025-04-08 05:35:04,5,1,734.0,HERO13 Black,18.96573611111111,72.84061666666666,13.286,0.0,,,,,No sidewalk,,,Yes,No,No,No
243707145,84372426,swathi@verifinity.ai,gs://sawasdee-labelstudio/annotation_frames/7_itinerary_6_frame000019.jpg,7_itinerary_6,7_itinerary_6_04d0ca5d,19,190.0,7,2025:04:08 05:32:04,2025-04-08 05:35:14,5,1,734.0,HERO13 Black,18.965386111111112,72.84075,12.911,0.0,,,,,No sidewalk,,,,No,No,No
243707147,84645665,swathi@verifinity.ai,gs://sawasdee-labelstudio/annotation_frames/7_itinerary_6_frame000021.jpg,7_itinerary_6,7_itinerary_6_04d0ca5d,21,210.0,7,2025:04:08 05:32:04,2025-04-08 05:35:34,5,1,734.0,HERO13 Black,18.965416666666666,72.84073055555555,13.101,0.0,1.0,2.0,,,No sidewalk,,,,No,No,No
243707149,84958047,swathi@verifinity.ai,gs://sawasdee-labelstudio/annotation_frames/7_itinerary_6_frame000023.jpg,7_itinerary_6,7_itinerary_6_04d0ca5d,23,230.0,7,2025:04:08 05:32:04,2025-04-08 05:35:54,5,1,734.0,HERO13 Black,18.96607222222222,72.84066944444444,15.504,0.0,4.0,2.0,4.0,1.0,,,,,No,No,Yes
243707155,84395180,swathi@verifinity.ai,gs://sawasdee-labelstudio/annotation_frames/7_itinerary_6_frame000029.jpg,7_itinerary_6,7_itinerary_6_04d0ca5d,29,290.0,7,2025:04:08 05:32:04,2025-04-08 05:36:54,5,1,734.0,HERO13 Black,18.968116694444443,72.84174725,22.860845,0.099,11.0,3.0,1.0,,Paved - Blocked,Yes,,,No,No,Yes
243707157,84282815,swathi@verifinity.ai,gs://sawasdee-labelstudio/annotation_frames/7_itinerary_6_frame000031.jpg,7_itinerary_6,7_itinerary_6_04d0ca5d,31,310.0,7,2025:04:08 05:32:04,2025-04-08 05:37:14,5,1,734.0,HERO13 Black,18.968390291666665,72.8416152361111,21.142190000000003,0.099,4.0,5.0,3.0,,Paved,Yes,,,Yes,No,No
243707162,84267396,swathi@verifinity.ai,gs://sawasdee-labelstudio/annotation_frames/7_itinerary_6_frame000036.jpg,7_itinerary_6,7_itinerary_6_04d0ca5d,36,360.0,7,2025:04:08 05:32:04,2025-04-08 05:38:04,5,1,734.0,HERO13 Black,18.968491666666665,72.84046666666666,18.014,0.0,1.0,1.0,2.0,1.0,No sidewalk,,,,No,No,No
243707164,85011789,swathi@verifinity.ai,gs://sawasdee-labelstudio/annotation_frames/7_itinerary_6_frame000038.jpg,7_itinerary_6,7_itinerary_6_04d0ca5d,38,380.0,7,2025:04:08 05:32:04,2025-04-08 05:38:24,5,1,734.0,HERO13 Black,18.96885,72.84013611111111,8.144,0.0,3.0,2.0,2.0,,No sidewalk,,,Construction debris,No,No,No
243707170,84260916,swathi@verifinity.ai,gs://sawasdee-labelstudio/annotation_frames/7_itinerary_6_frame000044.jpg,7_itinerary_6,7_itinerary_6_04d0ca5d,44,440.0,7,2025:04:08 05:32:04,2025-04-08 05:39:24,5,1,734.0,HERO13 Black,18.968930555555556,72.83913888888888,16.963,0.0,2.0,,1.0,,,Yes,,,No,No,Yes
243707186,84291798,swathi@verifinity.ai,gs://sawasdee-labelstudio/annotation_frames/7_itinerary_6_frame000059.jpg,7_itinerary_6,7_itinerary_6_04d0ca5d,59,590.0,7,2025:04:08 05:32:04,2025-04-08 05:41:54,5,1,734.0,HERO13 Black,,,,,5.0,3.0,2.0,,Paved,Yes,,,No,No,No
243707187,84644208,swathi@verifinity.ai,gs://sawasdee-labelstudio/annotation_frames/7_itinerary_6_frame000060.jpg,7_itinerary_6,7_itinerary_6_04d0ca5d,60,600.0,7,2025:04:08 05:32:04,2025-04-08 05:42:04,5,1,734.0,HERO13 Black,,,,,3.0,,2.0,,,,,,No,No,No
243707190,84291276,swathi@verifinity.ai,gs://sawasdee-labelstudio/annotation_frames/7_itinerary_6_frame000063.jpg,7_itinerary_6,7_itinerary_6_04d0ca5d,63,630.0,7,2025:04:08 05:32:04,2025-04-08 05:42:34,5,1,734.0,HERO13 Black,,,,,7.0,,2.0,,Paved,Yes,,,No,No,Yes
243707192,85012829,swathi@verifinity.ai,gs://sawasdee-labelstudio/annotation_frames/7_itinerary_6_frame000065.jpg,7_itinerary_6,7_itinerary_6_04d0ca5d,65,650.0,7,2025:04:08 05:32:04,2025-04-08 05:42:54,5,1,734.0,HERO13 Black,,,,,,,,,Paved,,,,No,No,No
243707196,84521679,swathi@verifinity.ai,gs://sawasdee-labelstudio/annotation_frames/7_itinerary_6_frame000069.jpg,7_itinerary_6,7_itinerary_6_04d0ca5d,69,690.0,7,2025:04:08 05:32:04,2025-04-08 05:43:34,5,1,734.0,HERO13 Black,,,,,,2.0,1.0,,Paved,Yes,,,No,No,No
243707201,84545065,swathi@verifinity.ai,gs://sawasdee-labelstudio/annotation_frames/7_itinerary_9_frame000001.jpg,7_itinerary_9,7_itinerary_9_ce7f8df0,1,10.0,7,2025:04:12 13:53:20,2025-04-12 13:53:30,13,5,1461.0,HERO13 Black,18.967027777777776,72.84718888888888,1.205,0.0,2.0,,1.0,,,,,,No,No,No
243707204,84524289,swathi@verifinity.ai,gs://sawasdee-labelstudio/annotation_frames/7_itinerary_9_frame000004.jpg,7_itinerary_9,7_itinerary_9_ce7f8df0,4,40.0,7,2025:04:12 13:53:20,2025-04-12 13:54:00,13,5,1461.0,HERO13 Black,18.967233333333333,72.84671388888889,3.651,0.0,1.0,,,,,Yes,,,No,No,No
243707211,84383068,swathi@verifinity.ai,gs://sawasdee-labelstudio/annotation_frames/7_itinerary_9_frame000011.jpg,7_itinerary_9,7_itinerary_9_ce7f8df0,11,110.0,7,2025:04:12 13:53:20,2025-04-12 13:55:10,13,5,1461.0,HERO13 Black,18.966766666666665,72.84601388888889,-0.239,0.0,2.0,,,,,,,,No,No,No
243707220,84382623,swathi@verifinity.ai,gs://sawasdee-labelstudio/annotation_frames/7_itinerary_9_frame000020.jpg,7_itinerary_9,7_itinerary_9_ce7f8df0,20,200.0,7,2025:04:12 13:53:20,2025-04-12 13:56:40,13,5,1461.0,HERO13 Black,18.96974722222222,72.84649444444445,5.143,0.0,,,,,,Yes,,,No,No,No
243707223,84609415,swathi@verifinity.ai,gs://sawasdee-labelstudio/annotation_frames/7_itinerary_9_frame000023.jpg,7_itinerary_9,7_itinerary_9_ce7f8df0,23,230.0,7,2025:04:12 13:53:20,2025-04-12 13:57:10,13,5,1461.0,HERO13 Black,18.970563888888886,72.84651388888888,6.24,0.0,7.0,3.0,1.0,,No sidewalk,,,,No,No,No
243707286,84288677,swathi@verifinity.ai,gs://sawasdee-labelstudio/annotation_frames/7_itinerary_9_frame000084.jpg,7_itinerary_9,7_itinerary_9_ce7f8df0,84,840.0,7,2025:04:12 13:53:20,2025-04-12 14:07:20,14,5,1461.0,HERO13 Black,18.975908333333333,72.85121666666666,-3.68,0.0,7.0,,,,Paved - Blocked,,,,No,No,No
243707302,84507483,swathi@verifinity.ai,gs://sawasdee-labelstudio/annotation_frames/7_itinerary_9_frame000100.jpg,7_itinerary_9,7_itinerary_9_ce7f8df0,100,1000.0,7,2025:04:12 13:53:20,2025-04-12 14:10:00,14,5,1461.0,HERO13 Black,18.97596944444444,72.84737777777778,-1.718,0.0,1.0,,,,,,,,No,No,No
243707321,84300313,swathi@verifinity.ai,gs://sawasdee-labelstudio/annotation_frames/7_itinerary_9_frame000119.jpg,7_itinerary_9,7_itinerary_9_ce7f8df0,119,1190.0,7,2025:04:12 13:53:20,2025-04-12 14:13:10,14,5,1461.0,HERO13 Black,18.98048611111111,72.85165833333333,8.045,2.401,11.0,,,,,,,,No,No,No
243707322,84282262,swathi@verifinity.ai,gs://sawasdee-labelstudio/annotation_frames/7_itinerary_9_frame000120.jpg,7_itinerary_9,7_itinerary_9_ce7f8df0,120,1200.0,7,2025:04:12 13:53:20,2025-04-12 14:13:20,14,5,1461.0,HERO13 Black,18.98048611111111,72.85165833333333,8.045,12.401,11.0,,,,,,,,No,No,Yes
243707332,84999703,swathi@verifinity.ai,gs://sawasdee-labelstudio/annotation_frames/7_itinerary_9_frame000130.jpg,7_itinerary_9,7_itinerary_9_ce7f8df0,130,1300.0,7,2025:04:12 13:53:20,2025-04-12 14:15:00,14,5,1461.0,HERO13 Black,,,,,8.0,,1.0,,No sidewalk,,,,No,No,No
243707333,84391290,swathi@verifinity.ai,gs://sawasdee-labelstudio/annotation_frames/7_itinerary_9_frame000131.jpg,7_itinerary_9,7_itinerary_9_ce7f8df0,131,1310.0,7,2025:04:12 13:53:20,2025-04-12 14:15:10,14,5,1461.0,HERO13 Black,,,,,1.0,,,,,,,,No,No,No
243707343,84958184,swathi@verifinity.ai,gs://sawasdee-labelstudio/annotation_frames/7_itinerary_9_frame000140.jpg,7_itinerary_9,7_itinerary_9_ce7f8df0,140,1400.0,7,2025:04:12 13:53:20,2025-04-12 14:16:40,14,5,1461.0,HERO13 Black,,,,,5.0,,1.0,,,,,,No,No,No
243707345,84958234,swathi@verifinity.ai,gs://sawasdee-labelstudio/annotation_frames/7_itinerary_9_frame000142.jpg,7_itinerary_9,7_itinerary_9_ce7f8df0,142,1420.0,7,2025:04:12 13:53:20,2025-04-12 14:17:00,14,5,1461.0,HERO13 Black,,,,,,,1.0,,,,,,No,No,No
243707347,84958255,swathi@verifinity.ai,gs://sawasdee-labelstudio/annotation_frames/7_itinerary_9_frame000144.jpg,7_itinerary_9,7_itinerary_9_ce7f8df0,144,1440.0,7,2025:04:12 13:53:20,2025-04-12 14:17:20,14,5,1461.0,HERO13 Black,,,,,1.0,,,,,,,,No,No,No
243707354,84366015,swathi@verifinity.ai,gs://sawasdee-labelstudio/annotation_frames/8_itinerary_10_frame000005.jpg,8_itinerary_10,8_itinerary_10_ea63f56a,5,50.0,8,2025:04:10 13:07:19,2025-04-10 13:08:09,13,3,654.0,HERO13 Black,18.97599722222222,72.83546666666666,23.615,0.0,11.0,,5.0,2.0,No sidewalk,,,,No,No,No
243707357,84503757,swathi@verifinity.ai,gs://sawasdee-labelstudio/annotation_frames/8_itinerary_10_frame000008.jpg,8_itinerary_10,8_itinerary_10_ea63f56a,8,80.0,8,2025:04:10 13:07:19,2025-04-10 13:08:39,13,3,654.0,HERO13 Black,18.97572222222222,72.83545833333334,24.848,0.0,3.0,,3.0,,Paved,,,,No,No,No
243707361,84524984,swathi@verifinity.ai,gs://sawasdee-labelstudio/annotation_frames/8_itinerary_10_frame000012.jpg,8_itinerary_10,8_itinerary_10_ea63f56a,12,120.0,8,2025:04:10 13:07:19,2025-04-10 13:09:19,13,3,654.0,HERO13 Black,18.97544444444444,72.83386944444445,17.724,0.0,11.0,1.0,5.0,1.0,Paved,Yes,,,No,No,No
243707364,84620981,swathi@verifinity.ai,gs://sawasdee-labelstudio/annotation_frames/8_itinerary_10_frame000015.jpg,8_itinerary_10,8_itinerary_10_ea63f56a,15,150.0,8,2025:04:10 13:07:19,2025-04-10 13:09:49,13,3,654.0,HERO13 Black,18.973952777777775,72.83398055555556,20.823,0.0,4.0,3.0,11.0,2.0,Paved,,,,No,No,No
243707368,84398135,swathi@verifinity.ai,gs://sawasdee-labelstudio/annotation_frames/8_itinerary_10_frame000019.jpg,8_itinerary_10,8_itinerary_10_ea63f56a,19,190.0,8,2025:04:10 13:07:19,2025-04-10 13:10:29,13,3,654.0,HERO13 Black,18.972974999999998,72.83498055555555,14.72,0.0,1.0,1.0,5.0,2.0,Paved,Yes,,,No,No,No
243707373,84289619,swathi@verifinity.ai,gs://sawasdee-labelstudio/annotation_frames/8_itinerary_10_frame000024.jpg,8_itinerary_10,8_itinerary_10_ea63f56a,24,240.0,8,2025:04:10 13:07:19,2025-04-10 13:11:19,13,3,654.0,HERO13 Black,18.973116666666666,72.83590555555556,20.514,0.0,7.0,,4.0,2.0,Paved - Blocked,Yes,,,No,No,No
243707377,84525149,swathi@verifinity.ai,gs://sawasdee-labelstudio/annotation_frames/8_itinerary_10_frame000028.jpg,8_itinerary_10,8_itinerary_10_ea63f56a,28,280.0,8,2025:04:10 13:07:19,2025-04-10 13:11:59,13,3,654.0,HERO13 Black,18.972536111111108,72.83574444444444,20.668,0.0,9.0,,,,,Yes,,,No,No,No
243707378,84545791,swathi@verifinity.ai,gs://sawasdee-labelstudio/annotation_frames/8_itinerary_10_frame000029.jpg,8_itinerary_10,8_itinerary_10_ea63f56a,29,290.0,8,2025:04:10 13:07:19,2025-04-10 13:12:09,13,3,654.0,HERO13 Black,18.972638916666664,72.83548468055555,15.66295,0.099,4.0,,,,No sidewalk,,,,No,No,No
243707379,84646515,swathi@verifinity.ai,gs://sawasdee-labelstudio/annotation_frames/8_itinerary_10_frame000030.jpg,8_itinerary_10,8_itinerary_10_ea63f56a,30,300.0,8,2025:04:10 13:07:19,2025-04-10 13:12:19,13,3,654.0,HERO13 Black,18.972819444444443,72.83516108333333,10.972115,0.099,3.0,,1.0,,No sidewalk,,,,No,No,No
243707384,84361663,swathi@verifinity.ai,gs://sawasdee-labelstudio/annotation_frames/8_itinerary_10_frame000034.jpg,8_itinerary_10,8_itinerary_10_ea63f56a,34,340.0,8,2025:04:10 13:07:19,2025-04-10 13:12:59,13,3,654.0,HERO13 Black,18.971293013888886,72.83505833333332,21.029185000000002,0.099,2.0,,2.0,,Paved,Yes,,,No,No,No
243707386,84398174,swathi@verifinity.ai,gs://sawasdee-labelstudio/annotation_frames/8_itinerary_10_frame000036.jpg,8_itinerary_10,8_itinerary_10_ea63f56a,36,360.0,8,2025:04:10 13:07:19,2025-04-10 13:13:19,13,3,654.0,HERO13 Black,18.970469416666663,72.8355097638889,22.999435,0.099,5.0,,,,Paved,Yes,,,No,No,No
243707394,84644814,swathi@verifinity.ai,gs://sawasdee-labelstudio/annotation_frames/8_itinerary_10_frame000044.jpg,8_itinerary_10,8_itinerary_10_ea63f56a,44,440.0,8,2025:04:10 13:07:19,2025-04-10 13:14:39,13,3,654.0,HERO13 Black,,,,,6.0,1.0,7.0,,Paved,,,,No,No,Yes
243707402,84544735,swathi@verifinity.ai,gs://sawasdee-labelstudio/annotation_frames/8_itinerary_10_frame000052.jpg,8_itinerary_10,8_itinerary_10_ea63f56a,52,520.0,8,2025:04:10 13:07:19,2025-04-10 13:15:59,13,3,654.0,HERO13 Black,,,,,4.0,2.0,,,Paved,,,,No,No,No
243707403,84958401,swathi@verifinity.ai,gs://sawasdee-labelstudio/annotation_frames/8_itinerary_10_frame000053.jpg,8_itinerary_10,8_itinerary_10_ea63f56a,53,530.0,8,2025:04:10 13:07:19,2025-04-10 13:16:09,13,3,654.0,HERO13 Black,,,,,8.0,,,,Paved,Yes,,,No,No,No
243707404,84958442,swathi@verifinity.ai,gs://sawasdee-labelstudio/annotation_frames/8_itinerary_10_frame000054.jpg,8_itinerary_10,8_itinerary_10_ea63f56a,54,540.0,8,2025:04:10 13:07:19,2025-04-10 13:16:19,13,3,654.0,HERO13 Black,,,,,4.0,,4.0,1.0,,,,,No,No,No
243707405,84958482,swathi@verifinity.ai,gs://sawasdee-labelstudio/annotation_frames/8_itinerary_10_frame000055.jpg,8_itinerary_10,8_itinerary_10_ea63f56a,55,550.0,8,2025:04:10 13:07:19,2025-04-10 13:16:29,13,3,654.0,HERO13 Black,,,,,2.0,,3.0,,No sidewalk,,,,No,No,No
243707409,84294300,swathi@verifinity.ai,gs://sawasdee-labelstudio/annotation_frames/8_itinerary_10_frame000059.jpg,8_itinerary_10,8_itinerary_10_ea63f56a,59,590.0,8,2025:04:10 13:07:19,2025-04-10 13:17:09,13,3,654.0,HERO13 Black,,,,,1.0,,4.0,,Paved - Blocked,Yes,,,No,No,No
243707410,84500568,swathi@verifinity.ai,gs://sawasdee-labelstudio/annotation_frames/8_itinerary_10_frame000060.jpg,8_itinerary_10,8_itinerary_10_ea63f56a,60,600.0,8,2025:04:10 13:07:19,2025-04-10 13:17:19,13,3,654.0,HERO13 Black,,,,,3.0,1.0,5.0,,Paved,,,,No,No,No
243707425,84288715,swathi@verifinity.ai,gs://sawasdee-labelstudio/annotation_frames/8_itinerary_1_frame000010.jpg,8_itinerary_1,8_itinerary_1_89c2ec19,10,100.0,8,2025:04:10 07:16:12,2025-04-10 07:17:52,7,3,1204.0,HERO13 Black,19.006338888888887,72.82103611111111,21.793,0.0,1.0,3.0,,,Paved,,,Yes,No,No,No
243707429,85016444,swathi@verifinity.ai,gs://sawasdee-labelstudio/annotation_frames/8_itinerary_1_frame000014.jpg,8_itinerary_1,8_itinerary_1_89c2ec19,14,140.0,8,2025:04:10 07:16:12,2025-04-10 07:18:32,7,3,1204.0,HERO13 Black,19.006266666666665,72.820825,9.721,0.0,8.0,3.0,1.0,,No sidewalk,Yes,,,No,No,No
243707430,84370696,swathi@verifinity.ai,gs://sawasdee-labelstudio/annotation_frames/8_itinerary_1_frame000015.jpg,8_itinerary_1,8_itinerary_1_89c2ec19,15,150.0,8,2025:04:10 07:16:12,2025-04-10 07:18:42,7,3,1204.0,HERO13 Black,19.006325,72.82030833333333,17.136,0.0,11.0,8.0,,,,Yes,,,No,No,Yes
243707432,84365255,swathi@verifinity.ai,gs://sawasdee-labelstudio/annotation_frames/8_itinerary_1_frame000017.jpg,8_itinerary_1,8_itinerary_1_89c2ec19,17,170.0,8,2025:04:10 07:16:12,2025-04-10 07:19:02,7,3,1204.0,HERO13 Black,19.006316666666667,72.81905833333333,17.213,0.0,11.0,11.0,2.0,,,,,,No,No,Yes
243707438,84270046,swathi@verifinity.ai,gs://sawasdee-labelstudio/annotation_frames/8_itinerary_1_frame000023.jpg,8_itinerary_1,8_itinerary_1_89c2ec19,23,230.0,8,2025:04:10 07:16:12,2025-04-10 07:20:02,7,3,1204.0,HERO13 Black,19.00635,72.81828055555555,16.004,0.0,3.0,6.0,,,Paved - Blocked,,,Yes,No,No,Yes
243707440,84380602,swathi@verifinity.ai,gs://sawasdee-labelstudio/annotation_frames/8_itinerary_1_frame000025.jpg,8_itinerary_1,8_itinerary_1_89c2ec19,25,250.0,8,2025:04:10 07:16:12,2025-04-10 07:20:22,7,3,1204.0,HERO13 Black,19.006458333333335,72.81923888888889,10.911,0.0,6.0,,1.0,2.0,,Yes,,,No,No,No
243707441,84647558,swathi@verifinity.ai,gs://sawasdee-labelstudio/annotation_frames/8_itinerary_1_frame000026.jpg,8_itinerary_1,8_itinerary_1_89c2ec19,26,260.0,8,2025:04:10 07:16:12,2025-04-10 07:20:32,7,3,1204.0,HERO13 Black,19.006977777777777,72.81951944444444,12.307,0.0,3.0,1.0,,,,Yes,,,Yes,No,No
243707450,84370145,swathi@verifinity.ai,gs://sawasdee-labelstudio/annotation_frames/8_itinerary_1_frame000035.jpg,8_itinerary_1,8_itinerary_1_89c2ec19,35,350.0,8,2025:04:10 07:16:12,2025-04-10 07:22:02,7,3,1204.0,HERO13 Black,19.00987222222222,72.821625,23.344,0.0,6.0,3.0,,,Paved - Blocked,,,,No,No,Yes
243707452,84647420,swathi@verifinity.ai,gs://sawasdee-labelstudio/annotation_frames/8_itinerary_1_frame000037.jpg,8_itinerary_1,8_itinerary_1_89c2ec19,37,370.0,8,2025:04:10 07:16:12,2025-04-10 07:22:22,7,3,1204.0,HERO13 Black,19.00991388888889,72.82183611111111,18.184,0.0,4.0,,2.0,,,Yes,,,No,No,No
243707457,84646138,swathi@verifinity.ai,gs://sawasdee-labelstudio/annotation_frames/8_itinerary_1_frame000042.jpg,8_itinerary_1,8_itinerary_1_89c2ec19,42,420.0,8,2025:04:10 07:16:12,2025-04-10 07:23:12,7,3,1204.0,HERO13 Black,19.01091111111111,72.82166944444444,23.703,0.0,,,2.0,,Paved,Yes,,,No,No,No
243707465,84392871,swathi@verifinity.ai,gs://sawasdee-labelstudio/annotation_frames/8_itinerary_1_frame000050.jpg,8_itinerary_1,8_itinerary_1_89c2ec19,50,500.0,8,2025:04:10 07:16:12,2025-04-10 07:24:32,7,3,1204.0,HERO13 Black,19.01081113888889,72.82053333333333,8.79566,0.099,2.0,1.0,,,Paved,,,,No,No,No
243707469,84534787,swathi@verifinity.ai,gs://sawasdee-labelstudio/annotation_frames/8_itinerary_1_frame000054.jpg,8_itinerary_1,8_itinerary_1_89c2ec19,54,540.0,8,2025:04:10 07:16:12,2025-04-10 07:25:12,7,3,1204.0,HERO13 Black,19.012058333333332,72.82172918055555,3.71529,0.099,7.0,2.0,2.0,,Paved,,,,No,No,No
243707474,85013071,swathi@verifinity.ai,gs://sawasdee-labelstudio/annotation_frames/8_itinerary_1_frame000059.jpg,8_itinerary_1,8_itinerary_1_89c2ec19,59,590.0,8,2025:04:10 07:16:12,2025-04-10 07:26:02,7,3,1204.0,HERO13 Black,19.012666666666668,72.8214,13.285,0.0,,,,,,,,Construction debris,No,No,No
243707489,84645623,swathi@verifinity.ai,gs://sawasdee-labelstudio/annotation_frames/8_itinerary_1_frame000074.jpg,8_itinerary_1,8_itinerary_1_89c2ec19,74,740.0,8,2025:04:10 07:16:12,2025-04-10 07:28:32,7,3,1204.0,HERO13 Black,19.015169444444446,72.82210277777777,-4.404,0.0,,,5.0,,,Yes,,,No,No,No
243707499,84370877,swathi@verifinity.ai,gs://sawasdee-labelstudio/annotation_frames/8_itinerary_1_frame000084.jpg,8_itinerary_1,8_itinerary_1_89c2ec19,84,840.0,8,2025:04:10 07:16:12,2025-04-10 07:30:12,7,3,1204.0,HERO13 Black,19.016705555555554,72.82078888888888,-10.154,0.0,,,,,No sidewalk,Yes,,,No,No,No
243707503,84395982,swathi@verifinity.ai,gs://sawasdee-labelstudio/annotation_frames/8_itinerary_1_frame000088.jpg,8_itinerary_1,8_itinerary_1_89c2ec19,88,880.0,8,2025:04:10 07:16:12,2025-04-10 07:30:52,7,3,1204.0,HERO13 Black,19.01673611111111,72.81969166666666,-8.63,0.0,,,2.0,,,Yes,,Construction debris,No,No,No
243707506,84380461,swathi@verifinity.ai,gs://sawasdee-labelstudio/annotation_frames/8_itinerary_1_frame000090.jpg,8_itinerary_1,8_itinerary_1_89c2ec19,90,900.0,8,2025:04:10 07:16:12,2025-04-10 07:31:12,7,3,1204.0,HERO13 Black,19.01711111111111,72.81923888888889,-3.925,0.0,1.0,1.0,2.0,,,Yes,,,No,No,No
243707507,85020879,swathi@verifinity.ai,gs://sawasdee-labelstudio/annotation_frames/8_itinerary_1_frame000091.jpg,8_itinerary_1,8_itinerary_1_89c2ec19,91,910.0,8,2025:04:10 07:16:12,2025-04-10 07:31:22,7,3,1204.0,HERO13 Black,19.017419444444442,72.81918055555555,-4.663,0.0,,,2.0,,No sidewalk,,,Yes,No,No,No
243707508,84291744,swathi@verifinity.ai,gs://sawasdee-labelstudio/annotation_frames/8_itinerary_1_frame000092.jpg,8_itinerary_1,8_itinerary_1_89c2ec19,92,920.0,8,2025:04:10 07:16:12,2025-04-10 07:31:32,7,3,1204.0,HERO13 Black,19.01747222222222,72.819175,-3.431,0.0,,,,,Paved,Yes,,,No,No,No
243707509,84513917,swathi@verifinity.ai,gs://sawasdee-labelstudio/annotation_frames/8_itinerary_1_frame000093.jpg,8_itinerary_1,8_itinerary_1_89c2ec19,93,930.0,8,2025:04:10 07:16:12,2025-04-10 07:31:42,7,3,1204.0,HERO13 Black,19.017516666666666,72.81923611111111,6.203,0.0,2.0,1.0,,,,Yes,,,No,No,No
243707512,84514230,swathi@verifinity.ai,gs://sawasdee-labelstudio/annotation_frames/8_itinerary_1_frame000096.jpg,8_itinerary_1,8_itinerary_1_89c2ec19,96,960.0,8,2025:04:10 07:16:12,2025-04-10 07:32:12,7,3,1204.0,HERO13 Black,19.018041666666665,72.81928888888889,16.144,2.901,7.0,,2.0,,,Yes,,,No,No,Yes
243707515,84524268,swathi@verifinity.ai,gs://sawasdee-labelstudio/annotation_frames/8_itinerary_1_frame000099.jpg,8_itinerary_1,8_itinerary_1_89c2ec19,99,990.0,8,2025:04:10 07:16:12,2025-04-10 07:32:42,7,3,1204.0,HERO13 Black,,,,,4.0,,,,Paved,Yes,,,No,No,No
243707523,85014495,swathi@verifinity.ai,gs://sawasdee-labelstudio/annotation_frames/8_itinerary_1_frame000107.jpg,8_itinerary_1,8_itinerary_1_89c2ec19,107,1070.0,8,2025:04:10 07:16:12,2025-04-10 07:34:02,7,3,1204.0,HERO13 Black,,,,,6.0,2.0,3.0,,Paved,,,,No,No,No
243707531,85021023,swathi@verifinity.ai,gs://sawasdee-labelstudio/annotation_frames/8_itinerary_1_frame000116.jpg,8_itinerary_1,8_itinerary_1_89c2ec19,116,1160.0,8,2025:04:10 07:16:12,2025-04-10 07:35:32,7,3,1204.0,HERO13 Black,,,,,,,,2.0,No sidewalk,Yes,,,No,No,No
243707542,84369741,swathi@verifinity.ai,gs://sawasdee-labelstudio/annotation_frames/8_itinerary_2_1_frame000007.jpg,8_itinerary_2_1,8_itinerary_2_1_9e1a1e4f,7,70.0,8,2025:04:10 07:41:53,2025-04-10 07:43:03,7,3,868.0,HERO13 Black,19.013108333333335,72.8279861111111,22.915,0.0,10.0,2.0,1.0,,No sidewalk,Yes,,,No,No,No
243707546,85014379,swathi@verifinity.ai,gs://sawasdee-labelstudio/annotation_frames/8_itinerary_2_1_frame000011.jpg,8_itinerary_2_1,8_itinerary_2_1_9e1a1e4f,11,110.0,8,2025:04:10 07:41:53,2025-04-10 07:43:43,7,3,868.0,HERO13 Black,19.012883333333335,72.82699722222222,11.727,0.0,3.0,,3.0,,Paved,Yes,,,No,No,No
243707548,84993216,swathi@verifinity.ai,gs://sawasdee-labelstudio/annotation_frames/8_itinerary_2_1_frame000013.jpg,8_itinerary_2_1,8_itinerary_2_1_9e1a1e4f,13,130.0,8,2025:04:10 07:41:53,2025-04-10 07:44:03,7,3,868.0,HERO13 Black,19.012855555555557,72.82636111111111,11.324,0.0,2.0,2.0,11.0,,No sidewalk,Yes,,,No,No,No
243707559,84534518,swathi@verifinity.ai,gs://sawasdee-labelstudio/annotation_frames/8_itinerary_2_1_frame000024.jpg,8_itinerary_2_1,8_itinerary_2_1_9e1a1e4f,24,240.0,8,2025:04:10 07:41:53,2025-04-10 07:45:53,7,3,868.0,HERO13 Black,19.013933333333334,72.82658333333333,35.465,0.0,6.0,1.0,1.0,,Paved - Blocked,,Yes,,No,No,No
243707568,84514552,swathi@verifinity.ai,gs://sawasdee-labelstudio/annotation_frames/8_itinerary_2_1_frame000033.jpg,8_itinerary_2_1,8_itinerary_2_1_9e1a1e4f,33,330.0,8,2025:04:10 07:41:53,2025-04-10 07:47:23,7,3,868.0,HERO13 Black,19.012047222222222,72.82862777777777,31.689,0.0,9.0,4.0,2.0,,Paved,Yes,,,No,No,No
243707570,84295061,swathi@verifinity.ai,gs://sawasdee-labelstudio/annotation_frames/8_itinerary_2_1_frame000035.jpg,8_itinerary_2_1,8_itinerary_2_1_9e1a1e4f,35,350.0,8,2025:04:10 07:41:53,2025-04-10 07:47:43,7,3,868.0,HERO13 Black,19.011297222222222,72.82899444444445,21.921,0.0,2.0,,4.0,,,Yes,,,No,No,No
243707573,84643341,swathi@verifinity.ai,gs://sawasdee-labelstudio/annotation_frames/8_itinerary_2_1_frame000038.jpg,8_itinerary_2_1,8_itinerary_2_1_9e1a1e4f,38,380.0,8,2025:04:10 07:41:53,2025-04-10 07:48:13,7,3,868.0,HERO13 Black,19.010225,72.82950833333334,24.126,0.0,,1.0,2.0,,Paved,,,,No,No,No
243707576,85049893,swathi@verifinity.ai,gs://sawasdee-labelstudio/annotation_frames/8_itinerary_2_1_frame000041.jpg,8_itinerary_2_1,8_itinerary_2_1_9e1a1e4f,41,410.0,8,2025:04:10 07:41:53,2025-04-10 07:48:43,7,3,868.0,HERO13 Black,19.009458333333335,72.83009166666666,15.789,0.0,4.0,,1.0,1.0,,,,,No,No,Yes
243707581,84637614,swathi@verifinity.ai,gs://sawasdee-labelstudio/annotation_frames/8_itinerary_2_1_frame000046.jpg,8_itinerary_2_1,8_itinerary_2_1_9e1a1e4f,46,460.0,8,2025:04:10 07:41:53,2025-04-10 07:49:33,7,3,868.0,HERO13 Black,19.009338888888887,72.8302861111111,11.393,0.0,1.0,1.0,4.0,,Paved,Yes,,,No,No,No
243707590,84638608,swathi@verifinity.ai,gs://sawasdee-labelstudio/annotation_frames/8_itinerary_2_1_frame000054.jpg,8_itinerary_2_1,8_itinerary_2_1_9e1a1e4f,54,540.0,8,2025:04:10 07:41:53,2025-04-10 07:50:53,7,3,868.0,HERO13 Black,19.0096,72.82912222222222,1.181,0.0,1.0,,2.0,,Paved - Blocked,,,,No,No,No
243707623,84392163,swathi@verifinity.ai,gs://sawasdee-labelstudio/annotation_frames/8_itinerary_2_2_frame000000.jpg,8_itinerary_2_2,8_itinerary_2_2_f9b1f7b7,0,0.0,8,2025:04:10 07:59:16,2025-04-10 07:59:16,7,3,877.0,HERO13 Black,19.01023888888889,72.82957499999999,-6.183,0.0,6.0,2.0,1.0,,,N/A,N/A,Construction debris,No,No,No
243707625,84543939,swathi@verifinity.ai,gs://sawasdee-labelstudio/annotation_frames/8_itinerary_2_2_frame000002.jpg,8_itinerary_2_2,8_itinerary_2_2_f9b1f7b7,2,20.0,8,2025:04:10 07:59:16,2025-04-10 07:59:36,7,3,877.0,HERO13 Black,19.009741666666667,72.82992222222222,-7.446,0.0,2.0,,2.0,,,N/A,N/A,,No,No,No
243707629,84368043,swathi@verifinity.ai,gs://sawasdee-labelstudio/annotation_frames/8_itinerary_2_2_frame000006.jpg,8_itinerary_2_2,8_itinerary_2_2_f9b1f7b7,6,60.0,8,2025:04:10 07:59:16,2025-04-10 08:00:16,8,3,877.0,HERO13 Black,19.009216666666667,72.83083055555555,-4.567,0.0,,,,,,N/A,N/A,,No,No,No
243707630,84998100,swathi@verifinity.ai,gs://sawasdee-labelstudio/annotation_frames/8_itinerary_2_2_frame000007.jpg,8_itinerary_2_2,8_itinerary_2_2_f9b1f7b7,7,70.0,8,2025:04:10 07:59:16,2025-04-10 08:00:26,8,3,877.0,HERO13 Black,19.009205555555557,72.83119722222222,-2.503,0.0,,,,,No sidewalk,,,,No,No,No
243707643,84609219,swathi@verifinity.ai,gs://sawasdee-labelstudio/annotation_frames/8_itinerary_2_2_frame000020.jpg,8_itinerary_2_2,8_itinerary_2_2_f9b1f7b7,20,200.0,8,2025:04:10 07:59:16,2025-04-10 08:02:36,8,3,877.0,HERO13 Black,19.00621388888889,72.83163333333333,-9.522,0.0,4.0,5.0,,,No sidewalk,Yes,,,No,No,No
243707644,84497921,swathi@verifinity.ai,gs://sawasdee-labelstudio/annotation_frames/8_itinerary_2_2_frame000021.jpg,8_itinerary_2_2,8_itinerary_2_2_f9b1f7b7,21,210.0,8,2025:04:10 07:59:16,2025-04-10 08:02:46,8,3,877.0,HERO13 Black,19.00579722222222,72.8313111111111,-10.985,0.0,9.0,1.0,6.0,,,Yes,,,No,No,No
243707646,84644765,swathi@verifinity.ai,gs://sawasdee-labelstudio/annotation_frames/8_itinerary_2_2_frame000022.jpg,8_itinerary_2_2,8_itinerary_2_2_f9b1f7b7,22,220.0,8,2025:04:10 07:59:16,2025-04-10 08:02:56,8,3,877.0,HERO13 Black,19.005483333333334,72.83118611111111,0.079,0.0,3.0,3.0,1.0,1.0,,,,,No,No,No
243707647,84527970,swathi@verifinity.ai,gs://sawasdee-labelstudio/annotation_frames/8_itinerary_2_2_frame000023.jpg,8_itinerary_2_2,8_itinerary_2_2_f9b1f7b7,23,230.0,8,2025:04:10 07:59:16,2025-04-10 08:03:06,8,3,877.0,HERO13 Black,19.005566666666667,72.83091944444445,-6.742,0.0,5.0,2.0,2.0,,Paved,Yes,,,No,No,Yes
243707654,84643487,swathi@verifinity.ai,gs://sawasdee-labelstudio/annotation_frames/8_itinerary_2_2_frame000030.jpg,8_itinerary_2_2,8_itinerary_2_2_f9b1f7b7,30,300.0,8,2025:04:10 07:59:16,2025-04-10 08:04:16,8,3,877.0,HERO13 Black,19.00627777777778,72.82851944444444,-1.383,0.0,8.0,,2.0,1.0,,,,,No,No,Yes
243707659,84527668,swathi@verifinity.ai,gs://sawasdee-labelstudio/annotation_frames/8_itinerary_2_2_frame000035.jpg,8_itinerary_2_2,8_itinerary_2_2_f9b1f7b7,35,350.0,8,2025:04:10 07:59:16,2025-04-10 08:05:06,8,3,877.0,HERO13 Black,19.00628888888889,72.82531388888889,-7.333,0.0,8.0,1.0,4.0,,Paved - Blocked,,,,No,No,No
243707662,84289224,swathi@verifinity.ai,gs://sawasdee-labelstudio/annotation_frames/8_itinerary_2_2_frame000038.jpg,8_itinerary_2_2,8_itinerary_2_2_f9b1f7b7,38,380.0,8,2025:04:10 07:59:16,2025-04-10 08:05:36,8,3,877.0,HERO13 Black,19.006302777777776,72.82367222222221,-6.84,0.0,11.0,,5.0,1.0,,Yes,,,No,No,No
243707671,84297158,swathi@verifinity.ai,gs://sawasdee-labelstudio/annotation_frames/8_itinerary_2_2_frame000047.jpg,8_itinerary_2_2,8_itinerary_2_2_f9b1f7b7,47,470.0,8,2025:04:10 07:59:16,2025-04-10 08:07:06,8,3,877.0,HERO13 Black,19.008691666666667,72.82313055555555,-6.146,0.0,6.0,4.0,4.0,1.0,Paved,Yes,,,No,No,No
243707673,84526484,swathi@verifinity.ai,gs://sawasdee-labelstudio/annotation_frames/8_itinerary_2_2_frame000049.jpg,8_itinerary_2_2,8_itinerary_2_2_f9b1f7b7,49,490.0,8,2025:04:10 07:59:16,2025-04-10 08:07:26,8,3,877.0,HERO13 Black,19.00947222222222,72.82306388888888,1.246,0.0,11.0,1.0,4.0,,Paved,,,,No,No,No
243707675,84636416,swathi@verifinity.ai,gs://sawasdee-labelstudio/annotation_frames/8_itinerary_2_2_frame000051.jpg,8_itinerary_2_2,8_itinerary_2_2_f9b1f7b7,51,510.0,8,2025:04:10 07:59:16,2025-04-10 08:07:46,8,3,877.0,HERO13 Black,19.0099,72.82320555555555,3.193,0.0,7.0,5.0,2.0,1.0,Paved - Blocked,Yes,,,No,No,No
243707677,84541183,swathi@verifinity.ai,gs://sawasdee-labelstudio/annotation_frames/8_itinerary_2_2_frame000053.jpg,8_itinerary_2_2,8_itinerary_2_2_f9b1f7b7,53,530.0,8,2025:04:10 07:59:16,2025-04-10 08:08:06,8,3,877.0,HERO13 Black,19.010169444444443,72.82348611111111,18.36,0.0,2.0,,3.0,1.0,Paved,Yes,,,No,No,No
243707678,84503805,swathi@verifinity.ai,gs://sawasdee-labelstudio/annotation_frames/8_itinerary_2_2_frame000054.jpg,8_itinerary_2_2,8_itinerary_2_2_f9b1f7b7,54,540.0,8,2025:04:10 07:59:16,2025-04-10 08:08:16,8,3,877.0,HERO13 Black,19.01022222222222,72.82349166666667,13.113,0.0,3.0,1.0,3.0,1.0,Paved,Yes,,,No,No,No
243707682,84541671,swathi@verifinity.ai,gs://sawasdee-labelstudio/annotation_frames/8_itinerary_2_2_frame000058.jpg,8_itinerary_2_2,8_itinerary_2_2_f9b1f7b7,58,580.0,8,2025:04:10 07:59:16,2025-04-10 08:08:56,8,3,877.0,HERO13 Black,19.010147222222223,72.82405555555555,22.339,0.0,3.0,,2.0,,Paved,Yes,,,No,No,No
243707683,84510999,swathi@verifinity.ai,gs://sawasdee-labelstudio/annotation_frames/8_itinerary_2_2_frame000059.jpg,8_itinerary_2_2,8_itinerary_2_2_f9b1f7b7,59,590.0,8,2025:04:10 07:59:16,2025-04-10 08:09:06,8,3,877.0,HERO13 Black,19.010102777777778,72.82440833333332,22.543,0.0,4.0,,,1.0,Paved,Yes,,,No,No,No
243707692,84299567,swathi@verifinity.ai,gs://sawasdee-labelstudio/annotation_frames/8_itinerary_2_2_frame000068.jpg,8_itinerary_2_2,8_itinerary_2_2_f9b1f7b7,68,680.0,8,2025:04:10 07:59:16,2025-04-10 08:10:36,8,3,877.0,HERO13 Black,,,,,11.0,,1.0,,,,,,No,No,No
243707694,84284426,swathi@verifinity.ai,gs://sawasdee-labelstudio/annotation_frames/8_itinerary_2_2_frame000070.jpg,8_itinerary_2_2,8_itinerary_2_2_f9b1f7b7,70,700.0,8,2025:04:10 07:59:16,2025-04-10 08:10:56,8,3,877.0,HERO13 Black,,,,,3.0,1.0,,,No sidewalk,,,,No,No,No
243707700,84544713,swathi@verifinity.ai,gs://sawasdee-labelstudio/annotation_frames/8_itinerary_2_2_frame000075.jpg,8_itinerary_2_2,8_itinerary_2_2_f9b1f7b7,75,750.0,8,2025:04:10 07:59:16,2025-04-10 08:11:46,8,3,877.0,HERO13 Black,,,,,,3.0,1.0,2.0,,,,Yes,No,No,No
243707703,84259468,swathi@verifinity.ai,gs://sawasdee-labelstudio/annotation_frames/8_itinerary_2_2_frame000078.jpg,8_itinerary_2_2,8_itinerary_2_2_f9b1f7b7,78,780.0,8,2025:04:10 07:59:16,2025-04-10 08:12:16,8,3,877.0,HERO13 Black,,,,,,,2.0,1.0,No sidewalk,,,,No,No,No
243707706,84364394,swathi@verifinity.ai,gs://sawasdee-labelstudio/annotation_frames/8_itinerary_2_2_frame000081.jpg,8_itinerary_2_2,8_itinerary_2_2_f9b1f7b7,81,810.0,8,2025:04:10 07:59:16,2025-04-10 08:12:46,8,3,877.0,HERO13 Black,,,,,3.0,,2.0,1.0,,,Yes,,No,No,No
243707709,85016845,swathi@verifinity.ai,gs://sawasdee-labelstudio/annotation_frames/8_itinerary_2_2_frame000084.jpg,8_itinerary_2_2,8_itinerary_2_2_f9b1f7b7,84,840.0,8,2025:04:10 07:59:16,2025-04-10 08:13:16,8,3,877.0,HERO13 Black,,,,,6.0,,2.0,1.0,No sidewalk,,,Yes,No,No,Yes
243707721,84646370,swathi@verifinity.ai,gs://sawasdee-labelstudio/annotation_frames/8_itinerary_3_frame000006.jpg,8_itinerary_3,8_itinerary_3_cdc48f6c,6,60.0,8,2025:04:10 08:15:47,2025-04-10 08:16:47,8,3,2010.0,HERO13 Black,19.001758333333335,72.8252111111111,-3.247,0.0,4.0,,1.0,,Paved - Blocked,,,,No,No,No
243707724,84502005,swathi@verifinity.ai,gs://sawasdee-labelstudio/annotation_frames/8_itinerary_3_frame000009.jpg,8_itinerary_3,8_itinerary_3_cdc48f6c,9,90.0,8,2025:04:10 08:15:47,2025-04-10 08:17:17,8,3,2010.0,HERO13 Black,19.001008333333335,72.82550277777777,-3.368,0.0,3.0,,2.0,,Paved - Blocked,,,Yes,No,No,No
243707725,84995218,swathi@verifinity.ai,gs://sawasdee-labelstudio/annotation_frames/8_itinerary_3_frame000010.jpg,8_itinerary_3,8_itinerary_3_cdc48f6c,10,100.0,8,2025:04:10 08:15:47,2025-04-10 08:17:27,8,3,2010.0,HERO13 Black,19.000819444444446,72.82557777777778,-3.48,0.0,4.0,1.0,3.0,,No sidewalk,,,,No,No,No
243707746,84394315,swathi@verifinity.ai,gs://sawasdee-labelstudio/annotation_frames/8_itinerary_3_frame000031.jpg,8_itinerary_3,8_itinerary_3_cdc48f6c,31,310.0,8,2025:04:10 08:15:47,2025-04-10 08:20:57,8,3,2010.0,HERO13 Black,19.003038888888888,72.82442777777777,2.69,0.0,2.0,,3.0,,,Yes,,,No,No,No
243707751,84269769,swathi@verifinity.ai,gs://sawasdee-labelstudio/annotation_frames/8_itinerary_3_frame000036.jpg,8_itinerary_3,8_itinerary_3_cdc48f6c,36,360.0,8,2025:04:10 08:15:47,2025-04-10 08:21:47,8,3,2010.0,HERO13 Black,19.003344444444444,72.82250833333333,-1.377,0.0,5.0,,1.0,1.0,Paved,,,,No,No,No
243707752,85020455,swathi@verifinity.ai,gs://sawasdee-labelstudio/annotation_frames/8_itinerary_3_frame000037.jpg,8_itinerary_3,8_itinerary_3_cdc48f6c,37,370.0,8,2025:04:10 08:15:47,2025-04-10 08:21:57,8,3,2010.0,HERO13 Black,19.003758333333334,72.82245833333333,3.459,0.0,9.0,,,,No sidewalk,,,,No,No,No
243707754,84298029,swathi@verifinity.ai,gs://sawasdee-labelstudio/annotation_frames/8_itinerary_3_frame000039.jpg,8_itinerary_3,8_itinerary_3_cdc48f6c,39,390.0,8,2025:04:10 08:15:47,2025-04-10 08:22:17,8,3,2010.0,HERO13 Black,19.004461111111112,72.82250555555555,8.071,0.0,,,,,,,,Construction debris,No,No,No
243707755,84544407,swathi@verifinity.ai,gs://sawasdee-labelstudio/annotation_frames/8_itinerary_3_frame000040.jpg,8_itinerary_3,8_itinerary_3_cdc48f6c,40,400.0,8,2025:04:10 08:15:47,2025-04-10 08:22:27,8,3,2010.0,HERO13 Black,19.004516666666667,72.82225555555556,7.009,0.0,2.0,,,,,,,Construction debris,No,No,No
243707765,84294822,swathi@verifinity.ai,gs://sawasdee-labelstudio/annotation_frames/8_itinerary_3_frame000050.jpg,8_itinerary_3,8_itinerary_3_cdc48f6c,50,500.0,8,2025:04:10 08:15:47,2025-04-10 08:24:07,8,3,2010.0,HERO13 Black,19.00628888888889,72.82038888888889,1.861,0.0,2.0,,2.0,,Paved,Yes,,,No,No,No
243707772,84639285,swathi@verifinity.ai,gs://sawasdee-labelstudio/annotation_frames/8_itinerary_3_frame000056.jpg,8_itinerary_3,8_itinerary_3_cdc48f6c,56,560.0,8,2025:04:10 08:15:47,2025-04-10 08:25:07,8,3,2010.0,HERO13 Black,19.007938888888887,72.82005277777778,6.34,0.0,1.0,,2.0,,Paved,,,,No,No,Yes
243707777,84385810,swathi@verifinity.ai,gs://sawasdee-labelstudio/annotation_frames/8_itinerary_3_frame000061.jpg,8_itinerary_3,8_itinerary_3_cdc48f6c,61,610.0,8,2025:04:10 08:15:47,2025-04-10 08:25:57,8,3,2010.0,HERO13 Black,19.010011111111112,72.82125833333333,4.497,0.0,2.0,1.0,,,Paved,Yes,,,No,No,No
243707778,84958583,swathi@verifinity.ai,gs://sawasdee-labelstudio/annotation_frames/8_itinerary_3_frame000062.jpg,8_itinerary_3,8_itinerary_3_cdc48f6c,62,620.0,8,2025:04:10 08:15:47,2025-04-10 08:26:07,8,3,2010.0,HERO13 Black,19.01045277777778,72.82148888888888,6.073,0.0,4.0,,,1.0,,,,,No,No,No
243707779,84958635,swathi@verifinity.ai,gs://sawasdee-labelstudio/annotation_frames/8_itinerary_3_frame000063.jpg,8_itinerary_3,8_itinerary_3_cdc48f6c,63,630.0,8,2025:04:10 08:15:47,2025-04-10 08:26:17,8,3,2010.0,HERO13 Black,19.010897222222223,72.82169166666667,7.221,0.0,3.0,,1.0,,,,,,No,No,No
243707792,84284951,swathi@verifinity.ai,gs://sawasdee-labelstudio/annotation_frames/8_itinerary_3_frame000076.jpg,8_itinerary_3,8_itinerary_3_cdc48f6c,76,760.0,8,2025:04:10 08:15:47,2025-04-10 08:28:27,8,3,2010.0,HERO13 Black,19.012002777777777,72.8216361111111,4.662,0.0,,,1.0,,,Yes,,,No,No,No
243707796,84370242,swathi@verifinity.ai,gs://sawasdee-labelstudio/annotation_frames/8_itinerary_3_frame000080.jpg,8_itinerary_3,8_itinerary_3_cdc48f6c,80,800.0,8,2025:04:10 08:15:47,2025-04-10 08:29:07,8,3,2010.0,HERO13 Black,19.01213611111111,72.82187777777777,2.964,0.0,5.0,,,,Paved,,,,No,No,No
243707800,84613790,swathi@verifinity.ai,gs://sawasdee-labelstudio/annotation_frames/8_itinerary_3_frame000084.jpg,8_itinerary_3,8_itinerary_3_cdc48f6c,84,840.0,8,2025:04:10 08:15:47,2025-04-10 08:29:47,8,3,2010.0,HERO13 Black,19.013141666666666,72.82371666666667,6.039,0.0,4.0,1.0,,,Paved,Yes,,,No,No,No
243707804,84526166,swathi@verifinity.ai,gs://sawasdee-labelstudio/annotation_frames/8_itinerary_3_frame000088.jpg,8_itinerary_3,8_itinerary_3_cdc48f6c,88,880.0,8,2025:04:10 08:15:47,2025-04-10 08:30:27,8,3,2010.0,HERO13 Black,19.014358333333334,72.8235,6.709,0.0,8.0,,,,,,,,No,No,No
243707812,84294467,swathi@verifinity.ai,gs://sawasdee-labelstudio/annotation_frames/8_itinerary_3_frame000096.jpg,8_itinerary_3,8_itinerary_3_cdc48f6c,96,960.0,8,2025:04:10 08:15:47,2025-04-10 08:31:47,8,3,2010.0,HERO13 Black,19.016718055555557,72.82440416666665,8.217500000000001,0.1,,,1.0,,Paved,Yes,,,No,No,No
243707814,85020062,swathi@verifinity.ai,gs://sawasdee-labelstudio/annotation_frames/8_itinerary_3_frame000098.jpg,8_itinerary_3,8_itinerary_3_cdc48f6c,98,980.0,8,2025:04:10 08:15:47,2025-04-10 08:32:07,8,3,2010.0,HERO13 Black,19.016849999999998,72.82501527777777,12.217,0.1,,,1.0,,Paved,Yes,,,No,No,No
243707815,84371599,swathi@verifinity.ai,gs://sawasdee-labelstudio/annotation_frames/8_itinerary_3_frame000099.jpg,8_itinerary_3,8_itinerary_3_cdc48f6c,99,990.0,8,2025:04:10 08:15:47,2025-04-10 08:32:17,8,3,2010.0,HERO13 Black,19.016880555555556,72.82509722222221,7.4735,0.1,6.0,,2.0,,Paved,Yes,,,No,No,No
243707821,84498732,swathi@verifinity.ai,gs://sawasdee-labelstudio/annotation_frames/8_itinerary_3_frame000104.jpg,8_itinerary_3,8_itinerary_3_cdc48f6c,104,1040.0,8,2025:04:10 08:15:47,2025-04-10 08:33:07,8,3,2010.0,HERO13 Black,19.01703611111111,72.8254,6.228,0.0,7.0,1.0,5.0,1.0,,Yes,,,No,No,Yes
243707827,84545994,swathi@verifinity.ai,gs://sawasdee-labelstudio/annotation_frames/8_itinerary_3_frame000110.jpg,8_itinerary_3,8_itinerary_3_cdc48f6c,110,1100.0,8,2025:04:10 08:15:47,2025-04-10 08:34:07,8,3,2010.0,HERO13 Black,19.017541666666666,72.8269111111111,3.84,0.0,2.0,,2.0,1.0,Paved,Yes,,,No,No,No
243707831,84522123,swathi@verifinity.ai,gs://sawasdee-labelstudio/annotation_frames/8_itinerary_3_frame000114.jpg,8_itinerary_3,8_itinerary_3_cdc48f6c,114,1140.0,8,2025:04:10 08:15:47,2025-04-10 08:34:47,8,3,2010.0,HERO13 Black,19.01701111111111,72.82623333333333,3.07,0.0,,,1.0,1.0,,,,,No,No,No
243707834,84299840,swathi@verifinity.ai,gs://sawasdee-labelstudio/annotation_frames/8_itinerary_3_frame000117.jpg,8_itinerary_3,8_itinerary_3_cdc48f6c,117,1170.0,8,2025:04:10 08:15:47,2025-04-10 08:35:17,8,3,2010.0,HERO13 Black,19.016430555555555,72.82671944444444,2.493,0.0,1.0,,,,Paved,,,,No,No,No
243707836,84643989,swathi@verifinity.ai,gs://sawasdee-labelstudio/annotation_frames/8_itinerary_3_frame000119.jpg,8_itinerary_3,8_itinerary_3_cdc48f6c,119,1190.0,8,2025:04:10 08:15:47,2025-04-10 08:35:37,8,3,2010.0,HERO13 Black,19.015605555555556,72.82723888888889,3.008,0.0,1.0,2.0,1.0,,Paved,,,,No,No,No
243707846,84617190,swathi@verifinity.ai,gs://sawasdee-labelstudio/annotation_frames/8_itinerary_3_frame000129.jpg,8_itinerary_3,8_itinerary_3_cdc48f6c,129,1290.0,8,2025:04:10 08:15:47,2025-04-10 08:37:17,8,3,2010.0,HERO13 Black,19.018538888888887,72.83060277777777,0.388,0.0,5.0,3.0,,,Paved - Blocked,Yes,,,No,No,No
243707847,84376509,swathi@verifinity.ai,gs://sawasdee-labelstudio/annotation_frames/8_itinerary_3_frame000130.jpg,8_itinerary_3,8_itinerary_3_cdc48f6c,130,1300.0,8,2025:04:10 08:15:47,2025-04-10 08:37:27,8,3,2010.0,HERO13 Black,19.018766666666664,72.83026666666666,4.286,0.0,2.0,2.0,,,No sidewalk,,,,No,No,No
243707868,84527483,swathi@verifinity.ai,gs://sawasdee-labelstudio/annotation_frames/8_itinerary_3_frame000151.jpg,8_itinerary_3,8_itinerary_3_cdc48f6c,151,1510.0,8,2025:04:10 08:15:47,2025-04-10 08:40:57,8,3,2010.0,HERO13 Black,19.019672222222223,72.83211944444444,6.248,0.0,4.0,8.0,2.0,1.0,Paved,Yes,,,No,No,No
243707875,84392217,swathi@verifinity.ai,gs://sawasdee-labelstudio/annotation_frames/8_itinerary_3_frame000158.jpg,8_itinerary_3,8_itinerary_3_cdc48f6c,158,1580.0,8,2025:04:10 08:15:47,2025-04-10 08:42:07,8,3,2010.0,HERO13 Black,19.01721388888889,72.83019722222222,6.451,0.0,3.0,,,,Paved,,,,No,No,No
243707879,84259442,swathi@verifinity.ai,gs://sawasdee-labelstudio/annotation_frames/8_itinerary_3_frame000162.jpg,8_itinerary_3,8_itinerary_3_cdc48f6c,162,1620.0,8,2025:04:10 08:15:47,2025-04-10 08:42:47,8,3,2010.0,HERO13 Black,19.01532222222222,72.82979444444445,5.729,0.0,2.0,,,,Paved,,Yes,,No,No,No
243707883,84395036,swathi@verifinity.ai,gs://sawasdee-labelstudio/annotation_frames/8_itinerary_3_frame000166.jpg,8_itinerary_3,8_itinerary_3_cdc48f6c,166,1660.0,8,2025:04:10 08:15:47,2025-04-10 08:43:27,8,3,2010.0,HERO13 Black,19.013441666666665,72.82893055555556,5.275,0.0,11.0,1.0,,,Paved - Blocked,,,,No,No,No
243707894,84639876,swathi@verifinity.ai,gs://sawasdee-labelstudio/annotation_frames/8_itinerary_3_frame000177.jpg,8_itinerary_3,8_itinerary_3_cdc48f6c,177,1770.0,8,2025:04:10 08:15:47,2025-04-10 08:45:17,8,3,2010.0,HERO13 Black,19.015302777777777,72.82742777777777,6.461,8.601,2.0,,3.0,,Paved,Yes,,,No,No,No
243707897,84645502,swathi@verifinity.ai,gs://sawasdee-labelstudio/annotation_frames/8_itinerary_3_frame000180.jpg,8_itinerary_3,8_itinerary_3_cdc48f6c,180,1800.0,8,2025:04:10 08:15:47,2025-04-10 08:45:47,8,3,2010.0,HERO13 Black,,,,,,,1.0,,,Yes,,,No,No,No
243707900,84373250,swathi@verifinity.ai,gs://sawasdee-labelstudio/annotation_frames/8_itinerary_3_frame000182.jpg,8_itinerary_3,8_itinerary_3_cdc48f6c,182,1820.0,8,2025:04:10 08:15:47,2025-04-10 08:46:07,8,3,2010.0,HERO13 Black,,,,,,1.0,1.0,,,Yes,,,No,No,No
243707904,84501076,swathi@verifinity.ai,gs://sawasdee-labelstudio/annotation_frames/8_itinerary_3_frame000186.jpg,8_itinerary_3,8_itinerary_3_cdc48f6c,186,1860.0,8,2025:04:10 08:15:47,2025-04-10 08:46:47,8,3,2010.0,HERO13 Black,,,,,2.0,,2.0,,Paved - Blocked,Yes,,,No,No,No
243707905,84495417,swathi@verifinity.ai,gs://sawasdee-labelstudio/annotation_frames/8_itinerary_3_frame000187.jpg,8_itinerary_3,8_itinerary_3_cdc48f6c,187,1870.0,8,2025:04:10 08:15:47,2025-04-10 08:46:57,8,3,2010.0,HERO13 Black,,,,,,,4.0,,Paved,Yes,,,No,No,No
243707909,84501366,swathi@verifinity.ai,gs://sawasdee-labelstudio/annotation_frames/8_itinerary_3_frame000191.jpg,8_itinerary_3,8_itinerary_3_cdc48f6c,191,1910.0,8,2025:04:10 08:15:47,2025-04-10 08:47:37,8,3,2010.0,HERO13 Black,,,,,,,3.0,,Paved,Yes,,,No,No,No
243707910,84538594,swathi@verifinity.ai,gs://sawasdee-labelstudio/annotation_frames/8_itinerary_3_frame000192.jpg,8_itinerary_3,8_itinerary_3_cdc48f6c,192,1920.0,8,2025:04:10 08:15:47,2025-04-10 08:47:47,8,3,2010.0,HERO13 Black,,,,,7.0,,3.0,,Paved,Yes,,,No,No,No
243707912,84291715,swathi@verifinity.ai,gs://sawasdee-labelstudio/annotation_frames/8_itinerary_3_frame000194.jpg,8_itinerary_3,8_itinerary_3_cdc48f6c,194,1940.0,8,2025:04:10 08:15:47,2025-04-10 08:48:07,8,3,2010.0,HERO13 Black,,,,,4.0,1.0,3.0,,Paved,Yes,,,No,No,No
243707930,84537294,swathi@verifinity.ai,gs://sawasdee-labelstudio/annotation_frames/8_itinerary_4_frame000011.jpg,8_itinerary_4,8_itinerary_4_c4e2ea9a,11,110.0,8,2025:04:10 09:21:56,2025-04-10 09:23:46,9,3,2090.0,HERO13 Black,19.002669416666667,72.81779581944444,18.94276,0.099,,,5.0,,Paved,Yes,,,No,No,No
243707939,84382689,swathi@verifinity.ai,gs://sawasdee-labelstudio/annotation_frames/8_itinerary_4_frame000020.jpg,8_itinerary_4,8_itinerary_4_c4e2ea9a,20,200.0,8,2025:04:10 09:21:56,2025-04-10 09:25:16,9,3,2090.0,HERO13 Black,18.999247222222223,72.81723888888888,15.262,0.0,,6.0,2.0,,Paved - Blocked,,,Construction debris,No,No,No
243707941,84615722,swathi@verifinity.ai,gs://sawasdee-labelstudio/annotation_frames/8_itinerary_4_frame000022.jpg,8_itinerary_4,8_itinerary_4_c4e2ea9a,22,220.0,8,2025:04:10 09:21:56,2025-04-10 09:25:36,9,3,2090.0,HERO13 Black,18.999069444444444,72.81728333333334,2.461,0.0,2.0,1.0,1.0,,Paved,Yes,,,No,No,No
243707943,84283600,swathi@verifinity.ai,gs://sawasdee-labelstudio/annotation_frames/8_itinerary_4_frame000024.jpg,8_itinerary_4,8_itinerary_4_c4e2ea9a,24,240.0,8,2025:04:10 09:21:56,2025-04-10 09:25:56,9,3,2090.0,HERO13 Black,18.999052777777777,72.81727222222221,1.92,0.0,4.0,,2.0,,Paved - Blocked,Yes,,,No,No,No
243707944,85014308,swathi@verifinity.ai,gs://sawasdee-labelstudio/annotation_frames/8_itinerary_4_frame000025.jpg,8_itinerary_4,8_itinerary_4_c4e2ea9a,25,250.0,8,2025:04:10 09:21:56,2025-04-10 09:26:06,9,3,2090.0,HERO13 Black,18.999044444444447,72.81726944444443,2.35,0.0,1.0,,,,Paved,Yes,,,No,No,No
243707945,85017918,swathi@verifinity.ai,gs://sawasdee-labelstudio/annotation_frames/8_itinerary_4_frame000026.jpg,8_itinerary_4,8_itinerary_4_c4e2ea9a,26,260.0,8,2025:04:10 09:21:56,2025-04-10 09:26:16,9,3,2090.0,HERO13 Black,18.999033333333333,72.81726388888889,-0.215,0.0,,,4.0,,Paved - Blocked,,,Yes,No,No,No
243707949,84522540,swathi@verifinity.ai,gs://sawasdee-labelstudio/annotation_frames/8_itinerary_4_frame000030.jpg,8_itinerary_4,8_itinerary_4_c4e2ea9a,30,300.0,8,2025:04:10 09:21:56,2025-04-10 09:26:56,9,3,2090.0,HERO13 Black,18.99903888888889,72.81726111111111,3.537,0.0,8.0,,1.0,,Paved - Blocked,Yes,,,No,No,No
243707975,84363417,swathi@verifinity.ai,gs://sawasdee-labelstudio/annotation_frames/8_itinerary_4_frame000055.jpg,8_itinerary_4,8_itinerary_4_c4e2ea9a,55,550.0,8,2025:04:10 09:21:56,2025-04-10 09:31:06,9,3,2090.0,HERO13 Black,18.991761111111114,72.82094166666667,-2.763,0.0,,,5.0,1.0,,,,,No,No,No
243707977,84527569,swathi@verifinity.ai,gs://sawasdee-labelstudio/annotation_frames/8_itinerary_4_frame000057.jpg,8_itinerary_4,8_itinerary_4_c4e2ea9a,57,570.0,8,2025:04:10 09:21:56,2025-04-10 09:31:26,9,3,2090.0,HERO13 Black,18.992475000000002,72.82054166666666,-3.844,0.0,1.0,,2.0,1.0,,,,,No,No,No
243707994,84609163,swathi@verifinity.ai,gs://sawasdee-labelstudio/annotation_frames/8_itinerary_4_frame000074.jpg,8_itinerary_4,8_itinerary_4_c4e2ea9a,74,740.0,8,2025:04:10 09:21:56,2025-04-10 09:34:16,9,3,2090.0,HERO13 Black,18.997583333333335,72.81790277777777,-1.727,0.0,,,2.0,,,,,,No,No,No
243707995,84524010,swathi@verifinity.ai,gs://sawasdee-labelstudio/annotation_frames/8_itinerary_4_frame000075.jpg,8_itinerary_4,8_itinerary_4_c4e2ea9a,75,750.0,8,2025:04:10 09:21:56,2025-04-10 09:34:26,9,3,2090.0,HERO13 Black,18.997588888888888,72.81790555555555,-1.982,0.0,,,1.0,,,Yes,,,No,No,No
243708007,84256566,swathi@verifinity.ai,gs://sawasdee-labelstudio/annotation_frames/8_itinerary_4_frame000086.jpg,8_itinerary_4,8_itinerary_4_c4e2ea9a,86,860.0,8,2025:04:10 09:21:56,2025-04-10 09:36:16,9,3,2090.0,HERO13 Black,18.99430277777778,72.81526944444444,5.269,0.0,3.0,2.0,,,Paved - Blocked,,,,No,No,No
243708009,84351601,swathi@verifinity.ai,gs://sawasdee-labelstudio/annotation_frames/8_itinerary_4_frame000088.jpg,8_itinerary_4,8_itinerary_4_c4e2ea9a,88,880.0,8,2025:04:10 09:21:56,2025-04-10 09:36:36,9,3,2090.0,HERO13 Black,18.993080555555558,72.81459722222222,6.114,0.0,,,,,Paved,,,,No,No,No
243708016,84631280,swathi@verifinity.ai,gs://sawasdee-labelstudio/annotation_frames/8_itinerary_4_frame000094.jpg,8_itinerary_4,8_itinerary_4_c4e2ea9a,94,940.0,8,2025:04:10 09:21:56,2025-04-10 09:37:36,9,3,2090.0,HERO13 Black,18.989733333333334,72.81410555555556,4.23,0.0,,,,,,Yes,,,No,No,No
243708035,84499436,swathi@verifinity.ai,gs://sawasdee-labelstudio/annotation_frames/8_itinerary_4_frame000113.jpg,8_itinerary_4,8_itinerary_4_c4e2ea9a,113,1130.0,8,2025:04:10 09:21:56,2025-04-10 09:40:46,9,3,2090.0,HERO13 Black,18.986183333333333,72.81430277777777,3.321,0.0,,,,,Paved,Yes,,,Yes,No,No
243708045,85017332,swathi@verifinity.ai,gs://sawasdee-labelstudio/annotation_frames/8_itinerary_4_frame000123.jpg,8_itinerary_4,8_itinerary_4_c4e2ea9a,123,1230.0,8,2025:04:10 09:21:56,2025-04-10 09:42:26,9,3,2090.0,HERO13 Black,18.977819444444442,72.81078472222222,5.715,0.1,2.0,,,,No sidewalk,,,Yes,No,No,No
243708047,84262192,swathi@verifinity.ai,gs://sawasdee-labelstudio/annotation_frames/8_itinerary_4_frame000125.jpg,8_itinerary_4,8_itinerary_4_c4e2ea9a,125,1250.0,8,2025:04:10 09:21:56,2025-04-10 09:42:46,9,3,2090.0,HERO13 Black,18.976816666666664,72.80933055555555,6.201,0.0,,,,,,N/A,N/A,,No,No,No
243708070,84297009,swathi@verifinity.ai,gs://sawasdee-labelstudio/annotation_frames/8_itinerary_4_frame000147.jpg,8_itinerary_4,8_itinerary_4_c4e2ea9a,147,1470.0,8,2025:04:10 09:21:56,2025-04-10 09:46:26,9,3,2090.0,HERO13 Black,18.985280555555555,72.81436944444444,4.118,0.0,,,5.0,,,Yes,,,No,No,No
243708073,84285778,swathi@verifinity.ai,gs://sawasdee-labelstudio/annotation_frames/8_itinerary_4_frame000150.jpg,8_itinerary_4,8_itinerary_4_c4e2ea9a,150,1500.0,8,2025:04:10 09:21:56,2025-04-10 09:46:56,9,3,2090.0,HERO13 Black,18.987391666666667,72.81368611111111,-0.144,0.0,,,1.0,,Paved,Yes,,,No,No,No
243708079,84513317,swathi@verifinity.ai,gs://sawasdee-labelstudio/annotation_frames/8_itinerary_4_frame000156.jpg,8_itinerary_4,8_itinerary_4_c4e2ea9a,156,1560.0,8,2025:04:10 09:21:56,2025-04-10 09:47:56,9,3,2090.0,HERO13 Black,18.990155555555557,72.81364166666667,0.531,0.0,2.0,,5.0,1.0,Paved,Yes,,,No,No,No
243708088,84395869,swathi@verifinity.ai,gs://sawasdee-labelstudio/annotation_frames/8_itinerary_4_frame000165.jpg,8_itinerary_4,8_itinerary_4_c4e2ea9a,165,1650.0,8,2025:04:10 09:21:56,2025-04-10 09:49:26,9,3,2090.0,HERO13 Black,18.992925,72.81428333333334,2.25,0.0,6.0,4.0,2.0,,,,,,Yes,No,No
243708089,84521206,swathi@verifinity.ai,gs://sawasdee-labelstudio/annotation_frames/8_itinerary_4_frame000166.jpg,8_itinerary_4,8_itinerary_4_c4e2ea9a,166,1660.0,8,2025:04:10 09:21:56,2025-04-10 09:49:36,9,3,2090.0,HERO13 Black,18.993575,72.81452222222222,3.45,0.0,,,1.0,,,Yes,,,No,No,No
243708103,84395477,swathi@verifinity.ai,gs://sawasdee-labelstudio/annotation_frames/8_itinerary_4_frame000179.jpg,8_itinerary_4,8_itinerary_4_c4e2ea9a,179,1790.0,8,2025:04:10 09:21:56,2025-04-10 09:51:46,9,3,2090.0,HERO13 Black,19.000894444444445,72.81149722222221,1.475,0.0,1.0,1.0,,,,,,Construction debris,No,No,No
243708109,84638539,swathi@verifinity.ai,gs://sawasdee-labelstudio/annotation_frames/8_itinerary_4_frame000185.jpg,8_itinerary_4,8_itinerary_4_c4e2ea9a,185,1850.0,8,2025:04:10 09:21:56,2025-04-10 09:52:46,9,3,2090.0,HERO13 Black,19.00353888888889,72.81269722222223,3.115,8.701,5.0,,5.0,,,Yes,,,No,No,No
243708110,84297338,swathi@verifinity.ai,gs://sawasdee-labelstudio/annotation_frames/8_itinerary_4_frame000186.jpg,8_itinerary_4,8_itinerary_4_c4e2ea9a,186,1860.0,8,2025:04:10 09:21:56,2025-04-10 09:52:56,9,3,2090.0,HERO13 Black,19.00353888888889,72.81269722222223,3.115,18.701,,2.0,4.0,1.0,Paved,Yes,,,No,No,No
243708112,84645721,swathi@verifinity.ai,gs://sawasdee-labelstudio/annotation_frames/8_itinerary_4_frame000188.jpg,8_itinerary_4,8_itinerary_4_c4e2ea9a,188,1880.0,8,2025:04:10 09:21:56,2025-04-10 09:53:16,9,3,2090.0,HERO13 Black,,,,,,,2.0,,,Yes,,,No,No,No
243708114,84541277,swathi@verifinity.ai,gs://sawasdee-labelstudio/annotation_frames/8_itinerary_4_frame000190.jpg,8_itinerary_4,8_itinerary_4_c4e2ea9a,190,1900.0,8,2025:04:10 09:21:56,2025-04-10 09:53:36,9,3,2090.0,HERO13 Black,,,,,4.0,2.0,4.0,,Paved,Yes,,,No,No,No
243708117,84379914,swathi@verifinity.ai,gs://sawasdee-labelstudio/annotation_frames/8_itinerary_4_frame000193.jpg,8_itinerary_4,8_itinerary_4_c4e2ea9a,193,1930.0,8,2025:04:10 09:21:56,2025-04-10 09:54:06,9,3,2090.0,HERO13 Black,,,,,3.0,,1.0,,,Yes,,,No,No,No
243708122,85021551,swathi@verifinity.ai,gs://sawasdee-labelstudio/annotation_frames/8_itinerary_4_frame000198.jpg,8_itinerary_4,8_itinerary_4_c4e2ea9a,198,1980.0,8,2025:04:10 09:21:56,2025-04-10 09:54:56,9,3,2090.0,HERO13 Black,,,,,,,,,Paved,Yes,,,No,No,No
243708133,84358391,swathi@verifinity.ai,gs://sawasdee-labelstudio/annotation_frames/8_itinerary_5_frame000000.jpg,8_itinerary_5,8_itinerary_5_1bd3aff8,0,0.0,8,2025:04:10 10:06:41,2025-04-10 10:06:41,10,3,525.0,HERO13 Black,19.010944444444444,72.81771388888889,18.312,0.0,3.0,,,,Paved,Yes,,,No,No,No
243708136,84495108,swathi@verifinity.ai,gs://sawasdee-labelstudio/annotation_frames/8_itinerary_5_frame000003.jpg,8_itinerary_5,8_itinerary_5_1bd3aff8,3,30.0,8,2025:04:10 10:06:41,2025-04-10 10:07:11,10,3,525.0,HERO13 Black,19.012272222222222,72.81774444444444,17.133,0.0,2.0,,1.0,,,Yes,,,No,No,No
243708139,85018568,swathi@verifinity.ai,gs://sawasdee-labelstudio/annotation_frames/8_itinerary_5_frame000006.jpg,8_itinerary_5,8_itinerary_5_1bd3aff8,6,60.0,8,2025:04:10 10:06:41,2025-04-10 10:07:41,10,3,525.0,HERO13 Black,19.01426111111111,72.81761666666667,11.701,0.0,,,,,Paved,Yes,,,No,No,No
243708141,84611199,swathi@verifinity.ai,gs://sawasdee-labelstudio/annotation_frames/8_itinerary_5_frame000008.jpg,8_itinerary_5,8_itinerary_5_1bd3aff8,8,80.0,8,2025:04:10 10:06:41,2025-04-10 10:08:01,10,3,525.0,HERO13 Black,19.015097222222224,72.81717499999999,9.379,0.0,,1.0,1.0,1.0,Paved,Yes,,,No,No,No
243708142,84991236,swathi@verifinity.ai,gs://sawasdee-labelstudio/annotation_frames/8_itinerary_5_frame000009.jpg,8_itinerary_5,8_itinerary_5_1bd3aff8,9,90.0,8,2025:04:10 10:06:41,2025-04-10 10:08:11,10,3,525.0,HERO13 Black,19.01551388888889,72.81739444444445,9.545,0.0,,,1.0,1.0,Paved,Yes,,,No,No,No
243708145,84644540,swathi@verifinity.ai,gs://sawasdee-labelstudio/annotation_frames/8_itinerary_5_frame000012.jpg,8_itinerary_5,8_itinerary_5_1bd3aff8,12,120.0,8,2025:04:10 10:06:41,2025-04-10 10:08:41,10,3,525.0,HERO13 Black,19.01669722222222,72.81755277777778,10.08,0.0,,,,,Paved,,,,No,No,No
243708151,84279832,swathi@verifinity.ai,gs://sawasdee-labelstudio/annotation_frames/8_itinerary_5_frame000017.jpg,8_itinerary_5,8_itinerary_5_1bd3aff8,17,170.0,8,2025:04:10 10:06:41,2025-04-10 10:09:31,10,3,525.0,HERO13 Black,19.0184,72.81724166666666,15.505,0.0,,,,,,N/A,N/A,,No,No,No
243708153,84296136,swathi@verifinity.ai,gs://sawasdee-labelstudio/annotation_frames/8_itinerary_5_frame000019.jpg,8_itinerary_5,8_itinerary_5_1bd3aff8,19,190.0,8,2025:04:10 10:06:41,2025-04-10 10:09:51,10,3,525.0,HERO13 Black,19.017825,72.81734999999999,13.223,0.0,1.0,,,,,Yes,Yes,,No,No,No
243708161,84647598,swathi@verifinity.ai,gs://sawasdee-labelstudio/annotation_frames/8_itinerary_5_frame000026.jpg,8_itinerary_5,8_itinerary_5_1bd3aff8,26,260.0,8,2025:04:10 10:06:41,2025-04-10 10:11:01,10,3,525.0,HERO13 Black,19.01858888888889,72.81766111111111,3.825,0.0,,,,,Paved,Yes,,,No,No,No
243708167,84537946,swathi@verifinity.ai,gs://sawasdee-labelstudio/annotation_frames/8_itinerary_5_frame000032.jpg,8_itinerary_5,8_itinerary_5_1bd3aff8,32,320.0,8,2025:04:10 10:06:41,2025-04-10 10:12:01,10,3,525.0,HERO13 Black,,,,,,,,,Paved,Yes,,,No,No,No
243708172,85018906,swathi@verifinity.ai,gs://sawasdee-labelstudio/annotation_frames/8_itinerary_5_frame000037.jpg,8_itinerary_5,8_itinerary_5_1bd3aff8,37,370.0,8,2025:04:10 10:06:41,2025-04-10 10:12:51,10,3,525.0,HERO13 Black,,,,,4.0,1.0,,,No sidewalk,,,,No,No,No
243708205,84393525,swathi@verifinity.ai,gs://sawasdee-labelstudio/annotation_frames/8_itinerary_6_frame000016.jpg,8_itinerary_6,8_itinerary_6_57e4df4a,16,160.0,8,2025:04:10 10:35:20,2025-04-10 10:38:00,10,3,1212.0,HERO13 Black,19.016147222222223,72.817875,12.377,0.0,7.0,3.0,4.0,,No sidewalk,,,,No,No,Yes
243708206,84395724,swathi@verifinity.ai,gs://sawasdee-labelstudio/annotation_frames/8_itinerary_6_frame000017.jpg,8_itinerary_6,8_itinerary_6_57e4df4a,17,170.0,8,2025:04:10 10:35:20,2025-04-10 10:38:10,10,3,1212.0,HERO13 Black,19.016147222222223,72.81787222222222,10.941,0.0,4.0,,,,,N/A,N/A,,No,No,No
243708214,85015276,swathi@verifinity.ai,gs://sawasdee-labelstudio/annotation_frames/8_itinerary_6_frame000025.jpg,8_itinerary_6,8_itinerary_6_57e4df4a,25,250.0,8,2025:04:10 10:35:20,2025-04-10 10:39:30,10,3,1212.0,HERO13 Black,19.016166666666667,72.81821111111111,10.658,0.0,2.0,1.0,,,No sidewalk,,,Yes,No,No,No
243708215,84522650,swathi@verifinity.ai,gs://sawasdee-labelstudio/annotation_frames/8_itinerary_6_frame000026.jpg,8_itinerary_6,8_itinerary_6_57e4df4a,26,260.0,8,2025:04:10 10:35:20,2025-04-10 10:39:40,10,3,1212.0,HERO13 Black,19.015777777777778,72.81770555555555,8.212,0.0,4.0,,1.0,,,N/A,N/A,,No,No,No
243708219,84368468,swathi@verifinity.ai,gs://sawasdee-labelstudio/annotation_frames/8_itinerary_6_frame000030.jpg,8_itinerary_6,8_itinerary_6_57e4df4a,30,300.0,8,2025:04:10 10:35:20,2025-04-10 10:40:20,10,3,1212.0,HERO13 Black,19.01289722222222,72.8169361111111,-7.109,0.0,1.0,,,,,,,,No,No,No
243708226,84638629,swathi@verifinity.ai,gs://sawasdee-labelstudio/annotation_frames/8_itinerary_6_frame000037.jpg,8_itinerary_6,8_itinerary_6_57e4df4a,37,370.0,8,2025:04:10 10:35:20,2025-04-10 10:41:30,10,3,1212.0,HERO13 Black,19.008427777777776,72.81468611111111,-15.9825,0.1,5.0,,1.0,,No sidewalk,,,,No,No,No
243708230,84646427,swathi@verifinity.ai,gs://sawasdee-labelstudio/annotation_frames/8_itinerary_6_frame000041.jpg,8_itinerary_6,8_itinerary_6_57e4df4a,41,410.0,8,2025:04:10 10:35:20,2025-04-10 10:42:10,10,3,1212.0,HERO13 Black,19.005877777777776,72.81389166666666,-13.232,0.1,,,,,Paved,,,,No,No,No
243708233,84645457,swathi@verifinity.ai,gs://sawasdee-labelstudio/annotation_frames/8_itinerary_6_frame000044.jpg,8_itinerary_6,8_itinerary_6_57e4df4a,44,440.0,8,2025:04:10 10:35:20,2025-04-10 10:42:40,10,3,1212.0,HERO13 Black,19.003769444444444,72.81349444444444,-12.253,0.0,5.0,,,,Paved,,,,No,No,No
243708243,84545158,swathi@verifinity.ai,gs://sawasdee-labelstudio/annotation_frames/8_itinerary_6_frame000053.jpg,8_itinerary_6,8_itinerary_6_57e4df4a,53,530.0,8,2025:04:10 10:35:20,2025-04-10 10:44:10,10,3,1212.0,HERO13 Black,19.00699722222222,72.81553333333333,4.359,0.0,,,1.0,,Paved,Yes,,,Yes,No,No
243708245,84545267,swathi@verifinity.ai,gs://sawasdee-labelstudio/annotation_frames/8_itinerary_6_frame000055.jpg,8_itinerary_6,8_itinerary_6_57e4df4a,55,550.0,8,2025:04:10 10:35:20,2025-04-10 10:44:30,10,3,1212.0,HERO13 Black,19.008108333333332,72.81586944444444,6.334,0.0,1.0,,1.0,,Paved,Yes,,,No,No,No
243708247,84497972,swathi@verifinity.ai,gs://sawasdee-labelstudio/annotation_frames/8_itinerary_6_frame000057.jpg,8_itinerary_6,8_itinerary_6_57e4df4a,57,570.0,8,2025:04:10 10:35:20,2025-04-10 10:44:50,10,3,1212.0,HERO13 Black,19.007538888888888,72.81571388888888,6.809,0.0,,,,,Paved,Yes,,,Yes,No,No
243708253,84297857,swathi@verifinity.ai,gs://sawasdee-labelstudio/annotation_frames/8_itinerary_6_frame000063.jpg,8_itinerary_6,8_itinerary_6_57e4df4a,63,630.0,8,2025:04:10 10:35:20,2025-04-10 10:45:50,10,3,1212.0,HERO13 Black,19.004908333333333,72.81549722222222,16.599,0.0,2.0,,,,Paved,Yes,,,No,No,No
243708255,84269875,swathi@verifinity.ai,gs://sawasdee-labelstudio/annotation_frames/8_itinerary_6_frame000065.jpg,8_itinerary_6,8_itinerary_6_57e4df4a,65,650.0,8,2025:04:10 10:35:20,2025-04-10 10:46:10,10,3,1212.0,HERO13 Black,19.00500277777778,72.81567777777778,8.77,0.0,1.0,,,,,Yes,,,No,No,No
243708262,84510941,swathi@verifinity.ai,gs://sawasdee-labelstudio/annotation_frames/8_itinerary_6_frame000072.jpg,8_itinerary_6,8_itinerary_6_57e4df4a,72,720.0,8,2025:04:10 10:35:20,2025-04-10 10:47:20,10,3,1212.0,HERO13 Black,19.00266111111111,72.81423611111111,-2.391,0.0,,2.0,,,Paved,Yes,,,No,No,No
243708265,84645442,swathi@verifinity.ai,gs://sawasdee-labelstudio/annotation_frames/8_itinerary_6_frame000075.jpg,8_itinerary_6,8_itinerary_6_57e4df4a,75,750.0,8,2025:04:10 10:35:20,2025-04-10 10:47:50,10,3,1212.0,HERO13 Black,19.002411111111112,72.81514722222222,-2.79,0.0,,,,,,Yes,,,No,No,No
243708268,84643786,swathi@verifinity.ai,gs://sawasdee-labelstudio/annotation_frames/8_itinerary_6_frame000078.jpg,8_itinerary_6,8_itinerary_6_57e4df4a,78,780.0,8,2025:04:10 10:35:20,2025-04-10 10:48:20,10,3,1212.0,HERO13 Black,19.003108333333333,72.8153611111111,3.684,0.0,1.0,3.0,,,Paved,Yes,,,No,No,No
243708269,85016569,swathi@verifinity.ai,gs://sawasdee-labelstudio/annotation_frames/8_itinerary_6_frame000079.jpg,8_itinerary_6,8_itinerary_6_57e4df4a,79,790.0,8,2025:04:10 10:35:20,2025-04-10 10:48:30,10,3,1212.0,HERO13 Black,19.00327777777778,72.81544722222222,5.277,0.0,7.0,1.0,2.0,,Paved,Yes,,Yes,No,No,No
243708273,85020121,swathi@verifinity.ai,gs://sawasdee-labelstudio/annotation_frames/8_itinerary_6_frame000083.jpg,8_itinerary_6,8_itinerary_6_57e4df4a,83,830.0,8,2025:04:10 10:35:20,2025-04-10 10:49:10,10,3,1212.0,HERO13 Black,19.004430555555555,72.81686388888889,7.511,0.0,,,1.0,,Paved,Yes,,,No,No,No
243708277,84537919,swathi@verifinity.ai,gs://sawasdee-labelstudio/annotation_frames/8_itinerary_6_frame000087.jpg,8_itinerary_6,8_itinerary_6_57e4df4a,87,870.0,8,2025:04:10 10:35:20,2025-04-10 10:49:50,10,3,1212.0,HERO13 Black,19.006233333333334,72.818075,14.541,0.0,,,,,Paved,Yes,,,Yes,No,No
243708283,84538442,swathi@verifinity.ai,gs://sawasdee-labelstudio/annotation_frames/8_itinerary_6_frame000093.jpg,8_itinerary_6,8_itinerary_6_57e4df4a,93,930.0,8,2025:04:10 10:35:20,2025-04-10 10:50:50,10,3,1212.0,HERO13 Black,19.004316666666668,72.816975,19.274,0.0,,,,,Paved,Yes,,,No,No,No
243708285,84632613,swathi@verifinity.ai,gs://sawasdee-labelstudio/annotation_frames/8_itinerary_6_frame000095.jpg,8_itinerary_6,8_itinerary_6_57e4df4a,95,950.0,8,2025:04:10 10:35:20,2025-04-10 10:51:10,10,3,1212.0,HERO13 Black,19.00376111111111,72.81728333333334,17.847,0.0,2.0,1.0,1.0,,Paved,Yes,,,No,No,No
243708314,84367839,swathi@verifinity.ai,gs://sawasdee-labelstudio/annotation_frames/8_itinerary_7_frame000002.jpg,8_itinerary_7,8_itinerary_7_65918cfa,2,20.0,8,2025:04:10 11:18:46,2025-04-10 11:19:06,11,3,971.0,HERO13 Black,19.003755583333334,72.82011806944445,9.794295,0.099,,1.0,1.0,,,,,Yes,No,No,No
243708324,84618278,swathi@verifinity.ai,gs://sawasdee-labelstudio/annotation_frames/8_itinerary_7_frame000011.jpg,8_itinerary_7,8_itinerary_7_65918cfa,11,110.0,8,2025:04:10 11:18:46,2025-04-10 11:20:36,11,3,971.0,HERO13 Black,19.00624722222222,72.82101388888888,7.486,0.0,3.0,1.0,,,Paved,,,,No,No,No
243708325,84514748,swathi@verifinity.ai,gs://sawasdee-labelstudio/annotation_frames/8_itinerary_7_frame000012.jpg,8_itinerary_7,8_itinerary_7_65918cfa,12,120.0,8,2025:04:10 11:18:46,2025-04-10 11:20:46,11,3,971.0,HERO13 Black,19.006252777777778,72.82054444444444,8.759,0.0,3.0,,2.0,,Paved - Blocked,Yes,,,No,No,No
243708330,84510716,swathi@verifinity.ai,gs://sawasdee-labelstudio/annotation_frames/8_itinerary_7_frame000017.jpg,8_itinerary_7,8_itinerary_7_65918cfa,17,170.0,8,2025:04:10 11:18:46,2025-04-10 11:21:36,11,3,971.0,HERO13 Black,19.004994444444446,72.81916944444444,9.844,0.0,8.0,3.0,,,,Yes,,,No,No,Yes
243708332,85015465,swathi@verifinity.ai,gs://sawasdee-labelstudio/annotation_frames/8_itinerary_7_frame000019.jpg,8_itinerary_7,8_itinerary_7_65918cfa,19,190.0,8,2025:04:10 11:18:46,2025-04-10 11:21:56,11,3,971.0,HERO13 Black,19.00446388888889,72.81879166666667,6.915,0.0,2.0,8.0,1.0,,No sidewalk,Yes,,,No,No,Yes
243708333,84378824,swathi@verifinity.ai,gs://sawasdee-labelstudio/annotation_frames/8_itinerary_7_frame000020.jpg,8_itinerary_7,8_itinerary_7_65918cfa,20,200.0,8,2025:04:10 11:18:46,2025-04-10 11:22:06,11,3,971.0,HERO13 Black,19.004072222222224,72.8186361111111,12.646,0.0,11.0,,2.0,,Paved - Blocked,Yes,,,No,No,Yes
243708336,84524620,swathi@verifinity.ai,gs://sawasdee-labelstudio/annotation_frames/8_itinerary_7_frame000023.jpg,8_itinerary_7,8_itinerary_7_65918cfa,23,230.0,8,2025:04:10 11:18:46,2025-04-10 11:22:36,11,3,971.0,HERO13 Black,19.003466666666668,72.8179111111111,6.915,0.0,4.0,1.0,,,No sidewalk,Yes,,,No,No,No
243708344,84544911,swathi@verifinity.ai,gs://sawasdee-labelstudio/annotation_frames/8_itinerary_7_frame000030.jpg,8_itinerary_7,8_itinerary_7_65918cfa,30,300.0,8,2025:04:10 11:18:46,2025-04-10 11:23:46,11,3,971.0,HERO13 Black,19.001255555555556,72.81617222222222,4.057,0.0,4.0,1.0,4.0,,Paved,Yes,,,No,No,No
243708345,84298697,swathi@verifinity.ai,gs://sawasdee-labelstudio/annotation_frames/8_itinerary_7_frame000031.jpg,8_itinerary_7,8_itinerary_7_65918cfa,31,310.0,8,2025:04:10 11:18:46,2025-04-10 11:23:56,11,3,971.0,HERO13 Black,19.001088888888887,72.816025,6.69,0.0,3.0,,3.0,,Paved,,,,No,No,No
243708346,85003314,swathi@verifinity.ai,gs://sawasdee-labelstudio/annotation_frames/8_itinerary_7_frame000032.jpg,8_itinerary_7,8_itinerary_7_65918cfa,32,320.0,8,2025:04:10 11:18:46,2025-04-10 11:24:06,11,3,971.0,HERO13 Black,19.001105555555554,72.81597777777777,3.932,0.0,1.0,,4.0,,Paved,Yes,,,No,No,No
243708356,84497763,swathi@verifinity.ai,gs://sawasdee-labelstudio/annotation_frames/8_itinerary_7_frame000042.jpg,8_itinerary_7,8_itinerary_7_65918cfa,42,420.0,8,2025:04:10 11:18:46,2025-04-10 11:25:46,11,3,971.0,HERO13 Black,19.00331388888889,72.81802222222223,7.343,0.0,3.0,,2.0,,Paved - Blocked,Yes,,Construction debris,No,No,No
243708361,84539213,swathi@verifinity.ai,gs://sawasdee-labelstudio/annotation_frames/8_itinerary_7_frame000047.jpg,8_itinerary_7,8_itinerary_7_65918cfa,47,470.0,8,2025:04:10 11:18:46,2025-04-10 11:26:36,11,3,971.0,HERO13 Black,19.002155555555557,72.8156861111111,8.017,0.0,,,,,,Yes,,,No,No,No
243708365,84535561,swathi@verifinity.ai,gs://sawasdee-labelstudio/annotation_frames/8_itinerary_7_frame000051.jpg,8_itinerary_7,8_itinerary_7_65918cfa,51,510.0,8,2025:04:10 11:18:46,2025-04-10 11:27:16,11,3,971.0,HERO13 Black,19.001783333333332,72.81567222222222,-1.354,0.0,1.0,1.0,2.0,,Paved,Yes,,,No,No,No
243708375,84638003,swathi@verifinity.ai,gs://sawasdee-labelstudio/annotation_frames/8_itinerary_7_frame000061.jpg,8_itinerary_7,8_itinerary_7_65918cfa,61,610.0,8,2025:04:10 11:18:46,2025-04-10 11:28:56,11,3,971.0,HERO13 Black,19.004041666666666,72.8133611111111,3.99,0.0,6.0,,2.0,,Paved - Blocked,,,,No,No,No
243708376,84644137,swathi@verifinity.ai,gs://sawasdee-labelstudio/annotation_frames/8_itinerary_7_frame000062.jpg,8_itinerary_7,8_itinerary_7_65918cfa,62,620.0,8,2025:04:10 11:18:46,2025-04-10 11:29:06,11,3,971.0,HERO13 Black,19.004094444444444,72.81332499999999,3.728,0.0,2.0,1.0,1.0,,Paved - Blocked,Yes,,,No,No,No
243708391,85022933,swathi@verifinity.ai,gs://sawasdee-labelstudio/annotation_frames/8_itinerary_7_frame000077.jpg,8_itinerary_7,8_itinerary_7_65918cfa,77,770.0,8,2025:04:10 11:18:46,2025-04-10 11:31:36,11,3,971.0,HERO13 Black,,,,,1.0,,5.0,1.0,Paved,Yes,,,No,No,No
243708397,85017983,swathi@verifinity.ai,gs://sawasdee-labelstudio/annotation_frames/8_itinerary_7_frame000082.jpg,8_itinerary_7,8_itinerary_7_65918cfa,82,820.0,8,2025:04:10 11:18:46,2025-04-10 11:32:26,11,3,971.0,HERO13 Black,,,,,2.0,,,,No sidewalk,Yes,,,No,No,No
243708408,84534813,swathi@verifinity.ai,gs://sawasdee-labelstudio/annotation_frames/8_itinerary_7_frame000093.jpg,8_itinerary_7,8_itinerary_7_65918cfa,93,930.0,8,2025:04:10 11:18:46,2025-04-10 11:34:16,11,3,971.0,HERO13 Black,,,,,,,,,No sidewalk,Yes,,,No,No,No
243708414,84620615,swathi@verifinity.ai,gs://sawasdee-labelstudio/annotation_frames/8_itinerary_8_frame000002.jpg,8_itinerary_8,8_itinerary_8_152f3633,2,20.0,8,2025:04:10 11:50:17,2025-04-10 11:50:37,11,3,1775.0,HERO13 Black,18.997269444444445,72.83065694444444,8.062999999999999,0.1,11.0,,,2.0,No sidewalk,Yes,,,No,No,No
243708415,84645826,swathi@verifinity.ai,gs://sawasdee-labelstudio/annotation_frames/8_itinerary_8_frame000003.jpg,8_itinerary_8,8_itinerary_8_152f3633,3,30.0,8,2025:04:10 11:50:17,2025-04-10 11:50:47,11,3,1775.0,HERO13 Black,18.997109722222223,72.83042777777777,9.683499999999999,0.1,2.0,1.0,3.0,,Paved,Yes,,,No,No,No
243708433,84379507,swathi@verifinity.ai,gs://sawasdee-labelstudio/annotation_frames/8_itinerary_8_frame000021.jpg,8_itinerary_8,8_itinerary_8_152f3633,21,210.0,8,2025:04:10 11:50:17,2025-04-10 11:53:47,11,3,1775.0,HERO13 Black,18.996458333333333,72.82673333333332,18.874,0.0,1.0,,,,,,,,No,No,No
243708444,84546216,swathi@verifinity.ai,gs://sawasdee-labelstudio/annotation_frames/8_itinerary_8_frame000031.jpg,8_itinerary_8,8_itinerary_8_152f3633,31,310.0,8,2025:04:10 11:50:17,2025-04-10 11:55:27,11,3,1775.0,HERO13 Black,18.99781666666667,72.82719444444444,9.502,0.0,11.0,,,,No sidewalk,,,,No,No,Yes
243708455,84523794,swathi@verifinity.ai,gs://sawasdee-labelstudio/annotation_frames/8_itinerary_8_frame000042.jpg,8_itinerary_8,8_itinerary_8_152f3633,42,420.0,8,2025:04:10 11:50:17,2025-04-10 11:57:17,11,3,1775.0,HERO13 Black,18.99816388888889,72.8291,16.092,0.0,1.0,,,,No sidewalk,,Yes,,No,No,No
243708460,84300067,swathi@verifinity.ai,gs://sawasdee-labelstudio/annotation_frames/8_itinerary_8_frame000047.jpg,8_itinerary_8,8_itinerary_8_152f3633,47,470.0,8,2025:04:10 11:50:17,2025-04-10 11:58:07,11,3,1775.0,HERO13 Black,18.99801666666667,72.83089722222222,13.191,0.0,,,3.0,,Paved - Blocked,Yes,,,No,No,No
243708470,84391275,swathi@verifinity.ai,gs://sawasdee-labelstudio/annotation_frames/8_itinerary_8_frame000057.jpg,8_itinerary_8,8_itinerary_8_152f3633,57,570.0,8,2025:04:10 11:50:17,2025-04-10 11:59:47,11,3,1775.0,HERO13 Black,18.99812777777778,72.82759999999999,15.665,0.0,8.0,,3.0,,Paved - Blocked,Yes,,,No,No,No
243708471,84393131,swathi@verifinity.ai,gs://sawasdee-labelstudio/annotation_frames/8_itinerary_8_frame000058.jpg,8_itinerary_8,8_itinerary_8_152f3633,58,580.0,8,2025:04:10 11:50:17,2025-04-10 11:59:57,11,3,1775.0,HERO13 Black,18.99812222222222,72.82759722222222,15.717,0.0,6.0,3.0,6.0,,Paved,,Yes,,No,No,Yes
243708476,84537883,swathi@verifinity.ai,gs://sawasdee-labelstudio/annotation_frames/8_itinerary_8_frame000063.jpg,8_itinerary_8,8_itinerary_8_152f3633,63,630.0,8,2025:04:10 11:50:17,2025-04-10 12:00:47,12,3,1775.0,HERO13 Black,18.998105555555558,72.82757777777778,18.118,0.0,8.0,,11.0,1.0,Paved,,,,No,No,No
243708494,84383619,swathi@verifinity.ai,gs://sawasdee-labelstudio/annotation_frames/8_itinerary_8_frame000081.jpg,8_itinerary_8,8_itinerary_8_152f3633,81,810.0,8,2025:04:10 11:50:17,2025-04-10 12:03:47,12,3,1775.0,HERO13 Black,18.996369444444447,72.82788611111111,13.862,0.0,7.0,,5.0,1.0,,,,,No,No,No
243708500,85165985,swathi@verifinity.ai,gs://sawasdee-labelstudio/annotation_frames/8_itinerary_8_frame000086.jpg,8_itinerary_8,8_itinerary_8_152f3633,86,860.0,8,2025:04:10 11:50:17,2025-04-10 12:04:37,12,3,1775.0,HERO13 Black,18.996366666666667,72.82796388888889,16.861,0.0,6.0,7.0,2.0,,,,,Yes,No,No,Yes
243708503,84501568,swathi@verifinity.ai,gs://sawasdee-labelstudio/annotation_frames/8_itinerary_8_frame000089.jpg,8_itinerary_8,8_itinerary_8_152f3633,89,890.0,8,2025:04:10 11:50:17,2025-04-10 12:05:07,12,3,1775.0,HERO13 Black,18.996391666666668,72.82719722222222,18.397,0.0,3.0,3.0,9.0,,No sidewalk,,,,No,No,No
243708507,84640932,swathi@verifinity.ai,gs://sawasdee-labelstudio/annotation_frames/8_itinerary_8_frame000093.jpg,8_itinerary_8,8_itinerary_8_152f3633,93,930.0,8,2025:04:10 11:50:17,2025-04-10 12:05:47,12,3,1775.0,HERO13 Black,18.995752777777778,72.82634444444444,16.944,0.0,4.0,,2.0,,,,,,No,No,No
243708508,84372729,swathi@verifinity.ai,gs://sawasdee-labelstudio/annotation_frames/8_itinerary_8_frame000094.jpg,8_itinerary_8,8_itinerary_8_152f3633,94,940.0,8,2025:04:10 11:50:17,2025-04-10 12:05:57,12,3,1775.0,HERO13 Black,18.995233333333335,72.82608055555555,16.284,0.0,11.0,,2.0,,Paved,Yes,,Yes,No,No,No
243708514,84351750,swathi@verifinity.ai,gs://sawasdee-labelstudio/annotation_frames/8_itinerary_8_frame000100.jpg,8_itinerary_8,8_itinerary_8_152f3633,100,1000.0,8,2025:04:10 11:50:17,2025-04-10 12:06:57,12,3,1775.0,HERO13 Black,18.993576430555557,72.82550420833333,14.818245,0.099,9.0,11.0,,,No sidewalk,,,,No,No,No
243708515,84536620,swathi@verifinity.ai,gs://sawasdee-labelstudio/annotation_frames/8_itinerary_8_frame000101.jpg,8_itinerary_8,8_itinerary_8_152f3633,101,1010.0,8,2025:04:10 11:50:17,2025-04-10 12:07:07,12,3,1775.0,HERO13 Black,18.993980583333332,72.82585280555556,16.599345,0.099,11.0,,,,No sidewalk,,,,No,No,No
243708518,84375972,swathi@verifinity.ai,gs://sawasdee-labelstudio/annotation_frames/8_itinerary_8_frame000104.jpg,8_itinerary_8,8_itinerary_8_152f3633,104,1040.0,8,2025:04:10 11:50:17,2025-04-10 12:07:37,12,3,1775.0,HERO13 Black,18.99451529166667,72.82676529166666,11.85424,0.099,5.0,1.0,,,,,,Yes,No,No,No
243708521,84501716,swathi@verifinity.ai,gs://sawasdee-labelstudio/annotation_frames/8_itinerary_8_frame000107.jpg,8_itinerary_8,8_itinerary_8_152f3633,107,1070.0,8,2025:04:10 11:50:17,2025-04-10 12:08:07,12,3,1775.0,HERO13 Black,18.993584680555557,72.82666666666667,11.991075,0.099,8.0,3.0,1.0,,,,,Yes,No,No,No
243708522,84369382,swathi@verifinity.ai,gs://sawasdee-labelstudio/annotation_frames/8_itinerary_8_frame000108.jpg,8_itinerary_8,8_itinerary_8_152f3633,108,1080.0,8,2025:04:10 11:50:17,2025-04-10 12:08:17,12,3,1775.0,HERO13 Black,18.993293069444444,72.82670420833334,19.142174999999998,0.099,11.0,3.0,,,No sidewalk,,Yes,,No,No,No
243708523,85013754,swathi@verifinity.ai,gs://sawasdee-labelstudio/annotation_frames/8_itinerary_8_frame000109.jpg,8_itinerary_8,8_itinerary_8_152f3633,109,1090.0,8,2025:04:10 11:50:17,2025-04-10 12:08:27,12,3,1775.0,HERO13 Black,18.9932,72.82700277777778,18.313,0.0,,2.0,1.0,,No sidewalk,,Yes,Yes,No,No,No
243708529,84545515,swathi@verifinity.ai,gs://sawasdee-labelstudio/annotation_frames/8_itinerary_8_frame000114.jpg,8_itinerary_8,8_itinerary_8_152f3633,114,1140.0,8,2025:04:10 11:50:17,2025-04-10 12:09:17,12,3,1775.0,HERO13 Black,18.994286111111112,72.82682777777778,26.685,0.0,3.0,1.0,1.0,,No sidewalk,,,,No,No,No
243708532,84396528,swathi@verifinity.ai,gs://sawasdee-labelstudio/annotation_frames/8_itinerary_8_frame000117.jpg,8_itinerary_8,8_itinerary_8_152f3633,117,1170.0,8,2025:04:10 11:50:17,2025-04-10 12:09:47,12,3,1775.0,HERO13 Black,18.994425,72.82620833333333,24.179,0.0,3.0,1.0,,,Paved,,,Construction debris,No,No,No
243708554,84267672,swathi@verifinity.ai,gs://sawasdee-labelstudio/annotation_frames/8_itinerary_8_frame000138.jpg,8_itinerary_8,8_itinerary_8_152f3633,138,1380.0,8,2025:04:10 11:50:17,2025-04-10 12:13:17,12,3,1775.0,HERO13 Black,18.988019444444447,72.82399166666666,-3.615,0.0,6.0,,,,No sidewalk,,,,No,No,No
243708556,84283300,swathi@verifinity.ai,gs://sawasdee-labelstudio/annotation_frames/8_itinerary_8_frame000140.jpg,8_itinerary_8,8_itinerary_8_152f3633,140,1400.0,8,2025:04:10 11:50:17,2025-04-10 12:13:37,12,3,1775.0,HERO13 Black,18.98742777777778,72.82376388888889,-0.059,0.0,4.0,,,,No sidewalk,,,,No,No,No
243708563,84997215,swathi@verifinity.ai,gs://sawasdee-labelstudio/annotation_frames/8_itinerary_8_frame000147.jpg,8_itinerary_8,8_itinerary_8_152f3633,147,1470.0,8,2025:04:10 11:50:17,2025-04-10 12:14:47,12,3,1775.0,HERO13 Black,18.98672777777778,72.82478055555555,5.753,0.0,3.0,,2.0,,,Yes,,,No,No,No
243708580,84373146,swathi@verifinity.ai,gs://sawasdee-labelstudio/annotation_frames/8_itinerary_8_frame000164.jpg,8_itinerary_8,8_itinerary_8_152f3633,164,1640.0,8,2025:04:10 11:50:17,2025-04-10 12:17:37,12,3,1775.0,HERO13 Black,,,,,3.0,1.0,,,,,,,No,No,No
243708588,84509835,swathi@verifinity.ai,gs://sawasdee-labelstudio/annotation_frames/8_itinerary_8_frame000172.jpg,8_itinerary_8,8_itinerary_8_152f3633,172,1720.0,8,2025:04:10 11:50:17,2025-04-10 12:18:57,12,3,1775.0,HERO13 Black,,,,,10.0,,1.0,,,,,,No,No,No
243708598,84616625,swathi@verifinity.ai,gs://sawasdee-labelstudio/annotation_frames/8_itinerary_9_frame000004.jpg,8_itinerary_9,8_itinerary_9_09ca5d13,4,40.0,8,2025:04:10 12:48:12,2025-04-10 12:48:52,12,3,767.0,HERO13 Black,18.99115973611111,72.83596941666667,10.00821,0.099,,,,,No sidewalk,,,Yes,No,No,No
243708606,84361805,swathi@verifinity.ai,gs://sawasdee-labelstudio/annotation_frames/8_itinerary_9_frame000011.jpg,8_itinerary_9,8_itinerary_9_09ca5d13,11,110.0,8,2025:04:10 12:48:12,2025-04-10 12:50:02,12,3,767.0,HERO13 Black,18.990881930555556,72.8357124861111,8.27175,0.099,6.0,5.0,4.0,,,Yes,,,No,No,No
243708616,84384359,swathi@verifinity.ai,gs://sawasdee-labelstudio/annotation_frames/8_itinerary_9_frame000021.jpg,8_itinerary_9,8_itinerary_9_09ca5d13,21,210.0,8,2025:04:10 12:48:12,2025-04-10 12:51:42,12,3,767.0,HERO13 Black,18.994308333333333,72.83628333333333,29.325,0.0,11.0,1.0,,,No sidewalk,Yes,,,No,No,No
243708631,84513608,swathi@verifinity.ai,gs://sawasdee-labelstudio/annotation_frames/8_itinerary_9_frame000036.jpg,8_itinerary_9,8_itinerary_9_09ca5d13,36,360.0,8,2025:04:10 12:48:12,2025-04-10 12:54:12,12,3,767.0,HERO13 Black,18.993319444444445,72.83731666666667,12.532,0.0,7.0,2.0,5.0,,,Yes,,,No,No,No
243708635,84496741,swathi@verifinity.ai,gs://sawasdee-labelstudio/annotation_frames/8_itinerary_9_frame000040.jpg,8_itinerary_9,8_itinerary_9_09ca5d13,40,400.0,8,2025:04:10 12:48:12,2025-04-10 12:54:52,12,3,767.0,HERO13 Black,18.9939,72.83757222222222,11.399,0.0,4.0,1.0,1.0,,,,,,No,No,No
243708637,84259925,swathi@verifinity.ai,gs://sawasdee-labelstudio/annotation_frames/8_itinerary_9_frame000042.jpg,8_itinerary_9,8_itinerary_9_09ca5d13,42,420.0,8,2025:04:10 12:48:12,2025-04-10 12:55:12,12,3,767.0,HERO13 Black,18.994127777777777,72.83720555555556,5.604,0.0,3.0,,1.0,,Paved,,,,No,No,No
243708646,84370840,swathi@verifinity.ai,gs://sawasdee-labelstudio/annotation_frames/8_itinerary_9_frame000051.jpg,8_itinerary_9,8_itinerary_9_09ca5d13,51,510.0,8,2025:04:10 12:48:12,2025-04-10 12:56:42,12,3,767.0,HERO13 Black,18.994944444444446,72.83707777777778,34.999,0.0,7.0,1.0,,,,,,,No,No,No
243708655,84381763,swathi@verifinity.ai,gs://sawasdee-labelstudio/annotation_frames/8_itinerary_9_frame000058.jpg,8_itinerary_9,8_itinerary_9_09ca5d13,58,580.0,8,2025:04:10 12:48:12,2025-04-10 12:57:52,12,3,767.0,HERO13 Black,,,,,8.0,1.0,4.0,,,Yes,,Yes,No,No,No
243708656,84377874,swathi@verifinity.ai,gs://sawasdee-labelstudio/annotation_frames/8_itinerary_9_frame000059.jpg,8_itinerary_9,8_itinerary_9_09ca5d13,59,590.0,8,2025:04:10 12:48:12,2025-04-10 12:58:02,12,3,767.0,HERO13 Black,,,,,3.0,1.0,,,Paved,,,,No,No,No
243708659,84527077,swathi@verifinity.ai,gs://sawasdee-labelstudio/annotation_frames/8_itinerary_9_frame000062.jpg,8_itinerary_9,8_itinerary_9_09ca5d13,62,620.0,8,2025:04:10 12:48:12,2025-04-10 12:58:32,12,3,767.0,HERO13 Black,,,,,7.0,5.0,,,,Yes,,,No,No,No
243708661,84641630,swathi@verifinity.ai,gs://sawasdee-labelstudio/annotation_frames/8_itinerary_9_frame000064.jpg,8_itinerary_9,8_itinerary_9_09ca5d13,64,640.0,8,2025:04:10 12:48:12,2025-04-10 12:58:52,12,3,767.0,HERO13 Black,,,,,3.0,1.0,2.0,,No sidewalk,Yes,,,No,No,No
243708663,85016053,swathi@verifinity.ai,gs://sawasdee-labelstudio/annotation_frames/8_itinerary_9_frame000066.jpg,8_itinerary_9,8_itinerary_9_09ca5d13,66,660.0,8,2025:04:10 12:48:12,2025-04-10 12:59:12,12,3,767.0,HERO13 Black,,,,,5.0,3.0,,,Paved,Yes,,,No,No,No
243708670,84546108,swathi@verifinity.ai,gs://sawasdee-labelstudio/annotation_frames/8_itinerary_9_frame000073.jpg,8_itinerary_9,8_itinerary_9_09ca5d13,73,730.0,8,2025:04:10 12:48:12,2025-04-10 13:00:22,13,3,767.0,HERO13 Black,,,,,3.0,1.0,1.0,,No sidewalk,Yes,,,No,No,No
243708689,84538093,swathi@verifinity.ai,gs://sawasdee-labelstudio/annotation_frames/9_itinerary_1_frame000015.jpg,9_itinerary_1,9_itinerary_1_498e8747,15,150.0,9,2025:04:12 08:19:38,2025-04-12 08:22:08,8,5,1295.0,HERO13 Black,18.980047222222222,72.82097499999999,0.67,0.0,,,3.0,1.0,Paved - Blocked,,,,No,No,No
243708700,84396176,swathi@verifinity.ai,gs://sawasdee-labelstudio/annotation_frames/9_itinerary_1_frame000026.jpg,9_itinerary_1,9_itinerary_1_498e8747,26,260.0,9,2025:04:12 08:19:38,2025-04-12 08:23:58,8,5,1295.0,HERO13 Black,18.97906944444444,72.81704166666667,3.174,0.0,1.0,,5.0,,Paved - Blocked,,,,No,No,No
243708706,84258006,swathi@verifinity.ai,gs://sawasdee-labelstudio/annotation_frames/9_itinerary_1_frame000032.jpg,9_itinerary_1,9_itinerary_1_498e8747,32,320.0,9,2025:04:12 08:19:38,2025-04-12 08:24:58,8,5,1295.0,HERO13 Black,18.978513888888887,72.81428888888888,4.732,0.0,1.0,,3.0,,Paved,,,,No,No,No
243708708,85005613,swathi@verifinity.ai,gs://sawasdee-labelstudio/annotation_frames/9_itinerary_1_frame000033.jpg,9_itinerary_1,9_itinerary_1_498e8747,33,330.0,9,2025:04:12 08:19:38,2025-04-12 08:25:08,8,5,1295.0,HERO13 Black,18.978366666666666,72.813625,3.971,0.0,,,2.0,,Paved,Yes,,,No,No,No
243708713,84534737,swathi@verifinity.ai,gs://sawasdee-labelstudio/annotation_frames/9_itinerary_1_frame000038.jpg,9_itinerary_1,9_itinerary_1_498e8747,38,380.0,9,2025:04:12 08:19:38,2025-04-12 08:25:58,8,5,1295.0,HERO13 Black,18.976149999999997,72.81428055555556,5.782,0.0,7.0,,2.0,,Paved,Yes,,,No,No,No
243708714,84296934,swathi@verifinity.ai,gs://sawasdee-labelstudio/annotation_frames/9_itinerary_1_frame000039.jpg,9_itinerary_1,9_itinerary_1_498e8747,39,390.0,9,2025:04:12 08:19:38,2025-04-12 08:26:08,8,5,1295.0,HERO13 Black,18.975680555555552,72.81448611111111,6.29,0.0,,,,,Paved - Blocked,Yes,,,No,No,No
243708718,84997434,swathi@verifinity.ai,gs://sawasdee-labelstudio/annotation_frames/9_itinerary_1_frame000043.jpg,9_itinerary_1,9_itinerary_1_498e8747,43,430.0,9,2025:04:12 08:19:38,2025-04-12 08:26:48,8,5,1295.0,HERO13 Black,18.974013888888887,72.81580277777778,4.336,0.0,7.0,1.0,,,No sidewalk,,,,No,No,Yes
243708725,84621598,swathi@verifinity.ai,gs://sawasdee-labelstudio/annotation_frames/9_itinerary_1_frame000050.jpg,9_itinerary_1,9_itinerary_1_498e8747,50,500.0,9,2025:04:12 08:19:38,2025-04-12 08:27:58,8,5,1295.0,HERO13 Black,18.972580555555552,72.81650555555555,1.687,0.0,3.0,,4.0,,Paved - Blocked,Yes,,,No,No,No
243708728,84380529,swathi@verifinity.ai,gs://sawasdee-labelstudio/annotation_frames/9_itinerary_1_frame000053.jpg,9_itinerary_1,9_itinerary_1_498e8747,53,530.0,9,2025:04:12 08:19:38,2025-04-12 08:28:28,8,5,1295.0,HERO13 Black,18.97236111111111,72.81502499999999,9.562,0.0,,,2.0,,Paved,Yes,,,No,No,No
243708729,84299870,swathi@verifinity.ai,gs://sawasdee-labelstudio/annotation_frames/9_itinerary_1_frame000054.jpg,9_itinerary_1,9_itinerary_1_498e8747,54,540.0,9,2025:04:12 08:19:38,2025-04-12 08:28:38,8,5,1295.0,HERO13 Black,18.972336111111108,72.81490555555555,8.115,0.0,,,1.0,,Paved,Yes,,,Yes,No,No
243708732,84298017,swathi@verifinity.ai,gs://sawasdee-labelstudio/annotation_frames/9_itinerary_1_frame000057.jpg,9_itinerary_1,9_itinerary_1_498e8747,57,570.0,9,2025:04:12 08:19:38,2025-04-12 08:29:08,8,5,1295.0,HERO13 Black,18.970744444444442,72.81504722222222,6.863,0.0,2.0,,4.0,,,Yes,,,Yes,No,No
243708737,84385880,swathi@verifinity.ai,gs://sawasdee-labelstudio/annotation_frames/9_itinerary_1_frame000062.jpg,9_itinerary_1,9_itinerary_1_498e8747,62,620.0,9,2025:04:12 08:19:38,2025-04-12 08:29:58,8,5,1295.0,HERO13 Black,18.969436111111108,72.81541944444444,-2.422,0.0,2.0,,3.0,,Paved,,,,No,No,No
243708739,84641520,swathi@verifinity.ai,gs://sawasdee-labelstudio/annotation_frames/9_itinerary_1_frame000064.jpg,9_itinerary_1,9_itinerary_1_498e8747,64,640.0,9,2025:04:12 08:19:38,2025-04-12 08:30:18,8,5,1295.0,HERO13 Black,18.96939722222222,72.81548888888888,-3.977,0.0,1.0,,4.0,,Paved,Yes,,,No,No,No
243708747,85012273,swathi@verifinity.ai,gs://sawasdee-labelstudio/annotation_frames/9_itinerary_1_frame000072.jpg,9_itinerary_1,9_itinerary_1_498e8747,72,720.0,9,2025:04:12 08:19:38,2025-04-12 08:31:38,8,5,1295.0,HERO13 Black,18.96908611111111,72.81576944444444,-1.203,0.0,1.0,,,,Paved - Blocked,Yes,,Yes,No,No,No
243708749,84541237,swathi@verifinity.ai,gs://sawasdee-labelstudio/annotation_frames/9_itinerary_1_frame000074.jpg,9_itinerary_1,9_itinerary_1_498e8747,74,740.0,9,2025:04:12 08:19:38,2025-04-12 08:31:58,8,5,1295.0,HERO13 Black,18.969080555555554,72.81576944444444,-0.331,0.0,,,1.0,,,Yes,,,No,No,No
243708750,85003779,swathi@verifinity.ai,gs://sawasdee-labelstudio/annotation_frames/9_itinerary_1_frame000075.jpg,9_itinerary_1,9_itinerary_1_498e8747,75,750.0,9,2025:04:12 08:19:38,2025-04-12 08:32:08,8,5,1295.0,HERO13 Black,18.969069444444443,72.81576388888888,1.178,0.0,7.0,4.0,2.0,,,Yes,,,No,No,Yes
243708752,84508725,swathi@verifinity.ai,gs://sawasdee-labelstudio/annotation_frames/9_itinerary_1_frame000077.jpg,9_itinerary_1,9_itinerary_1_498e8747,77,770.0,9,2025:04:12 08:19:38,2025-04-12 08:32:28,8,5,1295.0,HERO13 Black,18.969063888888886,72.81575555555555,2.016,0.0,3.0,,,,Paved,Yes,,,No,No,Yes
243708753,84620722,swathi@verifinity.ai,gs://sawasdee-labelstudio/annotation_frames/9_itinerary_1_frame000078.jpg,9_itinerary_1,9_itinerary_1_498e8747,78,780.0,9,2025:04:12 08:19:38,2025-04-12 08:32:38,8,5,1295.0,HERO13 Black,18.96906111111111,72.81575833333333,2.761,0.0,3.0,1.0,2.0,,Paved,Yes,,,No,No,No
243708756,84499010,swathi@verifinity.ai,gs://sawasdee-labelstudio/annotation_frames/9_itinerary_1_frame000081.jpg,9_itinerary_1,9_itinerary_1_498e8747,81,810.0,9,2025:04:12 08:19:38,2025-04-12 08:33:08,8,5,1295.0,HERO13 Black,18.967813888888887,72.81694444444445,5.574,0.0,4.0,,5.0,,Paved - Blocked,Yes,,,No,No,No
243708770,84282565,swathi@verifinity.ai,gs://sawasdee-labelstudio/annotation_frames/9_itinerary_1_frame000094.jpg,9_itinerary_1,9_itinerary_1_498e8747,94,940.0,9,2025:04:12 08:19:38,2025-04-12 08:35:18,8,5,1295.0,HERO13 Black,18.96889722222222,72.81548888888888,4.328,0.0,2.0,,,,,Yes,,,No,No,No
243708781,84394917,swathi@verifinity.ai,gs://sawasdee-labelstudio/annotation_frames/9_itinerary_1_frame000105.jpg,9_itinerary_1,9_itinerary_1_498e8747,105,1050.0,9,2025:04:12 08:19:38,2025-04-12 08:37:08,8,5,1295.0,HERO13 Black,18.966475,72.81366388888888,4.384,25.6,11.0,3.0,3.0,,Paved,Yes,,,No,No,No
243708793,84644863,swathi@verifinity.ai,gs://sawasdee-labelstudio/annotation_frames/9_itinerary_1_frame000116.jpg,9_itinerary_1,9_itinerary_1_498e8747,116,1160.0,9,2025:04:12 08:19:38,2025-04-12 08:38:58,8,5,1295.0,HERO13 Black,,,,,1.0,,5.0,,Paved,,,,No,No,No
243708797,84538394,swathi@verifinity.ai,gs://sawasdee-labelstudio/annotation_frames/9_itinerary_1_frame000120.jpg,9_itinerary_1,9_itinerary_1_498e8747,120,1200.0,9,2025:04:12 08:19:38,2025-04-12 08:39:38,8,5,1295.0,HERO13 Black,,,,,3.0,,7.0,1.0,Paved,Yes,,,No,No,No
243708798,84382918,swathi@verifinity.ai,gs://sawasdee-labelstudio/annotation_frames/9_itinerary_1_frame000121.jpg,9_itinerary_1,9_itinerary_1_498e8747,121,1210.0,9,2025:04:12 08:19:38,2025-04-12 08:39:48,8,5,1295.0,HERO13 Black,,,,,5.0,1.0,5.0,,Paved,Yes,,,No,No,No
243708813,84646554,swathi@verifinity.ai,gs://sawasdee-labelstudio/annotation_frames/9_itinerary_2 (1)_frame000006.jpg,9_itinerary_2 (1),9_itinerary_2 (1)_170b2651,6,60.0,9,2025:04:12 08:49:56,2025-04-12 08:50:56,8,5,2062.0,HERO13 Black,18.962497222222222,72.8223,1.434,0.0,1.0,,1.0,,Paved,,,,No,No,No
243708814,84268925,swathi@verifinity.ai,gs://sawasdee-labelstudio/annotation_frames/9_itinerary_2 (1)_frame000007.jpg,9_itinerary_2 (1),9_itinerary_2 (1)_170b2651,7,70.0,9,2025:04:12 08:49:56,2025-04-12 08:51:06,8,5,2062.0,HERO13 Black,18.9621,72.82269166666666,0.951,0.0,5.0,1.0,,,No sidewalk,Yes,,,No,No,No
243708815,84295318,swathi@verifinity.ai,gs://sawasdee-labelstudio/annotation_frames/9_itinerary_2 (1)_frame000008.jpg,9_itinerary_2 (1),9_itinerary_2 (1)_170b2651,8,80.0,9,2025:04:12 08:49:56,2025-04-12 08:51:16,8,5,2062.0,HERO13 Black,18.961758333333332,72.82304166666667,1.718,0.0,1.0,,1.0,1.0,,,,Construction debris,No,No,No
243708825,84380152,swathi@verifinity.ai,gs://sawasdee-labelstudio/annotation_frames/9_itinerary_2 (1)_frame000018.jpg,9_itinerary_2 (1),9_itinerary_2 (1)_170b2651,18,180.0,9,2025:04:12 08:49:56,2025-04-12 08:52:56,8,5,2062.0,HERO13 Black,18.958469444444443,72.82586944444444,2.005,0.0,2.0,1.0,2.0,,,Yes,,,No,No,No
243708826,84644282,swathi@verifinity.ai,gs://sawasdee-labelstudio/annotation_frames/9_itinerary_2 (1)_frame000019.jpg,9_itinerary_2 (1),9_itinerary_2 (1)_170b2651,19,190.0,9,2025:04:12 08:49:56,2025-04-12 08:53:06,8,5,2062.0,HERO13 Black,18.95815,72.82621388888889,1.906,0.0,,,,,No sidewalk,,,,No,No,No
243708832,84639353,swathi@verifinity.ai,gs://sawasdee-labelstudio/annotation_frames/9_itinerary_2 (1)_frame000025.jpg,9_itinerary_2 (1),9_itinerary_2 (1)_170b2651,25,250.0,9,2025:04:12 08:49:56,2025-04-12 08:54:06,8,5,2062.0,HERO13 Black,18.957188888888886,72.82748333333333,3.867,0.0,8.0,,7.0,,No sidewalk,,,Construction debris,No,No,No
243708839,84292058,swathi@verifinity.ai,gs://sawasdee-labelstudio/annotation_frames/9_itinerary_2 (1)_frame000032.jpg,9_itinerary_2 (1),9_itinerary_2 (1)_170b2651,32,320.0,9,2025:04:12 08:49:56,2025-04-12 08:55:16,8,5,2062.0,HERO13 Black,18.956297222222222,72.82930833333333,2.477,0.0,5.0,,5.0,,Paved,Yes,,,No,No,No
243708844,85019161,swathi@verifinity.ai,gs://sawasdee-labelstudio/annotation_frames/9_itinerary_2 (1)_frame000037.jpg,9_itinerary_2 (1),9_itinerary_2 (1)_170b2651,37,370.0,9,2025:04:12 08:49:56,2025-04-12 08:56:06,8,5,2062.0,HERO13 Black,18.955199999999998,72.83011388888889,-0.035,0.0,5.0,,4.0,,Paved,Yes,,,No,No,No
243708848,85015839,swathi@verifinity.ai,gs://sawasdee-labelstudio/annotation_frames/9_itinerary_2 (1)_frame000041.jpg,9_itinerary_2 (1),9_itinerary_2 (1)_170b2651,41,410.0,9,2025:04:12 08:49:56,2025-04-12 08:56:46,8,5,2062.0,HERO13 Black,18.954172222222223,72.83144166666666,0.872,0.0,11.0,1.0,2.0,,Paved - Blocked,Yes,,Yes,No,No,No
243708851,85016642,swathi@verifinity.ai,gs://sawasdee-labelstudio/annotation_frames/9_itinerary_2 (1)_frame000044.jpg,9_itinerary_2 (1),9_itinerary_2 (1)_170b2651,44,440.0,9,2025:04:12 08:49:56,2025-04-12 08:57:16,8,5,2062.0,HERO13 Black,18.954194444444443,72.83180555555555,-0.217,0.0,5.0,3.0,4.0,2.0,No sidewalk,Yes,,,No,No,No
243708852,84613588,swathi@verifinity.ai,gs://sawasdee-labelstudio/annotation_frames/9_itinerary_2 (1)_frame000045.jpg,9_itinerary_2 (1),9_itinerary_2 (1)_170b2651,45,450.0,9,2025:04:12 08:49:56,2025-04-12 08:57:26,8,5,2062.0,HERO13 Black,18.954555555555554,72.83209722222222,0.587,0.0,9.0,,3.0,1.0,No sidewalk,Yes,,,No,No,No
243708856,84643062,swathi@verifinity.ai,gs://sawasdee-labelstudio/annotation_frames/9_itinerary_2 (1)_frame000049.jpg,9_itinerary_2 (1),9_itinerary_2 (1)_170b2651,49,490.0,9,2025:04:12 08:49:56,2025-04-12 08:58:06,8,5,2062.0,HERO13 Black,18.95566388888889,72.83210277777778,0.96,0.0,2.0,1.0,2.0,,Paved - Blocked,,,,Yes,No,No
243708861,84299383,swathi@verifinity.ai,gs://sawasdee-labelstudio/annotation_frames/9_itinerary_2 (1)_frame000054.jpg,9_itinerary_2 (1),9_itinerary_2 (1)_170b2651,54,540.0,9,2025:04:12 08:49:56,2025-04-12 08:58:56,8,5,2062.0,HERO13 Black,18.957019444444445,72.83201388888888,3.511,0.0,,,3.0,,,,,,No,No,No
243708864,84527817,swathi@verifinity.ai,gs://sawasdee-labelstudio/annotation_frames/9_itinerary_2 (1)_frame000057.jpg,9_itinerary_2 (1),9_itinerary_2 (1)_170b2651,57,570.0,9,2025:04:12 08:49:56,2025-04-12 08:59:26,8,5,2062.0,HERO13 Black,18.957044444444445,72.83164166666667,7.267,0.0,2.0,,,,No sidewalk,,,,No,No,No
243708872,84610475,swathi@verifinity.ai,gs://sawasdee-labelstudio/annotation_frames/9_itinerary_2 (1)_frame000064.jpg,9_itinerary_2 (1),9_itinerary_2 (1)_170b2651,64,640.0,9,2025:04:12 08:49:56,2025-04-12 09:00:36,9,5,2062.0,HERO13 Black,18.95778333333333,72.83185833333333,18.441,0.0,11.0,2.0,,,No sidewalk,,,,No,No,No
243708874,84643223,swathi@verifinity.ai,gs://sawasdee-labelstudio/annotation_frames/9_itinerary_2 (1)_frame000066.jpg,9_itinerary_2 (1),9_itinerary_2 (1)_170b2651,66,660.0,9,2025:04:12 08:49:56,2025-04-12 09:00:56,9,5,2062.0,HERO13 Black,18.95816111111111,72.83184166666666,28.742,0.0,7.0,,1.0,,No sidewalk,Yes,,,No,No,No
243708880,84503849,swathi@verifinity.ai,gs://sawasdee-labelstudio/annotation_frames/9_itinerary_2 (1)_frame000072.jpg,9_itinerary_2 (1),9_itinerary_2 (1)_170b2651,72,720.0,9,2025:04:12 08:49:56,2025-04-12 09:01:56,9,5,2062.0,HERO13 Black,18.960863888888888,72.83172499999999,-13.837,0.0,4.0,,5.0,,,Yes,,,No,No,No
243708883,84293897,swathi@verifinity.ai,gs://sawasdee-labelstudio/annotation_frames/9_itinerary_2 (1)_frame000075.jpg,9_itinerary_2 (1),9_itinerary_2 (1)_170b2651,75,750.0,9,2025:04:12 08:49:56,2025-04-12 09:02:26,9,5,2062.0,HERO13 Black,18.962026388888887,72.83182638888889,-5.821,0.1,11.0,,,,Paved,,,,No,No,No
243708886,84617822,swathi@verifinity.ai,gs://sawasdee-labelstudio/annotation_frames/9_itinerary_2 (1)_frame000078.jpg,9_itinerary_2 (1),9_itinerary_2 (1)_170b2651,78,780.0,9,2025:04:12 08:49:56,2025-04-12 09:02:56,9,5,2062.0,HERO13 Black,18.96337777777778,72.83189999999999,-0.0655,0.1,11.0,,3.0,,No sidewalk,,,,No,No,No
243708888,84394037,swathi@verifinity.ai,gs://sawasdee-labelstudio/annotation_frames/9_itinerary_2 (1)_frame000080.jpg,9_itinerary_2 (1),9_itinerary_2 (1)_170b2651,80,800.0,9,2025:04:12 08:49:56,2025-04-12 09:03:16,9,5,2062.0,HERO13 Black,18.964219444444446,72.83198333333333,1.649,0.1,6.0,6.0,1.0,,,,,,No,No,Yes
243708890,84527404,swathi@verifinity.ai,gs://sawasdee-labelstudio/annotation_frames/9_itinerary_2 (1)_frame000082.jpg,9_itinerary_2 (1),9_itinerary_2 (1)_170b2651,82,820.0,9,2025:04:12 08:49:56,2025-04-12 09:03:36,9,5,2062.0,HERO13 Black,18.965283333333332,72.83223749999999,3.059,0.1,11.0,2.0,,,No sidewalk,,,,No,No,No
243708893,84546345,swathi@verifinity.ai,gs://sawasdee-labelstudio/annotation_frames/9_itinerary_2 (1)_frame000085.jpg,9_itinerary_2 (1),9_itinerary_2 (1)_170b2651,85,850.0,9,2025:04:12 08:49:56,2025-04-12 09:04:06,9,5,2062.0,HERO13 Black,18.96658888888889,72.83259722222222,3.86,0.0,6.0,,1.0,,No sidewalk,,,,No,No,No
243708894,84496241,swathi@verifinity.ai,gs://sawasdee-labelstudio/annotation_frames/9_itinerary_2 (1)_frame000086.jpg,9_itinerary_2 (1),9_itinerary_2 (1)_170b2651,86,860.0,9,2025:04:12 08:49:56,2025-04-12 09:04:16,9,5,2062.0,HERO13 Black,18.967144444444443,72.83265555555555,3.211,0.0,6.0,,2.0,,No sidewalk,,,,No,No,No
243708901,84644742,swathi@verifinity.ai,gs://sawasdee-labelstudio/annotation_frames/9_itinerary_2 (1)_frame000093.jpg,9_itinerary_2 (1),9_itinerary_2 (1)_170b2651,93,930.0,9,2025:04:12 08:49:56,2025-04-12 09:05:26,9,5,2062.0,HERO13 Black,18.972258333333333,72.832625,4.504,0.0,1.0,1.0,7.0,,,,,,No,No,No
243708909,84536994,swathi@verifinity.ai,gs://sawasdee-labelstudio/annotation_frames/9_itinerary_2 (1)_frame000101.jpg,9_itinerary_2 (1),9_itinerary_2 (1)_170b2651,101,1010.0,9,2025:04:12 08:49:56,2025-04-12 09:06:46,9,5,2062.0,HERO13 Black,18.973591666666664,72.83356666666666,3.885,0.0,3.0,,11.0,2.0,,,,,No,No,No
243708912,84383938,swathi@verifinity.ai,gs://sawasdee-labelstudio/annotation_frames/9_itinerary_2 (1)_frame000104.jpg,9_itinerary_2 (1),9_itinerary_2 (1)_170b2651,104,1040.0,9,2025:04:12 08:49:56,2025-04-12 09:07:16,9,5,2062.0,HERO13 Black,18.974005555555554,72.83371944444444,5.111,0.0,2.0,2.0,6.0,,,,,,No,No,No
243708913,85017169,swathi@verifinity.ai,gs://sawasdee-labelstudio/annotation_frames/9_itinerary_2 (1)_frame000105.jpg,9_itinerary_2 (1),9_itinerary_2 (1)_170b2651,105,1050.0,9,2025:04:12 08:49:56,2025-04-12 09:07:26,9,5,2062.0,HERO13 Black,18.973566666666667,72.83363888888888,0.308,0.0,1.0,,8.0,1.0,Paved - Blocked,Yes,,Yes,No,No,No
243708917,84295873,swathi@verifinity.ai,gs://sawasdee-labelstudio/annotation_frames/9_itinerary_2 (1)_frame000109.jpg,9_itinerary_2 (1),9_itinerary_2 (1)_170b2651,109,1090.0,9,2025:04:12 08:49:56,2025-04-12 09:08:06,9,5,2062.0,HERO13 Black,18.971508333333333,72.83253333333333,4.324,0.0,,,8.0,,Paved - Blocked,Yes,,,No,No,No
243708921,84621200,swathi@verifinity.ai,gs://sawasdee-labelstudio/annotation_frames/9_itinerary_2 (1)_frame000113.jpg,9_itinerary_2 (1),9_itinerary_2 (1)_170b2651,113,1130.0,9,2025:04:12 08:49:56,2025-04-12 09:08:46,9,5,2062.0,HERO13 Black,18.971999999999998,72.83226944444444,-0.108,0.0,,2.0,7.0,,,,,,No,No,No
243708923,83686164,varun.rama@usc.edu,gs://sawasdee-labelstudio/annotation_frames/9_itinerary_2 (1)_frame000115.jpg,9_itinerary_2 (1),9_itinerary_2 (1)_170b2651,115,1150.0,9,2025:04:12 08:49:56,2025-04-12 09:09:06,9,5,2062.0,HERO13 Black,18.973208333333332,72.83260555555555,2.76,0.0,1.0,2.0,7.0,1.0,Not visible,No,No,No,No,No,No
243708927,84495565,swathi@verifinity.ai,gs://sawasdee-labelstudio/annotation_frames/9_itinerary_2 (1)_frame000119.jpg,9_itinerary_2 (1),9_itinerary_2 (1)_170b2651,119,1190.0,9,2025:04:12 08:49:56,2025-04-12 09:09:46,9,5,2062.0,HERO13 Black,18.974252777777775,72.83209166666666,0.335,0.0,8.0,,11.0,,No sidewalk,Yes,,,No,No,No
243708929,84637448,swathi@verifinity.ai,gs://sawasdee-labelstudio/annotation_frames/9_itinerary_2 (1)_frame000121.jpg,9_itinerary_2 (1),9_itinerary_2 (1)_170b2651,121,1210.0,9,2025:04:12 08:49:56,2025-04-12 09:10:06,9,5,2062.0,HERO13 Black,18.974255555555555,72.83208611111111,1.505,0.0,1.0,,1.0,,Paved - Blocked,Yes,,,No,No,No
243708932,84537201,swathi@verifinity.ai,gs://sawasdee-labelstudio/annotation_frames/9_itinerary_2 (1)_frame000124.jpg,9_itinerary_2 (1),9_itinerary_2 (1)_170b2651,124,1240.0,9,2025:04:12 08:49:56,2025-04-12 09:10:36,9,5,2062.0,HERO13 Black,18.975294444444444,72.83203055555555,-0.442,0.0,,,7.0,,Paved - Blocked,Yes,,,No,No,No
243708947,84520568,swathi@verifinity.ai,gs://sawasdee-labelstudio/annotation_frames/9_itinerary_2 (1)_frame000139.jpg,9_itinerary_2 (1),9_itinerary_2 (1)_170b2651,139,1390.0,9,2025:04:12 08:49:56,2025-04-12 09:13:06,9,5,2062.0,HERO13 Black,18.979566666666663,72.83100833333333,2.518,0.0,2.0,,8.0,,Paved,Yes,,,No,No,No
243708950,84368869,swathi@verifinity.ai,gs://sawasdee-labelstudio/annotation_frames/9_itinerary_2 (1)_frame000142.jpg,9_itinerary_2 (1),9_itinerary_2 (1)_170b2651,142,1420.0,9,2025:04:12 08:49:56,2025-04-12 09:13:36,9,5,2062.0,HERO13 Black,18.97960833333333,72.83087222222221,0.11,0.0,5.0,,2.0,1.0,Paved,Yes,,,No,No,No
243708954,84527031,swathi@verifinity.ai,gs://sawasdee-labelstudio/annotation_frames/9_itinerary_2 (1)_frame000146.jpg,9_itinerary_2 (1),9_itinerary_2 (1)_170b2651,146,1460.0,9,2025:04:12 08:49:56,2025-04-12 09:14:16,9,5,2062.0,HERO13 Black,18.980252777777775,72.82976111111111,10.743,0.0,,3.0,1.0,,Paved - Blocked,,,,No,No,No
243708956,84282850,swathi@verifinity.ai,gs://sawasdee-labelstudio/annotation_frames/9_itinerary_2 (1)_frame000148.jpg,9_itinerary_2 (1),9_itinerary_2 (1)_170b2651,148,1480.0,9,2025:04:12 08:49:56,2025-04-12 09:14:36,9,5,2062.0,HERO13 Black,18.980555555555554,72.82855833333333,12.245,0.0,,,3.0,,Paved - Blocked,Yes,,,No,No,No
243708959,84526224,swathi@verifinity.ai,gs://sawasdee-labelstudio/annotation_frames/9_itinerary_2 (1)_frame000151.jpg,9_itinerary_2 (1),9_itinerary_2 (1)_170b2651,151,1510.0,9,2025:04:12 08:49:56,2025-04-12 09:15:06,9,5,2062.0,HERO13 Black,18.980902777777775,72.82730555555555,11.186,0.0,6.0,1.0,,,Paved - Blocked,,,,No,No,No
243708967,85020217,swathi@verifinity.ai,gs://sawasdee-labelstudio/annotation_frames/9_itinerary_2 (1)_frame000159.jpg,9_itinerary_2 (1),9_itinerary_2 (1)_170b2651,159,1590.0,9,2025:04:12 08:49:56,2025-04-12 09:16:26,9,5,2062.0,HERO13 Black,18.977494444444442,72.82716666666666,2.63,0.0,7.0,1.0,,,Paved,Yes,,Yes,No,No,No
243708977,84617395,swathi@verifinity.ai,gs://sawasdee-labelstudio/annotation_frames/9_itinerary_2 (1)_frame000169.jpg,9_itinerary_2 (1),9_itinerary_2 (1)_170b2651,169,1690.0,9,2025:04:12 08:49:56,2025-04-12 09:18:06,9,5,2062.0,HERO13 Black,18.973452777777776,72.826375,1.028,0.0,,,,,Paved - Blocked,,,,No,No,No
243708983,84296494,swathi@verifinity.ai,gs://sawasdee-labelstudio/annotation_frames/9_itinerary_2 (1)_frame000174.jpg,9_itinerary_2 (1),9_itinerary_2 (1)_170b2651,174,1740.0,9,2025:04:12 08:49:56,2025-04-12 09:18:56,9,5,2062.0,HERO13 Black,18.972033333333332,72.82506388888889,-0.654,0.0,,,2.0,1.0,,,,,No,No,No
243708992,84360786,swathi@verifinity.ai,gs://sawasdee-labelstudio/annotation_frames/9_itinerary_2 (1)_frame000182.jpg,9_itinerary_2 (1),9_itinerary_2 (1)_170b2651,182,1820.0,9,2025:04:12 08:49:56,2025-04-12 09:20:16,9,5,2062.0,HERO13 Black,18.971275,72.8254861111111,-5.775,29.201,11.0,2.0,3.0,,No sidewalk,Yes,,,No,No,No
243709002,84641736,swathi@verifinity.ai,gs://sawasdee-labelstudio/annotation_frames/9_itinerary_2 (1)_frame000192.jpg,9_itinerary_2 (1),9_itinerary_2 (1)_170b2651,192,1920.0,9,2025:04:12 08:49:56,2025-04-12 09:21:56,9,5,2062.0,HERO13 Black,,,,,11.0,8.0,6.0,1.0,,,,,No,No,Yes
243709003,84256458,swathi@verifinity.ai,gs://sawasdee-labelstudio/annotation_frames/9_itinerary_2 (1)_frame000193.jpg,9_itinerary_2 (1),9_itinerary_2 (1)_170b2651,193,1930.0,9,2025:04:12 08:49:56,2025-04-12 09:22:06,9,5,2062.0,HERO13 Black,,,,,11.0,11.0,4.0,,Paved - Blocked,,,,No,No,Yes
243709020,84645416,swathi@verifinity.ai,gs://sawasdee-labelstudio/annotation_frames/9_itinerary_3_frame000004.jpg,9_itinerary_3,9_itinerary_3_7c52e038,4,40.0,9,2025:04:12 09:27:16,2025-04-12 09:27:56,9,5,1237.0,HERO13 Black,18.976263888888887,72.82614444444444,13.852,0.0,,,2.0,,Paved,Yes,,,No,No,No
243709021,84643968,swathi@verifinity.ai,gs://sawasdee-labelstudio/annotation_frames/9_itinerary_3_frame000005.jpg,9_itinerary_3,9_itinerary_3_7c52e038,5,50.0,9,2025:04:12 09:27:16,2025-04-12 09:28:06,9,5,1237.0,HERO13 Black,18.97638333333333,72.82576388888889,13.478,0.0,1.0,,1.0,,Paved,Yes,,,No,No,No
243709023,84289423,swathi@verifinity.ai,gs://sawasdee-labelstudio/annotation_frames/9_itinerary_3_frame000007.jpg,9_itinerary_3,9_itinerary_3_7c52e038,7,70.0,9,2025:04:12 09:27:16,2025-04-12 09:28:26,9,5,1237.0,HERO13 Black,18.976691666666664,72.82478333333333,19.21,0.0,1.0,,1.0,,Paved - Blocked,Yes,,,No,No,No
243709024,84646228,swathi@verifinity.ai,gs://sawasdee-labelstudio/annotation_frames/9_itinerary_3_frame000008.jpg,9_itinerary_3,9_itinerary_3_7c52e038,8,80.0,9,2025:04:12 09:27:16,2025-04-12 09:28:36,9,5,1237.0,HERO13 Black,18.97683888888889,72.82426666666666,17.565,0.0,,4.0,2.0,,Paved,,,,No,No,No
243709025,84370740,swathi@verifinity.ai,gs://sawasdee-labelstudio/annotation_frames/9_itinerary_3_frame000009.jpg,9_itinerary_3,9_itinerary_3_7c52e038,9,90.0,9,2025:04:12 09:27:16,2025-04-12 09:28:46,9,5,1237.0,HERO13 Black,18.97693888888889,72.82403888888888,13.6175,0.1,,,3.0,1.0,Paved,,,,No,No,No
243709033,84632813,swathi@verifinity.ai,gs://sawasdee-labelstudio/annotation_frames/9_itinerary_3_frame000017.jpg,9_itinerary_3,9_itinerary_3_7c52e038,17,170.0,9,2025:04:12 09:27:16,2025-04-12 09:30:06,9,5,1237.0,HERO13 Black,18.980390277777776,72.82614861111111,8.527000000000001,0.1,3.0,,2.0,,Paved - Blocked,Yes,,,No,No,No
243709046,84270138,swathi@verifinity.ai,gs://sawasdee-labelstudio/annotation_frames/9_itinerary_3_frame000029.jpg,9_itinerary_3,9_itinerary_3_7c52e038,29,290.0,9,2025:04:12 09:27:16,2025-04-12 09:32:06,9,5,1237.0,HERO13 Black,18.981891666666666,72.82630277777777,4.485,0.0,4.0,1.0,1.0,,Paved - Blocked,Yes,,,No,No,No
243709061,84641386,swathi@verifinity.ai,gs://sawasdee-labelstudio/annotation_frames/9_itinerary_3_frame000044.jpg,9_itinerary_3,9_itinerary_3_7c52e038,44,440.0,9,2025:04:12 09:27:16,2025-04-12 09:34:36,9,5,1237.0,HERO13 Black,18.980916666666666,72.82844166666666,10.358,0.0,1.0,2.0,1.0,1.0,No sidewalk,,,,No,No,No
243709069,84368223,swathi@verifinity.ai,gs://sawasdee-labelstudio/annotation_frames/9_itinerary_3_frame000052.jpg,9_itinerary_3,9_itinerary_3_7c52e038,52,520.0,9,2025:04:12 09:27:16,2025-04-12 09:35:56,9,5,1237.0,HERO13 Black,18.980491666666666,72.82891666666666,13.013,0.0,,,,,No sidewalk,,,,No,No,No
243709075,84522832,swathi@verifinity.ai,gs://sawasdee-labelstudio/annotation_frames/9_itinerary_3_frame000058.jpg,9_itinerary_3,9_itinerary_3_7c52e038,58,580.0,9,2025:04:12 09:27:16,2025-04-12 09:36:56,9,5,1237.0,HERO13 Black,18.981344444444442,72.82685555555555,12.403,0.0,,,2.0,,Paved,,,,Yes,No,No
243709082,84525992,swathi@verifinity.ai,gs://sawasdee-labelstudio/annotation_frames/9_itinerary_3_frame000065.jpg,9_itinerary_3,9_itinerary_3_7c52e038,65,650.0,9,2025:04:12 09:27:16,2025-04-12 09:38:06,9,5,1237.0,HERO13 Black,18.98393888888889,72.82924722222222,14.609,0.0,2.0,,,,,,,,No,No,No
243709094,84617905,swathi@verifinity.ai,gs://sawasdee-labelstudio/annotation_frames/9_itinerary_3_frame000076.jpg,9_itinerary_3,9_itinerary_3_7c52e038,76,760.0,9,2025:04:12 09:27:16,2025-04-12 09:39:56,9,5,1237.0,HERO13 Black,18.988322222222223,72.83163333333333,3.441,0.0,,,,,No sidewalk,,,Yes,No,No,No
243709096,84284527,swathi@verifinity.ai,gs://sawasdee-labelstudio/annotation_frames/9_itinerary_3_frame000078.jpg,9_itinerary_3,9_itinerary_3_7c52e038,78,780.0,9,2025:04:12 09:27:16,2025-04-12 09:40:16,9,5,1237.0,HERO13 Black,18.98800277777778,72.83050833333333,-1.327,0.0,1.0,2.0,,,,,,,No,No,No
243709104,84257636,swathi@verifinity.ai,gs://sawasdee-labelstudio/annotation_frames/9_itinerary_3_frame000086.jpg,9_itinerary_3,9_itinerary_3_7c52e038,86,860.0,9,2025:04:12 09:27:16,2025-04-12 09:41:36,9,5,1237.0,HERO13 Black,18.987605555555557,72.83180833333333,-3.277,0.0,3.0,1.0,,,Paved - Blocked,,,,No,No,No
243709115,84998759,swathi@verifinity.ai,gs://sawasdee-labelstudio/annotation_frames/9_itinerary_3_frame000097.jpg,9_itinerary_3,9_itinerary_3_7c52e038,97,970.0,9,2025:04:12 09:27:16,2025-04-12 09:43:26,9,5,1237.0,HERO13 Black,18.986102777777777,72.83235833333333,-2.104,4.3,3.0,,5.0,,Paved,,,,No,No,No
243709116,84281386,swathi@verifinity.ai,gs://sawasdee-labelstudio/annotation_frames/9_itinerary_3_frame000098.jpg,9_itinerary_3,9_itinerary_3_7c52e038,98,980.0,9,2025:04:12 09:27:16,2025-04-12 09:43:36,9,5,1237.0,HERO13 Black,18.986102777777777,72.83235833333333,-2.104,14.3,1.0,,4.0,,Paved - Blocked,Yes,,,No,No,Yes
243709121,84383274,swathi@verifinity.ai,gs://sawasdee-labelstudio/annotation_frames/9_itinerary_3_frame000103.jpg,9_itinerary_3,9_itinerary_3_7c52e038,103,1030.0,9,2025:04:12 09:27:16,2025-04-12 09:44:26,9,5,1237.0,HERO13 Black,,,,,3.0,,,,Paved,Yes,,,No,No,No
243709123,84298340,swathi@verifinity.ai,gs://sawasdee-labelstudio/annotation_frames/9_itinerary_3_frame000105.jpg,9_itinerary_3,9_itinerary_3_7c52e038,105,1050.0,9,2025:04:12 09:27:16,2025-04-12 09:44:46,9,5,1237.0,HERO13 Black,,,,,,,3.0,,Paved,Yes,,,No,No,No
243709128,84260347,swathi@verifinity.ai,gs://sawasdee-labelstudio/annotation_frames/9_itinerary_3_frame000110.jpg,9_itinerary_3,9_itinerary_3_7c52e038,110,1100.0,9,2025:04:12 09:27:16,2025-04-12 09:45:36,9,5,1237.0,HERO13 Black,,,,,2.0,,3.0,,Paved,Yes,,,No,No,No
243709131,85019598,swathi@verifinity.ai,gs://sawasdee-labelstudio/annotation_frames/9_itinerary_3_frame000113.jpg,9_itinerary_3,9_itinerary_3_7c52e038,113,1130.0,9,2025:04:12 09:27:16,2025-04-12 09:46:06,9,5,1237.0,HERO13 Black,,,,,1.0,1.0,,,Paved,Yes,,,No,No,No
243709135,84646091,swathi@verifinity.ai,gs://sawasdee-labelstudio/annotation_frames/9_itinerary_3_frame000117.jpg,9_itinerary_3,9_itinerary_3_7c52e038,117,1170.0,9,2025:04:12 09:27:16,2025-04-12 09:46:46,9,5,1237.0,HERO13 Black,,,,,,,1.0,,,Yes,,,No,No,No
243709139,84525176,swathi@verifinity.ai,gs://sawasdee-labelstudio/annotation_frames/9_itinerary_3_frame000121.jpg,9_itinerary_3,9_itinerary_3_7c52e038,121,1210.0,9,2025:04:12 09:27:16,2025-04-12 09:47:26,9,5,1237.0,HERO13 Black,,,,,4.0,1.0,,,No sidewalk,,,,No,No,No
243709144,84645610,swathi@verifinity.ai,gs://sawasdee-labelstudio/annotation_frames/9_itinerary_4_frame000001.jpg,9_itinerary_4,9_itinerary_4_cfec52bd,1,10.0,9,2025:04:12 10:27:54,2025-04-12 10:28:04,10,5,545.0,HERO13 Black,18.991969444444447,72.82083888888889,-12.978055,0.099,3.0,,,,Paved,Yes,,,No,No,No
243709153,84267573,swathi@verifinity.ai,gs://sawasdee-labelstudio/annotation_frames/9_itinerary_4_frame000010.jpg,9_itinerary_4,9_itinerary_4_cfec52bd,10,100.0,9,2025:04:12 10:27:54,2025-04-12 10:29:34,10,5,545.0,HERO13 Black,18.99292777777778,72.82199722222222,0.9,0.0,,,1.0,,,,,Construction debris,No,No,No
243709174,84361464,swathi@verifinity.ai,gs://sawasdee-labelstudio/annotation_frames/9_itinerary_4_frame000031.jpg,9_itinerary_4,9_itinerary_4_cfec52bd,31,310.0,9,2025:04:12 10:27:54,2025-04-12 10:33:04,10,5,545.0,HERO13 Black,,,,,6.0,,1.0,,,Yes,,,No,No,No
243709179,84520761,swathi@verifinity.ai,gs://sawasdee-labelstudio/annotation_frames/9_itinerary_4_frame000036.jpg,9_itinerary_4,9_itinerary_4_cfec52bd,36,360.0,9,2025:04:12 10:27:54,2025-04-12 10:33:54,10,5,545.0,HERO13 Black,,,,,3.0,,,,Paved,,,,No,No,No
243709188,84298565,swathi@verifinity.ai,gs://sawasdee-labelstudio/annotation_frames/9_itinerary_4_frame000044.jpg,9_itinerary_4,9_itinerary_4_cfec52bd,44,440.0,9,2025:04:12 10:27:54,2025-04-12 10:35:14,10,5,545.0,HERO13 Black,,,,,5.0,1.0,2.0,,Paved - Blocked,Yes,,,No,No,No
243709190,85022253,swathi@verifinity.ai,gs://sawasdee-labelstudio/annotation_frames/9_itinerary_4_frame000046.jpg,9_itinerary_4,9_itinerary_4_cfec52bd,46,460.0,9,2025:04:12 10:27:54,2025-04-12 10:35:34,10,5,545.0,HERO13 Black,,,,,3.0,,3.0,,Paved - Blocked,Yes,,Yes,No,No,No
243709193,84632679,swathi@verifinity.ai,gs://sawasdee-labelstudio/annotation_frames/9_itinerary_4_frame000049.jpg,9_itinerary_4,9_itinerary_4_cfec52bd,49,490.0,9,2025:04:12 10:27:54,2025-04-12 10:36:04,10,5,545.0,HERO13 Black,,,,,6.0,,2.0,,,Yes,,,No,No,No
243709195,84611719,swathi@verifinity.ai,gs://sawasdee-labelstudio/annotation_frames/9_itinerary_4_frame000051.jpg,9_itinerary_4,9_itinerary_4_cfec52bd,51,510.0,9,2025:04:12 10:27:54,2025-04-12 10:36:24,10,5,545.0,HERO13 Black,,,,,2.0,,,,Paved,Yes,,,No,No,No
243709201,84384427,swathi@verifinity.ai,gs://sawasdee-labelstudio/annotation_frames/9_itinerary_5_frame000002.jpg,9_itinerary_5,9_itinerary_5_eee795c5,2,20.0,9,2025:04:12 10:46:04,2025-04-12 10:46:24,10,5,1536.0,HERO13 Black,18.971272222222222,72.81502777777777,1.404,0.0,,1.0,3.0,,Paved,Yes,,,No,No,No
243709205,84607198,swathi@verifinity.ai,gs://sawasdee-labelstudio/annotation_frames/9_itinerary_5_frame000006.jpg,9_itinerary_5,9_itinerary_5_eee795c5,6,60.0,9,2025:04:12 10:46:04,2025-04-12 10:47:04,10,5,1536.0,HERO13 Black,18.970291666666665,72.81500833333332,3.767,0.0,2.0,1.0,1.0,,Paved,Yes,,,No,No,No
243709211,84637664,swathi@verifinity.ai,gs://sawasdee-labelstudio/annotation_frames/9_itinerary_5_frame000012.jpg,9_itinerary_5,9_itinerary_5_eee795c5,12,120.0,9,2025:04:12 10:46:04,2025-04-12 10:48:04,10,5,1536.0,HERO13 Black,18.969391666666667,72.81538611111111,10.917,0.0,4.0,,,,Paved,,,,No,No,No
243709222,84644199,swathi@verifinity.ai,gs://sawasdee-labelstudio/annotation_frames/9_itinerary_5_frame000023.jpg,9_itinerary_5,9_itinerary_5_eee795c5,23,230.0,9,2025:04:12 10:46:04,2025-04-12 10:49:54,10,5,1536.0,HERO13 Black,18.969352777777775,72.8154111111111,4.831,0.0,,,1.0,,,,,,No,No,No
243709223,84288767,swathi@verifinity.ai,gs://sawasdee-labelstudio/annotation_frames/9_itinerary_5_frame000024.jpg,9_itinerary_5,9_itinerary_5_eee795c5,24,240.0,9,2025:04:12 10:46:04,2025-04-12 10:50:04,10,5,1536.0,HERO13 Black,18.969352777777775,72.8154111111111,5.815,0.0,4.0,3.0,1.0,,Paved,Yes,,,Yes,No,No
243709224,84643739,swathi@verifinity.ai,gs://sawasdee-labelstudio/annotation_frames/9_itinerary_5_frame000025.jpg,9_itinerary_5,9_itinerary_5_eee795c5,25,250.0,9,2025:04:12 10:46:04,2025-04-12 10:50:14,10,5,1536.0,HERO13 Black,18.96935,72.8154111111111,6.25,0.0,1.0,,3.0,,,Yes,,,No,No,No
243709228,84533241,swathi@verifinity.ai,gs://sawasdee-labelstudio/annotation_frames/9_itinerary_5_frame000029.jpg,9_itinerary_5,9_itinerary_5_eee795c5,29,290.0,9,2025:04:12 10:46:04,2025-04-12 10:50:54,10,5,1536.0,HERO13 Black,18.968530555555553,72.81622222222222,4.469,0.0,1.0,,3.0,,Paved,,,,No,No,No
243709235,84508249,swathi@verifinity.ai,gs://sawasdee-labelstudio/annotation_frames/9_itinerary_5_frame000036.jpg,9_itinerary_5,9_itinerary_5_eee795c5,36,360.0,9,2025:04:12 10:46:04,2025-04-12 10:52:04,10,5,1536.0,HERO13 Black,18.966430555555554,72.81828888888889,1.304,0.0,1.0,,3.0,,Paved - Blocked,Yes,,,No,No,No
243709243,84520697,swathi@verifinity.ai,gs://sawasdee-labelstudio/annotation_frames/9_itinerary_5_frame000044.jpg,9_itinerary_5,9_itinerary_5_eee795c5,44,440.0,9,2025:04:12 10:46:04,2025-04-12 10:53:24,10,5,1536.0,HERO13 Black,18.96879444444444,72.81533055555555,5.679,0.0,5.0,2.0,6.0,,,Yes,,,No,No,No
243709244,84985743,swathi@verifinity.ai,gs://sawasdee-labelstudio/annotation_frames/9_itinerary_5_frame000045.jpg,9_itinerary_5,9_itinerary_5_eee795c5,45,450.0,9,2025:04:12 10:46:04,2025-04-12 10:53:34,10,5,1536.0,HERO13 Black,18.96838611111111,72.81482222222222,5.568,0.0,,2.0,3.0,1.0,,Yes,,,No,No,No
243709248,84351388,swathi@verifinity.ai,gs://sawasdee-labelstudio/annotation_frames/9_itinerary_5_frame000049.jpg,9_itinerary_5,9_itinerary_5_eee795c5,49,490.0,9,2025:04:12 10:46:04,2025-04-12 10:54:14,10,5,1536.0,HERO13 Black,18.96668611111111,72.81370555555556,8.28,0.0,,,,,,Yes,,,No,No,No
243709251,84288009,swathi@verifinity.ai,gs://sawasdee-labelstudio/annotation_frames/9_itinerary_5_frame000052.jpg,9_itinerary_5,9_itinerary_5_eee795c5,52,520.0,9,2025:04:12 10:46:04,2025-04-12 10:54:44,10,5,1536.0,HERO13 Black,18.96765,72.81398888888889,7.776,0.0,3.0,,7.0,1.0,,Yes,,,No,No,No
243709257,84645851,swathi@verifinity.ai,gs://sawasdee-labelstudio/annotation_frames/9_itinerary_5_frame000057.jpg,9_itinerary_5,9_itinerary_5_eee795c5,57,570.0,9,2025:04:12 10:46:04,2025-04-12 10:55:34,10,5,1536.0,HERO13 Black,18.96784444444444,72.81363611111111,14.452,0.0,,,5.0,,Paved,Yes,,,No,No,No
243709267,84376397,swathi@verifinity.ai,gs://sawasdee-labelstudio/annotation_frames/9_itinerary_5_frame000067.jpg,9_itinerary_5,9_itinerary_5_eee795c5,67,670.0,9,2025:04:12 10:46:04,2025-04-12 10:57:14,10,5,1536.0,HERO13 Black,18.969169444444443,72.81513888888888,8.534,0.0,9.0,3.0,3.0,,Paved - Blocked,,,,No,No,Yes
243709275,84998575,swathi@verifinity.ai,gs://sawasdee-labelstudio/annotation_frames/9_itinerary_5_frame000075.jpg,9_itinerary_5,9_itinerary_5_eee795c5,75,750.0,9,2025:04:12 10:46:04,2025-04-12 10:58:34,10,5,1536.0,HERO13 Black,18.969347222222222,72.81386666666667,17.728,0.0,,1.0,6.0,,Paved,Yes,,,No,No,No
243709279,84638673,swathi@verifinity.ai,gs://sawasdee-labelstudio/annotation_frames/9_itinerary_5_frame000079.jpg,9_itinerary_5,9_itinerary_5_eee795c5,79,790.0,9,2025:04:12 10:46:04,2025-04-12 10:59:14,10,5,1536.0,HERO13 Black,18.969366666666666,72.81373888888889,14.561,0.0,1.0,,,,Paved,Yes,,,No,No,No
243709284,84299660,swathi@verifinity.ai,gs://sawasdee-labelstudio/annotation_frames/9_itinerary_5_frame000084.jpg,9_itinerary_5,9_itinerary_5_eee795c5,84,840.0,9,2025:04:12 10:46:04,2025-04-12 11:00:04,11,5,1536.0,HERO13 Black,18.970169444444444,72.813825,17.079,0.0,,,3.0,,,Yes,,,No,No,No
243709298,84503945,swathi@verifinity.ai,gs://sawasdee-labelstudio/annotation_frames/9_itinerary_5_frame000097.jpg,9_itinerary_5,9_itinerary_5_eee795c5,97,970.0,9,2025:04:12 10:46:04,2025-04-12 11:02:14,11,5,1536.0,HERO13 Black,18.97379309722222,72.81382497222222,4.2130149999999995,0.099,8.0,2.0,1.0,,,,,Yes,No,No,Yes
243709301,84644939,swathi@verifinity.ai,gs://sawasdee-labelstudio/annotation_frames/9_itinerary_5_frame000099.jpg,9_itinerary_5,9_itinerary_5_eee795c5,99,990.0,9,2025:04:12 10:46:04,2025-04-12 11:02:34,11,5,1536.0,HERO13 Black,18.97462222222222,72.81313333333333,3.011,0.0,,1.0,1.0,,No sidewalk,,,,No,No,Yes
243709307,84281882,swathi@verifinity.ai,gs://sawasdee-labelstudio/annotation_frames/9_itinerary_5_frame000105.jpg,9_itinerary_5,9_itinerary_5_eee795c5,105,1050.0,9,2025:04:12 10:46:04,2025-04-12 11:03:34,11,5,1536.0,HERO13 Black,18.977480555555555,72.81134444444444,7.888,0.0,1.0,1.0,,,Paved,,,,No,No,No
243709308,84545655,swathi@verifinity.ai,gs://sawasdee-labelstudio/annotation_frames/9_itinerary_5_frame000106.jpg,9_itinerary_5,9_itinerary_5_eee795c5,106,1060.0,9,2025:04:12 10:46:04,2025-04-12 11:03:44,11,5,1536.0,HERO13 Black,18.977827777777776,72.81081666666667,8.908,0.0,2.0,1.0,,1.0,Paved,Yes,,,No,No,No
243709325,84395779,swathi@verifinity.ai,gs://sawasdee-labelstudio/annotation_frames/9_itinerary_5_frame000123.jpg,9_itinerary_5,9_itinerary_5_eee795c5,123,1230.0,9,2025:04:12 10:46:04,2025-04-12 11:06:34,11,5,1536.0,HERO13 Black,18.974613888888886,72.81049999999999,33.185,0.0,3.0,1.0,,,,Yes,,,No,No,No
243709332,84607314,swathi@verifinity.ai,gs://sawasdee-labelstudio/annotation_frames/9_itinerary_5_frame000130.jpg,9_itinerary_5,9_itinerary_5_eee795c5,130,1300.0,9,2025:04:12 10:46:04,2025-04-12 11:07:44,11,5,1536.0,HERO13 Black,,,,,7.0,3.0,1.0,,,Yes,,,No,No,No
243709340,84612568,swathi@verifinity.ai,gs://sawasdee-labelstudio/annotation_frames/9_itinerary_5_frame000138.jpg,9_itinerary_5,9_itinerary_5_eee795c5,138,1380.0,9,2025:04:12 10:46:04,2025-04-12 11:09:04,11,5,1536.0,HERO13 Black,,,,,4.0,,2.0,,Paved,Yes,,,No,No,No
243709345,84998654,swathi@verifinity.ai,gs://sawasdee-labelstudio/annotation_frames/9_itinerary_5_frame000143.jpg,9_itinerary_5,9_itinerary_5_eee795c5,143,1430.0,9,2025:04:12 10:46:04,2025-04-12 11:09:54,11,5,1536.0,HERO13 Black,,,,,1.0,1.0,,,Paved - Blocked,Yes,,,No,No,No
243709370,84380054,swathi@verifinity.ai,gs://sawasdee-labelstudio/annotation_frames/9_itinerary_6_frame000013.jpg,9_itinerary_6,9_itinerary_6_cabd6b0a,13,130.0,9,2025:04:12 11:19:54,2025-04-12 11:22:04,11,5,716.0,HERO13 Black,18.973633333333332,72.80572777777778,12.687,0.1,1.0,1.0,,,No sidewalk,,,,No,No,No
243709384,84367987,swathi@verifinity.ai,gs://sawasdee-labelstudio/annotation_frames/9_itinerary_6_frame000027.jpg,9_itinerary_6,9_itinerary_6_cabd6b0a,27,270.0,9,2025:04:12 11:19:54,2025-04-12 11:24:24,11,5,716.0,HERO13 Black,18.973541666666666,72.80929166666667,32.614,0.0,4.0,1.0,,,,Yes,,,No,No,No
243709385,85018375,swathi@verifinity.ai,gs://sawasdee-labelstudio/annotation_frames/9_itinerary_6_frame000028.jpg,9_itinerary_6,9_itinerary_6_cabd6b0a,28,280.0,9,2025:04:12 11:19:54,2025-04-12 11:24:34,11,5,716.0,HERO13 Black,18.972894444444442,72.80935555555556,36.236,0.0,2.0,,1.0,,No sidewalk,Yes,,,No,No,No
243709388,84545713,swathi@verifinity.ai,gs://sawasdee-labelstudio/annotation_frames/9_itinerary_6_frame000031.jpg,9_itinerary_6,9_itinerary_6_cabd6b0a,31,310.0,9,2025:04:12 11:19:54,2025-04-12 11:25:04,11,5,716.0,HERO13 Black,18.970977777777776,72.80956111111111,40.094,0.0,4.0,,,,Paved,Yes,,,No,No,No
243709395,84299110,swathi@verifinity.ai,gs://sawasdee-labelstudio/annotation_frames/9_itinerary_6_frame000038.jpg,9_itinerary_6,9_itinerary_6_cabd6b0a,38,380.0,9,2025:04:12 11:19:54,2025-04-12 11:26:14,11,5,716.0,HERO13 Black,18.973086111111108,72.81141666666666,58.5,0.0,,,,,Paved,Yes,,,No,No,No
243709399,84390276,swathi@verifinity.ai,gs://sawasdee-labelstudio/annotation_frames/9_itinerary_6_frame000042.jpg,9_itinerary_6,9_itinerary_6_cabd6b0a,42,420.0,9,2025:04:12 11:19:54,2025-04-12 11:26:54,11,5,716.0,HERO13 Black,18.97471111111111,72.81095555555555,46.697,0.0,3.0,2.0,5.0,,No sidewalk,Yes,,,No,No,No
243709408,84643874,swathi@verifinity.ai,gs://sawasdee-labelstudio/annotation_frames/9_itinerary_6_frame000051.jpg,9_itinerary_6,9_itinerary_6_cabd6b0a,51,510.0,9,2025:04:12 11:19:54,2025-04-12 11:28:24,11,5,716.0,HERO13 Black,,,,,,,,,Paved,Yes,,,No,No,No
243709411,84645182,swathi@verifinity.ai,gs://sawasdee-labelstudio/annotation_frames/9_itinerary_6_frame000053.jpg,9_itinerary_6,9_itinerary_6_cabd6b0a,53,530.0,9,2025:04:12 11:19:54,2025-04-12 11:28:44,11,5,716.0,HERO13 Black,,,,,8.0,,2.0,,Paved,Yes,,,No,No,No
243709412,84371816,swathi@verifinity.ai,gs://sawasdee-labelstudio/annotation_frames/9_itinerary_6_frame000054.jpg,9_itinerary_6,9_itinerary_6_cabd6b0a,54,540.0,9,2025:04:12 11:19:54,2025-04-12 11:28:54,11,5,716.0,HERO13 Black,,,,,11.0,3.0,,,Paved,Yes,,,Yes,No,No
243709417,84292660,swathi@verifinity.ai,gs://sawasdee-labelstudio/annotation_frames/9_itinerary_6_frame000059.jpg,9_itinerary_6,9_itinerary_6_cabd6b0a,59,590.0,9,2025:04:12 11:19:54,2025-04-12 11:29:44,11,5,716.0,HERO13 Black,,,,,5.0,1.0,,,Paved,Yes,,,No,No,No
243709424,84645075,swathi@verifinity.ai,gs://sawasdee-labelstudio/annotation_frames/9_itinerary_6_frame000066.jpg,9_itinerary_6,9_itinerary_6_cabd6b0a,66,660.0,9,2025:04:12 11:19:54,2025-04-12 11:30:54,11,5,716.0,HERO13 Black,,,,,1.0,,,,Paved,Yes,,,No,No,No
243709427,84283780,swathi@verifinity.ai,gs://sawasdee-labelstudio/annotation_frames/9_itinerary_6_frame000069.jpg,9_itinerary_6,9_itinerary_6_cabd6b0a,69,690.0,9,2025:04:12 11:19:54,2025-04-12 11:31:24,11,5,716.0,HERO13 Black,,,,,,,,,No sidewalk,Yes,,,No,No,No
243709428,84538515,swathi@verifinity.ai,gs://sawasdee-labelstudio/annotation_frames/9_itinerary_6_frame000070.jpg,9_itinerary_6,9_itinerary_6_cabd6b0a,70,700.0,9,2025:04:12 11:19:54,2025-04-12 11:31:34,11,5,716.0,HERO13 Black,,,,,2.0,1.0,,,Paved,Yes,,,No,No,No
243709435,84351520,swathi@verifinity.ai,gs://sawasdee-labelstudio/annotation_frames/9_itinerary_7_frame000005.jpg,9_itinerary_7,9_itinerary_7_f0330ff1,5,50.0,9,2025:04:12 11:46:39,2025-04-12 11:47:29,11,5,578.0,HERO13 Black,18.96589722222222,72.81886944444445,4.699,0.0,,,,,,Yes,,,No,Yes,No
243709436,84508157,swathi@verifinity.ai,gs://sawasdee-labelstudio/annotation_frames/9_itinerary_7_frame000006.jpg,9_itinerary_7,9_itinerary_7_f0330ff1,6,60.0,9,2025:04:12 11:46:39,2025-04-12 11:47:39,11,5,578.0,HERO13 Black,18.966366666666666,72.81836944444444,11.088,0.0,11.0,2.0,,,Paved - Blocked,Yes,,,No,Yes,No
243709437,83686893,varun.rama@usc.edu,gs://sawasdee-labelstudio/annotation_frames/9_itinerary_7_frame000007.jpg,9_itinerary_7,9_itinerary_7_f0330ff1,7,70.0,9,2025:04:12 11:46:39,2025-04-12 11:47:49,11,5,578.0,HERO13 Black,18.966905555555552,72.81780833333333,15.312,0.0,4.0,1.0,0.0,0.0,Paved,Yes,No,No,No,No,No
243709454,84398104,swathi@verifinity.ai,gs://sawasdee-labelstudio/annotation_frames/9_itinerary_7_frame000023.jpg,9_itinerary_7,9_itinerary_7_f0330ff1,23,230.0,9,2025:04:12 11:46:39,2025-04-12 11:50:29,11,5,578.0,HERO13 Black,18.97232222222222,72.81820833333333,3.55,0.0,7.0,2.0,8.0,2.0,Paved - Blocked,,,,No,No,No
243709456,84538826,swathi@verifinity.ai,gs://sawasdee-labelstudio/annotation_frames/9_itinerary_7_frame000025.jpg,9_itinerary_7,9_itinerary_7_f0330ff1,25,250.0,9,2025:04:12 11:46:39,2025-04-12 11:50:49,11,5,578.0,HERO13 Black,18.972619444444444,72.81813055555556,5.128,0.0,3.0,1.0,7.0,2.0,Paved,Yes,,,No,No,No
243709458,84998947,swathi@verifinity.ai,gs://sawasdee-labelstudio/annotation_frames/9_itinerary_7_frame000027.jpg,9_itinerary_7,9_itinerary_7_f0330ff1,27,270.0,9,2025:04:12 11:46:39,2025-04-12 11:51:09,11,5,578.0,HERO13 Black,18.97259722222222,72.81866944444444,9.595,0.0,4.0,1.0,11.0,1.0,Paved - Blocked,Yes,,,No,No,No
243709459,84384491,swathi@verifinity.ai,gs://sawasdee-labelstudio/annotation_frames/9_itinerary_7_frame000028.jpg,9_itinerary_7,9_itinerary_7_f0330ff1,28,280.0,9,2025:04:12 11:46:39,2025-04-12 11:51:19,11,5,578.0,HERO13 Black,18.972177777777777,72.81859722222222,7.086,0.0,,1.0,7.0,,,Yes,,,No,No,No
243709461,84283489,swathi@verifinity.ai,gs://sawasdee-labelstudio/annotation_frames/9_itinerary_7_frame000030.jpg,9_itinerary_7,9_itinerary_7_f0330ff1,30,300.0,9,2025:04:12 11:46:39,2025-04-12 11:51:39,11,5,578.0,HERO13 Black,18.971734722222223,72.81833888888889,4.428,0.1,,,8.0,,,Yes,,,No,No,No
243709463,84646603,swathi@verifinity.ai,gs://sawasdee-labelstudio/annotation_frames/9_itinerary_7_frame000032.jpg,9_itinerary_7,9_itinerary_7_f0330ff1,32,320.0,9,2025:04:12 11:46:39,2025-04-12 11:51:59,11,5,578.0,HERO13 Black,18.971719444444442,72.81835277777778,2.806,13.5,2.0,,6.0,,Paved,Yes,,,No,No,No
243709470,85020391,swathi@verifinity.ai,gs://sawasdee-labelstudio/annotation_frames/9_itinerary_7_frame000038.jpg,9_itinerary_7,9_itinerary_7_f0330ff1,38,380.0,9,2025:04:12 11:46:39,2025-04-12 11:52:59,11,5,578.0,HERO13 Black,,,,,4.0,1.0,4.0,,No sidewalk,,,,No,No,No
243709472,84289703,swathi@verifinity.ai,gs://sawasdee-labelstudio/annotation_frames/9_itinerary_7_frame000040.jpg,9_itinerary_7,9_itinerary_7_f0330ff1,40,400.0,9,2025:04:12 11:46:39,2025-04-12 11:53:19,11,5,578.0,HERO13 Black,,,,,11.0,5.0,1.0,,Paved - Blocked,Yes,,,No,No,No
243709473,85019241,swathi@verifinity.ai,gs://sawasdee-labelstudio/annotation_frames/9_itinerary_7_frame000041.jpg,9_itinerary_7,9_itinerary_7_f0330ff1,41,410.0,9,2025:04:12 11:46:39,2025-04-12 11:53:29,11,5,578.0,HERO13 Black,,,,,11.0,4.0,1.0,1.0,Paved,Yes,,,No,No,Yes
243709475,84263951,swathi@verifinity.ai,gs://sawasdee-labelstudio/annotation_frames/9_itinerary_7_frame000043.jpg,9_itinerary_7,9_itinerary_7_f0330ff1,43,430.0,9,2025:04:12 11:46:39,2025-04-12 11:53:49,11,5,578.0,HERO13 Black,,,,,9.0,4.0,,,Paved - Blocked,Yes,,Yes,No,No,Yes
243709479,84614179,swathi@verifinity.ai,gs://sawasdee-labelstudio/annotation_frames/9_itinerary_7_frame000047.jpg,9_itinerary_7,9_itinerary_7_f0330ff1,47,470.0,9,2025:04:12 11:46:39,2025-04-12 11:54:29,11,5,578.0,HERO13 Black,,,,,2.0,2.0,1.0,,,Yes,,,No,No,No
243709484,85013959,swathi@verifinity.ai,gs://sawasdee-labelstudio/annotation_frames/9_itinerary_7_frame000052.jpg,9_itinerary_7,9_itinerary_7_f0330ff1,52,520.0,9,2025:04:12 11:46:39,2025-04-12 11:55:19,11,5,578.0,HERO13 Black,,,,,4.0,,,,No sidewalk,,,,No,No,No
243709504,84616585,swathi@verifinity.ai,gs://sawasdee-labelstudio/annotation_frames/9_itinerary_8_frame000014.jpg,9_itinerary_8,9_itinerary_8_39830620,14,140.0,9,2025:04:12 12:30:48,2025-04-12 12:33:08,12,5,1526.0,HERO13 Black,18.967266666666664,72.806675,38.098,0.0,3.0,,3.0,1.0,Paved,Yes,Yes,,No,No,No
243709505,84377185,swathi@verifinity.ai,gs://sawasdee-labelstudio/annotation_frames/9_itinerary_8_frame000015.jpg,9_itinerary_8,9_itinerary_8_39830620,15,150.0,9,2025:04:12 12:30:48,2025-04-12 12:33:18,12,5,1526.0,HERO13 Black,18.96743611111111,72.80640555555556,37.443,0.0,2.0,,3.0,1.0,Paved,Yes,,,No,No,No
243709506,85012210,swathi@verifinity.ai,gs://sawasdee-labelstudio/annotation_frames/9_itinerary_8_frame000016.jpg,9_itinerary_8,9_itinerary_8_39830620,16,160.0,9,2025:04:12 12:30:48,2025-04-12 12:33:28,12,5,1526.0,HERO13 Black,18.967552777777776,72.80596388888888,44.772,0.0,5.0,,1.0,1.0,Paved,Yes,,,No,No,No
243709507,84630707,swathi@verifinity.ai,gs://sawasdee-labelstudio/annotation_frames/9_itinerary_8_frame000017.jpg,9_itinerary_8,9_itinerary_8_39830620,17,170.0,9,2025:04:12 12:30:48,2025-04-12 12:33:38,12,5,1526.0,HERO13 Black,18.967602777777778,72.80555555555556,38.866,0.0,7.0,,4.0,1.0,Paved,Yes,,,Yes,No,No
243709513,85020469,swathi@verifinity.ai,gs://sawasdee-labelstudio/annotation_frames/9_itinerary_8_frame000023.jpg,9_itinerary_8,9_itinerary_8_39830620,23,230.0,9,2025:04:12 12:30:48,2025-04-12 12:34:38,12,5,1526.0,HERO13 Black,18.96553611111111,72.80507222222222,19.177,0.0,,,,,,Yes,,,No,No,No
243709526,84643617,swathi@verifinity.ai,gs://sawasdee-labelstudio/annotation_frames/9_itinerary_8_frame000035.jpg,9_itinerary_8,9_itinerary_8_39830620,35,350.0,9,2025:04:12 12:30:48,2025-04-12 12:36:38,12,5,1526.0,HERO13 Black,18.96413611111111,72.80683333333333,31.662,0.0,5.0,,2.0,,Paved,Yes,,,No,No,No
243709527,84546237,swathi@verifinity.ai,gs://sawasdee-labelstudio/annotation_frames/9_itinerary_8_frame000036.jpg,9_itinerary_8,9_itinerary_8_39830620,36,360.0,9,2025:04:12 12:30:48,2025-04-12 12:36:48,12,5,1526.0,HERO13 Black,18.964133333333333,72.80683611111111,31.973,0.0,9.0,,,,Paved,Yes,,,No,No,No
243709529,84539474,swathi@verifinity.ai,gs://sawasdee-labelstudio/annotation_frames/9_itinerary_8_frame000038.jpg,9_itinerary_8,9_itinerary_8_39830620,38,380.0,9,2025:04:12 12:30:48,2025-04-12 12:37:08,12,5,1526.0,HERO13 Black,18.96411111111111,72.80740277777778,29.873,0.0,2.0,,,,Paved,,,,No,No,No
243709536,84496658,swathi@verifinity.ai,gs://sawasdee-labelstudio/annotation_frames/9_itinerary_8_frame000045.jpg,9_itinerary_8,9_itinerary_8_39830620,45,450.0,9,2025:04:12 12:30:48,2025-04-12 12:38:18,12,5,1526.0,HERO13 Black,18.960863888888888,72.80895,19.411,0.0,4.0,1.0,,,Paved,Yes,,,No,No,No
243709539,85019404,swathi@verifinity.ai,gs://sawasdee-labelstudio/annotation_frames/9_itinerary_8_frame000048.jpg,9_itinerary_8,9_itinerary_8_39830620,48,480.0,9,2025:04:12 12:30:48,2025-04-12 12:38:48,12,5,1526.0,HERO13 Black,18.96104722222222,72.80973333333333,19.3,0.0,5.0,1.0,1.0,,Paved,,,Yes,No,No,No
243709548,84644336,swathi@verifinity.ai,gs://sawasdee-labelstudio/annotation_frames/9_itinerary_8_frame000057.jpg,9_itinerary_8,9_itinerary_8_39830620,57,570.0,9,2025:04:12 12:30:48,2025-04-12 12:40:18,12,5,1526.0,HERO13 Black,18.961558333333333,72.80996666666667,36.014,0.0,7.0,1.0,,,,Yes,,,Yes,No,No
243709554,84614792,swathi@verifinity.ai,gs://sawasdee-labelstudio/annotation_frames/9_itinerary_8_frame000063.jpg,9_itinerary_8,9_itinerary_8_39830620,63,630.0,9,2025:04:12 12:30:48,2025-04-12 12:41:18,12,5,1526.0,HERO13 Black,18.961413888888888,72.8112861111111,29.454,0.0,8.0,1.0,1.0,2.0,Paved,Yes,,,Yes,No,No
243709558,84959984,swathi@verifinity.ai,gs://sawasdee-labelstudio/annotation_frames/9_itinerary_8_frame000067.jpg,9_itinerary_8,9_itinerary_8_39830620,67,670.0,9,2025:04:12 12:30:48,2025-04-12 12:41:58,12,5,1526.0,HERO13 Black,18.962138888888887,72.81179722222222,21.215,0.0,9.0,1.0,,,,,,,No,No,No
243709559,84960064,swathi@verifinity.ai,gs://sawasdee-labelstudio/annotation_frames/9_itinerary_8_frame000068.jpg,9_itinerary_8,9_itinerary_8_39830620,68,680.0,9,2025:04:12 12:30:48,2025-04-12 12:42:08,12,5,1526.0,HERO13 Black,18.962291666666665,72.81188611111111,17.219,0.0,3.0,,3.0,,,,,,No,No,No
243709560,84960115,swathi@verifinity.ai,gs://sawasdee-labelstudio/annotation_frames/9_itinerary_8_frame000069.jpg,9_itinerary_8,9_itinerary_8_39830620,69,690.0,9,2025:04:12 12:30:48,2025-04-12 12:42:18,12,5,1526.0,HERO13 Black,18.962519444444442,72.81154722222222,18.716,0.0,2.0,,1.0,,,,,,No,No,No
243709562,84525282,swathi@verifinity.ai,gs://sawasdee-labelstudio/annotation_frames/9_itinerary_8_frame000071.jpg,9_itinerary_8,9_itinerary_8_39830620,71,710.0,9,2025:04:12 12:30:48,2025-04-12 12:42:38,12,5,1526.0,HERO13 Black,18.96278611111111,72.810875,22.019,0.0,,,1.0,,Paved,Yes,,,No,No,No
243709565,84367654,swathi@verifinity.ai,gs://sawasdee-labelstudio/annotation_frames/9_itinerary_8_frame000074.jpg,9_itinerary_8,9_itinerary_8_39830620,74,740.0,9,2025:04:12 12:30:48,2025-04-12 12:43:08,12,5,1526.0,HERO13 Black,18.963208333333334,72.81032499999999,22.268,0.0,3.0,1.0,1.0,,Paved,Yes,,,No,No,No
243709571,84644613,swathi@verifinity.ai,gs://sawasdee-labelstudio/annotation_frames/9_itinerary_8_frame000080.jpg,9_itinerary_8,9_itinerary_8_39830620,80,800.0,9,2025:04:12 12:30:48,2025-04-12 12:44:08,12,5,1526.0,HERO13 Black,18.964141666666666,72.80776388888889,37.553,0.0,11.0,,,,Paved - Blocked,,,Construction debris,No,No,No
243709582,84370377,swathi@verifinity.ai,gs://sawasdee-labelstudio/annotation_frames/9_itinerary_8_frame000090.jpg,9_itinerary_8,9_itinerary_8_39830620,90,900.0,9,2025:04:12 12:30:48,2025-04-12 12:45:48,12,5,1526.0,HERO13 Black,18.96415,72.80773333333333,35.443,0.0,2.0,,,,,,,,No,No,No
243709590,85013011,swathi@verifinity.ai,gs://sawasdee-labelstudio/annotation_frames/9_itinerary_8_frame000098.jpg,9_itinerary_8,9_itinerary_8_39830620,98,980.0,9,2025:04:12 12:30:48,2025-04-12 12:47:08,12,5,1526.0,HERO13 Black,18.964122222222223,72.80659722222222,36.44,0.0,6.0,1.0,1.0,,No sidewalk,Yes,Yes,,No,No,No
243709597,84297094,swathi@verifinity.ai,gs://sawasdee-labelstudio/annotation_frames/9_itinerary_8_frame000105.jpg,9_itinerary_8,9_itinerary_8_39830620,105,1050.0,9,2025:04:12 12:30:48,2025-04-12 12:48:18,12,5,1526.0,HERO13 Black,18.96412361111111,72.80341250000001,27.3185,0.1,6.0,,2.0,1.0,Paved,Yes,,,No,No,No
243709601,84608361,swathi@verifinity.ai,gs://sawasdee-labelstudio/annotation_frames/9_itinerary_8_frame000109.jpg,9_itinerary_8,9_itinerary_8_39830620,109,1090.0,9,2025:04:12 12:30:48,2025-04-12 12:48:58,12,5,1526.0,HERO13 Black,18.962626388888886,72.80264722222222,18.098,0.1,8.0,2.0,7.0,,,,,,No,No,No
243709602,84510462,swathi@verifinity.ai,gs://sawasdee-labelstudio/annotation_frames/9_itinerary_8_frame000110.jpg,9_itinerary_8,9_itinerary_8_39830620,110,1100.0,9,2025:04:12 12:30:48,2025-04-12 12:49:08,12,5,1526.0,HERO13 Black,18.962430555555557,72.80251527777777,17.503,0.1,11.0,2.0,2.0,1.0,,,,,No,No,No
243709608,84994341,swathi@verifinity.ai,gs://sawasdee-labelstudio/annotation_frames/9_itinerary_8_frame000116.jpg,9_itinerary_8,9_itinerary_8_39830620,116,1160.0,9,2025:04:12 12:30:48,2025-04-12 12:50:08,12,5,1526.0,HERO13 Black,18.959952777777776,72.80098611111111,21.245,0.0,2.0,,1.0,1.0,,,,,No,No,No
243709610,84638170,swathi@verifinity.ai,gs://sawasdee-labelstudio/annotation_frames/9_itinerary_8_frame000118.jpg,9_itinerary_8,9_itinerary_8_39830620,118,1180.0,9,2025:04:12 12:30:48,2025-04-12 12:50:28,12,5,1526.0,HERO13 Black,18.958547222222222,72.80061388888889,16.113,0.0,6.0,2.0,6.0,1.0,Paved,Yes,,,No,No,No
243709611,84495690,swathi@verifinity.ai,gs://sawasdee-labelstudio/annotation_frames/9_itinerary_8_frame000119.jpg,9_itinerary_8,9_itinerary_8_39830620,119,1190.0,9,2025:04:12 12:30:48,2025-04-12 12:50:38,12,5,1526.0,HERO13 Black,18.95791388888889,72.80030277777777,19.504,0.0,11.0,1.0,4.0,1.0,,Yes,,,No,No,No
243709615,84296057,swathi@verifinity.ai,gs://sawasdee-labelstudio/annotation_frames/9_itinerary_8_frame000123.jpg,9_itinerary_8,9_itinerary_8_39830620,123,1230.0,9,2025:04:12 12:30:48,2025-04-12 12:51:18,12,5,1526.0,HERO13 Black,18.957327777777778,72.79998888888889,17.315,0.0,5.0,,5.0,,Paved,Yes,,,No,No,No
243709620,84290677,swathi@verifinity.ai,gs://sawasdee-labelstudio/annotation_frames/9_itinerary_8_frame000127.jpg,9_itinerary_8,9_itinerary_8_39830620,127,1270.0,9,2025:04:12 12:30:48,2025-04-12 12:51:58,12,5,1526.0,HERO13 Black,18.956675,72.79990555555555,6.898,16.9,2.0,2.0,5.0,1.0,Paved - Blocked,,,,No,No,No
243709621,84644179,swathi@verifinity.ai,gs://sawasdee-labelstudio/annotation_frames/9_itinerary_8_frame000128.jpg,9_itinerary_8,9_itinerary_8_39830620,128,1280.0,9,2025:04:12 12:30:48,2025-04-12 12:52:08,12,5,1526.0,HERO13 Black,18.956675,72.79990555555555,6.898,26.9,2.0,,3.0,,Paved,,,,No,No,No
243709626,85021471,swathi@verifinity.ai,gs://sawasdee-labelstudio/annotation_frames/9_itinerary_8_frame000132.jpg,9_itinerary_8,9_itinerary_8_39830620,132,1320.0,9,2025:04:12 12:30:48,2025-04-12 12:52:48,12,5,1526.0,HERO13 Black,,,,,,,2.0,,Paved,Yes,,,No,No,No
243709633,84544467,swathi@verifinity.ai,gs://sawasdee-labelstudio/annotation_frames/9_itinerary_8_frame000139.jpg,9_itinerary_8,9_itinerary_8_39830620,139,1390.0,9,2025:04:12 12:30:48,2025-04-12 12:53:58,12,5,1526.0,HERO13 Black,,,,,,,3.0,1.0,,Yes,,,No,No,No
243709644,84539842,swathi@verifinity.ai,gs://sawasdee-labelstudio/annotation_frames/9_itinerary_8_frame000150.jpg,9_itinerary_8,9_itinerary_8_39830620,150,1500.0,9,2025:04:12 12:30:48,2025-04-12 12:55:48,12,5,1526.0,HERO13 Black,,,,,5.0,,,,,Yes,,,No,No,No
243709650,84496690,swathi@verifinity.ai,gs://sawasdee-labelstudio/annotation_frames/9_itinerary_9_frame000003.jpg,9_itinerary_9,9_itinerary_9_acaff87e,3,30.0,9,2025:04:12 13:53:20,2025-04-12 13:53:50,13,5,1461.0,HERO13 Black,18.967130555555553,72.8471111111111,4.254,0.0,2.0,,1.0,,,,,,No,No,No
243709658,84499400,swathi@verifinity.ai,gs://sawasdee-labelstudio/annotation_frames/9_itinerary_9_frame000011.jpg,9_itinerary_9,9_itinerary_9_acaff87e,11,110.0,9,2025:04:12 13:53:20,2025-04-12 13:55:10,13,5,1461.0,HERO13 Black,18.966766666666665,72.84601388888889,-0.239,0.0,3.0,,,,,,,,No,No,No
243709659,84298897,swathi@verifinity.ai,gs://sawasdee-labelstudio/annotation_frames/9_itinerary_9_frame000012.jpg,9_itinerary_9,9_itinerary_9_acaff87e,12,120.0,9,2025:04:12 13:53:20,2025-04-12 13:55:20,13,5,1461.0,HERO13 Black,18.967038888888887,72.84604999999999,2.931,0.0,2.0,,,,,,,,No,No,No
243709662,84266934,swathi@verifinity.ai,gs://sawasdee-labelstudio/annotation_frames/9_itinerary_9_frame000015.jpg,9_itinerary_9,9_itinerary_9_acaff87e,15,150.0,9,2025:04:12 13:53:20,2025-04-12 13:55:50,13,5,1461.0,HERO13 Black,18.967930555555554,72.8459361111111,7.214,0.0,3.0,,,,,Yes,,,No,No,No
243709669,84644821,swathi@verifinity.ai,gs://sawasdee-labelstudio/annotation_frames/9_itinerary_9_frame000022.jpg,9_itinerary_9,9_itinerary_9_acaff87e,22,220.0,9,2025:04:12 13:53:20,2025-04-12 13:57:00,13,5,1461.0,HERO13 Black,18.970238888888886,72.84649444444445,4.797,0.0,1.0,,,,,,,,No,No,No
243709673,84999594,swathi@verifinity.ai,gs://sawasdee-labelstudio/annotation_frames/9_itinerary_9_frame000026.jpg,9_itinerary_9,9_itinerary_9_acaff87e,26,260.0,9,2025:04:12 13:53:20,2025-04-12 13:57:40,13,5,1461.0,HERO13 Black,18.971283333333332,72.84643055555556,3.242,0.0,3.0,,1.0,,,Yes,,,No,No,No
243709674,85015312,swathi@verifinity.ai,gs://sawasdee-labelstudio/annotation_frames/9_itinerary_9_frame000027.jpg,9_itinerary_9,9_itinerary_9_acaff87e,27,270.0,9,2025:04:12 13:53:20,2025-04-12 13:57:50,13,5,1461.0,HERO13 Black,18.97158888888889,72.84639444444444,3.203,0.0,,,,,,Yes,,,No,No,No
243709680,84501203,swathi@verifinity.ai,gs://sawasdee-labelstudio/annotation_frames/9_itinerary_9_frame000032.jpg,9_itinerary_9,9_itinerary_9_acaff87e,32,320.0,9,2025:04:12 13:53:20,2025-04-12 13:58:40,13,5,1461.0,HERO13 Black,18.972177777777777,72.84643333333332,2.206,0.0,8.0,2.0,,,,Yes,,,No,No,No
243709684,84373074,swathi@verifinity.ai,gs://sawasdee-labelstudio/annotation_frames/9_itinerary_9_frame000036.jpg,9_itinerary_9,9_itinerary_9_acaff87e,36,360.0,9,2025:04:12 13:53:20,2025-04-12 13:59:20,13,5,1461.0,HERO13 Black,18.971852777777777,72.84720555555555,4.608,0.0,10.0,,,,,Yes,,,No,No,No
243709699,84371972,swathi@verifinity.ai,gs://sawasdee-labelstudio/annotation_frames/9_itinerary_9_frame000051.jpg,9_itinerary_9,9_itinerary_9_acaff87e,51,510.0,9,2025:04:12 13:53:20,2025-04-12 14:01:50,14,5,1461.0,HERO13 Black,18.972720874999997,72.84822918055555,6.841995,0.099,1.0,1.0,,,No sidewalk,,,Yes,No,No,No
243709700,84385968,swathi@verifinity.ai,gs://sawasdee-labelstudio/annotation_frames/9_itinerary_9_frame000052.jpg,9_itinerary_9,9_itinerary_9_acaff87e,52,520.0,9,2025:04:12 13:53:20,2025-04-12 14:02:00,14,5,1461.0,HERO13 Black,18.973102777777775,72.848275,5.364,0.0,1.0,,,,,,Yes,,No,No,No
243709743,84525816,swathi@verifinity.ai,gs://sawasdee-labelstudio/annotation_frames/9_itinerary_9_frame000094.jpg,9_itinerary_9,9_itinerary_9_acaff87e,94,940.0,9,2025:04:12 13:53:20,2025-04-12 14:09:00,14,5,1461.0,HERO13 Black,18.975819444444443,72.8487111111111,-5.006,0.0,11.0,,1.0,,,,,Yes,No,No,No
243709766,84373093,swathi@verifinity.ai,gs://sawasdee-labelstudio/annotation_frames/9_itinerary_9_frame000117.jpg,9_itinerary_9,9_itinerary_9_acaff87e,117,1170.0,9,2025:04:12 13:53:20,2025-04-12 14:12:50,14,5,1461.0,HERO13 Black,18.980563888888888,72.85114722222221,8.766,0.0,2.0,,,,,,,,No,No,No
243709771,84539632,swathi@verifinity.ai,gs://sawasdee-labelstudio/annotation_frames/9_itinerary_9_frame000122.jpg,9_itinerary_9,9_itinerary_9_acaff87e,122,1220.0,9,2025:04:12 13:53:20,2025-04-12 14:13:40,14,5,1461.0,HERO13 Black,,,,,4.0,,,,,,,,No,No,No
243709790,84631818,swathi@verifinity.ai,gs://sawasdee-labelstudio/annotation_frames/9_itinerary_9_frame000141.jpg,9_itinerary_9,9_itinerary_9_acaff87e,141,1410.0,9,2025:04:12 13:53:20,2025-04-12 14:16:50,14,5,1461.0,HERO13 Black,,,,,1.0,,1.0,,,,,,No,No,No
243709791,84514167,swathi@verifinity.ai,gs://sawasdee-labelstudio/annotation_frames/9_itinerary_9_frame000142.jpg,9_itinerary_9,9_itinerary_9_acaff87e,142,1420.0,9,2025:04:12 13:53:20,2025-04-12 14:17:00,14,5,1461.0,HERO13 Black,,,,,,,1.0,,,,,,No,No,No
243709793,84647356,swathi@verifinity.ai,gs://sawasdee-labelstudio/annotation_frames/9_itinerary_9_frame000144.jpg,9_itinerary_9,9_itinerary_9_acaff87e,144,1440.0,9,2025:04:12 13:53:20,2025-04-12 14:17:20,14,5,1461.0,HERO13 Black,,,,,1.0,,,,,,,,No,No,No
243709796,84299358,swathi@verifinity.ai,gs://sawasdee-labelstudio/annotation_frames/test_Test_drive_3_frame000001.jpg,test_Test_drive_3,test_Test_drive_3_02df6f6d,1,10.0,test,2025:03:20 09:55:11,2025-03-20 09:55:21,9,3,714.0,HERO13 Black,19.04371111111111,72.92336944444445,27.183,0.0,,,3.0,1.0,,,,,No,No,No
243709800,84361294,swathi@verifinity.ai,gs://sawasdee-labelstudio/annotation_frames/test_Test_drive_3_frame000005.jpg,test_Test_drive_3,test_Test_drive_3_02df6f6d,5,50.0,test,2025:03:20 09:55:11,2025-03-20 09:56:01,9,3,714.0,HERO13 Black,19.046861111111113,72.92710000000001,8.322,0.0,,,1.0,,Paved,Yes,,,No,No,No
243709803,84611144,swathi@verifinity.ai,gs://sawasdee-labelstudio/annotation_frames/test_Test_drive_3_frame000008.jpg,test_Test_drive_3,test_Test_drive_3_02df6f6d,8,80.0,test,2025:03:20 09:55:11,2025-03-20 09:56:31,9,3,714.0,HERO13 Black,19.048883333333336,72.92991388888889,8.399,0.0,,,5.0,,Paved,Yes,,,No,No,No
243709805,84645743,swathi@verifinity.ai,gs://sawasdee-labelstudio/annotation_frames/test_Test_drive_3_frame000010.jpg,test_Test_drive_3,test_Test_drive_3_02df6f6d,10,100.0,test,2025:03:20 09:55:11,2025-03-20 09:56:51,9,3,714.0,HERO13 Black,19.049497222222225,72.93170833333333,5.848,0.0,,,4.0,,No sidewalk,Yes,,,No,No,No
243709810,84533978,swathi@verifinity.ai,gs://sawasdee-labelstudio/annotation_frames/test_Test_drive_3_frame000014.jpg,test_Test_drive_3,test_Test_drive_3_02df6f6d,14,140.0,test,2025:03:20 09:55:11,2025-03-20 09:57:31,9,3,714.0,HERO13 Black,19.050855555555557,72.93540555555556,2.311,0.0,2.0,,1.0,1.0,No sidewalk,Yes,,,No,No,No
243709811,84261559,swathi@verifinity.ai,gs://sawasdee-labelstudio/annotation_frames/test_Test_drive_3_frame000015.jpg,test_Test_drive_3,test_Test_drive_3_02df6f6d,15,150.0,test,2025:03:20 09:55:11,2025-03-20 09:57:41,9,3,714.0,HERO13 Black,19.051169444444444,72.93628055555556,2.641,0.0,7.0,,1.0,,No sidewalk,Yes,,,No,No,Yes
243709818,84264004,swathi@verifinity.ai,gs://sawasdee-labelstudio/annotation_frames/test_Test_drive_3_frame000022.jpg,test_Test_drive_3,test_Test_drive_3_02df6f6d,22,220.0,test,2025:03:20 09:55:11,2025-03-20 09:58:51,9,3,714.0,HERO13 Black,19.05356666666667,72.9355638888889,1.912,0.0,,1.0,2.0,,Paved - Blocked,,,,No,No,No
243709823,85015673,swathi@verifinity.ai,gs://sawasdee-labelstudio/annotation_frames/test_Test_drive_3_frame000027.jpg,test_Test_drive_3,test_Test_drive_3_02df6f6d,27,270.0,test,2025:03:20 09:55:11,2025-03-20 09:59:41,9,3,714.0,HERO13 Black,19.053988888888888,72.936125,4.641,0.0,,,4.0,,,,,Yes,No,No,No
243709829,84266651,swathi@verifinity.ai,gs://sawasdee-labelstudio/annotation_frames/test_Test_drive_3_frame000032.jpg,test_Test_drive_3,test_Test_drive_3_02df6f6d,32,320.0,test,2025:03:20 09:55:11,2025-03-20 10:00:31,10,3,714.0,HERO13 Black,19.054555555555556,72.93701666666666,-0.084,0.0,,,2.0,1.0,Paved - Blocked,,,Yes,No,No,No
243709837,84647111,swathi@verifinity.ai,gs://sawasdee-labelstudio/annotation_frames/test_Test_drive_3_frame000040.jpg,test_Test_drive_3,test_Test_drive_3_02df6f6d,40,400.0,test,2025:03:20 09:55:11,2025-03-20 10:01:51,10,3,714.0,HERO13 Black,19.05482638888889,72.93754722222222,8.2585,0.1,,,2.0,1.0,No sidewalk,,,,No,No,No
243709840,84369668,swathi@verifinity.ai,gs://sawasdee-labelstudio/annotation_frames/test_Test_drive_3_frame000043.jpg,test_Test_drive_3,test_Test_drive_3_02df6f6d,43,430.0,test,2025:03:20 09:55:11,2025-03-20 10:02:21,10,3,714.0,HERO13 Black,19.054970833333336,72.93783333333334,1.4955,0.1,3.0,1.0,2.0,1.0,No sidewalk,,,,No,No,No
243709846,84537400,swathi@verifinity.ai,gs://sawasdee-labelstudio/annotation_frames/test_Test_drive_3_frame000049.jpg,test_Test_drive_3,test_Test_drive_3_02df6f6d,49,490.0,test,2025:03:20 09:55:11,2025-03-20 10:03:21,10,3,714.0,HERO13 Black,19.055180555555555,72.93830277777778,-1.709,0.1,6.0,3.0,,,Paved - Blocked,,,,No,No,No
243709848,84525837,swathi@verifinity.ai,gs://sawasdee-labelstudio/annotation_frames/test_Test_drive_3_frame000051.jpg,test_Test_drive_3,test_Test_drive_3_02df6f6d,51,510.0,test,2025:03:20 09:55:11,2025-03-20 10:03:41,10,3,714.0,HERO13 Black,19.05530277777778,72.93852777777778,1.36,0.0,1.0,2.0,,,No sidewalk,,,,No,No,Yes
243709850,84257695,swathi@verifinity.ai,gs://sawasdee-labelstudio/annotation_frames/test_Test_drive_3_frame000053.jpg,test_Test_drive_3,test_Test_drive_3_02df6f6d,53,530.0,test,2025:03:20 09:55:11,2025-03-20 10:04:01,10,3,714.0,HERO13 Black,19.05538888888889,72.9385,2.638,0.0,7.0,4.0,,,Paved - Blocked,,,,No,No,Yes
243709858,84539420,swathi@verifinity.ai,gs://sawasdee-labelstudio/annotation_frames/test_Test_drive_3_frame000061.jpg,test_Test_drive_3,test_Test_drive_3_02df6f6d,61,610.0,test,2025:03:20 09:55:11,2025-03-20 10:05:21,10,3,714.0,HERO13 Black,19.055263888888888,72.93841111111111,3.577,0.0,5.0,5.0,,,No sidewalk,N/A,N/A,,No,No,No
243709859,84495056,swathi@verifinity.ai,gs://sawasdee-labelstudio/annotation_frames/test_Test_drive_3_frame000062.jpg,test_Test_drive_3,test_Test_drive_3_02df6f6d,62,620.0,test,2025:03:20 09:55:11,2025-03-20 10:05:31,10,3,714.0,HERO13 Black,19.055183333333336,72.93828888888889,1.431,0.0,11.0,2.0,,,Paved - Blocked,,,,No,No,Yes
243709862,84393803,swathi@verifinity.ai,gs://sawasdee-labelstudio/annotation_frames/test_Test_drive_3_frame000065.jpg,test_Test_drive_3,test_Test_drive_3_02df6f6d,65,650.0,test,2025:03:20 09:55:11,2025-03-20 10:06:01,10,3,714.0,HERO13 Black,19.055947222222223,72.93770555555555,-1.038,0.0,6.0,2.0,,,No sidewalk,,,Yes,No,No,No
243709872,84618872,swathi@verifinity.ai,gs://sawasdee-labelstudio/annotation_frames/test_gps_test_3_frame000000.jpg,test_gps_test_3,test_gps_test_3_d33e49e2,0,0.0,test,2025:03:24 13:11:17,2025-03-24 13:11:17,13,0,,HERO13 Black,19.11096666666667,73.00643333333333,17.647,27.701,,,,,Paved,Yes,,,No,No,No
243709873,84282547,swathi@verifinity.ai,gs://sawasdee-labelstudio/annotation_frames/test_gps_test_3_frame000001.jpg,test_gps_test_3,test_gps_test_3_d33e49e2,1,10.0,test,2025:03:24 13:11:17,2025-03-24 13:11:27,13,0,,HERO13 Black,,,,,,,,,Paved,Yes,,,No,No,No
243709885,84632242,swathi@verifinity.ai,gs://sawasdee-labelstudio/annotation_frames/test_test_drive_4_frame000010.jpg,test_test_drive_4,test_test_drive_4_b5b3217f,10,100.0,test,2025:03:21 05:49:52,2025-03-21 05:51:32,5,4,466.0,HERO13 Black,19.108341666666668,73.00824444444444,2.331,0.0,3.0,1.0,1.0,1.0,,Yes,,,No,No,No
243709887,84351363,swathi@verifinity.ai,gs://sawasdee-labelstudio/annotation_frames/test_test_drive_4_frame000012.jpg,test_test_drive_4,test_test_drive_4_b5b3217f,12,120.0,test,2025:03:21 05:49:52,2025-03-21 05:51:52,5,4,466.0,HERO13 Black,19.107469444444448,73.00853333333333,4.953,0.0,,,,,Paved,Yes,,,No,No,No
243709891,84544607,swathi@verifinity.ai,gs://sawasdee-labelstudio/annotation_frames/test_test_drive_4_frame000016.jpg,test_test_drive_4,test_test_drive_4_b5b3217f,16,160.0,test,2025:03:21 05:49:52,2025-03-21 05:52:32,5,4,466.0,HERO13 Black,19.105505555555556,73.00913888888888,5.58,0.0,2.0,1.0,2.0,,Paved,,,,No,No,No
243709893,84611848,swathi@verifinity.ai,gs://sawasdee-labelstudio/annotation_frames/test_test_drive_4_frame000018.jpg,test_test_drive_4,test_test_drive_4_b5b3217f,18,180.0,test,2025:03:21 05:49:52,2025-03-21 05:52:52,5,4,466.0,HERO13 Black,19.104361111111114,73.00949444444444,6.309,0.0,3.0,4.0,6.0,1.0,Paved,Yes,,,No,No,No
243709895,84645109,swathi@verifinity.ai,gs://sawasdee-labelstudio/annotation_frames/test_test_drive_4_frame000020.jpg,test_test_drive_4,test_test_drive_4_b5b3217f,20,200.0,test,2025:03:21 05:49:52,2025-03-21 05:53:12,5,4,466.0,HERO13 Black,19.103297222222224,73.00981944444445,7.035,0.0,3.0,,1.0,,Paved,Yes,,,No,No,No
243709904,84646625,swathi@verifinity.ai,gs://sawasdee-labelstudio/annotation_frames/test_test_drive_4_frame000029.jpg,test_test_drive_4,test_test_drive_4_b5b3217f,29,290.0,test,2025:03:21 05:49:52,2025-03-21 05:54:42,5,4,466.0,HERO13 Black,19.098569444444443,73.01160277777778,8.088,0.0,2.0,4.0,,,,,,,No,No,No
243709905,84643137,swathi@verifinity.ai,gs://sawasdee-labelstudio/annotation_frames/test_test_drive_4_frame000030.jpg,test_test_drive_4,test_test_drive_4_b5b3217f,30,300.0,test,2025:03:21 05:49:52,2025-03-21 05:54:52,5,4,466.0,HERO13 Black,19.09811388888889,73.0117861111111,4.676,0.0,4.0,,1.0,,No sidewalk,Yes,,,No,No,No
243709919,84534438,swathi@verifinity.ai,gs://sawasdee-labelstudio/annotation_frames/test_test_drive_4_frame000044.jpg,test_test_drive_4,test_test_drive_4_b5b3217f,44,440.0,test,2025:03:21 05:49:52,2025-03-21 05:57:12,5,4,466.0,HERO13 Black,19.092277777777777,73.01209166666666,-5.994,0.0,,1.0,5.0,1.0,No sidewalk,,,Yes,No,No,No
243709920,84646489,swathi@verifinity.ai,gs://sawasdee-labelstudio/annotation_frames/test_test_drive_4_frame000045.jpg,test_test_drive_4,test_test_drive_4_b5b3217f,45,450.0,test,2025:03:21 05:49:52,2025-03-21 05:57:22,5,4,466.0,HERO13 Black,19.091697222222223,73.01193333333333,-8.159,0.0,,1.0,4.0,1.0,No sidewalk,Yes,,,No,No,No
243709926,84293741,swathi@verifinity.ai,gs://sawasdee-labelstudio/annotation_frames/test_test_drive_5_frame000004.jpg,test_test_drive_5,test_test_drive_5_228690fc,4,40.0,test,2025:03:23 02:24:12,2025-03-23 02:24:52,2,6,450.0,,,,,,,,2.0,1.0,Paved,,,,No,No,No
243709927,84524036,swathi@verifinity.ai,gs://sawasdee-labelstudio/annotation_frames/test_test_drive_5_frame000005.jpg,test_test_drive_5,test_test_drive_5_228690fc,5,50.0,test,2025:03:23 02:24:12,2025-03-23 02:25:02,2,6,450.0,,,,,,1.0,,3.0,1.0,,Yes,,,No,No,No
243709928,84638888,swathi@verifinity.ai,gs://sawasdee-labelstudio/annotation_frames/test_test_drive_5_frame000006.jpg,test_test_drive_5,test_test_drive_5_228690fc,6,60.0,test,2025:03:23 02:24:12,2025-03-23 02:25:12,2,6,450.0,,,,,,,,4.0,1.0,Paved,Yes,,,No,No,No
243709930,84389883,swathi@verifinity.ai,gs://sawasdee-labelstudio/annotation_frames/test_test_drive_5_frame000008.jpg,test_test_drive_5,test_test_drive_5_228690fc,8,80.0,test,2025:03:23 02:24:12,2025-03-23 02:25:32,2,6,450.0,,,,,,2.0,,3.0,,Paved,Yes,,,No,No,No
243709943,84609609,swathi@verifinity.ai,gs://sawasdee-labelstudio/annotation_frames/test_test_drive_5_frame000019.jpg,test_test_drive_5,test_test_drive_5_228690fc,19,190.0,test,2025:03:23 02:24:12,2025-03-23 02:27:22,2,6,450.0,,,,,,1.0,,1.0,,,Yes,,,No,No,No
243709957,84645510,swathi@verifinity.ai,gs://sawasdee-labelstudio/annotation_frames/test_test_drive_5_frame000033.jpg,test_test_drive_5,test_test_drive_5_228690fc,33,330.0,test,2025:03:23 02:24:12,2025-03-23 02:29:42,2,6,450.0,,,,,,,,,,,Yes,,,No,No,No
243709963,84514460,swathi@verifinity.ai,gs://sawasdee-labelstudio/annotation_frames/test_test_drive_5_frame000039.jpg,test_test_drive_5,test_test_drive_5_228690fc,39,390.0,test,2025:03:23 02:24:12,2025-03-23 02:30:42,2,6,450.0,,,,,,2.0,2.0,4.0,,,Yes,,,Yes,No,No
243709966,84371946,swathi@verifinity.ai,gs://sawasdee-labelstudio/annotation_frames/test_test_drive_5_frame000042.jpg,test_test_drive_5,test_test_drive_5_228690fc,42,420.0,test,2025:03:23 02:24:12,2025-03-23 02:31:12,2,6,450.0,,,,,,6.0,,5.0,,,Yes,,,Yes,No,No
243709968,84267511,swathi@verifinity.ai,gs://sawasdee-labelstudio/annotation_frames/test_test_drive_5_frame000044.jpg,test_test_drive_5,test_test_drive_5_228690fc,44,440.0,test,2025:03:23 02:24:12,2025-03-23 02:31:32,2,6,450.0,,,,,,,,3.0,,,Yes,,,No,No,No
243709970,84391396,swathi@verifinity.ai,gs://sawasdee-labelstudio/annotation_frames/test_test_drive_6_frame000001.jpg,test_test_drive_6,test_test_drive_6_1870850f,1,10.0,test,2025:03:23 02:27:21,2025-03-23 02:27:31,2,6,452.0,,,,,,,,,,,Yes,,,No,No,No
243709975,84293990,swathi@verifinity.ai,gs://sawasdee-labelstudio/annotation_frames/test_test_drive_6_frame000006.jpg,test_test_drive_6,test_test_drive_6_1870850f,6,60.0,test,2025:03:23 02:27:21,2025-03-23 02:28:21,2,6,452.0,,,,,,1.0,,2.0,1.0,,Yes,,,No,No,No
243709976,84298927,swathi@verifinity.ai,gs://sawasdee-labelstudio/annotation_frames/test_test_drive_6_frame000007.jpg,test_test_drive_6,test_test_drive_6_1870850f,7,70.0,test,2025:03:23 02:27:21,2025-03-23 02:28:31,2,6,452.0,,,,,,,,3.0,,Paved,,,,No,No,No
243709981,84520798,swathi@verifinity.ai,gs://sawasdee-labelstudio/annotation_frames/test_test_drive_6_frame000012.jpg,test_test_drive_6,test_test_drive_6_1870850f,12,120.0,test,2025:03:23 02:27:21,2025-03-23 02:29:21,2,6,452.0,,,,,,2.0,2.0,2.0,,,,,,No,No,No
243709984,84381811,swathi@verifinity.ai,gs://sawasdee-labelstudio/annotation_frames/test_test_drive_6_frame000015.jpg,test_test_drive_6,test_test_drive_6_1870850f,15,150.0,test,2025:03:23 02:27:21,2025-03-23 02:29:51,2,6,452.0,,,,,,2.0,7.0,,,,,,,No,No,No
243709990,84513018,swathi@verifinity.ai,gs://sawasdee-labelstudio/annotation_frames/test_test_drive_6_frame000021.jpg,test_test_drive_6,test_test_drive_6_1870850f,21,210.0,test,2025:03:23 02:27:21,2025-03-23 02:30:51,2,6,452.0,,,,,,1.0,,3.0,,Paved,Yes,,,No,No,No
243709994,84526662,swathi@verifinity.ai,gs://sawasdee-labelstudio/annotation_frames/test_test_drive_6_frame000025.jpg,test_test_drive_6,test_test_drive_6_1870850f,25,250.0,test,2025:03:23 02:27:21,2025-03-23 02:31:31,2,6,452.0,,,,,,6.0,,,,No sidewalk,Yes,,,No,No,No
243709998,84266609,swathi@verifinity.ai,gs://sawasdee-labelstudio/annotation_frames/test_test_drive_6_frame000029.jpg,test_test_drive_6,test_test_drive_6_1870850f,29,290.0,test,2025:03:23 02:27:21,2025-03-23 02:32:11,2,6,452.0,,,,,,1.0,,,,Paved,Yes,,,No,No,No
243710004,84389911,swathi@verifinity.ai,gs://sawasdee-labelstudio/annotation_frames/test_test_drive_6_frame000035.jpg,test_test_drive_6,test_test_drive_6_1870850f,35,350.0,test,2025:03:23 02:27:21,2025-03-23 02:33:11,2,6,452.0,,,,,,,,,,,Yes,,,No,No,No
243710008,84640469,swathi@verifinity.ai,gs://sawasdee-labelstudio/annotation_frames/test_test_drive_6_frame000039.jpg,test_test_drive_6,test_test_drive_6_1870850f,39,390.0,test,2025:03:23 02:27:21,2025-03-23 02:33:51,2,6,452.0,,,,,,7.0,2.0,,,,Yes,,,No,No,No
243710021,84513813,swathi@verifinity.ai,gs://sawasdee-labelstudio/annotation_frames/test_test_drive_7_frame000006.jpg,test_test_drive_7,test_test_drive_7_d1045a3c,6,60.0,test,2025:03:23 06:27:50,2025-03-23 06:28:50,6,6,383.0,HERO13 Black,19.087194444444442,73.00724722222222,8.024,0.0,,,5.0,,Paved,Yes,,,No,No,No
243710023,84644055,swathi@verifinity.ai,gs://sawasdee-labelstudio/annotation_frames/test_test_drive_7_frame000008.jpg,test_test_drive_7,test_test_drive_7_d1045a3c,8,80.0,test,2025:03:23 06:27:50,2025-03-23 06:29:10,6,6,383.0,HERO13 Black,19.086375,73.00671944444444,12.038,0.0,,,1.0,,Paved,,,,No,No,No
243710028,84298215,swathi@verifinity.ai,gs://sawasdee-labelstudio/annotation_frames/test_test_drive_7_frame000013.jpg,test_test_drive_7,test_test_drive_7_d1045a3c,13,130.0,test,2025:03:23 06:27:50,2025-03-23 06:30:00,6,6,383.0,HERO13 Black,19.083819444444444,73.00506111111112,8.875,0.0,1.0,1.0,2.0,,Paved,,,,No,No,No
243710031,84265168,swathi@verifinity.ai,gs://sawasdee-labelstudio/annotation_frames/test_test_drive_7_frame000016.jpg,test_test_drive_7,test_test_drive_7_d1045a3c,16,160.0,test,2025:03:23 06:27:50,2025-03-23 06:30:30,6,6,383.0,HERO13 Black,19.08218888888889,73.004025,5.786,0.0,1.0,,2.0,,Paved,Yes,,,No,No,No
243710040,84366983,swathi@verifinity.ai,gs://sawasdee-labelstudio/annotation_frames/test_test_drive_7_frame000025.jpg,test_test_drive_7,test_test_drive_7_d1045a3c,25,250.0,test,2025:03:23 06:27:50,2025-03-23 06:32:00,6,6,383.0,HERO13 Black,19.077119444444445,73.00144722222223,6.749,0.0,6.0,1.0,,,Paved,Yes,,,No,No,No
243710041,84960266,swathi@verifinity.ai,gs://sawasdee-labelstudio/annotation_frames/test_test_drive_7_frame000026.jpg,test_test_drive_7,test_test_drive_7_d1045a3c,26,260.0,test,2025:03:23 06:27:50,2025-03-23 06:32:10,6,6,383.0,HERO13 Black,19.076555555555554,73.00140833333333,7.97,0.0,,,2.0,1.0,Paved,Yes,,,No,No,No
243710042,84960314,swathi@verifinity.ai,gs://sawasdee-labelstudio/annotation_frames/test_test_drive_7_frame000027.jpg,test_test_drive_7,test_test_drive_7_d1045a3c,27,270.0,test,2025:03:23 06:27:50,2025-03-23 06:32:20,6,6,383.0,HERO13 Black,19.07641111111111,73.00180555555555,9.479,0.0,,,4.0,,Paved,,,,No,No,No
243710044,84282469,swathi@verifinity.ai,gs://sawasdee-labelstudio/annotation_frames/test_test_drive_7_frame000028.jpg,test_test_drive_7,test_test_drive_7_d1045a3c,28,280.0,test,2025:03:23 06:27:50,2025-03-23 06:32:30,6,6,383.0,HERO13 Black,19.075924999999998,73.00183888888888,8.997,0.0,,,,1.0,Paved,,,Yes,No,No,No
243710045,84960350,swathi@verifinity.ai,gs://sawasdee-labelstudio/annotation_frames/test_test_drive_7_frame000029.jpg,test_test_drive_7,test_test_drive_7_d1045a3c,29,290.0,test,2025:03:23 06:27:50,2025-03-23 06:32:40,6,6,383.0,HERO13 Black,19.075280555555555,73.00176111111111,11.41,0.0,3.0,,1.0,,Paved,Yes,,,No,No,No
243710051,84372081,swathi@verifinity.ai,gs://sawasdee-labelstudio/annotation_frames/test_test_drive_7_frame000035.jpg,test_test_drive_7,test_test_drive_7_d1045a3c,35,350.0,test,2025:03:23 06:27:50,2025-03-23 06:33:40,6,6,383.0,HERO13 Black,19.074427777777778,72.99907222222222,18.429,0.0,1.0,,3.0,,,Yes,,,No,No,No
243710054,84511022,swathi@verifinity.ai,gs://sawasdee-labelstudio/annotation_frames/test_test_drive_8_frame000000.jpg,test_test_drive_8,test_test_drive_8_51a97368,0,0.0,test,2025:03:24 01:32:42,2025-03-24 01:32:42,1,0,720.0,,,,,,1.0,,,,Paved,,,,No,No,No
243710060,84269564,swathi@verifinity.ai,gs://sawasdee-labelstudio/annotation_frames/test_test_drive_8_frame000005.jpg,test_test_drive_8,test_test_drive_8_51a97368,5,50.0,test,2025:03:24 01:32:42,2025-03-24 01:33:32,1,0,720.0,,,,,,1.0,1.0,4.0,,Paved - Blocked,,,,No,No,No
243710064,84608273,swathi@verifinity.ai,gs://sawasdee-labelstudio/annotation_frames/test_test_drive_8_frame000009.jpg,test_test_drive_8,test_test_drive_8_51a97368,9,90.0,test,2025:03:24 01:32:42,2025-03-24 01:34:12,1,0,720.0,,,,,,11.0,1.0,,,No sidewalk,,,,No,No,No
243710073,84501046,swathi@verifinity.ai,gs://sawasdee-labelstudio/annotation_frames/test_test_drive_8_frame000018.jpg,test_test_drive_8,test_test_drive_8_51a97368,18,180.0,test,2025:03:24 01:32:42,2025-03-24 01:35:42,1,0,720.0,,,,,,7.0,2.0,2.0,,Paved - Blocked,,,,No,No,Yes
243710077,85019793,swathi@verifinity.ai,gs://sawasdee-labelstudio/annotation_frames/test_test_drive_8_frame000022.jpg,test_test_drive_8,test_test_drive_8_51a97368,22,220.0,test,2025:03:24 01:32:42,2025-03-24 01:36:22,1,0,720.0,,,,,,,3.0,,,,,,,No,No,No
243710084,84351411,swathi@verifinity.ai,gs://sawasdee-labelstudio/annotation_frames/test_test_drive_8_frame000029.jpg,test_test_drive_8,test_test_drive_8_51a97368,29,290.0,test,2025:03:24 01:32:42,2025-03-24 01:37:32,1,0,720.0,,,,,,,,,,,Yes,,,No,No,No
243710108,84351292,swathi@verifinity.ai,gs://sawasdee-labelstudio/annotation_frames/test_test_drive_8_frame000053.jpg,test_test_drive_8,test_test_drive_8_51a97368,53,530.0,test,2025:03:24 01:32:42,2025-03-24 01:41:32,1,0,720.0,,,,,,,,,,,Yes,,,No,No,No
243710110,85014396,swathi@verifinity.ai,gs://sawasdee-labelstudio/annotation_frames/test_test_drive_8_frame000055.jpg,test_test_drive_8,test_test_drive_8_51a97368,55,550.0,test,2025:03:24 01:32:42,2025-03-24 01:41:52,1,0,720.0,,,,,,1.0,,,,,,,,No,No,No
243710116,85011830,swathi@verifinity.ai,gs://sawasdee-labelstudio/annotation_frames/test_test_drive_8_frame000060.jpg,test_test_drive_8,test_test_drive_8_51a97368,60,600.0,test,2025:03:24 01:32:42,2025-03-24 01:42:42,1,0,720.0,,,,,,,,,,Paved,,,,No,No,No
243710126,84361481,swathi@verifinity.ai,gs://sawasdee-labelstudio/annotation_frames/test_test_drive_8_frame000070.jpg,test_test_drive_8,test_test_drive_8_51a97368,70,700.0,test,2025:03:24 01:32:42,2025-03-24 01:44:22,1,0,720.0,,,,,,,,2.0,,,,,,No,No,No
