osm_id,name,ref,type,oneway,bridge,maxspeed,start_lat,start_long,end_lat,end_long,LENGTH_M,SEGMENT_PART,osrm_travel_distance,itinerary_id
1139162523,Dr Madhukar B. Raut Marg,,residential,0,0,,72.8397849,19.0255655,72.8398478,19.0256348,7.354409032841373,,,1
113715151,Shivaji Park Road no.1,,residential,0,0,,72.837647,19.0245504,72.8379118,19.0253754,39.99646068817082,,286.3,1
1139286217,Ranade Road,,tertiary,0,0,,72.8358579,19.0254134,72.8357626,19.0254641,10.726683107326274,,282.2,1
1139286213,Swatantrya Veer Savarkar Marg,,secondary,1,0,,72.8357626,19.0254641,72.8362032,19.0262395,55.2057960909196,,11.5,1
1139162520,Swatantrya Veer Savarkar Marg,,secondary,1,0,,72.8362797,19.0261985,72.8360923,19.0258478,23.804443092271843,,106.9,1
1140705333,Swatantrya Veer Savarkar Marg,,secondary,1,0,,72.837866,19.0293133,72.8383575,19.0301723,61.49169278616591,,391.9,1
1119774162,Dr Madhukar B. Raut Marg,,residential,0,0,,72.8382468,19.0297678,72.8381467,19.029822,11.271777354882222,,75.7,1
152203826,Swatantrya Veer Savarkar Marg,,secondary,1,0,,72.8384695,19.0304082,72.8386302,19.031849,50.5368425641806,,85.4,1
1140705337,Swatantrya Veer Savarkar Marg,,secondary,1,0,,72.8385518,19.0303658,72.8384989,19.0302284,7.4110109098711225,,236.3,1
22849691,Mahim Sarvajanik Vachnalaya Marg,,residential,0,0,,72.8400143,19.0312781,72.8386369,19.0314026,153.21434905381346,,300.0,1
22849853,Khot Gali,,residential,0,0,,72.8415767,19.0295415,72.8407753,19.0300271,90.52428632338568,,313.5,1
741809418,Takandas H. Kataria Marg,,secondary,1,0,,72.8420022,19.0315329,72.8389809,19.0322464,336.7676806535439,,224.9,1
48803914,Lady Jamshedji Road,,primary,1,0,,72.8420862,19.031514,72.8407153,19.0252851,254.9317306773474,,9.1,1
797565011,,,residential,0,0,,72.8420472,19.0320796,72.8415213,19.0321649,58.54432004230534,,69.8,1
1119774163,Swatantrya Veer Savarkar Marg,,secondary,1,0,,72.8387896,19.0336313,72.8386853,19.0323158,44.69181127263989,,480.0,1
1140709052,Lt Prakash Kotnis Path,,residential,0,0,,72.8387007,19.0336434,72.8387896,19.0336313,9.893197458246506,,9.5,1
703263737,,,residential,0,0,,72.8387464,19.0390818,72.8393075,19.038621,64.19703906700285,,639.7,1
22849515,,,residential,0,0,,72.8386577,19.0390538,72.8389895,19.0391478,37.0231534785451,,9.8,1
22849455,S B Kadri Marg,,residential,0,0,,72.8403301,19.0407347,72.8411159,19.0406862,87.3914584036298,,420.1,1
797565004,,,residential,0,0,,72.8388655,19.041516,72.8385358,19.0415184,36.66105187835582,,378.9,1
215382530,,,residential,0,0,,72.8380551,19.0407873,72.8389475,19.0406647,99.3118485893775,,190.3,1
1303201372,,,residential,0,0,,72.8408593,19.0389857,72.8409336,19.0389923,8.26461966419185,,425.6,1
1303201374,,,residential,0,0,,72.8409717,19.0389945,72.8410009,19.0388151,6.721502416288846,,11.9,1
1303201373,,,residential,0,0,,72.8409813,19.0388149,72.8408873,19.0388101,10.45350915630287,,22.3,1
1179678418,,,residential,0,0,,72.8418244,19.0390408,72.8415385,19.0390323,31.791852319395794,,197.1,1
22849389,St michael school road,,residential,0,0,,72.8416345,19.0410823,72.8416337,19.0425207,47.18541461050562,,790.0,1
22849373,Soonawala Agiary Lane,,residential,0,0,,72.8425923,19.0414555,72.8425016,19.0416012,11.160493441393518,,142.8,1
22849535,,,residential,0,0,,72.8438742,19.0404701,72.8433739,19.0402368,56.15466462978029,,216.7,1
492913140,,,residential,0,0,,72.8444869,19.0404259,72.8464145,19.0408032,214.69624141450782,,64.7,1
22849159,Mia Mohd Chhotani Road,,tertiary,0,0,,72.84452214999999,19.0394396,72.8468073,19.039890900000003,500.0,2.0,175.5,1
22849467,,,residential,0,0,,72.8429386,19.0391306,72.8427896,19.039882,29.698259279492273,,170.2,1
22849536,,,residential,0,0,,72.8427896,19.039882,72.8423712,19.0406001,52.1472122290609,,84.6,1
1103462986,Lady Jamshedji Road,,primary,1,0,,72.8421613,19.0384786,72.8423448,19.0370177,52.0848138149502,,382.9,1
22849412,Bhagoji Balooji Keer Marg,,tertiary,0,0,,72.8422012,19.0370158,72.8423448,19.0370177,15.967713101540154,,183.6,1
685884920,,,residential,0,0,,72.8415119,19.037038,72.8415357,19.0381256,35.775912409219266,,72.6,1
1188642285,,,residential,0,0,,72.8415119,19.037038,72.8414905,19.0363688,22.081219395241977,,0.0,1
1188778472,,,residential,0,0,,72.8438519,19.0370488,72.8440944,19.0370537,26.96524867354557,,246.4,1
22849413,,,residential,0,0,,72.8443852,19.0352931,72.8445032,19.0370622,59.48943272366013,,266.6,1
1042716047,,,residential,0,0,,72.8434668,19.0355843,72.8434685,19.035624,1.3158342090494481,,124.9,1
1177468314,,,residential,0,0,,72.8439352,19.0344699,72.8438979,19.0342221,9.12487533953858,,255.5,1
1188785944,,,residential,0,0,,72.8444585,19.0340685,72.8443847,19.0338812,10.250889624902202,,113.8,1
1214252194,,,residential,0,0,,72.8445003,19.0332881,72.8449122,19.0332503,45.81796677400731,,240.9,1
22848978,Pandit Satawlekar Marg,,residential,0,0,,72.8463957,19.033467,72.8423352,19.0341889,452.1274140208191,,265.0,1
1334085599,,,residential,0,0,,72.8459966,19.0322793,72.8460598,19.0322736,7.030005241486662,,138.0,1
685947043,,,residential,0,0,,72.8460598,19.0322736,72.8469676,19.0321918,100.97839458274467,,6.7,1
22848974,,,residential,0,0,,72.8457871,19.0317146,72.8445599,19.0320077,136.79659121245507,,72.9,1
691611593,,,residential,0,0,,72.8443661,19.0310077,72.8443444,19.0298552,37.877773939330524,,270.7,1
22849685,Bhagat Gully,,residential,0,0,,72.8427876,19.0292998,72.8436634,19.032023,132.14578177997035,,321.4,1
788407563,,,residential,1,0,,72.8415424,19.0279506,72.8413314,19.0279598,23.46407051708815,,290.4,1
49684629,Keluskar Road South,,residential,0,0,,72.8401057,19.0280317,72.8365213,19.0260594,403.7862233660598,,559.7,1
22849670,P L K Marg,,residential,0,0,,72.8379241,19.0219832,72.8394162,19.02165,166.27372145688065,,995.7,1
1139124333,Raobahadur S.K. Bole Marg,,primary,1,0,,72.8364813,19.0190421,72.8363769,19.0189523,11.976892150661902,,388.4,1
788454495,Raobahadur S.K. Bole Marg,,primary,1,0,,72.8363769,19.0189523,72.8360462,19.018829,36.99407862192779,,14.8,1
1139174931,Gokhale Road,,primary,1,0,,72.835894,19.0185126,72.8348437,19.0160062,142.84386314719106,,76.3,1
1139124334,Gokhale Road,,primary,1,0,,72.8359669,19.0189436,72.836014,19.0190416,6.145780707168409,,68.6,1
1186979512,V Manjrekar Marg,,residential,0,0,,72.8358884,19.0194036,72.836014,19.0190416,18.334644515460425,,54.2,1
1188059838,,,residential,0,0,,72.836366,19.0197737,72.8359281,19.0204726,53.82283629849637,,81.8,1
1139147208,Gokhale Road,,primary,1,0,,72.8376082,19.021783,72.8385271,19.022872,108.24432170336625,,258.2,1
1140696661,,,residential,0,0,,72.836347,19.0217944,72.8364776,19.0219519,15.41428048937948,,133.1,1
1140697236,Swatantrya Veer Savarkar Marg,,secondary,1,0,,72.834419,19.0226594,72.8343444,19.022535,9.245330844104641,,235.0,1
1140697240,Swatantrya Veer Savarkar Marg,,secondary,1,0,,72.8343582,19.0227558,72.8344901,19.0229921,16.590529812176182,,12.5,1
1140697235,Swatantrya Veer Savarkar Marg,,secondary,1,0,,72.8343444,19.022535,72.8329312,19.020631,169.10893189946285,,28.3,1
1139274232,Swatantrya Veer Savarkar Marg,,secondary,1,0,,72.8329312,19.020631,72.8327775,19.0204566,18.023686744059976,,258.0,1
1139274234,,,residential,0,0,,72.8332272,19.0204211,72.8329312,19.020631,33.626900627047206,,38.9,1
1205125159,,,residential,0,0,,72.8313993,19.0204467,72.8311741,19.0201801,26.52604056814885,,267.7,1
236102845,Swatantrya Veer Savarkar Marg,,primary,1,0,,72.8305168,19.0175427,72.8294231,19.0159934,131.81939716835166,,430.1,1
1123852439,Shankar Ghanekar Marg,,primary,0,0,,72.8305068,19.0142301,72.8306101,19.0142856,11.630005778455489,,449.0,1
686144259,Sayani Marg,,secondary,0,0,,72.8305068,19.0142301,72.8311791,19.0130351,84.4221056200165,,0.0,1
1186979510,New Prabhadevi Marg,,secondary,0,0,,72.8281591,19.0129589,72.8281128,19.013045,5.873229259078715,,294.9,1
1341985117,New Prabhadevi Marg,,tertiary,1,0,,72.8276301,19.0140644,72.8276218,19.0142267,5.407650098258232,,139.2,2
1189367582,,,residential,0,0,,72.8259471,19.0137002,72.8276301,19.0140644,187.52267304305954,,182.4,2
699827062,,,residential,0,0,,72.8256054,19.015864,72.8259346,19.0151433,43.58777425192806,,300.8,2
785772292,,,residential,0,0,,72.8249678,19.0168799,72.8245354,19.0176206,53.88200273523855,,242.1,2
1189545658,,,residential,0,0,,72.8255082,19.016427,72.825828,19.0165589,35.822881580212474,,103.7,2
1177223090,Eknath Buwa Hatiskar Marg,,residential,0,0,,72.8259809,19.0172961,72.8268265,19.0177522,95.21141878900512,,146.9,2
785321062,,,residential,0,0,,72.8236869,19.0160341,72.8235607,19.0164774,20.21932038330792,,322.1,2
793872004,,,residential,0,0,,72.8227439,19.0169962,72.8222498,19.017135,55.13016781912401,,192.6,2
438513697,,,residential,0,0,,72.8223166,19.0165251,72.8228592,19.0147956,82.86123087463834,,100.7,2
152201572,Anant Vishram Nagvekar Marg,,residential,0,0,,72.8233661,19.0149726,72.8206586,19.0138479,303.3175280259088,,248.2,2
236614958,Old Prabhadevi Marg,,residential,0,0,,72.8239996,19.0132572,72.8272902,19.0154611,372.98478252344205,,218.0,2
1238069923,Appasaheb Marathe Marg,,primary,1,0,,72.823958,19.0128837,72.8236102,19.0129248,38.69713717146107,,611.2,2
1138643877,Dr Annie Besant Road,,primary,1,0,,72.8234217,19.0129665,72.8238738,19.0132009,50.85706741717966,,448.6,2
152203822,Dr Annie Besant Road,,primary,1,0,,72.820435,19.0103628,72.8182846,19.0063734,272.66279586288715,,554.2,2
658655414,Dr Annie Besant Road,,primary,1,0,,72.8181325,19.0063128,72.8203737,19.010413,283.27116174449486,,523.9,2
1285590645,Pandurang Budhkar Marg,,secondary,1,0,,72.8216835,19.006215,72.8215129,19.006213,18.969968197025395,,395.7,2
630437520,,,residential,0,0,,72.8232608,19.0062639,72.8232673,19.0101598,127.93600477930177,,224.4,2
22850214,Hind Cycle Road,,residential,0,0,,72.8232667,19.0085069,72.8199063,19.0088818,373.8622210017979,,254.9,2
1341751367,,,residential,0,0,,72.824687,19.0026645,72.824769,19.002721,9.304805041277566,,721.3,2
1341751366,,,residential,0,0,,72.8247027,19.0023229,72.8248484,19.0023499,16.22533956132598,,46.9,2
1341751365,,,residential,0,0,,72.8249072,19.0023608,72.8246524,19.0023179,28.367462938929112,,21.9,2
22850287,H R Divekar Marg,,tertiary,0,0,,72.822534,19.0043918,72.8219599,19.0046546,64.4177493754968,,461.0,2
701012911,,,residential,0,0,,72.8186714,19.0043229,72.8195606,19.0038843,99.91851695390295,,554.8,2
211658547,,,residential,0,0,,72.8175434,19.0023369,72.8181352,19.0020815,66.33778061354816,,249.9,2
211658626,,,residential,0,0,,72.8184304,19.0018961,72.817386,19.0001219,129.93489367963048,,106.7,2
993557579,,,residential,0,0,,72.8195921,19.0015005,72.8200366,19.0012699,50.00308377637139,,355.9,2
22850088,S N Munje Road,,residential,0,0,,72.8194843,19.0013116,72.8210328,19.0040268,193.9081124917745,,23.8,2
22850194,D N Wakrikar Marg,,residential,0,0,,72.8209554,19.0001152,72.8214775,19.0038056,134.38655435086534,,257.2,2
1237761225,Ganapatrao Kadam Marg,,secondary,0,0,,72.8219046,18.9984268,72.8220818,18.9984201,19.704969504390576,,294.6,2
1062054751,Drainage Channel Marg,,secondary,1,0,,72.8219887,18.99807,72.8219046,18.9984268,14.99167721255505,,58.6,2
1136392239,,,residential,0,0,,72.822922,19.0004989,72.8240715,19.0004124,127.85012544246217,,361.2,2
1133675674,Ganapatrao Kadam Marg,,secondary,0,0,,72.8178783,18.9985847,72.8217716,18.9984298,432.94510161092364,,745.1,2
1123855695,,,secondary,0,0,,72.817449,18.9989015,72.8178783,18.9985847,48.857109500818794,,57.2,2
40444160,Dr Annie Besant Road,,primary,1,0,,72.8174661,18.9986118,72.8173946,18.9984703,9.209478314746157,,39.6,2
1138273336,Dr E Moses Marg,,primary,1,0,,72.8173946,18.9984703,72.8173426,18.998635,7.918569957003905,,17.4,2
1138273333,Dr Annie Besant Road,,primary,1,0,,72.8173984,18.9987797,72.8174661,18.9986118,9.332101747591558,,36.1,2
1201591783,GM Bhosle Marg,,secondary,1,0,,72.8175898,18.9988942,72.8174661,18.9986118,16.590600121844354,,248.4,2
22850301,Laxminarsingh Papan Marg,,residential,1,0,,72.8188689,18.9958353,72.8227445,18.9958794,430.9494915808307,,375.2,2
1169860412,Dr E Moses Marg,,primary,1,0,,72.8197009,18.9942799,72.8197754,18.9941416,9.44767396262331,,193.1,2
1057784881,,,primary,0,0,,72.8195902,18.9942351,72.8197009,18.9942799,12.396914622944715,,12.7,2
22852397,Drainage Channel Marg,,secondary,0,0,,72.8208489,18.9921367,72.8227445,18.9958794,244.0007470782398,,278.9,2
1179650553,,,tertiary,1,0,,72.8210246,18.9915657,72.8211032,18.9916566,9.235722149673848,,90.4,2
1169860413,Dr E Moses Marg,,primary,1,0,,72.8196611,18.9941034,72.8195902,18.9942351,8.992465561083264,,315.4,2
42446271,Gandhi Nagar,,residential,0,0,,72.8226185,18.993602,72.8207651,18.9947839,209.71202015854942,,545.4,2
1188760872,Senapati Bapat Marg (Tulsi Pipe Road),,tertiary,1,0,,72.8223752,18.9890264,72.8224525,18.9889758,8.754516223046306,,666.4,2
1239340602,Dr E Moses Marg Flyover,,primary,1,1,,72.8237987,18.9824892,72.8223406,18.9804505,175.4115695816704,,820.4,2
988421627,Dr E Moses Marg Flyover,,primary,1,1,,72.8237143,18.9825464,72.8246963,18.9845991,128.32144246236643,,11.0,2
314633980,Mahalakshmi Station Flyover,,secondary,1,1,,72.8237595,18.9826124,72.8238466,18.9825562,9.859330908440993,,8.8,2
1341470730,,,residential,1,0,,72.8223011,18.9804008,72.822184,18.9804231,13.041503810137247,,299.9,2
1239340606,Dr E Moses Marg Flyover,,primary,1,1,,72.8222483,18.9805014,72.8237143,18.9825464,176.3026590310449,,23.5,2
1236032557,Sant Gadge Maharaj Chowk,,secondary,1,0,,72.8270837,18.9812827,72.8271734,18.981122,11.28360840848399,,676.8,2
789140993,,,residential,0,0,,72.8290664,18.9807259,72.8276931,18.9820376,158.65933533769413,,253.0,2
635485078,,,residential,0,0,,72.830645,18.9800475,72.8300902,18.9801985,61.8897428081663,,207.8,3
22852318,Musa Killedar Street,,residential,0,0,,72.8305177,18.9775396,72.8291783,18.9804461,176.8735577340655,,331.3,3
792940500,,,residential,0,0,,72.8321152,18.9772979,72.8308426,18.9773372,141.51254290380976,,186.9,3
22852447,Bapurao Jagtap Road,,tertiary,0,0,,72.82953284999999,18.97750685,72.827013,18.9807145,500.0,2.0,401.2,3
789140997,,,residential,0,0,,72.8288171,18.9761776,72.8287652,18.9755798,20.455446429103382,,323.1,3
22852210,G H Parundekar Marg,,residential,0,0,,72.8272728,18.9765473,72.8302561,18.9765863,331.7302952558544,,209.7,3
22852449,Maulana Azad Road North,,tertiary,0,0,,72.8273492,18.9759675,72.8267327,18.9806476,168.2513695290656,,64.6,3
1289063012,,,residential,0,0,,72.8253154,18.9727762,72.8252403,18.9728463,8.662136860569703,,461.1,3
215057820,,,residential,0,0,,72.8250327,18.9719149,72.825789,18.9716905,84.4188717487568,,101.7,3
215057812,,,residential,0,0,,72.8240514,18.9730623,72.8244526,18.9724536,48.88430312155497,,285.6,3
1236032559,Dr Anand Rao Nair Marg,,secondary,1,0,,72.8207159,18.968778,72.8207536,18.9688466,4.759133493943079,,634.4,3
1239127973,J Boman Behram Marg,,primary,1,0,,72.824001,18.9683278,72.8246668,18.9681568,74.24620694974972,,356.5,3
1137216795,J Boman Behram Marg,,primary,1,0,,72.8239736,18.9682472,72.8208072,18.9687728,352.5104480857487,,9.4,3
1236032562,J Boman Behram Marg,,primary,1,0,,72.8264423,18.9676275,72.8246308,18.9680779,201.97174039184796,,288.9,3
1207066839,Manaji Rajuji Road,,residential,0,0,,72.8261653,18.9655312,72.8262279,18.9667051,39.165788532119834,,247.5,3
22853130,10th Lane,,residential,0,0,,72.8280921,18.9650999,72.8250747,18.966369,338.0969149751641,,255.5,3
22852991,14th Lane,,residential,0,0,,72.8281411,18.9661707,72.8262972,18.9669826,206.7577313645501,,118.7,3
22853052,13th Lane,,residential,0,0,,72.8286471,18.9657484,72.8261212,18.9667514,282.7909770463399,,89.7,3
22852997,Duncan Road Cross Lane,,residential,0,0,,72.8294688,18.9648494,72.8286373,18.9652262,93.28231436941493,,179.1,3
22852986,Vasil Khan Marg (Tank Street),,residential,0,0,,72.8293792,18.961771,72.8294601,18.9661631,144.4584594153408,,340.9,3
22853110,Mansuri Suleman Bavan Patel Marg,,residential,0,0,,72.8285543,18.960788,72.829817,18.9607655,140.40777660576728,,191.3,3
22853132,Parsuram Pupala Road (Bapty Road),,residential,0,0,,72.8278864,18.9624662,72.8310303,18.9612906,500.0,2.0,758.4,3
1207067072,,,residential,0,0,,72.8275973,18.9629686,72.8276884,18.9632733,14.236570817669962,,420.4,3
22853098,,,residential,0,0,,72.8262937,18.9616643,72.8263544,18.9627551,36.44408141452689,,346.6,3
1248814266,Maulana Shaukat Ali Marg,,secondary,0,0,,72.8261461,18.9616637,72.8278136,18.961711,185.42404308878304,,15.6,3
1171487719,Maulana Shaukat Ali Marg,,secondary,1,0,,72.8229696,18.961844,72.8261461,18.9616637,353.2602968344832,,339.9,3
22853207,Khetwadi 9th Lane,,residential,0,0,,72.8227482,18.9597324,72.8221303,18.9586229,77.77049660879902,,273.7,3
22853226,Khetwadi 7th Lane,,residential,0,0,,72.8236745,18.959384,72.8229361,18.9581594,91.42522265684951,,105.8,3
22853300,Khetwadi 3rd Lane,,residential,1,0,,72.8251577,18.95867,72.8248273,18.9580968,41.279151652214516,,175.1,3
1328731439,Trimbak Parshuram Street,,residential,0,0,,72.8260216,18.9583669,72.8262091,18.9584477,21.01715173142465,,99.4,3
22853358,Patthe Bapurao Marg (Falkland Road),,tertiary,0,0,,72.8262938,18.9581277,72.8230513,18.9617565,379.7282150192129,,39.0,3
1123865132,,,residential,0,0,,72.8256796,18.9581097,72.8258747,18.958348,23.06194998805221,,90.3,3
1138585347,Nanubhai Desai Road (Khetwadi Main Road),,residential,0,0,,72.8248005,18.9571889,72.8247248,18.9572238,8.495102849923596,,259.6,3
48821189,Dr Wilson Street,,residential,0,0,,72.8242843,18.957454,72.8236124,18.9560571,87.6692634944822,,61.9,3
22853798,Sardar Vallabhbhai Patel Road,,secondary,1,0,,72.82315595,18.95796945,72.819821,18.9579359,500.0,2.0,135.4,3
1192628761,Sardar Vallabhbhai Patel Road,,secondary,1,0,,72.819821,18.9579359,72.8190111,18.9578045,90.16012812009356,,351.0,3
22853177,Dr Parekh Road,,residential,1,0,,72.8191606,18.9579145,72.8196298,18.9591715,66.53241656140509,,122.2,3
1190566440,Khemraj Shrikrishnadas Marg (Khetwadi Back Road),,tertiary,0,0,,72.8198907,18.9607237,72.8223969,18.9598568,280.12729473733947,,378.1,3
47977030,Jalbhai Street,,residential,1,0,,72.8188783,18.9612032,72.8199256,18.9612297,116.45769938420949,,165.3,3
22853204,Khetwadi 11th Lane,,residential,0,0,,72.8216054,18.9601269,72.821162,18.9590887,59.94509400323377,,359.1,3
22853179,A B Kolhatkar Marg,,residential,1,0,,72.8230128,18.9581171,72.8195259,18.9598116,391.69899594696864,,487.8,3
22852591,Ardeshir Dady Street,,residential,1,0,,72.8255574,18.9568512,72.8261294,18.9579933,73.83478217576373,,302.7,3
22852708,2nd Carpenter Street,,residential,0,0,,72.8262391,18.956311,72.8276033,18.9571692,154.28667118581257,,93.5,3
22852838,Ardeshir Dadi Cross Lane,,residential,0,0,,72.8262201,18.9552692,72.8253061,18.9562443,106.55569146078052,,173.9,3
22852725,Ardeshir Dady Street,,residential,1,0,,72.8253061,18.9562443,72.8255574,18.9568512,34.3207329521687,,144.6,3
22852842,3rd Panjrapole Lane,,residential,0,0,,72.8280386,18.9562243,72.8288567,18.9550193,99.19749111086577,,363.9,3
1240710737,,,tertiary,1,0,,72.8283794,18.9566683,72.8285058,18.9567097,14.1205972333023,,78.0,3
1248814269,,,tertiary,1,0,,72.8285637,18.9566344,72.8284598,18.9565309,12.04242313274849,,26.4,3
152385151,Brig. Usman Marg,,tertiary,0,0,,72.8289378,18.9567917,72.8313932,18.9580967,276.36807322716425,,43.1,3
72235308,Masjid Street,,residential,0,0,,72.8295514,18.9560112,72.8323503,18.9569259,312.66834457590664,,107.9,3
22852808,2nd Panjrapole Lane,,residential,1,0,,72.828516,18.9548164,72.827706,18.9560518,98.77804605258422,,223.9,3
57662472,A I Patel Marg (Banian Road),,residential,0,0,,72.8303346,18.9542456,72.83217,18.9550414,205.7519554173009,,370.0,4
22852837,New Kazi Street,,residential,0,0,,72.8315791,18.9548037,72.8306243,18.9559808,112.98065071142119,,144.9,4
22852830,1st Cross Lane Ghoghari Mohalla,,residential,0,0,,72.8316578,18.9553608,72.8316438,18.9563427,32.26603888198487,,97.9,4
1097890837,,,secondary,1,0,,72.8318124,18.9542159,72.8320197,18.9544453,24.249262339302906,,183.7,4
1214977036,,,residential,0,0,,72.8322835,18.9537918,72.831752,18.9537411,59.12352628525324,,127.0,4
22851295,J. J. Flyover,,primary,1,1,,72.83321140000001,18.95366485,72.8320247,18.9636249,500.0,2.0,139.2,4
22851055,Nagdevi Street,,residential,1,0,,72.8332368,18.9536415,72.8334595,18.9527705,37.82002034602428,,1.8,4
72237722,,,tertiary,0,0,,72.8340943,18.9529382,72.8374735,18.953316,375.95436100631173,,168.6,4
89089386,Bibijan Street,,residential,0,0,,72.8347522,18.9525192,72.8342445,18.9524002,56.588578593312675,,126.0,4
22851101,Nagdevi Cross Lane,,residential,0,0,,72.8344806,18.9515182,72.8347968,18.9516063,35.278505752323476,,135.8,4
22851008,Bhaji Pala Lane,,residential,0,0,,72.8346278,18.9509266,72.8350445,18.9509618,46.349322790666626,,67.2,4
22851166,Veer Vithaldas Chandan Street (De Souza Street),,residential,0,0,,72.835699,18.950094,72.8352722,18.9532586,114.17799828997134,,263.9,4
89103674,Old Bardan Lane,,residential,0,0,,72.8361485,18.9512526,72.8359182,18.9512603,25.609438104039345,,159.2,4
22851214,Hazrat Abbas Street (Samuel Street),,residential,0,0,,72.8364598,18.9533387,72.8367271,18.9559302,90.0806536262519,,233.4,4
72249184,Shaida Marg,,residential,1,0,,72.8370306,18.9560011,72.8363958,18.9583243,103.89277099227583,,326.3,4
1152602433,JB Shah Road,,residential,0,0,,72.8380691,18.9558468,72.8376457,18.9559871,47.30445206237256,,113.2,4
22851242,Narsi Natha Street,,residential,1,0,,72.8374411,18.9542775,72.8374735,18.953316,31.753572673603657,,237.9,4
1257099856,Madhavrao Rokade Road,,residential,1,0,,72.8376467,18.9503797,72.8377055,18.9497149,22.771825722617674,,432.4,4
215039697,,,residential,0,0,,72.8365582,18.9479706,72.8366209,18.9487625,26.903979412833035,,499.3,4
930549569,,,residential,0,0,,72.8366585,18.9470034,72.836515,18.9468258,16.987366341311684,,129.3,4
786183147,,,residential,0,0,,72.8352222,18.9465087,72.836515,18.9468258,144.12891221866158,,205.7,4
554210620,Annasaheb Daundkar Marg,,residential,1,0,,72.8349766,18.9463378,72.8339092,18.9463184,118.69117222173732,,342.1,4
1136917067,,,residential,0,0,,72.8333098,18.9472307,72.8332522,18.9473299,7.18480225901438,,287.8,4
787853487,,,residential,0,0,,72.831752,18.9494581,72.8311627,18.9493411,65.63960540915457,,333.5,4
48893957,,,residential,1,0,,72.831431,18.9501856,72.8287889,18.9501951,293.7882811882792,,87.6,4
22852641,,,residential,0,0,,72.8310026,18.9511703,72.8317535,18.9515445,84.39481163443544,,118.3,4
787853489,,,residential,1,0,,72.833939,18.950856,72.8346687,18.9482461,117.98125378914737,,460.8,4
46177941,,,residential,0,0,,72.829971,18.9498698,72.831386,18.9501664,157.64173920662307,,448.3,4
438511400,,,residential,0,0,,72.8292105,18.9501613,72.8292308,18.9496822,15.888602333599303,,115.0,4
1190808235,,,residential,0,0,,72.8288129,18.9499164,72.8285614,18.9499081,27.966851394147376,,75.6,4
215039698,,,residential,0,0,,72.8275015,18.9474943,72.8288743,18.946747,154.607261000963,,372.8,4
1177747920,,,secondary,1,0,,72.8290585,18.9461837,72.8277439,18.9454949,147.91547868998273,,273.9,4
40283783,R.S. Sapre Marg (Picket Road),,residential,1,0,,72.8291422,18.9459158,72.8307703,18.9453321,182.04757392392196,,31.0,4
1235569516,,,secondary,1,0,,72.8293792,18.9439935,72.8294742,18.9441124,11.261529129132674,,215.9,4
151509176,,,secondary,1,0,,72.8294742,18.9441124,72.8335184,18.9474013,462.47009489238945,,16.5,4
31783378,,,residential,1,0,,72.8311421,18.9456236,72.8306483,18.9474523,81.35056607117316,,243.5,4
1136934336,,,residential,1,0,,72.8317585,18.9474296,72.8318371,18.9469505,17.990738983426912,,281.8,4
1241393022,,,tertiary,1,0,,72.8316423,18.9483041,72.8320855,18.9486161,50.33431595893393,,305.3,4
40308161,,,secondary,1,0,,72.8277439,18.9454949,72.8258682,18.9450258,209.13618756126007,,614.0,4
97369837,,,tertiary,1,0,,72.8255054,18.9448551,72.8248966,18.9445786,68.3015402570558,,247.8,4
1239131944,Maharshi Karve Road,,secondary,1,0,,72.82479,18.9447393,72.8261215,18.9423307,167.8537512399755,,108.5,4
215057882,,,residential,0,0,,72.8251995,18.9459133,72.8247399,18.9462977,52.640752890774046,,193.5,4
215057868,Dr Nagindas Shah Ln,,residential,0,0,,72.8253847,18.9488831,72.8243529,18.9482142,116.81428372806657,,500.2,4
215420420,,,residential,0,0,,72.8242876,18.9489526,72.8245805,18.9498257,43.389560709109745,,159.0,4
215420417,St Francis Xavier Ln,,residential,0,0,,72.8231107,18.9491547,72.8244263,18.9499753,148.74908010552164,,339.6,4
215420411,,,residential,0,0,,72.8233255,18.9511924,72.8219454,18.9501967,156.90497430767942,,344.1,4
215420413,Karel Wadi,,residential,0,0,,72.822994,18.9515036,72.821948,18.9508938,118.02124718282933,,49.1,4
152319321,Gokhale Path,,residential,0,0,,72.8222348,18.9531896,72.8218215,18.9538984,51.51567363103888,,261.3,4
1303050657,,,residential,0,0,,72.8217207,18.9541279,72.8212945,18.9537242,49.210865389920656,,117.4,4
1188580807,,,residential,0,0,,72.8199951,18.9542988,72.8199416,18.9544431,7.606040537376517,,289.4,4
1328743119,,,residential,1,0,,72.8173679,18.9548182,72.8173278,18.9547636,4.806120254827951,,398.9,4
215372400,Tata Road 1,,residential,0,0,20.0,72.817038,18.9550028,72.8173158,18.955848,41.53366817051545,,40.3,4
1192344943,,,residential,0,0,,72.8172868,18.954074,72.8173278,18.9547636,23.106978957169083,,150.5,4
438491420,Mathew Road,,residential,1,0,,72.8156146,18.9566426,72.8157033,18.9542363,79.66516070214817,,376.3,4
1138264271,Mama Paramanand Marg,,secondary,1,0,,72.8156146,18.9566426,72.8155538,18.9567596,7.7769289141410045,,0.0,4
1138264269,Sardar Vallabhbhai Patel Road,,secondary,1,0,,72.8156434,18.9567942,72.8155538,18.9567596,10.02769849399418,,45.4,4
1174243874,Sardar Vallabhbhai Patel Road,,secondary,1,0,,72.816535,18.9571303,72.8166212,18.9571528,9.613459245903925,,132.6,4
1174243868,Dr Dadasaheb Bhadkamkar Marg,,secondary,1,0,,72.8164984,18.9570199,72.816535,18.9571303,5.451215078059608,,31.8,4
22853641,Vital Bhai Patel Marg,,tertiary,1,0,,72.8170415,18.9583948,72.8189266,18.9578419,210.39887511455558,,169.9,4
47978100,Saidham Wadi,,residential,0,0,,72.8163893,18.9586064,72.8162641,18.9581674,20.04477159212605,,72.6,4
1190105152,,,residential,0,0,,72.8165983,18.9594492,72.8167784,18.9593749,20.174397888635593,,107.0,4
47977562,Wadalal A Patel Road (Proctor Road),,tertiary,1,0,,72.8151807,18.9588794,72.8159434,18.9602849,96.5634517516591,,215.9,4
215057822,,,residential,0,0,,72.8154525,18.9594482,72.8159076,18.9592089,51.21181943350028,,69.2,4
22853513,Proctor Road,,residential,0,0,,72.8161046,18.9614228,72.8158459,18.9615286,28.9753445273365,,248.8,4
1240758489,Maulana Shaukat Ali Marg,,secondary,1,0,,72.8175877,18.9619111,72.8199169,18.9618905,258.9961070113706,,185.1,4
1138190221,,,secondary,0,0,,72.8183317,18.9638346,72.818355,18.9638993,3.350970338649674,,240.4,5
1138190217,Allibhai Premji Marg (Foras Road),,tertiary,0,0,,72.8183666,18.9638472,72.8186949,18.9639713,36.732175579810296,,3.9,5
1239131950,Rusi Mehta Chowk,,secondary,1,0,,72.8201596,18.9643919,72.8200887,18.9644261,7.963338730652076,,267.6,5
1341982351,Keshavrao Kadam Marg,,residential,0,0,,72.8225822,18.9654909,72.8225989,18.96545,2.2917852538244583,,315.8,5
1341982355,R S Nimkar Marg,,secondary,1,0,,72.8227933,18.965523,72.8225989,18.96545,21.74881612011979,,25.4,5
48807840,Baburao More Road,,residential,0,0,,72.8213038,18.9665146,72.8213387,18.9667303,8.077269561113546,,222.3,5
48806635,,,residential,0,0,,72.8190695,18.9676896,72.8191722,18.9676054,11.749834377047222,,528.4,5
1174930384,Dr Dadasaheb Bhadkamkar Marg,,secondary,1,0,,72.8184583,18.964107,72.818355,18.9638993,13.359737808643011,,728.7,5
1169864607,Patthe Bapurao Marg (Falkland Road),,secondary,0,0,,72.8162794,18.9685016,72.8162448,18.968535,4.000745532158595,,787.9,5
1058043430,,,residential,0,0,,72.8160873,18.9693066,72.8160917,18.9692348,2.4089384385409467,,175.8,5
1150674394,Sane Guruji Marg,,residential,1,0,,72.8162677,18.9693304,72.8164432,18.9694978,20.27475181982476,,19.2,5
1150674397,J Boman Behram Marg,,primary,1,0,,72.8162677,18.9693304,72.8163608,18.9693207,10.357150794519555,,0.0,5
1150674395,Sane Guruji Marg,,residential,1,0,,72.8164432,18.9694978,72.8163608,18.9693207,10.853499467414757,,27.4,5
1240182689,Pandit Madan Mohan Malviya Marg,,primary,1,0,,72.8150811,18.9698091,72.815103,18.9697602,2.9173562220606297,,208.4,5
1158084853,,,residential,0,0,,72.814155,18.9676185,72.8142002,18.9675913,5.104841036058721,,346.8,5
40446699,,,residential,0,0,,72.8131054,18.967641,72.8132774,18.9679869,22.247531320808818,,145.2,5
1239122785,Javji Dadaji Marg,,secondary,1,0,,72.8151575,18.9690176,72.8151014,18.9696213,20.791332995644538,,333.2,5
1188869484,,,residential,0,0,,72.8125779,18.9693234,72.8130796,18.9686988,59.441709406847906,,304.7,5
22853469,Forjet Hill Road,,residential,0,0,,72.8128284,18.9667063,72.8129431,18.9669707,15.43173162426354,,432.5,5
438491418,,,residential,0,0,,72.8117609,18.9665743,72.8124427,18.9662037,76.78448035210154,,160.7,5
780266377,Tukaram Javji Marg,,residential,0,0,,72.8129673,18.9653855,72.8128803,18.9653931,9.677181048932871,,249.0,5
215057742,,,residential,0,0,,72.8128297,18.9649149,72.8114793,18.9643272,151.39428821422746,,244.2,5
48747609,,,residential,0,0,,72.8140167,18.963051,72.8140004,18.9634977,14.787939089229441,,371.7,5
1237573830,Javji Dadaji Marg,,secondary,1,0,,72.8134296,18.9619674,72.8132328,18.9617465,23.055398441836157,,170.3,5
1237573829,,,secondary,1,0,,72.8132328,18.9617465,72.8132743,18.9614887,9.64587581692075,,32.0,5
1138235269,,,secondary,1,0,,72.8132743,18.9614887,72.8132352,18.9613672,5.902492718197549,,29.1,5
1240721412,,,secondary,1,0,,72.8130547,18.9618453,72.8131754,18.9618435,13.421357956176353,,79.1,5
207568661,J Shankarsheth Marg,,secondary,0,0,,72.8139087,18.9604258,72.8132743,18.9614887,78.71325230188751,,191.9,5
22853613,Goregaonkar Marg,,residential,1,0,,72.8135407,18.9590822,72.8130773,18.9578597,65.33380730128869,,314.2,5
22853618,Harishchandr Goregaonkar Road,,residential,0,0,,72.8126531,18.9590222,72.8137363,18.9607403,133.01902931567554,,96.9,5
1122580092,N Spatkar Marg,,secondary,1,0,,72.8108785,18.9581141,72.8099159,18.9589844,110.79125564114011,,232.0,5
1304410717,Laburnum Marg,,residential,0,0,,72.8117577,18.959535,72.8118312,18.9594919,8.294626886989334,,182.5,5
39817469,,,residential,0,0,,72.8119718,18.9598123,72.8107214,18.9606359,141.64760853706323,,38.1,5
22853533,Gamdevi Lane,,residential,1,0,,72.8127946,18.9608608,72.8113405,18.9586824,176.8243329516026,,144.9,5
789798555,Kashibai Navrange Marg (Alexandra Road),,residential,0,0,,72.8130377,18.9595995,72.8122267,18.9601461,91.95016039375228,,141.9,5
1081145891,Goregaonkar Marg,,residential,1,0,,72.8130773,18.9578597,72.8128455,18.9574069,29.760662199990218,,318.3,5
1081145893,Dr Atmaram Ramchandra Rangenekar Marg,,residential,1,0,,72.8126474,18.9571028,72.8122616,18.9566176,45.765668372036444,,95.4,5
22853737,Kalamaharshi SM Haldankar Low Level (North),,residential,0,0,,72.8135888,18.9574154,72.8142843,18.957202,77.65324760510924,,118.2,5
1138265653,Sardar Vallabhbhai Patel Road,,secondary,1,0,,72.8152922,18.9567786,72.8155224,18.956857,25.726330289700194,,192.8,5
1190135501,,,residential,0,0,,72.8154886,18.9545774,72.8157033,18.9542363,26.372698207338043,,365.5,5
1238884957,Mathew Road,,residential,1,0,,72.8157033,18.9542363,72.8164876,18.9536583,89.25336868007847,,44.0,5
260799369,Sardar Vallabhbhai Patel Road,,secondary,1,0,,72.8139259,18.9562041,72.8128446,18.9558471,120.80587692144897,,650.9,5
1153977137,Sardar Vallabhbhai Patel Road,,secondary,1,0,,72.813911,18.9563153,72.8144738,18.9565,62.87403188587294,,22.9,5
40438650,Dr N A Purandare Marg,,primary,1,0,,72.8100617,18.9560119,72.8079232,18.9553213,238.87103508347474,,452.9,5
622352219,Dr N A Purandare Marg,,primary,1,0,,72.8101521,18.9561469,72.8125155,18.9557968,263.04977913073526,,24.5,5
22853705,Kulpati KM Munshi Marg,,residential,0,0,,72.8104824,18.9572873,72.8122119,18.9565551,193.81087775936396,,185.1,5
1237573825,Dr N A Purandare Marg,,primary,1,0,,72.8078058,18.9553634,72.8078486,18.9554734,5.976631254067228,,411.7,5
22853753,Dadi Seth 2nd Lane,,residential,1,0,,72.8075939,18.9574277,72.8072418,18.9563496,52.805845171825496,,313.3,5
1171464935,Dr N A Purandare Marg (Chowpatty Sea Face),,primary,1,0,,72.8079887,18.9555069,72.8079232,18.9553213,9.50032774920188,,844.0,5
1158173508,B G Kher Marg (Gibbs Road),,secondary,1,0,,72.8076156,18.9633509,72.8074748,18.9640687,28.314407249819485,,1033.7,5
1123862525,,,secondary,1,0,,72.8074612,18.9641537,72.8074016,18.965302,38.31913402480868,,90.4,5
38545141,August Kranti Marg;August Kranti Marg (Gowalia T,,secondary,1,0,,72.8074612,18.9641537,72.8076649,18.9641897,22.68129021969354,,0.0,5
596409223,Altamount Road (S K Barodawala Marg),,tertiary,0,0,,72.8079779,18.9645482,72.8108857,18.9683844,347.04193148277784,,77.6,5
622411767,Altamount Road (S K Barodawala Marg),,tertiary,0,0,,72.8079779,18.9645482,72.8077731,18.9642004,25.480677616616326,,0.0,5
1138592091,Laxmibai Jagmohandas Marg,,secondary,1,0,,72.8051706,18.9645405,72.8050756,18.9645555,10.575019489138166,,336.6,5
22853978,August Kranti Marg,,secondary,1,0,,72.8050696,18.9646146,72.8074612,18.9641537,266.3649553558271,,171.0,5
1180637432,,,residential,1,0,,72.8028201,18.963381,72.8030648,18.9633678,27.212858926639885,,513.2,5
785014339,,,residential,0,0,,72.8019673,18.9605277,72.8016451,18.9613233,44.359855474813294,,409.1,5
1137560455,Laxmibai Jagmohandas Marg,,secondary,1,0,,72.7997953,18.9571148,72.7998356,18.9571798,4.964757498703198,,612.6,5
1137560452,L D Ruparel Marg,,tertiary,0,0,,72.7998571,18.9570778,72.7997953,18.9571148,6.978712795105997,,7.7,5
1138575469,Bhausaheb Hire Road (Mount Pleasant Road),,tertiary,0,0,,72.7985057,18.9547648,72.7985305,18.9549559,6.862566842605156,,295.8,5
215039710,,,residential,0,0,,72.7966978,18.951969,72.7985648,18.9506941,211.79217443064476,,422.2,5
1144639055,Manav Mandir Marg,,secondary,1,0,,72.7959552,18.9503691,72.798356,18.9488753,271.43926212316234,,220.6,5
22853922,R Thakkar Marg,,residential,0,0,,72.7995795,18.9498294,72.7985648,18.9506941,116.35712462892602,,483.7,6
1171476107,B G Kher Marg (Ridge Road),,tertiary,1,0,,72.80143695000001,18.9519103,72.7983921,18.9488323,500.0,2.0,307.9,6
38753183,L D Ruparel Marg,,tertiary,0,0,,72.802457,18.9528258,72.8026477,18.9526794,21.744257695419805,,157.1,6
22853879,K S Tayyabji Road No 2,,residential,0,0,,72.8033206,18.9547553,72.8037128,18.9560458,60.84204269306905,,314.9,6
22853869,,,residential,0,0,,72.8036248,18.9561581,72.8048061,18.9577428,141.307678540433,,166.7,6
39164072,,,residential,0,0,,72.8032294,18.9564893,72.8035927,18.9570849,44.89226081307185,,55.5,6
39114006,BG Kher Marg,,tertiary,1,0,,72.8048226,18.9554208,72.8049414,18.9554476,13.23930087401114,,207.0,6
455728303,BG Kher Marg,,tertiary,1,0,,72.8049414,18.9554476,72.8048751,18.9553547,7.979693370876697,,13.6,6
1171464933,Walkeshwar Road,,secondary,1,0,,72.80095766666666,18.950350033333333,72.7974749,18.9478644,500.0,3.0,699.5,6
22854001,Walkeshwar Road,,secondary,1,0,,72.80086723333334,18.950228233333334,72.80425956666667,18.952592066666668,500.0,2.0,16.3,6
39170217,Jaganath Shankar Hetil Road,,residential,1,0,,72.7958723,18.9489517,72.7958076,18.949125,9.178463037376385,,609.5,6
22853943,Jamnadas Mehta Marg,,tertiary,1,0,,72.795133,18.9495081,72.7954434,18.949887,36.695781344245994,,104.0,6
22854002,Laxmibai Jagmohandas Marg,,secondary,1,0,,72.7954434,18.949887,72.7956723,18.9502395,27.96856875373912,,53.2,6
22853836,Raj Bhavan Road,,tertiary,0,0,,72.7939174,18.9410646,72.79698325,18.9450897,500.0,1.0,1422.8,6
1186723626,,,residential,0,0,,72.803415,18.9613686,72.8033119,18.9613362,11.513572681631667,,3368.0,6
42309583,Bomanji Petit Marg,,residential,0,0,,72.8036666,18.9690871,72.8053538,18.9675979,193.8899522243029,,2714.8,6
453245474,Bomanji Petit Marg,,residential,1,0,,72.8053538,18.9675979,72.8050696,18.9646146,103.03181469756407,,287.3,6
1338537760,,,residential,1,0,,72.8058077,18.9737206,72.8056619,18.9738007,16.424628928800967,,856.5,6
1338532720,,,residential,0,0,,72.8052736,18.9740215,72.805154,18.9737771,15.537156074122072,,73.1,6
1338533689,,,residential,0,0,,72.8054379,18.9744501,72.8055739,18.9746684,16.738626863907903,,89.2,6
932246710,,,residential,0,0,,72.8085733,18.9764745,72.8081796,18.9772297,50.32400866575912,,469.4,6
38880022,Gopalrao Deshmukh Marg,,primary,1,0,,72.80907,18.9764323,72.8092138,18.9741713,76.0070966344019,,52.8,6
22852369,Byramji Gamadia Marg,,tertiary,1,0,,72.8090748,18.975365,72.810624,18.9760861,173.88552089723714,,118.7,6
1069902655,,,residential,1,0,,72.809228,18.9740491,72.8091347,18.9740357,10.383829174518235,,146.6,6
752117931,,,residential,0,0,,72.8093256,18.9732588,72.8097548,18.9732884,47.734775228673584,,88.1,6
1135128646,Gopalrao Deshmukh Marg,,primary,1,0,,72.8096004,18.9707543,72.8075231,18.9647796,303.1694040401418,,278.9,6
1135128647,Gopalrao Deshmukh Marg,,primary,1,0,,72.8094434,18.9713931,72.8091347,18.9740357,93.38399231514263,,80.5,6
658691828,Pandit Madan Mohan Malviya Marg,,primary,1,0,,72.8111546,18.9778712,72.8110999,18.9779735,6.949514827010138,,900.8,6
658691825,Pandit Madan Mohan Malviya Marg,,primary,1,0,,72.8116059,18.9773674,72.81473,18.9727086,379.614470086636,,107.9,6
935264140,,,residential,0,0,,72.8134266,18.9743379,72.8132719,18.9745494,18.55247855010924,,386.7,6
1188800172,,,residential,0,0,,72.8150925,18.9708876,72.8159397,18.9708525,94.21139906296744,,435.4,6
1190363318,,,residential,0,0,,72.8170139,18.9664435,72.8171554,18.9663921,15.824419807090731,,1337.3,7
22853224,Maruti Mandir Road,,residential,0,0,,72.8264514,18.9602936,72.8262091,18.9584477,66.32427516846793,,1994.6,7
1289063008,Maulana Azad Road (Duncan Road),,tertiary,1,0,,72.8285649,18.9580156,72.8285058,18.9567097,43.37127127449369,,473.2,7
22853125,Bara Imam Road,,residential,0,0,,72.8290745,18.958147,72.8289437,18.9617536,119.28548328963853,,63.3,7
1177464841,Raudat Tahera Steet,,residential,0,0,,72.8306732,18.958178,72.8306588,18.9585984,13.891955659381187,,168.4,7
789768060,Sardar Vallabhbhai Patel Road,,secondary,1,0,,72.8318274,18.9582005,72.8320457,18.958225,24.287168524342906,,121.6,7
1303074851,,,residential,0,0,,72.8302432,18.9592741,72.8302169,18.9600065,24.21838036972411,,275.1,7
1177465034,Gujar Street,,residential,0,0,,72.8302274,18.9591973,72.8316373,18.9593369,156.84067772150718,,8.7,7
1303061490,Sardar Vallabhbhai Patel Road,,secondary,1,0,,72.8274465,18.9580144,72.8272241,18.958024,24.731759999001316,,407.2,7
22852814,Dr Deshmukh Lane,,residential,1,0,,72.8232875,18.9561503,72.8238068,18.9577086,77.15416509990148,,594.2,7
22852859,Dr Babasaheb jay kar marg,,secondary,0,0,,72.825581,18.9531539,72.8227415,18.9517654,319.01291301596535,,602.3,7
1239092982,Dr Babasaheb jay kar marg,,secondary,0,0,,72.8204298,18.9506844,72.8202304,18.9505948,22.366703984870554,,608.4,7
22852649,,,residential,0,0,,72.8211158,18.9495189,72.8222886,18.9499677,131.2396796296595,,164.4,7
438491427,,,residential,0,0,,72.8210024,18.952167,72.8215211,18.9511969,65.89130395736082,,462.3,7
215057796,,,residential,0,0,,72.8266606,18.9487071,72.8267692,18.9483828,16.099368144649034,,1446.8,7
1343928590,,,residential,0,0,,72.8273003,18.9496405,72.8274588,18.9489399,28.97700183499854,,168.1,7
573825535,,,residential,0,0,,72.8284755,18.9512205,72.828459,18.9517105,16.190235945382064,,301.9,7
48894052,Jagruti Mataji Marg,,residential,0,0,,72.8280714,18.9501592,72.8280231,18.9511321,32.38796307769445,,194.0,7
1136963707,,,secondary,1,0,,72.8290966,18.9432554,72.8290661,18.9433401,4.3855370010959795,,1101.5,7
1136963700,,,secondary,1,0,,72.8291008,18.9435775,72.8293792,18.9439935,33.83493351540343,,40.2,7
47570512,Navjeevan Wadi (3rd Dhobitalao Lane),,residential,0,0,,72.8282611,18.944659,72.8274835,18.9443645,87.00403782776456,,334.0,7
97368306,,,residential,0,0,,72.8278514,18.9437053,72.8283155,18.9430707,55.652174099772566,,171.1,7
438742487,,,residential,0,0,,72.8265106,18.9445794,72.8266865,18.9440921,25.269144085673602,,244.3,7
1178023296,Maharshi Karve Road,,secondary,1,0,,72.8274513,18.9359595,72.8280249,18.9332178,110.31670285328748,,1069.8,7
1157872989,Maharshi Karve Road,,secondary,1,0,,72.8280407,18.9329937,72.827991,18.9328702,6.854142119460513,,334.9,7
236178313,Veer Nariman Road,,secondary,1,0,,72.8270764,18.9330834,72.8242466,18.9334773,314.9250819482973,,114.0,7
1123867124,,,tertiary,1,0,,72.8232336,18.9314631,72.8228492,18.9313078,43.04649139087065,,605.0,7
1241557705,Dinshaw Wachha Road,,tertiary,0,0,,72.8232336,18.9314631,72.8228391,18.9316202,44.16871635350718,,0.0,7
1241557704,Marine Drive,,primary,1,0,,72.8228492,18.9313078,72.8223783,18.9303526,61.038551968129674,,45.4,7
22845929,Jeevan Bima Road,,tertiary,1,0,,72.8230904,18.9289139,72.8247306,18.9291381,182.5304462387852,,357.8,7
625655200,Jamshedji Tata Road,,tertiary,1,0,,72.8249626,18.9289988,72.8247573,18.9289546,22.874405636556652,,236.3,7
1178042447,Madame Cama Road,,primary,1,0,,72.8269694,18.9267074,72.8270885,18.926648,13.386133500335124,,370.0,7
1190362240,Jagannath Bhosle Road,,secondary,0,0,,72.8270585,18.9264383,72.8271623,18.9266152,12.920876919370224,,22.7,7
1308550066,Free Press Journal Road,,tertiary,1,0,,72.8269144,18.9265124,72.8258468,18.9256343,122.16235571435614,,17.4,7
1136697414,Madame Cama Road,,primary,1,0,,72.8259816,18.9271457,72.8230443,18.9288448,331.3436682966901,,121.6,7
1153960184,Barrister Rajni Patel Marg,,tertiary,1,0,,72.8217115,18.927643,72.8217046,18.9275545,3.005991526729141,,718.8,7
1153960183,Barrister Rajni Patel Marg,,tertiary,1,0,,72.8216338,18.9276036,72.8212423,18.9285982,54.42473869527746,,9.3,7
1136641412,Jamnalal Bajaj Road,,tertiary,0,0,,72.8230843,18.9260361,72.8229732,18.9259012,13.124003853437765,,246.8,7
1305182703,Free Press Journal Road,,tertiary,1,0,,72.8257724,18.925732,72.8258468,18.9256343,8.873051056611569,,300.2,7
1305182704,Free Press Journal Road,,tertiary,1,0,,72.8252426,18.9253926,72.8253213,18.9255428,10.045027918084505,,119.1,7
42347930,Barrister Rajni Patel Marg,,tertiary,1,0,,72.8252426,18.9253926,72.8230785,18.9258342,241.07344076233264,,0.0,7
1171523538,Maharshi Karve Road,,secondary,1,0,,72.828042,18.9265476,72.8280848,18.9275283,32.54544659796829,,353.3,7
40306688,Roychand Avenue,,secondary,1,0,,72.8292197,18.9263055,72.82972,18.926971,59.766549123388586,,127.0,7
647578138,Karmaveer Bhaurao Patil Road,,secondary,1,0,,72.82972,18.926971,72.829771,18.9258869,36.03577304881594,,100.9,7
1239646044,Esplanade Avenue,,primary,1,0,,72.8319897,18.9255071,72.831713,18.9258063,32.296867016562715,,343.3,8
1235236195,Wellington Circus,,primary,1,0,,72.8321984,18.925623,72.8324314,18.9255752,25.95587481594254,,25.8,8
22846047,Wellington Circus,,primary,1,0,,72.8325481,18.9252387,72.832318,18.9250427,26.38225985352878,,67.7,8
1235213735,Wellington Circus,,primary,1,0,,72.8321264,18.9250614,72.8319444,18.9253612,22.50290668379864,,54.2,8
22845713,Mahakavi Bhushan Road (Lansdowne Road),,tertiary,1,0,,72.8320587,18.9242645,72.8330804,18.9230594,120.296042059322,,275.1,8
22845809,Nowroji Ferdonji Street,,residential,1,0,,72.8328032,18.9224596,72.8316026,18.9229194,134.35090778960702,,243.9,8
1335024160,,,residential,0,0,,72.8309032,18.9213384,72.830834,18.9213737,7.781439059024033,,326.6,8
22846183,Henry Road,,residential,1,0,,72.8306402,18.9208963,72.8318368,18.9203617,134.2079294339328,,56.2,8
1171525534,Apollo Bandar Road/P J Ramchandani Marg (Strand,,secondary,0,0,,72.8290725,18.9189023,72.8292354,18.9188736,18.138138629724153,,277.1,8
22846295,Bhaskar Rao Kargutkar Marg,,residential,1,0,,72.8294801,18.918397,72.8315273,18.9179309,228.15181751793122,,106.9,8
1192339180,,,residential,0,0,,72.8287464,18.9179341,72.8291055,18.9178403,40.048650311847865,,135.0,8
1175247829,,,residential,0,0,,72.8293525,18.9162743,72.8296598,18.9160575,34.90345760308879,,375.6,8
22846306,Lala Ningam Road,,residential,1,0,,72.82921,18.9167028,72.8280202,18.9179766,138.75099859922344,,63.7,8
49145987,,,residential,0,0,,72.828113,18.9163021,72.8280004,18.9161904,13.04650150659283,,173.1,8
49145990,Manekji Street,,residential,0,0,,72.828113,18.9163021,72.8284824,18.9165904,42.151706683417814,,0.0,8
1175251203,,,residential,0,0,,72.8273056,18.9162922,72.8274538,18.9164434,17.210500179957204,,243.0,8
22846480,First Pasta Lane,,residential,1,0,,72.8274672,18.9193,72.8285473,18.9184505,123.29708938543669,,458.1,8
927105303,S Bharucha Marg,,residential,1,0,,72.8277419,18.9198207,72.8274672,18.9193,35.003396142108514,,396.6,8
22846583,Lala Ningam Road,,residential,0,0,,72.8304961,18.9152808,72.8290303,18.9168552,170.98697387473828,,841.5,8
438385023,,,residential,0,0,,72.8275692,18.9138299,72.828134,18.9123516,79.36975385801625,,1007.9,8
22846451,Harbour Heights service road,,residential,0,0,,72.8262457,18.9137301,72.8265573,18.9147239,47.59349841496997,,299.4,8
1335342332,,,residential,1,0,,72.8233653,18.912773,72.8231394,18.9125965,25.7789377905536,,733.0,8
214699952,,,residential,0,0,,72.8234029,18.9127365,72.8233653,18.912773,4.349341284039981,,5.6,8
1335342333,,,residential,1,0,,72.8231394,18.9125965,72.8226376,18.9128899,56.62336192615637,,36.4,8
151493856,,,residential,0,0,,72.8234243,18.9121711,72.8231394,18.9125965,34.6226563174254,,55.9,8
1192565047,,,residential,0,0,,72.8214285,18.9117657,72.8215259,18.9117128,10.9688425491456,,295.9,8
1237753228,Wodehouse Road,,secondary,1,0,,72.8208639,18.9111765,72.8211857,18.9119707,44.280117025885815,,88.3,8
112509703,Windy Hall Lane,,residential,0,0,,72.8201442,18.9103889,72.8188695,18.9110601,143.4443640131081,,115.7,8
438385019,,,residential,0,0,,72.8201442,18.9103889,72.8209523,18.9098117,91.83453756985638,,0.0,8
38756487,Nanabhai Moos Marg (Upper Colaba Road),,secondary,0,0,,72.8163986,18.9060052,72.81863125000001,18.90859085,500.0,1.0,633.3,8
1235466426,Bakery Lane,,secondary,1,0,,72.8147079,18.9066022,72.814658,18.906705,6.49569395761325,,206.0,8
431494581,Bakery Lane,,secondary,1,0,,72.814658,18.906705,72.8147917,18.906658,14.946737302086524,,14.6,8
1235466427,Bakery Lane,,secondary,1,0,,72.8147917,18.906658,72.8147079,18.9066022,9.496759009280106,,21.0,8
214699887,,,residential,0,0,,72.8116026,18.9065607,72.8097112,18.9067701,210.4266258298012,,395.7,8
449436454,Navy Nagar Road,,residential,0,0,,72.8098097,18.9072158,72.8101613,18.9008099,214.1149319619354,,252.6,8
431494613,,,residential,1,0,,72.8087078,18.9073597,72.8090436,18.9073167,37.36598934062034,,117.2,8
38751116,,,residential,0,0,,72.8082728,18.9074112,72.8078569,18.904673,101.18147981045749,,46.2,8
1081128788,,,residential,0,0,,72.8067951,18.9068828,72.8068308,18.9071703,10.249657003247412,,198.5,8
1081128785,,,residential,0,0,,72.8067671,18.9066636,72.8073678,18.9067198,66.82032926944615,,24.4,8
423753813,,,residential,0,0,,72.8067459,18.9064982,72.8075284,18.9072595,90.53654715887767,,18.5,8
1050345076,,,residential,0,0,,72.8058306,18.9048917,72.8093081,18.9048245,500.0,1.0,256.5,8
214699935,,,residential,0,0,,72.8063561,18.9035555,72.8081874,18.9038354,203.83897559028648,,201.0,8
214699956,Robert Road,,residential,0,0,,72.80899339999999,18.902583,72.8115924,18.9003342,500.0,2.0,396.4,8
52736476,,,residential,0,0,,72.8096015,18.903029,72.8058306,18.9048917,423.75072755243235,,121.3,8
112478689,,,residential,0,0,,72.8093867,18.9054081,72.8113503,18.9054372,218.34445209155672,,264.6,8
1191847023,,,residential,0,0,,72.8090921,18.9090598,72.8084069,18.909625,78.42241044960119,,500.2,8
214699842,,,residential,0,0,,72.8108614,18.9113162,72.808124,18.9128697,308.63684074088013,,496.5,8
214699972,,,residential,0,0,,72.8111596,18.9115365,72.8078979,18.9135286,368.5458403869445,,113.4,8
1050345072,,,residential,0,0,,72.8086722,18.9137854,72.81106940000001,18.9118469,500.0,1.0,423.5,8
214699805,,,residential,0,0,,72.8133934,18.9089902,72.8142024,18.9083523,92.36596184789525,,791.0,8
423753805,,,residential,0,0,,72.8138396,18.9092243,72.8141043,18.9090648,29.89617089945092,,57.1,8
1191346572,,,residential,0,0,,72.8172147,18.9035929,72.8173419,18.904,19.46502754043421,,1070.3,9
423753821,,,residential,0,0,,72.8142046,18.9005317,72.8152191,18.9022389,125.98163119096871,,576.9,9
38751091,Nanabhai Moos Marg,,residential,0,0,,72.8136285,18.8997422,72.811025,18.89722105,500.0,1.0,106.4,9
38751075,,,residential,0,0,,72.8116067,18.9002697,72.8116067,18.9002697,0.0,,229.1,9
1191337621,,,residential,0,0,,72.8113898,18.9004212,72.8105319,18.8993281,101.93284552600257,,30.7,9
214699931,,,residential,0,0,,72.8098802,18.8973967,72.809295,18.8981303,69.39377894610764,,447.0,9
38751111,Mosque Lane,,residential,0,0,,72.80829335,18.8979451,72.8114904,18.896448,500.0,2.0,210.5,9
1081125423,,,residential,0,0,,72.8119472,18.8977296,72.811961,18.89779,2.5087139778414334,,479.6,9
214699857,,,residential,0,0,,72.8134199,18.8973056,72.8138909,18.8979039,55.94047080523248,,176.1,9
423753798,,,residential,0,0,,72.8131878,18.8978471,72.8129181,18.8975012,32.07062968514216,,91.5,9
112509706,,,residential,0,0,,72.8173384,18.9119486,72.8162884,18.9119324,116.75588579469814,,1984.9,9
112478628,,,residential,0,0,,72.816772,18.9117828,72.8170127,18.9124222,34.02238635469752,,82.1,9
214699853,,,residential,0,0,,72.8195784,18.9118405,72.8201417,18.9114252,64.1041236857968,,631.2,9
1341993707,Captain Prakash Pethe Marg,,secondary,1,0,,72.8217366,18.9143089,72.8216748,18.9142414,7.220549117564228,,557.6,9
40297053,Fazal Road,,residential,1,0,20.0,72.8229093,18.9157811,72.8239408,18.9149978,117.54635467000934,,238.2,9
207416559,Wodehouse Road,,tertiary,0,0,,72.8245771,18.915798,72.8254924,18.9189054,144.11387187083528,,250.7,9
22846416,,,residential,0,0,,72.8237085,18.912406,72.8238939,18.9125696,21.304001197012788,,538.6,9
22846297,Dumayne Marg,,residential,0,0,,72.8258924,18.9104122,72.8231405,18.9133676,321.01662977108737,,345.0,9
214699848,,,residential,0,0,,72.819072,18.9163268,72.8190912,18.9163477,2.2425950334529885,,1895.9,9
401721128,,,residential,0,0,,72.8189132,18.9148253,72.8191245,18.9146704,24.040051696378075,,860.6,9
40290849,TL Wasvani Road,,residential,1,0,,72.8166,18.916591,72.8174238,18.9159782,93.78819125239042,,477.9,9
431494584,Captain Prakash Pethe Marg,,secondary,1,0,,72.8263833,18.9210264,72.82405994999999,18.91766765,500.0,1.0,1605.4,9
1359792742,,,residential,0,0,,72.8270001,18.9257049,72.8269062,18.9257036,10.441290845792494,,558.6,9
1171523537,Road No 3,,secondary,0,0,,72.8281185,18.9285018,72.8281827,18.9284987,7.139439673871463,,426.0,9
214699942,,,residential,0,0,,72.8277408,18.9297226,72.8276833,18.9285221,39.92748729433572,,170.2,9
22845838,JTS Malani Marg,,residential,0,0,,72.8273919,18.9321698,72.8273817,18.9319327,7.866296518469511,,299.8,9
1189136095,,,residential,0,0,,72.8244896,18.9304107,72.8247467,18.9308999,32.79194337860473,,445.2,9
1189136092,,,residential,0,0,,72.823912,18.9306994,72.8244896,18.9304107,64.9220390607753,,71.9,9
703779299,,,secondary,1,0,,72.8280194,18.9323391,72.8277899,18.9326024,26.943463816139385,,817.7,9
214780255,,,residential,0,0,,72.8291939,18.9363103,72.8286718,18.9362795,58.06367515880306,,866.6,9
1235213734,Roychand Avenue,,primary,1,0,,72.8300416,18.9327529,72.830318,18.9344942,64.89767409076264,,562.7,10
431494600,Veer Nariman Road,,secondary,1,0,,72.8312461,18.9325485,72.8300149,18.93263,136.92932883180254,,130.0,10
1136669842,,,secondary,1,0,,72.8312003,18.9329497,72.8308331,18.9351518,83.01634866200601,,45.6,10
1136893145,,,secondary,1,0,,72.8312141,18.9336508,72.8313453,18.9330252,25.189015072460116,,478.1,10
1240760843,Veer Nariman Road,,secondary,1,0,,72.8300149,18.93263,72.8294349,18.9326993,64.53316514517637,,258.0,10
1178023728,Veer Nariman Road,,secondary,1,0,,72.8285775,18.9327901,72.827991,18.9328702,65.26881710911726,,152.4,10
1136622918,"Marine Drive, mumbai",,primary,1,0,,72.8241672,18.9374976,72.82029726666667,18.9435445,500.0,1.0,975.9,10
1136629033,Marine Drive,,primary,1,0,,72.8243031,18.9374317,72.824304,18.936957,15.587653528869204,,1174.0,10
1308550070,Marine Drive,,primary,1,0,,72.8242597,18.9365577,72.8241228,18.9352677,45.01118114832569,,97.0,10
1081145883,Scarsdale Street,,residential,0,0,,72.8254727,18.9368121,72.8256905,18.9367876,24.231611194380502,,566.1,10
22845977,Roychand Avenue,,secondary,1,0,,72.830318,18.9344942,72.8305339,18.9363866,66.59537007637509,,1360.9,10
151496523,Oxford Road,,primary,1,0,,72.8306082,18.9350945,72.8307415,18.9352869,16.11162505264186,,73.2,10
151500970,,,secondary,1,0,,72.8300837,18.9388769,72.8290966,18.9432554,180.84734231352402,,432.5,10
1308981121,Marine Lines Flyover,,secondary,1,0,,72.8244163,18.9444153,72.8234548,18.9438562,108.4787665109066,,1155.7,10
42309177,Westfield Estate,,residential,0,0,,72.8060346,18.9709234,72.8052091,18.971088,91.95073247960195,,4787.8,10
932246779,,,residential,0,0,,72.8078708,18.9772874,72.8081796,18.9772297,34.38932105359545,,1528.8,10
438404687,,,residential,0,0,,72.8078149,18.9772936,72.8081123,18.9764396,43.37503918554267,,5.9,10
622546285,Silver Oaks Estate,,residential,1,0,,72.8061944,18.9743889,72.8061164,18.9744195,8.731330910136098,,623.5,10
22852291,MLD Road,,residential,0,0,,72.8103153,18.9752537,72.8108226,18.9753853,56.57471513221632,,950.2,10
935249341,M L Dhanukar Marg,,tertiary,0,0,,72.8111386,18.974298,72.8109917,18.9706395,121.3255650640871,,180.3,10
746475310,,,residential,0,0,,72.8109917,18.9706395,72.8099211,18.9707278,119.08064736242119,,412.4,10
935249717,M L Dhanukar Marg,,tertiary,0,0,,72.8109917,18.9706395,72.8108857,18.9683844,75.03624306058188,,0.0,10
746475311,Kemps Corner Flyover,,primary,1,1,,72.8075374,18.964665,72.8078077,18.9632803,54.539975694111185,,872.5,10
48051365,,,residential,0,0,,72.8075339,18.9667244,72.8062087,18.9674837,149.4540150540401,,1302.6,11
214780307,sophia college road,,residential,0,0,30.0,72.808712,18.9687938,72.8065852,18.9688492,236.49637958451098,,260.6,11
792167902,,,residential,0,0,,72.8116903,18.9618013,72.8112574,18.9619941,48.55140693971109,,1618.9,11
215057877,,,residential,0,0,,72.8206449,18.9733542,72.8201816,18.972347,61.22285711096927,,2118.6,11
22852144,M U Rajab Road,,residential,0,0,,72.8280281,18.9705033,72.8255036,18.9708083,280.89014055736055,,1057.5,11
1328747679,,,residential,0,0,,72.8300545,18.9700393,72.8297777,18.9702341,31.435981238696794,,1038.9,11
700026924,,,residential,0,0,,72.8331403,18.9701756,72.8327074,18.9695854,51.887543635374804,,620.6,11
48891223,S B Dhody Marg (Nesbit Road),,secondary,1,0,,72.8327945,18.9681388,72.8329819,18.9683503,21.96368596757853,,267.2,11
438511411,,,residential,0,0,,72.831415,18.9699656,72.8324858,18.9699661,119.06752858125257,,351.1,11
40665618,S B Dhody Marg (Nesbit Road),,secondary,0,0,,72.8354418,18.9698744,72.8381522,18.9688117,303.3932978573503,,1007.9,11
1303204528,,,residential,0,0,,72.8372216,18.9678138,72.8375902,18.9676394,41.383992671005984,,351.2,11
22850656,Saint Mary Road,,residential,0,0,,72.8394769,18.9667091,72.8375246,18.9687749,227.42076764873215,,344.4,11
697691601,,,residential,0,0,,72.8391631,18.965945,72.8390943,18.9656031,13.577677030714296,,90.8,11
22850833,Shivdas Champsi Marg (Mazagoan Road),,tertiary,0,0,,72.8390434,18.9656427,72.8405278,18.9685741,191.03161411336185,,35.8,11
438982340,,,residential,0,0,,72.8381948,18.966134,72.8390966,18.965792,100.90144197329779,,121.2,11
22850624,D Koyande Road,,residential,0,0,,72.8406374,18.9657155,72.8401733,18.9643009,69.40331359999952,,305.5,11
1328782158,,,residential,0,0,,72.8395609,18.9649104,72.8391978,18.9645765,41.83462018636524,,304.2,11
22850620,J Rathod Marg,,tertiary,0,0,,72.8440048,18.9635458,72.84141795,18.964255549999997,500.0,1.0,552.5,11
22850776,,,residential,0,0,,72.8443459,18.9646969,72.8445578,18.965469,34.59018204981321,,172.8,11
22850522,,,residential,0,0,,72.8443459,18.9646969,72.8453427,18.964774,110.86794494071086,,0.0,11
22850541,,,residential,0,0,,72.8453427,18.964774,72.8453031,18.9655412,25.544393410393237,,105.4,11
22850575,,,residential,0,0,,72.8452991,18.9645837,72.8453427,18.964774,7.903036402293307,,21.5,11
22850542,Nawab Tank Road,,residential,0,0,,72.8471768,18.966093,72.8459076,18.9659437,141.21351065292325,,341.2,11
22850557,MD Naik Marg,,tertiary,0,0,,72.8470937,18.9671524,72.8460429,18.9673524,117.02757713869549,,127.5,11
935644595,,,residential,0,0,,72.8467779,18.9667462,72.8460947,18.9666847,75.99514273610747,,57.1,11
1118891575,MD Naik Marg,,tertiary,0,0,,72.8460429,18.9673524,72.8458202,18.9673826,24.782909413377748,,170.0,11
1124360746,,,tertiary,1,0,,72.8459756,18.9697309,72.8458489,18.9713736,55.685801575547735,,284.2,11
22851446,1st Lane,,tertiary,0,0,,72.8482774,18.9723929,72.8464108,18.972357,207.55978889790148,,553.8,11
22851510,Signal Hill Avenue,,tertiary,0,0,,72.846312,18.9760861,72.8475324,18.9785633,158.16037279228885,,611.6,11
1305216324,,,tertiary,0,0,,72.8453015,18.9768468,72.8452149,18.9767898,9.809267576671358,,608.3,11
55788481,Masonet Road,,tertiary,1,1,,72.8449403,18.9778908,72.8448743,18.9762024,55.86027727579027,,305.0,11
1124359040,Masonet Road,,tertiary,1,1,,72.8447929,18.9761846,72.8449403,18.9778908,58.31089831011128,,198.0,11
40665615,Ramsheth Naik Road,,tertiary,0,0,,72.8431708,18.9716606,72.8452221,18.9720834,228.51531958260173,,717.5,11
438982338,,,residential,0,0,,72.8417481,18.9723361,72.838174,18.9683325,418.5642431966945,,167.5,12
792940510,,,residential,0,0,,72.8415093,18.9709653,72.8421342,18.9706379,70.31080937666204,,412.6,12
22850679,,,residential,0,0,,72.8424652,18.96974,72.8416518,18.9700334,90.95658844268408,,199.1,12
1330838351,,,residential,0,0,,72.8429592,18.9697968,72.8433252,18.9697561,40.71923369757201,,52.6,12
22850702,2nd GP Lane,,residential,0,0,,72.8419344,18.9682941,72.8424652,18.96974,75.71801727106417,,222.3,12
22850739,G Bawdi Road,,residential,0,0,,72.8433155,18.9684548,72.8422837,18.9691899,117.23739009976097,,148.7,12
22850704,,,residential,0,0,,72.8438111,18.9682207,72.8443189,18.9694828,70.01374560292702,,58.6,12
1235466420,M Pratap Chowk,,secondary,1,0,,72.8404167,18.968733,72.8404661,18.9688193,6.1797207915600945,,388.9,12
1338210405,,,residential,1,0,,72.8376211,18.9732123,72.8377026,18.9732058,9.06489576934518,,718.3,12
1189376187,,,residential,0,0,,72.8376211,18.9732123,72.8375812,18.9728631,12.286776600033559,,0.0,12
22851865,,,residential,0,0,,72.8341771,18.973768,72.8350011,18.9741982,92.70591412033087,,538.8,12
697713638,,,residential,0,0,,72.8337255,18.9716436,72.8333513,18.9726569,53.26586086066966,,310.5,12
22851900,,,residential,0,0,,72.8354888,18.9756761,72.8355926,18.9773229,55.259139983855086,,666.4,12
22852010,Rambhau Bhogle Marg,,tertiary,0,0,,72.8405145,18.9762255,72.8407765,18.9802645,135.66782899090376,,542.8,12
793871998,,,residential,0,0,,72.8411531,18.9784855,72.8415873,18.9786018,48.431340400930495,,301.4,12
22852000,Ghodapedo Cross Road,,residential,0,0,,72.8409439,18.97933,72.8433647,18.9798424,269.7049432945322,,96.2,12
22852001,,,residential,0,0,,72.8422658,18.9783093,72.8419347,18.97954,54.63764242936743,,247.6,12
1192009052,,,residential,0,0,,72.8409881,18.9814642,72.8417492,18.981547,84.67403592397748,,429.5,12
1052576356,Umesh Salunkhe Marg,,residential,0,0,10.0,72.8409174,18.9821163,72.8398193,18.9821263,122.10358966395833,,72.6,12
22851725,S N Reddy Road,,tertiary,0,0,,72.8409138,18.9832186,72.8425362,18.983217,180.40265662352584,,123.0,12
1237780899,Rafi Ahmed Kidwai Marg,,primary,1,0,,72.8421058,18.9853224,72.8452782,18.9884298,367.1843147303844,,409.2,12
1237786881,Barrister Nath Pai Marg,,primary,1,0,,72.8421852,18.9853174,72.8443253,18.9758961,390.03516698518786,,8.3,12
1177882969,G D Ambedkar Marg (Parel Tank Road),,tertiary,1,0,,72.8413389,18.9880649,72.8448336,18.9943602,440.0503985918473,,324.3,12
55796949,Kala Chowky,,residential,0,0,,72.8422371,18.9887304,72.8445057,18.9927975,285.3597396435687,,136.4,12
55796937,Abhyudaya Nagar Road,,residential,0,0,,72.8414803,18.9906328,72.8440772,18.990525249999997,500.0,1.0,427.3,12
699375181,,,residential,0,0,,72.8389142,18.9899544,72.8389963,18.990751,27.684165147884865,,377.6,12
1188583955,Dinshaw Petit Road,,residential,0,0,,72.8382584,18.9910491,72.8378305,18.9913711,48.739162621167274,,168.3,12
1337676787,,,residential,1,0,,72.8345747,18.9905147,72.8345051,18.9905168,7.739473732502687,,481.8,12
1177888843,,,residential,0,0,,72.8339043,18.987713,72.8339253,18.9882646,18.252586904986085,,436.7,12
1134439972,,,residential,0,0,,72.8353975,18.989052,72.8349122,18.9891286,54.021413222005094,,312.1,12
1121215136,Sane Guruji Marg (Arthur Road),,secondary,1,0,,72.8318878,18.9867214,72.82948575,18.98400205,500.0,1.0,577.8,12
1138702021,N M Joshi Marg,,secondary,1,0,,72.83177115000001,18.9874008,72.83208620000002,18.9796551,500.0,2.0,173.5,12
22852310,,,residential,0,0,,72.8315978,18.9890414,72.829475,18.9885667,236.5583279669206,,406.4,12
22852204,,,residential,0,0,,72.8315982,18.9919978,72.8293409,18.9924035,251.35333099775502,,341.5,12
661939860,N M Joshi Flyover,,secondary,1,0,,72.8313294,18.9951414,72.8313196,18.9953623,7.332065266362608,,361.3,12
661939863,N M Joshi Flyover,,secondary,1,1,,72.8313196,18.9953623,72.8312012,18.9980098,87.89126332603516,,24.5,12
1285598576,N M Joshi Flyover,,secondary,1,1,,72.8299312,18.9981325,72.8309869,18.998078,117.40211467333063,,598.8,12
1355351255,,,residential,0,0,,72.8309863,19.000864,72.8310756,19.000867,9.930195197288253,,450.9,12
1343339224,,,residential,0,0,,72.8309999,19.0001189,72.8306106,19.0002877,43.64133863859315,,82.5,12
22848653,Balshet Madurkar Marg,,secondary,0,0,,72.8309043,19.0050359,72.8310695,19.0049626,18.526297012478327,,549.4,12
1138591718,Senapati Bapat Marg,,primary,1,0,,72.8309043,19.0050359,72.8328383,19.0088432,248.72246552932478,,0.0,12
749319461,N M Joshi Marg,,secondary,1,0,,72.8309043,19.0050359,72.8308903,19.006215,38.7340133942129,,0.0,12
22848487,S L Matkar Road,,residential,1,0,,72.8310266,19.0087285,72.8322493,19.0087398,135.95854271038786,,425.4,12
1249019945,Senapati Bapat Marg,,primary,1,0,,72.8328383,19.0088432,72.8332775,19.0093083,51.16679424393634,,192.1,12
1152825626,Acharya Donde Marg,,secondary,1,0,,72.8334559,19.0091918,72.834169,19.0088321,80.16701359061891,,92.2,12
740101146,,,residential,0,0,,72.8356862,19.0077292,72.8340615,19.008827,184.21544945273422,,307.2,13
22848538,,,residential,0,0,,72.8342351,19.0118209,72.8374855,19.0146763,373.3761328168858,,695.4,13
1186979515,Kakasaheb Gadgil Marg,,residential,1,0,,72.8335161,19.012598,72.8332855,19.0127233,25.969208033663715,,114.6,13
795291652,,,residential,0,0,,72.8331219,19.0126614,72.8314305,19.0124193,188.24288217595543,,474.0,13
788462746,,,secondary,1,0,,72.834188,19.013708,72.8338006,19.0134068,44.19650105220764,,171.2,13
1303251720,,,residential,0,0,,72.8327475,19.0144466,72.8328145,19.014485,7.555909293852798,,237.9,13
1139174932,Gokhale Road,,primary,1,0,,72.8348172,19.0159336,72.8346983,19.0156328,16.499674226473534,,393.1,13
1139181463,Baburao Parulekar Marg,,residential,0,0,,72.8376364,19.0157576,72.8374599,19.0159285,20.411277386444933,,484.5,13
1186979520,Prof V.S. Agashe Marg,,tertiary,0,0,,72.8380555,19.0170238,72.8355669,19.0177596,277.77097044938455,,163.0,13
685915751,,,residential,0,0,,72.8384276,19.0175301,72.8392696,19.0175506,93.62854406435115,,68.3,13
1139122583,Bhawani Shankar Marg,,secondary,1,0,,72.840099,19.0186582,72.840356,19.0188756,29.453662011977627,,216.8,13
1237287420,,,primary,1,0,,72.8402666,19.0195413,72.8403891,19.0196041,13.776304489614745,,117.9,13
1139113102,N C Kelkar Marg,,primary,1,0,,72.8410359,19.0203078,72.8411019,19.0203926,7.84842344459438,,120.7,13
22848466,Dr D'Silva Marg,,residential,0,0,,72.8406901,19.0197571,72.8422564,19.0187783,177.0996702204432,,101.4,13
1236044662,,,primary,1,0,,72.840456,19.0194865,72.8404158,19.0194359,4.768313307470805,,38.7,13
215382414,Dr Ratnakar Bhaindarkar Rd,,residential,0,0,,72.8377474,19.0199225,72.8399376,19.0185434,247.7067121446565,,315.7,13
1188060349,"K,W, Chitale Marg",,residential,0,0,,72.8370797,19.0182782,72.8365307,19.0190864,66.55747717521993,,264.6,13
1303259754,,,residential,0,0,,72.8363124,19.0175376,72.8363258,19.0175761,1.9534971377261316,,159.3,13
1190306685,,,residential,0,0,,72.8363572,19.0178101,72.836279,19.0176236,10.633089190240478,,36.8,13
22848484,Prof V.S. Agashe Marg,,secondary,0,0,,72.8399825,19.0160266,72.8380555,19.0170238,216.75599393495483,,461.0,13
151748089,Kavi Keshavsut Flyover,,primary,0,1,,72.8410757,19.0172673,72.84315,19.0201077,248.760095605937,,195.0,13
1309812451,Kavi Keshavsut Flyover,,primary,1,0,,72.8410757,19.0172673,72.8410193,19.017158,7.224050904420696,,0.0,13
788447286,,,residential,0,0,,72.8429764,19.0214621,72.8436731,19.0211173,78.29070669457658,,592.3,13
965699957,Senapati Bapat Marg,,secondary,1,0,,72.84560635,19.0277797,72.8433751,19.0204086,500.0,2.0,931.6,13
113792221,Takandas H. Kataria Marg,,secondary,1,0,,72.8486644,19.0309092,72.85119510000001,19.0344441,500.0,1.0,842.8,13
787351818,,,residential,0,0,,72.8529756,19.0361506,72.8516373,19.0369396,151.04354323735308,,948.1,13
22849193,Sulochana Shetty Marg,,secondary,1,0,,72.8537802,19.0380397,72.8562816,19.0368106,281.0457594702896,,243.5,13
788504973,Sulochana Shetty Marg,,secondary,1,0,,72.8566815,19.0365715,72.8578253,19.0360415,128.3655201911391,,346.7,13
22847355,Road No 32A,,residential,1,0,,72.8607162,19.0343746,72.8600111,19.0346035,78.76153208528062,,763.9,13
1190750993,,,residential,0,0,,72.8612085,19.0329782,72.8612896,19.0328404,10.085205472986765,,405.4,13
691955766,,,residential,0,0,,72.8612896,19.0328404,72.8611199,19.0313139,53.46087879765409,,17.5,13
936647857,,,residential,0,0,,72.8616612,19.0316496,72.8610528,19.0314826,67.87194937233856,,264.4,13
1076746135,,,residential,0,0,,72.8631768,19.0322097,72.8633172,19.0317132,22.54667458549109,,209.6,13
1175518651,,,residential,0,0,,72.8619126,19.03344,72.8626089,19.0329906,78.81280917617116,,209.9,13
686130003,,,primary,1,0,,72.8581734,19.0290722,72.8603571,19.0189834,410.2093450666801,,665.1,13
1235569522,Nathalal Parekh Road,,tertiary,1,0,,72.8571466,19.0246664,72.8567343,19.0213629,117.5804665416664,,875.1,13
1248814261,Nathalal Parekh Road,,tertiary,1,0,,72.8570158,19.0256215,72.8571466,19.0246664,34.517577347236035,,133.0,13
42879186,Nathalal M Parekh Marg,,residential,1,0,,72.8558476,19.0264845,72.856934,19.0256627,123.76875626265765,,451.9,13
788489619,Bhandarkar Road,,tertiary,1,0,,72.854823,19.0270457,72.8516583,19.0281007,353.59408121607396,,172.3,13
22848963,Telang Cross Road no.3,,residential,0,0,,72.8549692,19.0272725,72.8534401,19.0290283,179.5057536346564,,29.7,13
1303061673,Shradhanand Road,,residential,0,0,,72.8549028,19.0292643,72.8561161,19.0295047,135.14273094770485,,240.7,13
22848924,Road No 3,,residential,0,0,,72.854608,19.0308437,72.8534967,19.0312497,124.28557700347329,,177.6,13
1213002838,,,residential,0,0,,72.8532082,19.0314205,72.8534967,19.0312497,32.5647160325894,,161.9,13
22848945,Road No 8,,residential,1,0,,72.8562524,19.0311098,72.854608,19.0308437,183.0568579403964,,444.8,14
1303207552,,,residential,0,0,,72.8566061,19.0301189,72.8566654,19.0304118,11.646542568192087,,143.9,14
1303208034,,,residential,0,0,,72.8568129,19.0300728,72.8568825,19.0303442,11.790764423464847,,22.4,14
1139116529,Shradhanand Road,,residential,0,0,,72.8572359,19.029275,72.8561161,19.0295047,124.74347649061308,,263.0,14
1175024940,K A Subramanyam Marg,,residential,1,0,,72.8573228,19.0305698,72.8575392,19.0302593,26.12604451247261,,696.9,14
1139171829,Chandavarkar Marg,,residential,0,0,,72.8525219,19.0269659,72.8515292,19.0278697,114.29103380873299,,852.5,14
1303395601,,,residential,1,0,,72.8523818,19.026315,72.8519031,19.0259141,54.82768193732466,,100.4,14
22848889,Matunga Station Road,,residential,0,0,,72.8516943,19.026087,72.8509067,19.0267867,90.53185445787732,,105.0,14
22848918,U Bhat Marg,,residential,0,0,,72.8515848,19.0244706,72.8507918,19.0251382,90.85359716796299,,253.2,14
788489614,,,tertiary,1,0,,72.8497808,19.0226332,72.8500245,19.0229302,28.794896639417065,,300.5,14
788489612,Lady Jehangir Road,,tertiary,1,0,,72.8495287,19.0232688,72.8498021,19.0231912,30.506987645530238,,122.5,14
236595641,Lakhamsi Nappu Road,,tertiary,0,0,,72.84715475,19.0213719,72.8500764,19.0249947,500.0,2.0,328.3,14
150409377,Sir Bhalchandra Road,,tertiary,0,0,,72.8486022,19.0207641,72.8469099,19.0184448,202.96409412914397,,250.8,14
1139105218,Tilak Road,,primary,1,0,,72.8468531,19.0183887,72.8455885,19.0192229,143.253733168529,,321.1,14
151748416,Tilak Bridge,,primary,1,1,,72.8455885,19.0192229,72.844289,19.020062,147.09523014804992,,162.0,14
1333709271,Tilak Bridge,,primary,1,1,,72.8440393,19.0202232,72.8438129,19.0203694,25.627177240108463,,197.2,14
206352343,Tilak Road,,primary,1,0,,72.8456217,19.0192683,72.8469099,19.0184448,145.76505846648286,,203.7,14
22848583,Tilak Road,,primary,1,0,,72.8474218,19.0179501,72.8468531,19.0183887,64.85170283370906,,490.8,14
22848357,Swami Gyan Jiwandas Marg,,tertiary,0,0,,72.8465268,19.0163808,72.8445921,19.0173162,217.3052147715283,,388.9,14
691638019,,,residential,1,0,,72.8446926,19.017284,72.8452832,19.0182628,73.09819582345006,,217.6,14
739718529,,,residential,0,0,,72.8441076,19.0158662,72.8447792,19.0163482,76.33351747339348,,318.7,14
22848536,G Maharaj Marg,,residential,0,0,,72.8424749,19.013576,72.8410318,19.0135653,160.46578252901725,,531.1,14
795684613,,,residential,0,0,,72.8423479,19.0130223,72.8416668,19.013308,76.31253189094227,,62.8,14
22848492,S M Jadhav Road (Road No 2),,residential,0,0,,72.8428243,19.0087076,72.8450145,19.0119917,266.2976489138539,,591.2,14
22848805,Govindji Keni Road,,residential,0,0,,72.8443818,19.0079282,72.8436319,19.008552,85.85860125373412,,217.0,14
1124390328,,,secondary,0,0,,72.8461926,19.0059077,72.8462606,19.0058445,7.840189262353891,,315.8,14
691949702,,,residential,0,0,,72.8474209,19.0067338,72.8484712,19.0072843,118.1749783549075,,184.4,14
691949701,,,residential,0,0,,72.8481826,19.0073576,72.8478903,19.0074261,32.57980530195546,,151.1,14
22848175,P Pednekar Marg,,residential,0,0,,72.8468368,19.0090654,72.8476131,19.0107918,103.23036107098741,,403.9,14
22848191,Road No 5,,residential,0,0,,72.8480656,19.0122976,72.8465036,19.0128177,174.52190847683272,,511.5,14
1235569537,G.D. Ambedkar Marg,,secondary,1,0,,72.8492391,19.0126612,72.8513729,19.0154695,254.50818067193094,,392.2,14
22848172,Balaram Khedekar Marg,,residential,0,0,,72.8498799,19.0123975,72.8534426,19.0163637,416.949479328537,,73.5,14
150457720,Tilak Road,,primary,0,0,,72.851424,19.0155149,72.8487738,19.0171976,299.80917168671965,,466.3,14
1239122770,Tilak Road Extension,,primary,0,0,,72.8514662,19.0154733,72.851424,19.0155149,4.886620519496695,,6.4,14
22848161,Parsi Colony Road No 4,,residential,0,0,,72.850998,19.0157736,72.8522919,19.0176054,155.9064597445067,,59.6,14
22848286,Dr Ghanti Road,,residential,0,0,,72.8513219,19.0162331,72.8492572,19.0175248,233.4579224269228,,61.2,14
1178251848,Balaram Khedekar Marg,,residential,0,0,,72.8534426,19.0163637,72.8559021,19.0178551,277.81915155448814,,395.0,14
1331556543,,,residential,0,0,,72.8565579,19.0182841,72.8566442,19.018349,9.829061969955427,,391.3,14
1239122772,,,primary,1,0,,72.8558944,19.0187604,72.8558451,19.0187406,5.520193244459275,,87.6,14
1235771386,,,primary,1,0,,72.8559198,19.018825,72.8558944,19.0187604,3.5299396509983305,,50.9,14
42877792,Parsi Colony Road No.14,,residential,0,0,,72.8547683,19.0185257,72.8539294,19.0180802,94.41764655332899,,161.1,14
42877738,Sohrab Palamkote Road,,residential,0,0,,72.854081,19.0191317,72.8537783,19.0174188,65.46633774079709,,106.5,14
939129821,Parsi Colony Road No 9,,residential,0,0,,72.8521372,19.0185405,72.8528352,19.0188515,78.28088154278888,,355.2,14
22848958,Bhagwandas Narottamdas Marg,,residential,0,0,,72.854503,19.023085,72.8530999,19.0243236,161.21447429630518,,675.8,14
1343699714,,,residential,0,0,,72.8527846,19.0237821,72.8526511,19.0236379,15.579087383127348,,284.9,14
1249080321,Nathalal Parekh Road,,tertiary,1,0,,72.8567343,19.0213629,72.8563519,19.0195821,72.21410543379162,,1232.2,14
1139162904,,,primary,1,0,,72.8588252,19.0169058,72.8587135,19.0168118,12.796804642704949,,675.1,15
1285069329,,,primary,1,0,,72.8550803,19.0132365,72.8546038,19.0120491,65.74420622901046,,569.3,15
22848379,Tilak Road Extension,,secondary,0,0,,72.8550803,19.0132365,72.8549632,19.0132926,13.150137482474314,,0.0,15
1238895022,,,tertiary,1,0,,72.8551842,19.0131868,72.8545247,19.0112603,96.7761751783374,,12.3,15
1285069330,Tilak Road Extension,,residential,0,0,,72.8551842,19.0131868,72.8550803,19.0132365,11.66744885342249,,0.0,15
115855213,Ganesh Mandir Marg,,residential,0,0,,72.854281,19.0136781,72.8561997,19.0147929,216.45646493020948,,109.6,15
1139181307,,,primary,1,0,,72.8544552,19.0112742,72.8540217,19.0048292,216.70055588350698,,325.3,15
1305685431,,,tertiary,1,0,,72.8545247,19.0112603,72.8543896,19.0099106,46.72432344852908,,7.5,15
788784531,,,tertiary,0,0,,72.8545247,19.0112603,72.8544552,19.0112742,7.741468129400443,,0.0,15
1189621371,,,residential,0,0,,72.8550701,19.0106609,72.8549,19.0112567,27.187606663093142,,119.2,15
1235766585,,,primary,1,0,,72.8540217,19.0048292,72.8538537,19.0005817,140.48580061437238,,841.9,15
1139181308,,,tertiary,1,0,,72.8541276,19.0048265,72.8538537,19.0005817,142.44339064749323,,11.2,15
788781168,,,tertiary,1,0,,72.8538765,19.0048338,72.854301,19.0113046,217.30736966711743,,26.4,15
48998506,,,residential,0,0,,72.8532066,19.0037899,72.8530457,19.0004742,110.16027428999345,,188.2,15
22847986,,,residential,1,0,,72.8522834,19.0004287,72.8522047,18.9981852,74.07048367816854,,465.1,15
1235766594,Rafi Ahmed Kidwai Marg,,primary,1,0,,72.8537178,19.0005127,72.8537219,19.0005832,2.355642018996614,,151.4,15
1222400938,,,residential,0,0,,72.8541559,18.999803,72.8545912,18.9996974,48.526774451854216,,175.0,15
1124360742,Messent Road,,tertiary,1,0,,72.855478,19.0007459,72.8562394,19.0062577,199.5179487225522,,217.8,15
1177861837,,,tertiary,1,0,,72.8576573,19.0015503,72.858128,19.0016221,52.39232405024765,,252.1,15
626249302,,,residential,0,0,,72.8600889,19.0009441,72.8598366,19.0010407,28.23251295777076,,432.7,15
42363614,,,residential,0,0,,72.8593171,18.9999894,72.8568623,18.9987833,275.8085367807537,,157.6,15
1285482172,Messent Road,,tertiary,1,0,,72.85830235,19.004630650000003,72.8557314,19.000717900000005,500.0,2.0,1000.5,15
1285512085,,,tertiary,1,0,,72.8608733,19.0085434,72.8607996,19.0086753,9.264995424916355,,0.0,15
1285482171,Mahul Road,,tertiary,1,0,,72.86530690000001,19.0099438,72.86935830000002,19.0109668,500.0,2.0,807.2,15
215382461,,,residential,0,0,,72.863894,19.0152196,72.8670248,19.0159819,349.02363309787216,,1237.0,15
133405003,LM Nadkarni Road,,tertiary,0,0,,72.8649281,19.0172598,72.8637529,19.015109,148.4638541599787,,254.2,15
215382424,RJ Gaikwad Marg,,residential,0,0,,72.8650815,19.0173565,72.8687598,19.0178862,409.3761858820842,,19.4,15
1309797412,Road No 16,,primary,1,0,,72.8637398,19.0183959,72.8635394,19.0184329,22.31641237860599,,218.4,15
1235771384,Sheikh Misari Road,,secondary,0,0,,72.8636587,19.0184091,72.863688,19.0184511,3.5366877281064375,,8.6,15
1235771385,Road No 16,,primary,1,0,,72.863688,19.0184511,72.8637398,19.0183959,6.037149195237079,,5.6,15
1178249522,,,residential,0,0,,72.8636284,19.0186494,72.8623179,19.0188122,145.81854413516555,,44.2,15
1105211167,,,residential,0,0,,72.8636932,19.0222672,72.862062,19.0225763,181.66368399236848,,554.8,15
133402377,,,residential,0,0,,72.866017,19.0223352,72.8636932,19.0222672,258.4043735986343,,251.4,15
152253294,Vidyalankar Marg,,residential,0,0,,72.8663948,19.0220517,72.8691513,19.0216396,306.8059080409531,,54.6,15
289412590,,,primary,0,0,,72.8673947,19.018159,72.8655363,19.0183676,206.75760272809106,,632.6,15
289412584,,,primary,1,0,,72.87080470000001,19.0187777,72.87421470000001,19.0193964,500.0,2.0,438.2,15
1200998235,Salt Pan Road,,residential,0,0,,72.8722608,19.0211904,72.8723708,19.0215343,16.626334451283668,,319.9,15
22847314,Salt Pan Road,,residential,0,0,,72.8712443,19.0255203,72.8684572,19.02584,310.08821247164815,,609.8,15
259332597,,,residential,0,0,,72.8701904,19.0257301,72.8710545,19.0307264,189.7548367748284,,114.1,15
789161118,,,residential,0,0,,72.8699419,19.0267965,72.8698182,19.0260363,28.444609893781525,,156.0,15
700253825,,,residential,0,0,,72.8693035,19.0278364,72.8694443,19.0289324,39.162502337298776,,176.9,15
788853041,,,residential,0,0,,72.8692529,19.02736,72.8693035,19.0278364,16.586857967138812,,53.0,15
1303402799,,,residential,0,0,,72.8701621,19.0276913,72.8702331,19.0281207,16.12777598277964,,144.8,15
1191779730,,,residential,0,0,,72.8680995,19.0286668,72.8681829,19.0291212,17.536498369639727,,295.8,15
1191779835,,,residential,0,0,,72.8682391,19.0294946,72.8681829,19.0291212,13.734632283492878,,92.8,15
700021664,,,residential,0,0,,72.8676384,19.0277242,72.8671888,19.0277941,50.04564410250365,,233.7,15
700021665,,,residential,0,0,,72.8671056,19.0273348,72.8674399,19.0265806,44.633244434449395,,99.7,15
215382524,,,residential,1,0,,72.8688777,19.0253207,72.8707325,19.024085,210.17770040220282,,372.1,15
1190752587,Raoji Ganatra Road,,tertiary,1,0,,72.8666811,19.029516,72.8632453,19.0294594,382.0480287916445,,684.6,16
215382440,,,residential,0,0,,72.8657088,19.030263,72.8664231,19.0302867,79.43033051889141,,179.5,16
1153960438,,,secondary,1,0,,72.8669697,19.0319747,72.8683147,19.0367069,215.393895880587,,302.5,16
1235569530,M Ambedkar Marg,,secondary,1,0,,72.8670411,19.032017,72.8668273,19.0295893,83.00191854225999,,8.8,16
1329316284,,,residential,0,0,,72.8661283,19.0328042,72.8664015,19.0328257,30.3866172874739,,220.6,16
788809140,,,residential,0,0,,72.8650326,19.0324063,72.8660227,19.0323072,110.1419532155181,,176.8,16
438540405,,,residential,0,0,,72.8627656,19.0313958,72.8631894,19.0313493,47.14903186763786,,536.7,16
788809149,Raoji Ganatra Road,,tertiary,1,0,,72.8632327,19.0295315,72.8667038,19.0296075,385.97674048890906,,257.0,16
215382476,,,residential,0,0,,72.8625239,19.0287027,72.8624292,19.0273593,45.2590606455828,,155.3,16
215382498,,,residential,0,0,,72.8611665,19.0289088,72.8613953,19.0270711,65.37090655688742,,301.0,16
1219453117,,,residential,0,0,,72.8626463,19.025442,72.8625525,19.0251632,13.864831136210716,,768.1,16
1200996958,,,residential,0,0,,72.8625525,19.0251632,72.8620251,19.0235953,77.96389410711639,,32.4,16
788833286,,,residential,0,0,,72.870115,19.0329943,72.8693839,19.0328165,81.50291061107313,,1522.2,16
1153960440,,,residential,0,0,,72.8678765,19.0360254,72.8678055,19.0360633,7.991848763810658,,872.5,16
788555962,,,residential,0,0,,72.8664109,19.037448,72.8670662,19.0382682,77.66164956539966,,315.4,16
1177226619,,,residential,0,0,,72.8658939,19.0372459,72.8659378,19.0372119,5.006914193364779,,79.4,16
22847651,R Jaimal Yagnik Road,,residential,1,0,,72.8655834,19.0368779,72.8635114,19.0341277,247.3871884917026,,52.3,16
1235771381,Flank Road,,tertiary,0,0,,72.865169,19.0374469,72.8670133,19.0396031,216.9001987911425,,147.7,16
1239339895,M Ambedkar Marg,,secondary,1,0,,72.8632268,19.037553,72.8636864,19.0375056,51.12877915422399,,220.0,16
788555968,Road No 29,,secondary,1,0,,72.8626929,19.0375688,72.8656856,19.040919,350.407130242557,,60.5,16
215382465,,,residential,0,0,,72.8623066,19.0363763,72.861658,19.0366434,72.65010867190948,,224.9,16
935663213,Road No 28B,,residential,0,0,,72.8623232,19.0389832,72.862845,19.0388524,58.17957587739276,,478.5,16
438539949,Road No 28B,,residential,0,0,,72.8629157,19.0392776,72.8639666,19.0390269,117.14307193334939,,106.6,16
102167960,Road No 28B,,residential,0,0,,72.8641604,19.0411426,72.8623232,19.0389832,216.19191523391243,,245.2,16
788531257,Road No 8,,tertiary,1,0,,72.8643402,19.0420702,72.8641383,19.0421849,22.762582343473373,,131.3,16
22847715,Road No 8,,tertiary,0,0,,72.8643402,19.0420702,72.8656856,19.040919,154.2822359410546,,0.0,16
1239339897,Sion Circle,,primary,1,0,,72.8641383,19.0421849,72.8637735,19.0420987,40.66210151425906,,24.8,16
1235473851,Sion Circle,,primary,1,0,,72.8638728,19.0429387,72.8642042,19.0427853,37.19113778643699,,180.7,16
1140776074,Sion Bandra Link Road,,primary,1,0,,72.8644135,19.0444178,72.8636984,19.0455683,87.99711088314874,,173.6,16
1140776075,Sion Panvel Highway,NH48,primary,1,0,,72.8644135,19.0444178,72.8644611,19.0445258,6.3666248601527595,,0.0,16
1145007664,,,residential,1,0,,72.8646392,19.04432,72.86476,19.0441955,14.03796196987003,,42.5,16
49681506,,,residential,1,0,,72.8623171,19.0439542,72.8633023,19.0433797,111.15464575928877,,618.5,16
553983445,Swami Vallabhdas Road,,secondary,1,0,,72.8636984,19.0455683,72.8637649,19.0456379,7.738080303084032,,230.5,16
741799680,Road No 1,,secondary,1,0,,72.8637649,19.0456379,72.8648592,19.0453352,122.08406264771374,,10.5,16
1140776077,Sion Panvel Highway,NH48,primary,1,0,,72.8653562,19.0460334,72.868514,19.0485528,360.69950886487345,,213.9,16
1171091145,Road No 1,,secondary,0,0,,72.8650804,19.045317,72.865155,19.0453029,8.30799288347934,,96.2,16
431512592,Road No 29,,residential,0,0,,72.8678433,19.0447596,72.8688584,19.0470585,135.6853665344034,,301.8,16
1207721238,,,secondary,0,0,,72.8677359,19.0446117,72.8656856,19.040919,258.08614576188336,,23.0,16
22847482,Road No 2,,residential,1,0,,72.8676762,19.0442683,72.8647894,19.0447017,321.3113336905303,,38.7,16
260760415,,,residential,0,0,,72.8671608,19.0397672,72.8666893,19.04015,53.90709903377404,,627.2,16
1187231265,,,residential,0,0,,72.8678609,19.0392861,72.86825,19.0397204,45.544564435934184,,91.1,16
686145312,,,residential,0,0,,72.8682434,19.0389777,72.8688785,19.0389984,70.62315256736987,,52.9,16
1203870186,,,residential,0,0,,72.8686141,19.0384055,72.8688385,19.0384966,25.129919486665937,,74.5,16
1211163130,,,residential,0,0,,72.8721535,19.03703,72.8721496,19.037116,2.849472913356956,,541.9,16
1211160581,,,residential,0,0,,72.8721455,19.0372057,72.8717941,19.040147,103.94476687142503,,19.5,16
1188073416,,,residential,0,0,,72.8713583,19.0379017,72.8737457,19.0379957,265.4846136748877,,159.8,16
215382534,,,residential,0,0,,72.8732014,19.0366317,72.8730573,19.039741,103.0690982528532,,332.3,16
289412567,,,secondary,1,0,,72.8743558,19.0367749,72.8752475,19.0367359,99.16073855196082,,137.3,16
1238078203,,,tertiary,1,0,,72.8742405,19.0344139,72.8743136,19.0366358,73.20545392580749,,269.7,16
663712846,,,residential,0,0,,72.8663985,19.0394893,72.8668239,19.0400485,50.7253690905805,,1526.9,16
438534192,,,residential,0,0,,72.8694086,19.0398372,72.8692646,19.0389947,31.90332094011496,,452.7,16
215382509,,,residential,0,0,,72.8701195,19.041284,72.8739426,19.0419827,425.7246389701334,,205.2,17
438534188,,,residential,0,0,,72.8709983,19.0430913,72.871102,19.0424182,24.87741585355195,,242.5,17
438534190,,,residential,0,0,,72.8714261,19.0430582,72.8720557,19.0429449,70.10657988268977,,45.5,17
260760408,,,residential,0,0,,72.87161185,19.043450999999997,72.8681037,19.040811999999995,500.0,2.0,45.9,17
215382449,,,residential,0,0,,72.8729747,19.0438043,72.8722192,19.0439222,84.09643815434413,,210.5,17
1335912971,,,residential,0,0,,72.8725123,19.0412806,72.8723111,19.0419012,30.224822989958124,,335.0,17
1123850359,,,tertiary,1,0,,72.8617382,19.0425757,72.8617382,19.0425757,0.0,,1720.4,17
1123848574,,,secondary,1,0,,72.8664725,19.0501056,72.8659208,19.0488663,73.56307550399652,,1109.2,17
1177905954,,,residential,0,0,,72.865576,19.047121,72.8662631,19.0470851,76.41108495189815,,345.9,17
787467838,,,residential,0,0,,72.851299,19.0356261,72.8515344,19.0359995,28.896684632849105,,2775.5,17
1188789185,,,residential,0,0,,72.849942,19.0369416,72.8505483,19.0378815,74.12716086676284,,245.8,17
518300989,,,residential,0,0,,72.8498687,19.03863,72.8498687,19.03863,0.0,,1047.5,17
796994428,,,residential,0,0,,72.8491209,19.0393733,72.8493847,19.0384933,41.14676146002193,,153.2,17
1245772998,Sulochana Shetty Marg,,secondary,1,0,,72.8537106,19.0381016,72.8537802,19.0380397,8.000767152220423,,685.0,17
1152856736,Dharavi Main Road,,residential,0,0,,72.8486802,19.0436839,72.8528537,19.045864950000002,500.0,1.0,883.7,17
228983530,,,residential,0,0,,72.8496433,19.0433125,72.8498202,19.0434436,20.134603621836906,,124.8,17
1186891067,,,residential,0,0,,72.851015,19.0427382,72.8510985,19.0435596,28.4864823594633,,335.0,17
793163032,Mahim Sion Link Road,,secondary,1,1,,72.8482083,19.0458141,72.8480554,19.0457797,17.039085446396566,,596.6,17
1186783937,Mahim Sion Link Road,,secondary,1,0,,72.845594,19.0450859,72.8451549,19.0449391,49.06249834300094,,286.9,17
1205158586,,,residential,0,0,,72.8438297,19.046054,72.8438401,19.0461585,3.6174211962814513,,592.5,17
658401980,SL Raheja Hospital Marg,,tertiary,1,0,,72.8406848,19.0448268,72.8405289,19.0447437,17.54834099358185,,378.6,17
122140424,Mahim Sion Link Road,,secondary,1,0,,72.845128,19.0450217,72.8455637,19.0451594,48.65766728664711,,616.4,17
22849567,Mahim Sion Link Road,,secondary,1,0,,72.8518565,19.0468125,72.8483849,19.0458286,387.36997811085814,,759.6,17
1154031781,,,residential,0,0,,72.8494632,19.0460446,72.8494658,19.045673,12.188014705176919,,270.5,17
369464197,60 Feet Road,,secondary,1,0,,72.85123895000001,19.040894299999998,72.8537106,19.038101599999997,500.0,2.0,800.4,17
1196691329,Dharavi Main Road,,residential,0,1,,72.8485447,19.0436768,72.8485861,19.0436795,4.604321270394713,,1097.2,17
1196691328,Dharavi Main Road,,residential,0,0,,72.8485032,19.0436739,72.8485447,19.0436768,4.615569179344912,,0.0,17
236391222,Mahatma Gandhi Road,,residential,0,0,,72.8602834,19.0432047,72.8621281,19.0468804,237.8688583435472,,2361.1,18
1328985626,,,residential,0,0,,72.8598568,19.0480519,72.8598152,19.047965,5.4320156415529075,,740.8,18
257411168,,,residential,0,0,,72.8598568,19.0480519,72.8600205,19.0494461,49.18063063316331,,0.0,18
122166686,,,residential,0,0,,72.8572576,19.0464865,72.8576052,19.0481458,66.71920746455011,,427.2,18
257412664,,,residential,0,0,,72.8637857,19.0483277,72.8633666,19.0486246,47.60619958561589,,963.7,18
151938279,Dharavi Depot Road,,primary,1,0,,72.8652466,19.0504642,72.86174310000001,19.0508524,500.0,1.0,799.9,18
788738721,,,residential,0,0,,72.8613615,19.0504592,72.861127,19.0499311,31.294824976321717,,48.7,18
257411165,,,residential,0,0,,72.8613264,19.0502831,72.8622016,19.0501473,97.41947525571545,,19.8,18
257411166,,,residential,0,0,,72.8625281,19.0511388,72.8607731,19.0514211,195.36620372701472,,227.4,18
1186891069,,,residential,0,0,,72.8563929,19.0455982,72.8563218,19.0452419,14.10276856109762,,2020.9,18
1238064847,Sitaladevi Temple Road,,secondary,0,0,,72.8477514,19.0351547,72.8478376,19.0351508,9.585855854838856,,3405.3,18
1116859060,,,residential,0,0,,72.8463315,19.036563,72.8463277,19.0364656,3.222091254940562,,286.2,18
797565017,,,residential,0,0,,72.8463834,19.0375592,72.8462877,19.0379513,16.69111973996841,,202.8,18
437410820,Pitamber Lane,,residential,0,0,,72.8452152,19.0381066,72.8450824,19.0395519,49.649060096742936,,275.0,18
1107313161,Lady Jamshedji Road,,primary,1,0,,72.8423352,19.0341889,72.8422307,19.0332072,34.2348544039287,,912.7,18
1235213728,N C Kelkar Marg,,primary,1,0,,72.8428459,19.0212303,72.8426816,19.0209956,19.82516039330016,,1539.1,18
151748421,,,primary,1,0,,72.8421558,19.0210296,72.8419635,19.0212516,22.58883965247013,,90.6,18
22848479,Rajaram Keshav Vaidya Marg,,residential,1,0,,72.8421895,19.0215258,72.8394162,19.02165,308.4038059003769,,75.5,18
1171099429,Chhabildas Road,,residential,0,0,,72.8427242,19.0206405,72.8428116,19.0208053,11.120712339639814,,389.1,18
1139113103,Ranade Road,,tertiary,1,0,,72.8410237,19.0204509,72.8411019,19.0203926,8.903287729923706,,795.4,18
1303264836,,,residential,0,0,,72.8338155,19.0239617,72.8338979,19.0239119,9.307085454322184,,1758.2,18
22850120,R B Anant Desai Marg,,residential,0,0,,72.8288705,19.0116104,72.826185,19.012773,301.0434056796523,,1813.1,19
732241914,,,residential,0,0,,72.829085,19.0102584,72.828797,19.0098441,34.792500842970334,,175.0,19
423774268,New Prabhadevi Road,,residential,0,0,,72.8296735,19.0101152,72.8288705,19.0116104,101.89086331411862,,65.4,19
22850279,Yadav Patil Lane,,residential,0,0,,72.8309172,19.0183159,72.8294082,19.019624,173.20011229406984,,1147.7,19
1178077869,,,residential,0,0,,72.8390708,19.0056771,72.8392123,19.0058904,17.22017913743064,,2354.3,19
697750311,,,residential,0,0,,72.8390095,19.0060034,72.8392123,19.0058904,22.853055348985272,,52.5,19
1138575876,Jerbai Wadia Marg,,tertiary,1,0,,72.8398994,19.0052722,72.8436714,19.0053017,419.42837966400236,,141.8,19
22848705,B Mandir Road,,residential,0,0,,72.8413272,19.0060377,72.8418532,19.0069822,66.18825507235431,,256.2,19
1171213559,Jerbai Wadia Marg,,secondary,1,0,,72.844255,19.0052909,72.8459171,19.0058118,185.60503447281403,,413.6,19
1120060028,Acharya Donde Marg,,secondary,1,0,,72.8420403,19.0035706,72.8436362,19.0020658,184.19297309820521,,313.2,19
1238075225,Wadia Chowk,,secondary,1,0,,72.8419782,19.0035009,72.8419277,19.0035056,5.61745994607949,,10.9,19
211658543,,,residential,0,0,,72.8408002,19.0017593,72.8402474,19.0004463,75.05856305372238,,248.3,19
769937956,P Guruji Street,,residential,1,0,,72.8397132,19.0005166,72.8396493,19.000525,7.110698134477388,,213.4,19
22848664,P Guruji Street,,residential,1,0,,72.8387646,19.0006413,72.8380278,19.0007381,81.98995900261563,,100.7,19
1187516929,,,residential,0,0,,72.8378425,19.0000024,72.8385188,18.9998314,75.41013499515684,,162.1,19
1171215987,Dr Ernest Borges Marg,,secondary,1,0,,72.839042,18.9982595,72.8394372,18.9986066,45.39579619327101,,415.2,19
22848666,Shirodkar Marg,,residential,0,0,,72.8394659,18.9986656,72.8376269,18.9986251,204.49178742587196,,65.8,19
1188913783,,,residential,0,0,,72.8409813,18.9981413,72.8425372,18.9978797,173.2208829252288,,200.6,19
1340509680,,,residential,0,0,,72.840296,18.998027,72.840429,18.9980845,14.908745541355074,,306.4,19
1188913023,,,residential,0,0,,72.8419784,18.9994981,72.8418855,18.9995438,10.438220075075307,,277.1,19
1239131948,,,secondary,1,0,,72.8435978,19.0019954,72.8436362,19.0020658,4.854283942791477,,346.1,19
351148812,G.D. Ambekar Marg,,tertiary,0,0,,72.8463274,19.0004961,72.8463006,19.0057957,173.82784366845297,,344.2,19
771861058,G.D. Ambedkar Marg,,tertiary,1,0,,72.8463274,19.0004961,72.846305,18.9992467,41.050154318742585,,0.0,19
438982325,,,residential,0,0,,72.8451939,18.9989091,72.8446949,18.9977406,67.43501761274004,,482.6,19
1058757192,,,residential,0,0,,72.8494011,19.0026277,72.8498542,19.0026028,50.38903616210453,,836.6,19
211658504,,,residential,0,0,,72.851178,18.9990342,72.8510043,18.998331,30.0766822720449,,1161.7,19
701030570,,,residential,0,0,,72.8528524,18.9981974,72.8522233,18.999245,77.92892393178288,,279.0,19
22848092,,,residential,0,0,,72.8528017,18.9962504,72.8497369,18.9974391,343.0114528038987,,388.3,19
700751614,Rafi Ahmed Kidwai Marg,,primary,1,0,,72.8528818,18.996024,72.84970045,18.992624749999997,500.0,1.0,35.8,19
22848097,Jivraj Road,,tertiary,1,0,,72.8509433,19.0002856,72.8530457,19.0004742,233.85797039757702,,739.8,19
1339825603,Messent Road,,tertiary,1,0,,72.8534754,18.9953987,72.8536338,18.9952967,17.92786149466124,,1141.0,19
1337958083,Masonet Road,,tertiary,1,0,,72.853411,18.9952726,72.851199,18.9907657,286.93122232105657,,15.5,19
22851562,Masonet Road,,tertiary,1,0,,72.851199,18.9907657,72.84837289999999,18.984636350000002,500.0,1.0,550.6,19
1238346024,Messent Road,,tertiary,1,0,,72.8532732,18.9952837,72.8553463,19.000099,279.38265127493025,,552.3,20
1235766584,,,primary,1,0,,72.8538537,19.0005817,72.8538501,19.0005129,2.2906082993610286,,1464.4,20
1304615858,,,residential,0,0,,72.8540022,19.0095279,72.8533707,19.0099746,71.73023175121804,,1080.8,20
1304764820,,,residential,0,0,,72.8536357,19.0099514,72.8537218,19.0100743,10.387061387883264,,76.2,20
1134720197,,,residential,0,0,,72.8495499,19.0258931,72.8485367,19.0241905,125.73676838681713,,2619.1,20
427202419,,,residential,0,0,,72.8516929,19.0283746,72.851267,19.0286448,48.17934624621981,,1469.6,20
1285482176,,,tertiary,1,0,,72.8731878,19.0178967,72.8732331,19.0177751,6.42088888949196,,3378.6,20
654864026,,,tertiary,1,0,,72.8730507,19.0177434,72.8730021,19.0178669,6.7497280083130216,,33.8,20
788833282,,,residential,0,0,,72.8697435,19.031298,72.8701055,19.0312319,40.31073759706717,,2652.2,20
788833283,,,residential,0,0,,72.869798,19.0316931,72.8701719,19.0316344,41.620208868765225,,123.8,20
215382464,,,residential,0,0,,72.8564023,19.0074947,72.8599144,19.0104428,402.30233095579604,,4220.0,20
211682957,,,residential,0,0,,72.8462975,18.9895061,72.8464661,18.9892948,19.987177090064478,,3307.3,21
1237780897,Rafi Ahmed Kidwai Marg,,primary,1,0,,72.8452782,18.9884298,72.8457883,18.9887963,57.980168121789085,,200.0,21
211682951,,,residential,0,0,,72.845472,18.9915508,72.8455065,18.9918447,10.374346399089484,,484.6,21
701032450,G.D. Ambedkar Marg,,tertiary,1,0,,72.8448336,18.9943602,72.8462242,18.9992404,222.54735845895232,,1129.8,21
701029966,,,residential,0,0,,72.8446113,18.9961889,72.8449854,18.9961394,41.62969159492786,,250.7,21
1189071196,,,residential,0,0,,72.8444287,18.9952747,72.8447134,18.9967315,57.31667425734748,,103.0,21
423809291,,,residential,0,0,,72.8447816,18.9937605,72.8458692,18.9939527,121.09977505863856,,599.1,21
1135394090,Dr S S Rao Marg (Govt Gate Road),,secondary,0,0,,72.8386561,18.9949779,72.8363472,18.992035,274.29640539770486,,1111.3,21
1235569546,Jeejeebhoy Lane,,tertiary,1,0,,72.8365453,18.9954077,72.8367234,18.9953237,19.994710173947297,,228.1,21
123299198,Mahadev Palav Marg,,secondary,0,0,,72.834768,18.9952023,72.8365453,18.9954077,197.7416502675843,,189.2,21
1346806276,,,residential,0,0,,72.8343606,18.994018,72.8353899,18.9941269,114.50871811543792,,140.1,21
1346806279,,,residential,0,0,,72.8364271,18.9941696,72.8362027,18.9941649,24.95261815530379,,229.7,21
22851755,,,residential,0,0,,72.8369882,18.9941323,72.8370827,18.9949142,27.724614215460527,,338.2,21
22851765,,,residential,0,0,,72.8369181,18.9931662,72.8374935,18.9939736,69.24953857104808,,107.2,21
22851759,,,residential,0,0,,72.8369181,18.9931662,72.8369882,18.9941323,32.644627662322,,0.0,21
1309809536,Currey Road Flyover,,secondary,0,1,,72.8332119,18.9950665,72.834768,18.9952023,173.08781121918028,,648.7,21
794831500,,,residential,0,0,,72.8322718,18.9969939,72.8327444,18.9970201,52.55775738574974,,471.2,21
22850337,Shankar Rao Naram Path (Gowalia Chawl Lane),,tertiary,0,0,,72.8270408,18.9982518,72.8235943,19.0063596,466.62362894218666,,1056.8,21
441268783,Sitram Jadhav Marg,,residential,0,0,,72.8280633,18.9964009,72.831089,18.9979502,340.2647186320474,,321.7,21
1335049581,,,residential,1,0,,72.8261077,18.9959129,72.8261729,18.9958782,7.3388814914537965,,256.7,21
211682972,,,residential,0,0,,72.8291362,19.0012934,72.8310138,18.9999166,213.61513696441622,,1531.1,21
151748092,Senapati Bapat Marg,,primary,1,0,,72.8291021,19.0012277,72.8275473,18.9981802,199.74641678742617,,8.0,21
1089812504,Senapati Flyover,,primary,1,1,,72.8286485,19.0004037,72.8254094,18.9941618,414.390180456294,,102.9,21
22852214,Hutatma Ganpat Kokate Road,,residential,0,0,,72.8174086,18.9915452,72.8204407,18.992898,340.0695758637208,,2286.5,21
22850489,Dr. R. G. Thadani Marg,,primary,1,0,,72.8156582,19.0012966,72.8131948,19.0044294,292.6170101419544,,1406.2,22
22850376,Sudam Kalu Ahire Marg,,residential,0,0,,72.8160737,19.000954,72.81872915,19.00627015,500.0,1.0,87.5,22
22850504,Khan Abdul Gaffar Khan Marg,,primary,1,0,,72.8146112,18.9935691,72.8119064,18.9973375,325.2495235616323,,961.1,22
654405571,Dr Annie Besant Road,,primary,1,0,,72.816053,18.9959892,72.8173426,18.998635,167.68111422096956,,309.8,22
1123855696,,,residential,1,0,,72.8171576,18.9982973,72.8169477,18.9985162,24.422414079328046,,281.0,22
1200725392,J Palkar Road,,residential,0,0,,72.8165864,19.004169,72.816708,19.0041037,13.690405996290266,,736.6,22
1200765221,,,residential,0,0,,72.819307,19.0095681,72.819499,19.0094729,21.57719388404093,,739.7,22
700998757,,,residential,0,0,,72.8203423,19.012771,72.8189278,19.0142021,164.1585817746493,,465.1,22
38912747,Patil Marg,,residential,0,0,,72.819529,19.0121347,72.820324,19.0120888,88.41282048018135,,162.3,22
785321063,Golpha Devi Mandir Marg,,residential,0,1,,72.8176566,19.0164336,72.8175705,19.0168384,16.38512241548589,,716.6,22
625666113,Sir Pochkhanwala Marg,,tertiary,1,0,,72.817463,19.0153453,72.8175767,19.0147684,22.780723766225393,,150.4,22
1237761236,Khan Abdul Gaffar Khan Marg,,primary,0,0,,72.8171797,19.0150533,72.8170504,19.0152278,15.478087032915168,,46.0,22
22852497,Khan Abdul Gaffar Khan Marg,,primary,1,0,,72.8171797,19.0150533,72.81539185,19.010023750000002,500.0,1.0,0.0,22
194654646,,,tertiary,1,0,,72.8175767,19.0147684,72.8171797,19.0150533,45.12551141685472,,158.5,22
438515710,,,residential,0,0,,72.8173472,19.0179338,72.817557,19.0178983,23.3578233169438,,431.9,22
438515712,,,residential,1,0,,72.8171949,19.0187423,72.8171249,19.0192853,19.46155408619828,,90.9,22
438515708,,,residential,0,0,,72.8187659,19.0182414,72.8192221,19.0183428,50.836345962499905,,231.5,22
438515704,,,residential,0,0,,72.8192265,19.0173101,72.817558,19.0168845,186.0546820233263,,114.0,22
785768519,,,residential,0,0,,72.8197311,19.017364,72.8193279,19.0181319,51.441258487508264,,80.0,22
785768522,,,residential,0,0,,72.8208364,19.0153675,72.8196656,19.0159134,131.41583812271438,,575.7,22
438513698,,,residential,0,0,,72.8194587,19.0158591,72.8206869,19.0161814,136.9792450888741,,214.5,22
1333706763,,,residential,0,0,,72.8192836,19.0163614,72.8191821,19.0162519,11.845492590387748,,224.7,22
1202479805,,,residential,0,0,,72.8171154,19.0212507,72.817081,19.0213889,5.936435600523837,,1217.4,22
625666111,Sir Pochkhanwala Marg,,tertiary,1,0,,72.8174595,19.0105557,72.8177687,19.0117961,53.312955862063035,,1274.2,22
785772291,,,residential,0,0,,72.8184246,19.0126336,72.8189822,19.0126602,62.008446885287725,,458.8,22
662360115,Khan Abdul Gaffar Khan Marg,,primary,1,0,,72.8131948,19.0044294,72.8151226,19.0098286,500.0,1.0,1688.5,22
39678318,Dr. R. G. Thadani Marg,,primary,1,0,,72.8135258,19.0041762,72.8157594,19.0014323,264.21939532732773,,58.5,22
1216789347,,,residential,0,0,,72.8123793,19.0028556,72.8128073,19.0026133,48.25276176667505,,452.2,22
1340204710,,,residential,0,0,,72.8130857,19.0006006,72.8133291,19.0004137,27.752780375309197,,352.8,22
1340204711,,,residential,0,0,,72.8128388,19.0003166,72.8133291,19.0004137,54.612143287333105,,40.8,22
40444159,M Sanghi Marg,,residential,0,0,,72.8140428,18.9897035,72.8153297,18.9899044,143.24889199782794,,1713.7,22
652538741,,,residential,0,0,,72.8157873,18.990102,72.8165569,18.989862,85.93804843655134,,192.9,22
1173915124,,,residential,0,0,,72.8148225,18.9879434,72.8148943,18.9879608,8.004235303224789,,318.2,23
658655413,Dr Annie Besant Road,,primary,1,0,,72.8139662,18.9903318,72.8140153,18.9906255,11.08705532107912,,887.4,23
376629703,Dr Annie Besant Road,,primary,1,1,,72.8141481,18.9925592,72.8143699,18.99308,30.017395744540558,,248.3,23
1239434256,Khan Abdul Gaffar Khan Marg,,primary,1,0,,72.8119064,18.9973375,72.8131948,19.0044294,273.5421081148677,,627.2,23
42448306,Haji Ali Govt Colony Road,,residential,0,0,,72.8154793,18.9787374,72.8149787,18.980827,88.38140413384274,,3105.5,23
992116928,,,residential,0,0,,72.8143915,18.9816868,72.814763,18.981192,44.39248302166522,,353.9,23
61652759,Keshavrao Khadye Marg,,primary,1,0,,72.8193284,18.9795083,72.8156445,18.97877045,500.0,1.0,781.0,23
1341470731,,,residential,0,0,,72.8211003,18.9800626,72.8219095,18.9803545,90.4881629427224,,217.0,23
789140992,,,residential,0,0,,72.8280933,18.9821044,72.8286669,18.98227,64.0126776644073,,948.5,23
152636531,Mahalakshmi Station Flyover,,secondary,1,1,,72.8239343,18.9824018,72.8237987,18.9824892,15.348735390545363,,619.2,23
741796134,,,tertiary,1,0,,72.8364515,18.9806288,72.8363928,18.9804411,8.974324262264142,,1947.0,23
22851938,E.S. Patanwala Marg,,tertiary,0,0,,72.8366318,18.9804294,72.8407765,18.9802645,460.9013678042776,,29.1,23
1189087923,,,residential,0,0,,72.8348635,18.9840075,72.8347477,18.9835672,19.35407376930358,,682.1,23
22851710,A G Pawar Marg,,tertiary,0,0,,72.8364828,18.9844005,72.8409672,18.9843405,498.64641483117344,,181.7,23
22851876,,,residential,0,0,,72.8432262,18.9776906,72.8426585,18.9785668,69.36024183149189,,1668.7,23
22851934,,,residential,0,0,,72.8426874,18.9770554,72.8439143,18.9773151,136.69074224845178,,867.8,23
1104888864,,,tertiary,0,0,,72.8458892,18.9697318,72.8459422,18.9697291,5.893996318163238,,1646.5,23
1180132957,Gun Power Road,,residential,0,0,,72.8445186,18.9694316,72.8454846,18.9698957,108.48743892655634,,194.1,23
22850550,,,tertiary,1,0,,72.845498,18.9636237,72.84589,18.9605326,110.35083006898327,,1049.8,23
1076097757,,,residential,1,0,,72.8457425,18.9642779,72.8463027,18.9624639,86.13645262632811,,81.7,23
1237573833,P D' Mello Road,,primary,1,0,,72.8433694,18.9601044,72.8428125,18.9577964,97.8057211553645,,799.0,23
1237573820,Sardar Vallabhbhai Patel Road,,secondary,1,0,,72.842575,18.9573813,72.8426924,18.9573486,13.098277719344786,,341.1,24
1237545821,P D' Mello Road,,primary,1,0,,72.8426796,18.9577605,72.8432445,18.9601312,99.9631819580875,,43.5,24
1123282491,Sardar Vallabhbhai Patel Road,,secondary,1,0,,72.8381939,18.9583355,72.8363958,18.9583243,199.93993533204642,,1089.1,24
1364910098,Sardar Vallabhbhai Patel Road,,secondary,1,0,,72.8361559,18.9583155,72.8353253,18.9580154,92.88203408471304,,214.7,24
22850738,Umerkhadi Cross Lane,,residential,0,0,,72.8360656,18.9583063,72.8352489,18.9591398,94.84240364401958,,9.5,24
787877206,,,residential,0,0,,72.8356113,18.9575806,72.8359724,18.9576175,40.17074180110222,,122.6,24
22851067,Nishanpada Cross Lane,,residential,0,0,,72.8349011,18.9564467,72.8357378,18.9566952,93.3934933576649,,191.3,24
22850796,,,residential,0,0,,72.8336792,18.9535701,72.8327132,18.9589995,208.06233864387434,,444.4,24
22852748,,,tertiary,1,0,,72.8309195,18.9534417,72.8285243,18.9565491,285.19930650007313,,455.5,24
22850604,Babula Tank Cross Lane,,residential,0,0,,72.8339402,18.9596341,72.8335549,18.9620934,91.37731218958842,,1054.6,24
22850660,Mirza Ali Road,,residential,0,0,,72.8343594,18.9599555,72.8343831,18.9608319,28.881744781099272,,56.7,24
22850681,Jail Road North Cross Lane,,residential,0,0,,72.8353742,18.9605643,72.8353265,18.9612324,22.55662535236666,,145.7,24
1237754304,Dr Meisheri Road,,tertiary,1,0,,72.8374167,18.962563,72.8377273,18.962563,34.53714421487959,,393.7,24
22850750,Manji Rathod Road,,residential,0,0,,72.8386736,18.9631409,72.837729,18.9633144,105.18887669463273,,203.8,24
215039661,,,residential,0,0,,72.8357759,18.9619747,72.8360899,18.9619226,34.95703864421396,,583.2,24
1342063495,,,residential,0,0,,72.8324426,18.960831,72.832471,18.9609502,5.027764505817212,,563.4,24
72459977,Piru Lane,,residential,0,0,,72.8318407,18.9599341,72.8329878,18.9591456,130.1506166407938,,155.6,24
1171498429,Sardar Vallabhbhai Patel Road,,secondary,1,1,,72.8386935,18.9583081,72.839173,18.9581939,53.44945368892877,,966.4,24
22850677,Nowroji Hill Road No 11,,residential,0,0,,72.8386604,18.958823,72.8387842,18.9609229,70.2583396171671,,986.9,24
215039674,,,residential,0,0,,72.8415778,18.9515075,72.8412525,18.951571,36.23164100599091,,1265.9,24
647261154,P D' Mello Road,,primary,1,0,,72.840544,18.9487431,72.8379803,18.9382417,447.1791529613132,,356.7,24
1305219511,P D Mello Road,,primary,1,0,,72.840433,18.9487339,72.840449,18.9487993,2.787213306984701,,11.7,24
206347084,Mint Road,,secondary,1,0,,72.8369561,18.9384981,72.8369542,18.9384195,2.587718322871864,,1352.1,24
1240765605,Fort Street,,primary,1,0,,72.8365508,18.9385023,72.8359405,18.938479,67.86657057186035,,52.0,24
1240765604,Saint George Road,,secondary,1,0,,72.8359405,18.938479,72.8358909,18.9385609,6.1352216823177015,,65.4,24
1241295274,Fort Street,,primary,1,0,,72.8350755,18.9383664,72.8346296,18.938707,50.82607168330433,,92.2,24
647133449,Dr Dadabhai Naoroji Road,,primary,1,0,,72.8344236,18.9380395,72.8338725,18.9364086,81.362550241291,,77.7,24
206801696,Police Court Lane,,residential,0,0,,72.8345296,18.9359776,72.8345647,18.9363331,12.302047063460314,,302.5,24
786424538,,,residential,0,0,,72.8349525,18.9364101,72.8354189,18.9363804,51.87047118779025,,195.5,24
22845484,D Das Lane,,residential,0,0,,72.8353503,18.9373522,72.8363933,18.9374543,116.02469219904643,,157.4,24
22845430,Mangesh Shenoy Street,,residential,0,0,,72.8352785,18.9376828,72.8345842,18.9381346,78.61343252590174,,37.4,24
22845584,Fort Street,,primary,1,0,,72.8347281,18.938714,72.8357064,18.9385311,108.94745173720707,,400.5,24
1096230241,Dr Dadabhai Naoroji Road,,primary,1,0,,72.8334352,18.9354414,72.8331686,18.9350773,31.962364651348594,,388.1,24
22845897,Ash Lane,,residential,0,0,,72.8313739,18.9303607,72.8320112,18.930412,70.88452800237704,,641.3,24
1206828260,Hamam Street,,residential,0,0,,72.8326612,18.9302137,72.8320712,18.9301448,65.64396969430283,,160.2,24
22845846,Crown Street,,residential,1,0,,72.8319283,18.9307064,72.8329748,18.9282805,140.99777141700443,,132.9,24
22845820,M P Shetty Marg,,residential,1,0,,72.8331,18.9313284,72.8332564,18.932203,33.561433564541545,,175.6,24
1189344615,Veer Nariman Road,,tertiary,0,0,,72.8332564,18.932203,72.8333581,18.9321973,11.310071243602058,,98.3,24
207354622,,,tertiary,1,0,,72.8333581,18.9321973,72.8343893,18.9321421,114.67851799832215,,10.8,24
22845716,Banaji Street,,residential,0,0,,72.8334503,18.9329367,72.8326302,18.9322701,93.77861698134386,,94.5,24
206715808,Crown Street,,tertiary,1,0,,72.8318345,18.932388,72.8317164,18.931634,28.016380420266508,,240.9,24
151496519,Bombay Samachar Marg,,residential,0,0,,72.8340587,18.9311664,72.8339688,18.9284615,89.330946755742,,337.5,24
22845357,Green Street,,residential,0,0,,72.8339943,18.93075,72.8354249,18.930486,159.31120980425084,,46.6,24
207354621,Veer Nariman Road,,tertiary,1,0,,72.8343751,18.9320682,72.8333581,18.9321973,113.16458185741331,,153.2,24
206648526,Lower Cambridge Street,,residential,1,0,,72.8344906,18.9323534,72.8346774,18.9339812,57.31585471396499,,34.1,24
1224687101,,,residential,0,0,,72.8351114,18.9326163,72.8350861,18.9325121,4.427964257725556,,75.0,24
158253012,Shahid Bhagat Singh Marg,,primary,1,0,,72.8357691,18.9321302,72.8354926,18.9304466,63.22641294028333,,121.5,24
1136913962,,,tertiary,1,0,,72.8357139,18.9316531,72.8355093,18.931553,22.98639503508679,,53.1,24
1340536981,Shahid Bhagat Singh Marg,,primary,1,0,,72.8357371,18.9322443,72.8357543,18.9323111,2.9091053614964792,,88.3,24
1123867121,,,residential,0,0,,72.8358635,18.9328687,72.8360457,18.932699,21.011086319113446,,70.5,24
22845532,A Ward Lane,,residential,0,0,,72.8358546,18.9336365,72.836859,18.9335796,111.69979012930094,,85.3,24
42376646,Shahid Bhagat Singh Marg,,primary,1,0,,72.837098,18.9344956,72.8357691,18.9321302,166.91177949107774,,186.2,24
22845535,Bread Market Lane,,residential,0,0,,72.8369561,18.9350444,72.8363496,18.9349288,67.54631535309662,,74.3,24
22845409,Agiary Lane,,residential,1,0,,72.8369626,18.9353063,72.8353769,18.9352758,176.32463560451998,,29.2,25
52361026,Perin Nariman Street,,residential,0,0,,72.8356633,18.9343405,72.8357691,18.9347133,16.972290199918348,,233.3,25
1235466407,Shahid Bhagat Singh Marg,,primary,1,0,,72.8371909,18.9351977,72.837098,18.9344956,25.24754081571879,,299.7,25
22845451,Upper Cambridge Street,,residential,0,0,,72.8349367,18.9355057,72.8346774,18.9339812,57.74287450869688,,418.8,25
22845400,Bora Bazaar Street,,residential,1,0,,72.8352175,18.9344689,72.8350755,18.9383664,128.8715857379285,,145.8,25
1334185618,Shahid Bhagat Singh Marg,,primary,1,0,,72.8354926,18.9304466,72.834993,18.9300026,57.43192955346858,,544.3,25
1334185619,Nyayamurty G N Vidya Road,,tertiary,1,0,,72.8347247,18.930053,72.8347483,18.930184,5.036652532615409,,102.3,25
1239092993,Port Circus,,tertiary,1,0,,72.8403065,18.9340585,72.8401729,18.9339126,15.607708339232639,,983.8,25
51998569,Carson Ridge Lane,,residential,0,0,,72.8403065,18.9340585,72.8420925,18.9348829,200.42711143550736,,0.0,25
22845549,S Bahl Path,,residential,0,0,,72.8395912,18.9372903,72.8378417,18.9376596,194.91249436185555,,519.7,25
46173391,,,tertiary,0,0,,72.8345727,18.9420871,72.8327065,18.944611,223.43294526612155,,999.1,25
48891991,,,secondary,1,0,,72.8343981,18.9437048,72.8336129,18.9467383,132.4162865503311,,180.0,25
786457501,Kaikhushru Dubash Marg,,tertiary,1,0,,72.8319362,18.9279207,72.8318787,18.9277931,7.643275541551782,,2039.5,25
1207943898,British Hotel Lane,,residential,0,0,,72.8334882,18.9289108,72.8338854,18.9289952,44.25339675070436,,411.2,25
22845899,University Street,,residential,1,0,,72.8296835,18.9301574,72.8313773,18.9301708,188.34248035809713,,1350.4,25
1330374273,Freedom Fighter Ramnanth Goenka Marg,,tertiary,0,0,,72.8205205,18.9262685,72.8205981,18.9263589,9.125238871602063,,1870.3,25
1150892062,,,residential,0,0,,72.8262036,18.9516816,72.8264969,18.9516181,32.6800425332052,,3982.5,25
72552324,4th Peerkhan Street,,residential,0,0,,72.8312338,18.9650783,72.8320952,18.9646351,96.8816598110967,,2171.4,25
1340509674,Ashok Towers Internal Road,,residential,1,0,20.0,72.8372325,18.9963345,72.8371823,18.9964016,6.000504242292615,,4069.9,26
1245770586,Acharya Donde Marg,,secondary,1,0,,72.8380854,19.0062628,72.8379699,19.0063566,13.206623926210327,,1522.6,26
22848662,Aimai Merwanji Street,,residential,1,0,,72.8383715,19.0017541,72.8406056,19.0011241,249.27895428205727,,843.9,26
1289081179,Senapati Flyover,,primary,1,0,,72.828597,19.0004306,72.829022,19.0012728,54.75119214133945,,4120.0,26
1187833004,,,residential,0,0,,72.8293386,19.0085697,72.8293708,19.0090309,15.557347712728781,,2411.6,26
941304835,,,residential,0,0,,72.8293708,19.0090309,72.8297935,19.0084688,50.49418452137496,,58.3,26
1303403584,Lala Lajpatrai Marg,,primary,1,0,,72.8138175,18.986815,72.8137452,18.9873016,17.89509513864125,,6762.9,27
212159148,,,residential,0,0,,72.8547875,18.9798754,72.8576273,18.9808644,317.4308972731547,,7849.4,27
22851503,Signal Hill Avenue,,tertiary,0,0,,72.85465395,18.9803842,72.8591203,18.9806471,500.0,2.0,51.9,27
423774256,,,residential,0,0,,72.8569844,18.9819223,72.8585546,18.9815708,174.9779128347446,,738.7,27
