{
"type": "FeatureCollection",
"name": "sampled_points",
"crs": { "type": "name", "properties": { "name": "urn:ogc:def:crs:OGC:1.3:CRS84" } },
"features": [
{ "type": "Feature", "properties": { "lon": 77.26662995000001, "lat": 28.66633775, "highway": "residential", "point_id": 0 }, "geometry": { "type": "Point", "coordinates": [ 77.26662995, 28.66633775 ] } },
{ "type": "Feature", "properties": { "lon": 77.31255525, "lat": 28.48729165, "highway": "residential", "point_id": 1 }, "geometry": { "type": "Point", "coordinates": [ 77.31255525, 28.48729165 ] } },
{ "type": "Feature", "properties": { "lon": 77.1585005, "lat": 28.66372065, "highway": "tertiary", "point_id": 2 }, "geometry": { "type": "Point", "coordinates": [ 77.1585005, 28.66372065 ] } },
{ "type": "Feature", "properties": { "lon": 76.9776419, "lat": 28.53449415, "highway": "residential", "point_id": 3 }, "geometry": { "type": "Point", "coordinates": [ 76.9776419, 28.53449415 ] } },
{ "type": "Feature", "properties": { "lon": 77.1689931, "lat": 28.78032435, "highway": "residential", "point_id": 4 }, "geometry": { "type": "Point", "coordinates": [ 77.1689931, 28.78032435 ] } },
{ "type": "Feature", "properties": { "lon": 77.24344425000001, "lat": 28.51928875, "highway": "residential", "point_id": 5 }, "geometry": { "type": "Point", "coordinates": [ 77.24344425000001, 28.51928875 ] } },
{ "type": "Feature", "properties": { "lon": 77.21681485, "lat": 28.5348187, "highway": "residential", "point_id": 6 }, "geometry": { "type": "Point", "coordinates": [ 77.21681485, 28.5348187 ] } },
{ "type": "Feature", "properties": { "lon": 77.0099477, "lat": 28.8134012, "highway": "residential", "point_id": 7 }, "geometry": { "type": "Point", "coordinates": [ 77.0099477, 28.8134012 ] } },
{ "type": "Feature", "properties": { "lon": 77.29444225, "lat": 28.66486975, "highway": "residential", "point_id": 8 }, "geometry": { "type": "Point", "coordinates": [ 77.29444225, 28.66486975 ] } },
{ "type": "Feature", "properties": { "lon": 77.04426595, "lat": 28.80076985, "highway": "residential", "point_id": 9 }, "geometry": { "type": "Point", "coordinates": [ 77.04426595, 28.80076985 ] } },
{ "type": "Feature", "properties": { "lon": 77.1543108, "lat": 28.7606443, "highway": "residential", "point_id": 10 }, "geometry": { "type": "Point", "coordinates": [ 77.1543108, 28.7606443 ] } },
{ "type": "Feature", "properties": { "lon": 77.28316865, "lat": 28.63044805, "highway": "residential", "point_id": 11 }, "geometry": { "type": "Point", "coordinates": [ 77.28316865, 28.63044805 ] } },
{ "type": "Feature", "properties": { "lon": 77.0289548, "lat": 28.58930205, "highway": "residential", "point_id": 12 }, "geometry": { "type": "Point", "coordinates": [ 77.0289548, 28.58930205 ] } },
{ "type": "Feature", "properties": { "lon": 77.23043215, "lat": 28.65274005, "highway": "residential", "point_id": 13 }, "geometry": { "type": "Point", "coordinates": [ 77.23043215, 28.65274005 ] } },
{ "type": "Feature", "properties": { "lon": 77.09049195, "lat": 28.69512135, "highway": "residential", "point_id": 14 }, "geometry": { "type": "Point", "coordinates": [ 77.09049195, 28.69512135 ] } },
{ "type": "Feature", "properties": { "lon": 77.22913155000001, "lat": 28.53146205, "highway": "residential", "point_id": 15 }, "geometry": { "type": "Point", "coordinates": [ 77.22913155, 28.53146205 ] } },
{ "type": "Feature", "properties": { "lon": 77.0416954, "lat": 28.7675823, "highway": "tertiary", "point_id": 16 }, "geometry": { "type": "Point", "coordinates": [ 77.0416954, 28.7675823 ] } },
{ "type": "Feature", "properties": { "lon": 77.15714255, "lat": 28.71457565, "highway": "residential", "point_id": 17 }, "geometry": { "type": "Point", "coordinates": [ 77.15714255, 28.71457565 ] } },
{ "type": "Feature", "properties": { "lon": 77.18280465000001, "lat": 28.69256595, "highway": "residential", "point_id": 18 }, "geometry": { "type": "Point", "coordinates": [ 77.18280465, 28.69256595 ] } },
{ "type": "Feature", "properties": { "lon": 77.0917832, "lat": 28.72258585, "highway": "residential", "point_id": 19 }, "geometry": { "type": "Point", "coordinates": [ 77.0917832, 28.72258585 ] } },
{ "type": "Feature", "properties": { "lon": 77.099026, "lat": 28.5213989, "highway": "residential", "point_id": 20 }, "geometry": { "type": "Point", "coordinates": [ 77.099026, 28.5213989 ] } },
{ "type": "Feature", "properties": { "lon": 77.1676779, "lat": 28.4426721, "highway": "residential", "point_id": 21 }, "geometry": { "type": "Point", "coordinates": [ 77.1676779, 28.4426721 ] } },
{ "type": "Feature", "properties": { "lon": 77.0080617, "lat": 28.74116275, "highway": "residential", "point_id": 22 }, "geometry": { "type": "Point", "coordinates": [ 77.008061700000013, 28.74116275 ] } },
{ "type": "Feature", "properties": { "lon": 77.16716095000001, "lat": 28.7281154, "highway": "residential", "point_id": 23 }, "geometry": { "type": "Point", "coordinates": [ 77.16716095000001, 28.7281154 ] } },
{ "type": "Feature", "properties": { "lon": 77.16961475, "lat": 28.699311, "highway": "residential", "point_id": 24 }, "geometry": { "type": "Point", "coordinates": [ 77.16961475, 28.699311 ] } },
{ "type": "Feature", "properties": { "lon": 77.30057505, "lat": 28.64780235, "highway": "residential", "point_id": 25 }, "geometry": { "type": "Point", "coordinates": [ 77.30057505, 28.64780235 ] } },
{ "type": "Feature", "properties": { "lon": 77.0527212, "lat": 28.53385425, "highway": "residential", "point_id": 26 }, "geometry": { "type": "Point", "coordinates": [ 77.0527212, 28.53385425 ] } },
{ "type": "Feature", "properties": { "lon": 77.11331435, "lat": 28.7459981, "highway": "residential", "point_id": 27 }, "geometry": { "type": "Point", "coordinates": [ 77.11331435, 28.7459981 ] } },
{ "type": "Feature", "properties": { "lon": 77.0960427, "lat": 28.5904067, "highway": "residential", "point_id": 28 }, "geometry": { "type": "Point", "coordinates": [ 77.0960427, 28.5904067 ] } },
{ "type": "Feature", "properties": { "lon": 77.21656685, "lat": 28.6307634, "highway": "residential", "point_id": 29 }, "geometry": { "type": "Point", "coordinates": [ 77.21656685, 28.6307634 ] } },
{ "type": "Feature", "properties": { "lon": 77.2834692, "lat": 28.68650325, "highway": "residential", "point_id": 30 }, "geometry": { "type": "Point", "coordinates": [ 77.2834692, 28.68650325 ] } },
{ "type": "Feature", "properties": { "lon": 77.0508133, "lat": 28.61821885, "highway": "residential", "point_id": 31 }, "geometry": { "type": "Point", "coordinates": [ 77.0508133, 28.61821885 ] } },
{ "type": "Feature", "properties": { "lon": 77.12635465, "lat": 28.46898725, "highway": "residential", "point_id": 32 }, "geometry": { "type": "Point", "coordinates": [ 77.12635465, 28.46898725 ] } },
{ "type": "Feature", "properties": { "lon": 77.03839245, "lat": 28.6423937, "highway": "residential", "point_id": 33 }, "geometry": { "type": "Point", "coordinates": [ 77.03839245, 28.6423937 ] } },
{ "type": "Feature", "properties": { "lon": 77.0998573, "lat": 28.63369415, "highway": "residential", "point_id": 34 }, "geometry": { "type": "Point", "coordinates": [ 77.0998573, 28.63369415 ] } },
{ "type": "Feature", "properties": { "lon": 77.0729012, "lat": 28.8169808, "highway": "residential", "point_id": 35 }, "geometry": { "type": "Point", "coordinates": [ 77.0729012, 28.8169808 ] } },
{ "type": "Feature", "properties": { "lon": 77.0107798, "lat": 28.6334119, "highway": "residential", "point_id": 36 }, "geometry": { "type": "Point", "coordinates": [ 77.0107798, 28.6334119 ] } },
{ "type": "Feature", "properties": { "lon": 77.206164, "lat": 28.68695705, "highway": "tertiary", "point_id": 37 }, "geometry": { "type": "Point", "coordinates": [ 77.206164, 28.68695705 ] } },
{ "type": "Feature", "properties": { "lon": 77.0520294, "lat": 28.66379055, "highway": "primary", "point_id": 38 }, "geometry": { "type": "Point", "coordinates": [ 77.0520294, 28.66379055 ] } },
{ "type": "Feature", "properties": { "lon": 76.8521097, "lat": 28.56419115, "highway": "tertiary", "point_id": 39 }, "geometry": { "type": "Point", "coordinates": [ 76.8521097, 28.56419115 ] } },
{ "type": "Feature", "properties": { "lon": 76.9693895, "lat": 28.61173945, "highway": "residential", "point_id": 40 }, "geometry": { "type": "Point", "coordinates": [ 76.9693895, 28.61173945 ] } },
{ "type": "Feature", "properties": { "lon": 77.2057536, "lat": 28.5775922, "highway": "residential", "point_id": 41 }, "geometry": { "type": "Point", "coordinates": [ 77.2057536, 28.5775922 ] } },
{ "type": "Feature", "properties": { "lon": 77.2755809, "lat": 28.71942425, "highway": "residential", "point_id": 42 }, "geometry": { "type": "Point", "coordinates": [ 77.2755809, 28.71942425 ] } },
{ "type": "Feature", "properties": { "lon": 77.0658712, "lat": 28.69256675, "highway": "tertiary", "point_id": 43 }, "geometry": { "type": "Point", "coordinates": [ 77.0658712, 28.69256675 ] } },
{ "type": "Feature", "properties": { "lon": 77.0564675, "lat": 28.658566, "highway": "residential", "point_id": 44 }, "geometry": { "type": "Point", "coordinates": [ 77.0564675, 28.658566 ] } },
{ "type": "Feature", "properties": { "lon": 77.0751482, "lat": 28.81243155, "highway": "residential", "point_id": 45 }, "geometry": { "type": "Point", "coordinates": [ 77.0751482, 28.81243155 ] } },
{ "type": "Feature", "properties": { "lon": 77.17541475, "lat": 28.6456394, "highway": "residential", "point_id": 46 }, "geometry": { "type": "Point", "coordinates": [ 77.17541475, 28.6456394 ] } },
{ "type": "Feature", "properties": { "lon": 77.14239805, "lat": 28.4992337, "highway": "tertiary", "point_id": 47 }, "geometry": { "type": "Point", "coordinates": [ 77.14239805, 28.4992337 ] } },
{ "type": "Feature", "properties": { "lon": 77.0163783, "lat": 28.83717935, "highway": "residential", "point_id": 48 }, "geometry": { "type": "Point", "coordinates": [ 77.0163783, 28.83717935 ] } },
{ "type": "Feature", "properties": { "lon": 77.0239597, "lat": 28.5778618, "highway": "residential", "point_id": 49 }, "geometry": { "type": "Point", "coordinates": [ 77.0239597, 28.5778618 ] } },
{ "type": "Feature", "properties": { "lon": 77.0529106, "lat": 28.80172525, "highway": "residential", "point_id": 50 }, "geometry": { "type": "Point", "coordinates": [ 77.0529106, 28.80172525 ] } },
{ "type": "Feature", "properties": { "lon": 77.0845137, "lat": 28.7156519, "highway": "residential", "point_id": 51 }, "geometry": { "type": "Point", "coordinates": [ 77.0845137, 28.7156519 ] } },
{ "type": "Feature", "properties": { "lon": 77.0734955, "lat": 28.7046127, "highway": "tertiary", "point_id": 52 }, "geometry": { "type": "Point", "coordinates": [ 77.0734955, 28.7046127 ] } },
{ "type": "Feature", "properties": { "lon": 77.08672295, "lat": 28.77425305, "highway": "tertiary", "point_id": 53 }, "geometry": { "type": "Point", "coordinates": [ 77.08672295, 28.77425305 ] } },
{ "type": "Feature", "properties": { "lon": 77.2620377, "lat": 28.66752845, "highway": "residential", "point_id": 54 }, "geometry": { "type": "Point", "coordinates": [ 77.2620377, 28.66752845 ] } },
{ "type": "Feature", "properties": { "lon": 77.1740713, "lat": 28.64442825, "highway": "residential", "point_id": 55 }, "geometry": { "type": "Point", "coordinates": [ 77.1740713, 28.64442825 ] } },
{ "type": "Feature", "properties": { "lon": 77.00360435, "lat": 28.56145125, "highway": "residential", "point_id": 56 }, "geometry": { "type": "Point", "coordinates": [ 77.00360435, 28.56145125 ] } },
{ "type": "Feature", "properties": { "lon": 77.06571765, "lat": 28.6247978, "highway": "residential", "point_id": 57 }, "geometry": { "type": "Point", "coordinates": [ 77.06571765, 28.6247978 ] } },
{ "type": "Feature", "properties": { "lon": 77.10012275, "lat": 28.85417375, "highway": "residential", "point_id": 58 }, "geometry": { "type": "Point", "coordinates": [ 77.10012275, 28.85417375 ] } },
{ "type": "Feature", "properties": { "lon": 77.05816585, "lat": 28.745913, "highway": "residential", "point_id": 59 }, "geometry": { "type": "Point", "coordinates": [ 77.05816585, 28.745913 ] } },
{ "type": "Feature", "properties": { "lon": 77.1693833, "lat": 28.7219664, "highway": "residential", "point_id": 60 }, "geometry": { "type": "Point", "coordinates": [ 77.1693833, 28.7219664 ] } },
{ "type": "Feature", "properties": { "lon": 77.26116145, "lat": 28.69273465, "highway": "residential", "point_id": 61 }, "geometry": { "type": "Point", "coordinates": [ 77.26116145, 28.69273465 ] } },
{ "type": "Feature", "properties": { "lon": 77.28715805, "lat": 28.52142665, "highway": "residential", "point_id": 62 }, "geometry": { "type": "Point", "coordinates": [ 77.28715805, 28.52142665 ] } },
{ "type": "Feature", "properties": { "lon": 77.19046945, "lat": 28.50364695, "highway": "residential", "point_id": 63 }, "geometry": { "type": "Point", "coordinates": [ 77.19046945, 28.50364695 ] } },
{ "type": "Feature", "properties": { "lon": 76.94240695, "lat": 28.6251082, "highway": "residential", "point_id": 64 }, "geometry": { "type": "Point", "coordinates": [ 76.94240695, 28.6251082 ] } },
{ "type": "Feature", "properties": { "lon": 77.0854201, "lat": 28.5934944, "highway": "residential", "point_id": 65 }, "geometry": { "type": "Point", "coordinates": [ 77.0854201, 28.5934944 ] } },
{ "type": "Feature", "properties": { "lon": 77.06975695, "lat": 28.691381, "highway": "tertiary", "point_id": 66 }, "geometry": { "type": "Point", "coordinates": [ 77.06975695, 28.691381 ] } },
{ "type": "Feature", "properties": { "lon": 77.0983587, "lat": 28.6444298, "highway": "residential", "point_id": 67 }, "geometry": { "type": "Point", "coordinates": [ 77.0983587, 28.6444298 ] } },
{ "type": "Feature", "properties": { "lon": 76.93882475000001, "lat": 28.5485266, "highway": "tertiary", "point_id": 68 }, "geometry": { "type": "Point", "coordinates": [ 76.93882475, 28.5485266 ] } },
{ "type": "Feature", "properties": { "lon": 77.06428615, "lat": 28.67932615, "highway": "residential", "point_id": 69 }, "geometry": { "type": "Point", "coordinates": [ 77.06428615, 28.67932615 ] } },
{ "type": "Feature", "properties": { "lon": 77.2504185, "lat": 28.7034859, "highway": "residential", "point_id": 70 }, "geometry": { "type": "Point", "coordinates": [ 77.2504185, 28.7034859 ] } },
{ "type": "Feature", "properties": { "lon": 77.09907615, "lat": 28.77109395, "highway": "residential", "point_id": 71 }, "geometry": { "type": "Point", "coordinates": [ 77.09907615, 28.77109395 ] } },
{ "type": "Feature", "properties": { "lon": 77.263900650000011, "lat": 28.7288236, "highway": "residential", "point_id": 72 }, "geometry": { "type": "Point", "coordinates": [ 77.263900650000011, 28.7288236 ] } },
{ "type": "Feature", "properties": { "lon": 77.2539935, "lat": 28.5330773, "highway": "residential", "point_id": 73 }, "geometry": { "type": "Point", "coordinates": [ 77.2539935, 28.5330773 ] } },
{ "type": "Feature", "properties": { "lon": 77.06194795, "lat": 28.6692244, "highway": "residential", "point_id": 74 }, "geometry": { "type": "Point", "coordinates": [ 77.06194795, 28.6692244 ] } },
{ "type": "Feature", "properties": { "lon": 77.1847008, "lat": 28.7678697, "highway": "residential", "point_id": 75 }, "geometry": { "type": "Point", "coordinates": [ 77.1847008, 28.7678697 ] } },
{ "type": "Feature", "properties": { "lon": 77.3036215, "lat": 28.51401, "highway": "residential", "point_id": 76 }, "geometry": { "type": "Point", "coordinates": [ 77.3036215, 28.51401 ] } },
{ "type": "Feature", "properties": { "lon": 77.25680275, "lat": 28.68611775, "highway": "residential", "point_id": 77 }, "geometry": { "type": "Point", "coordinates": [ 77.25680275, 28.68611775 ] } },
{ "type": "Feature", "properties": { "lon": 77.22099745, "lat": 28.65685225, "highway": "residential", "point_id": 78 }, "geometry": { "type": "Point", "coordinates": [ 77.22099745, 28.65685225 ] } },
{ "type": "Feature", "properties": { "lon": 77.081512, "lat": 28.7211608, "highway": "residential", "point_id": 79 }, "geometry": { "type": "Point", "coordinates": [ 77.081512, 28.7211608 ] } },
{ "type": "Feature", "properties": { "lon": 77.17540125, "lat": 28.7431782, "highway": "residential", "point_id": 80 }, "geometry": { "type": "Point", "coordinates": [ 77.17540125, 28.7431782 ] } },
{ "type": "Feature", "properties": { "lon": 77.2790936, "lat": 28.5652954, "highway": "residential", "point_id": 81 }, "geometry": { "type": "Point", "coordinates": [ 77.2790936, 28.5652954 ] } },
{ "type": "Feature", "properties": { "lon": 77.0311242, "lat": 28.7292736, "highway": "residential", "point_id": 82 }, "geometry": { "type": "Point", "coordinates": [ 77.0311242, 28.7292736 ] } },
{ "type": "Feature", "properties": { "lon": 77.0842987, "lat": 28.843108, "highway": "residential", "point_id": 83 }, "geometry": { "type": "Point", "coordinates": [ 77.0842987, 28.843108 ] } },
{ "type": "Feature", "properties": { "lon": 77.11074395, "lat": 28.7121363, "highway": "residential", "point_id": 84 }, "geometry": { "type": "Point", "coordinates": [ 77.11074395, 28.7121363 ] } },
{ "type": "Feature", "properties": { "lon": 77.2735585, "lat": 28.68698755, "highway": "residential", "point_id": 85 }, "geometry": { "type": "Point", "coordinates": [ 77.2735585, 28.68698755 ] } },
{ "type": "Feature", "properties": { "lon": 77.26689935, "lat": 28.55693995, "highway": "residential", "point_id": 86 }, "geometry": { "type": "Point", "coordinates": [ 77.26689935, 28.55693995 ] } },
{ "type": "Feature", "properties": { "lon": 77.24411755, "lat": 28.59044355, "highway": "residential", "point_id": 87 }, "geometry": { "type": "Point", "coordinates": [ 77.24411755, 28.59044355 ] } },
{ "type": "Feature", "properties": { "lon": 77.04931915, "lat": 28.79610735, "highway": "residential", "point_id": 88 }, "geometry": { "type": "Point", "coordinates": [ 77.04931915, 28.79610735 ] } },
{ "type": "Feature", "properties": { "lon": 77.06494375, "lat": 28.7090134, "highway": "residential", "point_id": 89 }, "geometry": { "type": "Point", "coordinates": [ 77.06494375, 28.7090134 ] } },
{ "type": "Feature", "properties": { "lon": 77.07297695, "lat": 28.81383815, "highway": "residential", "point_id": 90 }, "geometry": { "type": "Point", "coordinates": [ 77.07297695, 28.81383815 ] } },
{ "type": "Feature", "properties": { "lon": 77.11164435000001, "lat": 28.6317557, "highway": "tertiary", "point_id": 91 }, "geometry": { "type": "Point", "coordinates": [ 77.11164435, 28.6317557 ] } },
{ "type": "Feature", "properties": { "lon": 77.27089805, "lat": 28.6610559, "highway": "residential", "point_id": 92 }, "geometry": { "type": "Point", "coordinates": [ 77.27089805, 28.6610559 ] } },
{ "type": "Feature", "properties": { "lon": 77.1912798, "lat": 28.50019635, "highway": "residential", "point_id": 93 }, "geometry": { "type": "Point", "coordinates": [ 77.1912798, 28.50019635 ] } },
{ "type": "Feature", "properties": { "lon": 77.0523348, "lat": 28.54452185, "highway": "residential", "point_id": 94 }, "geometry": { "type": "Point", "coordinates": [ 77.052334800000011, 28.54452185 ] } },
{ "type": "Feature", "properties": { "lon": 77.169693, "lat": 28.83281205, "highway": "tertiary", "point_id": 95 }, "geometry": { "type": "Point", "coordinates": [ 77.169693, 28.83281205 ] } },
{ "type": "Feature", "properties": { "lon": 77.06662825000001, "lat": 28.70234625, "highway": "residential", "point_id": 96 }, "geometry": { "type": "Point", "coordinates": [ 77.06662825, 28.70234625 ] } },
{ "type": "Feature", "properties": { "lon": 77.01619085, "lat": 28.63469955, "highway": "residential", "point_id": 97 }, "geometry": { "type": "Point", "coordinates": [ 77.01619085, 28.63469955 ] } },
{ "type": "Feature", "properties": { "lon": 77.07762945, "lat": 28.53467115, "highway": "residential", "point_id": 98 }, "geometry": { "type": "Point", "coordinates": [ 77.07762945, 28.53467115 ] } },
{ "type": "Feature", "properties": { "lon": 77.1900915, "lat": 28.444085, "highway": "residential", "point_id": 99 }, "geometry": { "type": "Point", "coordinates": [ 77.1900915, 28.444085 ] } },
{ "type": "Feature", "properties": { "lon": 77.13157715, "lat": 28.79945555, "highway": "residential", "point_id": 100 }, "geometry": { "type": "Point", "coordinates": [ 77.13157715, 28.79945555 ] } },
{ "type": "Feature", "properties": { "lon": 77.2725354, "lat": 28.68410155, "highway": "residential", "point_id": 101 }, "geometry": { "type": "Point", "coordinates": [ 77.27253540000001, 28.68410155 ] } },
{ "type": "Feature", "properties": { "lon": 77.19971185, "lat": 28.7391588, "highway": "residential", "point_id": 102 }, "geometry": { "type": "Point", "coordinates": [ 77.19971185, 28.7391588 ] } },
{ "type": "Feature", "properties": { "lon": 77.1684727, "lat": 28.7503184, "highway": "residential", "point_id": 103 }, "geometry": { "type": "Point", "coordinates": [ 77.1684727, 28.7503184 ] } },
{ "type": "Feature", "properties": { "lon": 76.90672045, "lat": 28.56919415, "highway": "residential", "point_id": 104 }, "geometry": { "type": "Point", "coordinates": [ 76.90672045, 28.56919415 ] } },
{ "type": "Feature", "properties": { "lon": 77.2545919, "lat": 28.69057155, "highway": "residential", "point_id": 105 }, "geometry": { "type": "Point", "coordinates": [ 77.2545919, 28.69057155 ] } },
{ "type": "Feature", "properties": { "lon": 77.29079115, "lat": 28.65677905, "highway": "residential", "point_id": 106 }, "geometry": { "type": "Point", "coordinates": [ 77.29079115, 28.65677905 ] } },
{ "type": "Feature", "properties": { "lon": 76.96276725, "lat": 28.62788505, "highway": "tertiary", "point_id": 107 }, "geometry": { "type": "Point", "coordinates": [ 76.96276725, 28.62788505 ] } },
{ "type": "Feature", "properties": { "lon": 77.08960795, "lat": 28.65512915, "highway": "tertiary", "point_id": 108 }, "geometry": { "type": "Point", "coordinates": [ 77.08960795, 28.65512915 ] } },
{ "type": "Feature", "properties": { "lon": 77.1810492, "lat": 28.561887, "highway": "residential", "point_id": 109 }, "geometry": { "type": "Point", "coordinates": [ 77.1810492, 28.561887 ] } },
{ "type": "Feature", "properties": { "lon": 77.24243615, "lat": 28.5180104, "highway": "residential", "point_id": 110 }, "geometry": { "type": "Point", "coordinates": [ 77.24243615, 28.5180104 ] } },
{ "type": "Feature", "properties": { "lon": 77.25250145, "lat": 28.5464506, "highway": "residential", "point_id": 111 }, "geometry": { "type": "Point", "coordinates": [ 77.25250145, 28.5464506 ] } },
{ "type": "Feature", "properties": { "lon": 77.1965358, "lat": 28.49899695, "highway": "tertiary", "point_id": 112 }, "geometry": { "type": "Point", "coordinates": [ 77.1965358, 28.49899695 ] } },
{ "type": "Feature", "properties": { "lon": 77.03059185000001, "lat": 28.6313836, "highway": "residential", "point_id": 113 }, "geometry": { "type": "Point", "coordinates": [ 77.03059185, 28.6313836 ] } },
{ "type": "Feature", "properties": { "lon": 77.28517695, "lat": 28.70408035, "highway": "residential", "point_id": 114 }, "geometry": { "type": "Point", "coordinates": [ 77.28517695, 28.70408035 ] } },
{ "type": "Feature", "properties": { "lon": 77.28756365, "lat": 28.5867567, "highway": "residential", "point_id": 115 }, "geometry": { "type": "Point", "coordinates": [ 77.28756365, 28.5867567 ] } },
{ "type": "Feature", "properties": { "lon": 77.14032885, "lat": 28.47465005, "highway": "residential", "point_id": 116 }, "geometry": { "type": "Point", "coordinates": [ 77.14032885, 28.47465005 ] } },
{ "type": "Feature", "properties": { "lon": 77.16412605, "lat": 28.5558682, "highway": "tertiary", "point_id": 117 }, "geometry": { "type": "Point", "coordinates": [ 77.16412605, 28.5558682 ] } },
{ "type": "Feature", "properties": { "lon": 77.2303871, "lat": 28.50498485, "highway": "residential", "point_id": 118 }, "geometry": { "type": "Point", "coordinates": [ 77.2303871, 28.50498485 ] } },
{ "type": "Feature", "properties": { "lon": 77.2058568, "lat": 28.73797195, "highway": "tertiary", "point_id": 119 }, "geometry": { "type": "Point", "coordinates": [ 77.2058568, 28.73797195 ] } },
{ "type": "Feature", "properties": { "lon": 77.0192003, "lat": 28.57548765, "highway": "residential", "point_id": 120 }, "geometry": { "type": "Point", "coordinates": [ 77.0192003, 28.57548765 ] } },
{ "type": "Feature", "properties": { "lon": 77.174251, "lat": 28.68862655, "highway": "residential", "point_id": 121 }, "geometry": { "type": "Point", "coordinates": [ 77.174251, 28.68862655 ] } },
{ "type": "Feature", "properties": { "lon": 76.97148315, "lat": 28.631073, "highway": "residential", "point_id": 122 }, "geometry": { "type": "Point", "coordinates": [ 76.97148315, 28.631073 ] } },
{ "type": "Feature", "properties": { "lon": 77.08265245, "lat": 28.82224565, "highway": "residential", "point_id": 123 }, "geometry": { "type": "Point", "coordinates": [ 77.08265245, 28.82224565 ] } },
{ "type": "Feature", "properties": { "lon": 77.22574335, "lat": 28.62206155, "highway": "residential", "point_id": 124 }, "geometry": { "type": "Point", "coordinates": [ 77.22574335, 28.62206155 ] } },
{ "type": "Feature", "properties": { "lon": 77.2790102, "lat": 28.4969867, "highway": "residential", "point_id": 125 }, "geometry": { "type": "Point", "coordinates": [ 77.2790102, 28.4969867 ] } },
{ "type": "Feature", "properties": { "lon": 77.086796, "lat": 28.6203868, "highway": "residential", "point_id": 126 }, "geometry": { "type": "Point", "coordinates": [ 77.086796, 28.6203868 ] } },
{ "type": "Feature", "properties": { "lon": 77.1593123, "lat": 28.71814785, "highway": "residential", "point_id": 127 }, "geometry": { "type": "Point", "coordinates": [ 77.1593123, 28.71814785 ] } },
{ "type": "Feature", "properties": { "lon": 76.9797665, "lat": 28.59492215, "highway": "tertiary", "point_id": 128 }, "geometry": { "type": "Point", "coordinates": [ 76.9797665, 28.59492215 ] } },
{ "type": "Feature", "properties": { "lon": 76.97845095, "lat": 28.6659962, "highway": "residential", "point_id": 129 }, "geometry": { "type": "Point", "coordinates": [ 76.97845095, 28.6659962 ] } },
{ "type": "Feature", "properties": { "lon": 77.05621045000001, "lat": 28.67643245, "highway": "residential", "point_id": 130 }, "geometry": { "type": "Point", "coordinates": [ 77.05621045, 28.67643245 ] } },
{ "type": "Feature", "properties": { "lon": 77.28240495, "lat": 28.7137686, "highway": "residential", "point_id": 131 }, "geometry": { "type": "Point", "coordinates": [ 77.28240495, 28.7137686 ] } },
{ "type": "Feature", "properties": { "lon": 77.253618350000011, "lat": 28.56210845, "highway": "residential", "point_id": 132 }, "geometry": { "type": "Point", "coordinates": [ 77.253618350000011, 28.56210845 ] } },
{ "type": "Feature", "properties": { "lon": 77.04698295, "lat": 28.5361473, "highway": "residential", "point_id": 133 }, "geometry": { "type": "Point", "coordinates": [ 77.04698295, 28.5361473 ] } },
{ "type": "Feature", "properties": { "lon": 77.31300615000001, "lat": 28.51355215, "highway": "tertiary", "point_id": 134 }, "geometry": { "type": "Point", "coordinates": [ 77.31300615, 28.51355215 ] } },
{ "type": "Feature", "properties": { "lon": 77.1813486, "lat": 28.65596825, "highway": "residential", "point_id": 135 }, "geometry": { "type": "Point", "coordinates": [ 77.1813486, 28.65596825 ] } },
{ "type": "Feature", "properties": { "lon": 77.197214, "lat": 28.49932315, "highway": "residential", "point_id": 136 }, "geometry": { "type": "Point", "coordinates": [ 77.197214, 28.49932315 ] } },
{ "type": "Feature", "properties": { "lon": 77.2555467, "lat": 28.70700375, "highway": "residential", "point_id": 137 }, "geometry": { "type": "Point", "coordinates": [ 77.2555467, 28.70700375 ] } },
{ "type": "Feature", "properties": { "lon": 76.9166589, "lat": 28.5977966, "highway": "residential", "point_id": 138 }, "geometry": { "type": "Point", "coordinates": [ 76.9166589, 28.5977966 ] } },
{ "type": "Feature", "properties": { "lon": 77.16580675, "lat": 28.4950336, "highway": "tertiary", "point_id": 139 }, "geometry": { "type": "Point", "coordinates": [ 77.16580675, 28.4950336 ] } },
{ "type": "Feature", "properties": { "lon": 77.1852506, "lat": 28.73415395, "highway": "residential", "point_id": 140 }, "geometry": { "type": "Point", "coordinates": [ 77.1852506, 28.73415395 ] } },
{ "type": "Feature", "properties": { "lon": 77.29863435, "lat": 28.6791377, "highway": "residential", "point_id": 141 }, "geometry": { "type": "Point", "coordinates": [ 77.29863435, 28.6791377 ] } },
{ "type": "Feature", "properties": { "lon": 77.25864285, "lat": 28.69919555, "highway": "residential", "point_id": 142 }, "geometry": { "type": "Point", "coordinates": [ 77.25864285, 28.69919555 ] } },
{ "type": "Feature", "properties": { "lon": 77.16824765, "lat": 28.6212364, "highway": "residential", "point_id": 143 }, "geometry": { "type": "Point", "coordinates": [ 77.16824765, 28.6212364 ] } },
{ "type": "Feature", "properties": { "lon": 77.2735119, "lat": 28.6960134, "highway": "residential", "point_id": 144 }, "geometry": { "type": "Point", "coordinates": [ 77.273511899999988, 28.6960134 ] } },
{ "type": "Feature", "properties": { "lon": 77.1633407, "lat": 28.7257057, "highway": "residential", "point_id": 145 }, "geometry": { "type": "Point", "coordinates": [ 77.1633407, 28.7257057 ] } },
{ "type": "Feature", "properties": { "lon": 77.2841896, "lat": 28.55857425, "highway": "tertiary", "point_id": 146 }, "geometry": { "type": "Point", "coordinates": [ 77.2841896, 28.55857425 ] } },
{ "type": "Feature", "properties": { "lon": 77.3086903, "lat": 28.69164785, "highway": "residential", "point_id": 147 }, "geometry": { "type": "Point", "coordinates": [ 77.3086903, 28.69164785 ] } },
{ "type": "Feature", "properties": { "lon": 77.1023521, "lat": 28.85684265, "highway": "residential", "point_id": 148 }, "geometry": { "type": "Point", "coordinates": [ 77.1023521, 28.85684265 ] } },
{ "type": "Feature", "properties": { "lon": 77.01373015, "lat": 28.81664515, "highway": "residential", "point_id": 149 }, "geometry": { "type": "Point", "coordinates": [ 77.01373015, 28.81664515 ] } },
{ "type": "Feature", "properties": { "lon": 77.2346421, "lat": 28.51356205, "highway": "residential", "point_id": 150 }, "geometry": { "type": "Point", "coordinates": [ 77.2346421, 28.51356205 ] } },
{ "type": "Feature", "properties": { "lon": 76.94948135, "lat": 28.57898275, "highway": "residential", "point_id": 151 }, "geometry": { "type": "Point", "coordinates": [ 76.94948135, 28.57898275 ] } },
{ "type": "Feature", "properties": { "lon": 77.3166355, "lat": 28.66308145, "highway": "residential", "point_id": 152 }, "geometry": { "type": "Point", "coordinates": [ 77.3166355, 28.66308145 ] } },
{ "type": "Feature", "properties": { "lon": 77.1748511, "lat": 28.5173309, "highway": "residential", "point_id": 153 }, "geometry": { "type": "Point", "coordinates": [ 77.1748511, 28.5173309 ] } },
{ "type": "Feature", "properties": { "lon": 77.31036025, "lat": 28.5981304, "highway": "residential", "point_id": 154 }, "geometry": { "type": "Point", "coordinates": [ 77.31036025, 28.5981304 ] } },
{ "type": "Feature", "properties": { "lon": 76.97817095, "lat": 28.7636297, "highway": "tertiary", "point_id": 155 }, "geometry": { "type": "Point", "coordinates": [ 76.97817095, 28.7636297 ] } },
{ "type": "Feature", "properties": { "lon": 77.07816185, "lat": 28.71713155, "highway": "residential", "point_id": 156 }, "geometry": { "type": "Point", "coordinates": [ 77.07816185, 28.71713155 ] } },
{ "type": "Feature", "properties": { "lon": 77.047523, "lat": 28.6268912, "highway": "residential", "point_id": 157 }, "geometry": { "type": "Point", "coordinates": [ 77.047523, 28.6268912 ] } },
{ "type": "Feature", "properties": { "lon": 77.0348263, "lat": 28.65847615, "highway": "residential", "point_id": 158 }, "geometry": { "type": "Point", "coordinates": [ 77.0348263, 28.65847615 ] } },
{ "type": "Feature", "properties": { "lon": 77.05811875000001, "lat": 28.7041419, "highway": "residential", "point_id": 159 }, "geometry": { "type": "Point", "coordinates": [ 77.05811875, 28.7041419 ] } },
{ "type": "Feature", "properties": { "lon": 77.251877, "lat": 28.7500721, "highway": "tertiary", "point_id": 160 }, "geometry": { "type": "Point", "coordinates": [ 77.251877, 28.7500721 ] } },
{ "type": "Feature", "properties": { "lon": 77.03139005, "lat": 28.63665365, "highway": "residential", "point_id": 161 }, "geometry": { "type": "Point", "coordinates": [ 77.03139005, 28.63665365 ] } },
{ "type": "Feature", "properties": { "lon": 77.21275805000001, "lat": 28.4998509, "highway": "residential", "point_id": 162 }, "geometry": { "type": "Point", "coordinates": [ 77.21275805, 28.4998509 ] } },
{ "type": "Feature", "properties": { "lon": 77.28731755, "lat": 28.7236635, "highway": "residential", "point_id": 163 }, "geometry": { "type": "Point", "coordinates": [ 77.28731755, 28.7236635 ] } },
{ "type": "Feature", "properties": { "lon": 77.2885153, "lat": 28.5635672, "highway": "residential", "point_id": 164 }, "geometry": { "type": "Point", "coordinates": [ 77.2885153, 28.5635672 ] } },
{ "type": "Feature", "properties": { "lon": 77.18173785, "lat": 28.55105615, "highway": "secondary", "point_id": 165 }, "geometry": { "type": "Point", "coordinates": [ 77.18173785, 28.55105615 ] } },
{ "type": "Feature", "properties": { "lon": 77.10096075, "lat": 28.71503765, "highway": "residential", "point_id": 166 }, "geometry": { "type": "Point", "coordinates": [ 77.10096075, 28.71503765 ] } },
{ "type": "Feature", "properties": { "lon": 77.05233285, "lat": 28.8308516, "highway": "residential", "point_id": 167 }, "geometry": { "type": "Point", "coordinates": [ 77.05233285, 28.8308516 ] } },
{ "type": "Feature", "properties": { "lon": 77.2431178, "lat": 28.6422624, "highway": "residential", "point_id": 168 }, "geometry": { "type": "Point", "coordinates": [ 77.2431178, 28.6422624 ] } },
{ "type": "Feature", "properties": { "lon": 77.15820975, "lat": 28.6480881, "highway": "residential", "point_id": 169 }, "geometry": { "type": "Point", "coordinates": [ 77.15820975, 28.6480881 ] } },
{ "type": "Feature", "properties": { "lon": 77.1696261, "lat": 28.64517325, "highway": "residential", "point_id": 170 }, "geometry": { "type": "Point", "coordinates": [ 77.1696261, 28.64517325 ] } },
{ "type": "Feature", "properties": { "lon": 77.0364161, "lat": 28.70947035, "highway": "residential", "point_id": 171 }, "geometry": { "type": "Point", "coordinates": [ 77.0364161, 28.70947035 ] } },
{ "type": "Feature", "properties": { "lon": 77.19256245, "lat": 28.7559786, "highway": "residential", "point_id": 172 }, "geometry": { "type": "Point", "coordinates": [ 77.19256245, 28.7559786 ] } },
{ "type": "Feature", "properties": { "lon": 77.05254705, "lat": 28.5343274, "highway": "residential", "point_id": 173 }, "geometry": { "type": "Point", "coordinates": [ 77.05254705, 28.5343274 ] } },
{ "type": "Feature", "properties": { "lon": 77.06349265, "lat": 28.7536699, "highway": "residential", "point_id": 174 }, "geometry": { "type": "Point", "coordinates": [ 77.06349265, 28.7536699 ] } },
{ "type": "Feature", "properties": { "lon": 77.31634695, "lat": 28.6674375, "highway": "residential", "point_id": 175 }, "geometry": { "type": "Point", "coordinates": [ 77.31634695, 28.6674375 ] } },
{ "type": "Feature", "properties": { "lon": 77.17347505, "lat": 28.55306545, "highway": "residential", "point_id": 176 }, "geometry": { "type": "Point", "coordinates": [ 77.17347505, 28.55306545 ] } },
{ "type": "Feature", "properties": { "lon": 77.01897405, "lat": 28.63596445, "highway": "residential", "point_id": 177 }, "geometry": { "type": "Point", "coordinates": [ 77.01897405, 28.63596445 ] } },
{ "type": "Feature", "properties": { "lon": 77.06181655, "lat": 28.6346412, "highway": "tertiary", "point_id": 178 }, "geometry": { "type": "Point", "coordinates": [ 77.06181655, 28.6346412 ] } },
{ "type": "Feature", "properties": { "lon": 77.14338125, "lat": 28.74714795, "highway": "residential", "point_id": 179 }, "geometry": { "type": "Point", "coordinates": [ 77.14338125, 28.74714795 ] } },
{ "type": "Feature", "properties": { "lon": 77.0593668, "lat": 28.6832159, "highway": "residential", "point_id": 180 }, "geometry": { "type": "Point", "coordinates": [ 77.0593668, 28.6832159 ] } },
{ "type": "Feature", "properties": { "lon": 77.2212251, "lat": 28.5762922, "highway": "residential", "point_id": 181 }, "geometry": { "type": "Point", "coordinates": [ 77.2212251, 28.5762922 ] } },
{ "type": "Feature", "properties": { "lon": 77.1797072, "lat": 28.7622692, "highway": "residential", "point_id": 182 }, "geometry": { "type": "Point", "coordinates": [ 77.1797072, 28.7622692 ] } },
{ "type": "Feature", "properties": { "lon": 77.21103485, "lat": 28.59413455, "highway": "residential", "point_id": 183 }, "geometry": { "type": "Point", "coordinates": [ 77.21103485, 28.59413455 ] } },
{ "type": "Feature", "properties": { "lon": 77.2795853, "lat": 28.7251707, "highway": "residential", "point_id": 184 }, "geometry": { "type": "Point", "coordinates": [ 77.2795853, 28.7251707 ] } },
{ "type": "Feature", "properties": { "lon": 77.2948362, "lat": 28.65286165, "highway": "residential", "point_id": 185 }, "geometry": { "type": "Point", "coordinates": [ 77.2948362, 28.65286165 ] } },
{ "type": "Feature", "properties": { "lon": 77.2650172, "lat": 28.6908872, "highway": "residential", "point_id": 186 }, "geometry": { "type": "Point", "coordinates": [ 77.265017199999988, 28.6908872 ] } },
{ "type": "Feature", "properties": { "lon": 77.22998945000001, "lat": 28.6490413, "highway": "residential", "point_id": 187 }, "geometry": { "type": "Point", "coordinates": [ 77.22998945, 28.6490413 ] } },
{ "type": "Feature", "properties": { "lon": 77.26956135, "lat": 28.64609065, "highway": "residential", "point_id": 188 }, "geometry": { "type": "Point", "coordinates": [ 77.26956135, 28.64609065 ] } },
{ "type": "Feature", "properties": { "lon": 77.13086465000001, "lat": 28.5440091, "highway": "residential", "point_id": 189 }, "geometry": { "type": "Point", "coordinates": [ 77.13086465, 28.5440091 ] } },
{ "type": "Feature", "properties": { "lon": 77.0537266, "lat": 28.59367855, "highway": "residential", "point_id": 190 }, "geometry": { "type": "Point", "coordinates": [ 77.0537266, 28.59367855 ] } },
{ "type": "Feature", "properties": { "lon": 77.20549725000001, "lat": 28.73633395, "highway": "residential", "point_id": 191 }, "geometry": { "type": "Point", "coordinates": [ 77.20549725, 28.73633395 ] } },
{ "type": "Feature", "properties": { "lon": 77.21212585000001, "lat": 28.6622201, "highway": "residential", "point_id": 192 }, "geometry": { "type": "Point", "coordinates": [ 77.21212585, 28.6622201 ] } },
{ "type": "Feature", "properties": { "lon": 77.29174525000001, "lat": 28.63988405, "highway": "residential", "point_id": 193 }, "geometry": { "type": "Point", "coordinates": [ 77.29174525, 28.63988405 ] } },
{ "type": "Feature", "properties": { "lon": 77.2488556, "lat": 28.5567142, "highway": "residential", "point_id": 194 }, "geometry": { "type": "Point", "coordinates": [ 77.2488556, 28.5567142 ] } },
{ "type": "Feature", "properties": { "lon": 77.1314274, "lat": 28.79838, "highway": "residential", "point_id": 195 }, "geometry": { "type": "Point", "coordinates": [ 77.1314274, 28.79838 ] } },
{ "type": "Feature", "properties": { "lon": 77.0194924, "lat": 28.5701593, "highway": "residential", "point_id": 196 }, "geometry": { "type": "Point", "coordinates": [ 77.0194924, 28.5701593 ] } },
{ "type": "Feature", "properties": { "lon": 77.17852755, "lat": 28.7119096, "highway": "residential", "point_id": 197 }, "geometry": { "type": "Point", "coordinates": [ 77.17852755, 28.7119096 ] } },
{ "type": "Feature", "properties": { "lon": 77.05647195, "lat": 28.6588788, "highway": "residential", "point_id": 198 }, "geometry": { "type": "Point", "coordinates": [ 77.05647195, 28.6588788 ] } },
{ "type": "Feature", "properties": { "lon": 77.31602625, "lat": 28.49588545, "highway": "tertiary", "point_id": 199 }, "geometry": { "type": "Point", "coordinates": [ 77.31602625, 28.49588545 ] } },
{ "type": "Feature", "properties": { "lon": 76.91098725000001, "lat": 28.5538476, "highway": "tertiary", "point_id": 200 }, "geometry": { "type": "Point", "coordinates": [ 76.91098725, 28.5538476 ] } },
{ "type": "Feature", "properties": { "lon": 77.1203728, "lat": 28.6655208, "highway": "residential", "point_id": 201 }, "geometry": { "type": "Point", "coordinates": [ 77.1203728, 28.6655208 ] } },
{ "type": "Feature", "properties": { "lon": 77.0891302, "lat": 28.52230155, "highway": "residential", "point_id": 202 }, "geometry": { "type": "Point", "coordinates": [ 77.0891302, 28.52230155 ] } },
{ "type": "Feature", "properties": { "lon": 77.2331483, "lat": 28.5547255, "highway": "tertiary", "point_id": 203 }, "geometry": { "type": "Point", "coordinates": [ 77.2331483, 28.5547255 ] } },
{ "type": "Feature", "properties": { "lon": 77.18784265, "lat": 28.5262163, "highway": "tertiary", "point_id": 204 }, "geometry": { "type": "Point", "coordinates": [ 77.18784265, 28.5262163 ] } },
{ "type": "Feature", "properties": { "lon": 77.22520635000001, "lat": 28.51890025, "highway": "residential", "point_id": 205 }, "geometry": { "type": "Point", "coordinates": [ 77.22520635, 28.51890025 ] } },
{ "type": "Feature", "properties": { "lon": 77.08163305, "lat": 28.52391385, "highway": "residential", "point_id": 206 }, "geometry": { "type": "Point", "coordinates": [ 77.08163305, 28.52391385 ] } },
{ "type": "Feature", "properties": { "lon": 77.29279045, "lat": 28.6752607, "highway": "residential", "point_id": 207 }, "geometry": { "type": "Point", "coordinates": [ 77.29279045, 28.6752607 ] } },
{ "type": "Feature", "properties": { "lon": 77.28625225, "lat": 28.65843125, "highway": "tertiary", "point_id": 208 }, "geometry": { "type": "Point", "coordinates": [ 77.28625225, 28.65843125 ] } },
{ "type": "Feature", "properties": { "lon": 77.2881018, "lat": 28.6832348, "highway": "residential", "point_id": 209 }, "geometry": { "type": "Point", "coordinates": [ 77.2881018, 28.6832348 ] } },
{ "type": "Feature", "properties": { "lon": 77.0521379, "lat": 28.7775866, "highway": "residential", "point_id": 210 }, "geometry": { "type": "Point", "coordinates": [ 77.0521379, 28.7775866 ] } },
{ "type": "Feature", "properties": { "lon": 76.93208345, "lat": 28.60412235, "highway": "unclassified", "point_id": 211 }, "geometry": { "type": "Point", "coordinates": [ 76.93208345, 28.60412235 ] } },
{ "type": "Feature", "properties": { "lon": 77.22804595, "lat": 28.6482371, "highway": "unclassified", "point_id": 212 }, "geometry": { "type": "Point", "coordinates": [ 77.22804595, 28.6482371 ] } },
{ "type": "Feature", "properties": { "lon": 77.23089865, "lat": 28.57982155, "highway": "tertiary", "point_id": 213 }, "geometry": { "type": "Point", "coordinates": [ 77.23089865, 28.57982155 ] } },
{ "type": "Feature", "properties": { "lon": 77.2894972, "lat": 28.6147797, "highway": "secondary", "point_id": 214 }, "geometry": { "type": "Point", "coordinates": [ 77.2894972, 28.6147797 ] } },
{ "type": "Feature", "properties": { "lon": 77.15916475, "lat": 28.74508575, "highway": "residential", "point_id": 215 }, "geometry": { "type": "Point", "coordinates": [ 77.15916475, 28.74508575 ] } },
{ "type": "Feature", "properties": { "lon": 77.24644285, "lat": 28.72926715, "highway": "residential", "point_id": 216 }, "geometry": { "type": "Point", "coordinates": [ 77.24644285, 28.72926715 ] } },
{ "type": "Feature", "properties": { "lon": 76.9936437, "lat": 28.73688905, "highway": "residential", "point_id": 217 }, "geometry": { "type": "Point", "coordinates": [ 76.9936437, 28.73688905 ] } },
{ "type": "Feature", "properties": { "lon": 77.09941505, "lat": 28.63563065, "highway": "residential", "point_id": 218 }, "geometry": { "type": "Point", "coordinates": [ 77.09941505, 28.63563065 ] } },
{ "type": "Feature", "properties": { "lon": 77.2575812, "lat": 28.6876742, "highway": "residential", "point_id": 219 }, "geometry": { "type": "Point", "coordinates": [ 77.2575812, 28.6876742 ] } },
{ "type": "Feature", "properties": { "lon": 77.23016, "lat": 28.64870635, "highway": "residential", "point_id": 220 }, "geometry": { "type": "Point", "coordinates": [ 77.23016, 28.64870635 ] } },
{ "type": "Feature", "properties": { "lon": 77.1927239, "lat": 28.77015725, "highway": "residential", "point_id": 221 }, "geometry": { "type": "Point", "coordinates": [ 77.1927239, 28.77015725 ] } },
{ "type": "Feature", "properties": { "lon": 77.05544965, "lat": 28.5352272, "highway": "residential", "point_id": 222 }, "geometry": { "type": "Point", "coordinates": [ 77.05544965, 28.5352272 ] } },
{ "type": "Feature", "properties": { "lon": 77.0360527, "lat": 28.70956855, "highway": "residential", "point_id": 223 }, "geometry": { "type": "Point", "coordinates": [ 77.0360527, 28.70956855 ] } },
{ "type": "Feature", "properties": { "lon": 77.03431125, "lat": 28.6193752, "highway": "secondary", "point_id": 224 }, "geometry": { "type": "Point", "coordinates": [ 77.03431125, 28.6193752 ] } },
{ "type": "Feature", "properties": { "lon": 76.97456975, "lat": 28.7892433, "highway": "residential", "point_id": 225 }, "geometry": { "type": "Point", "coordinates": [ 76.97456975, 28.7892433 ] } },
{ "type": "Feature", "properties": { "lon": 77.0166804, "lat": 28.6664666, "highway": "residential", "point_id": 226 }, "geometry": { "type": "Point", "coordinates": [ 77.016680400000013, 28.6664666 ] } },
{ "type": "Feature", "properties": { "lon": 77.318900649999989, "lat": 28.66664295, "highway": "residential", "point_id": 227 }, "geometry": { "type": "Point", "coordinates": [ 77.318900649999989, 28.66664295 ] } },
{ "type": "Feature", "properties": { "lon": 77.0871815, "lat": 28.7095919, "highway": "residential", "point_id": 228 }, "geometry": { "type": "Point", "coordinates": [ 77.0871815, 28.7095919 ] } },
{ "type": "Feature", "properties": { "lon": 77.1760921, "lat": 28.6438865, "highway": "residential", "point_id": 229 }, "geometry": { "type": "Point", "coordinates": [ 77.1760921, 28.6438865 ] } },
{ "type": "Feature", "properties": { "lon": 77.2850013, "lat": 28.62810395, "highway": "residential", "point_id": 230 }, "geometry": { "type": "Point", "coordinates": [ 77.2850013, 28.62810395 ] } },
{ "type": "Feature", "properties": { "lon": 77.08527335, "lat": 28.5266168, "highway": "secondary", "point_id": 231 }, "geometry": { "type": "Point", "coordinates": [ 77.08527335, 28.5266168 ] } },
{ "type": "Feature", "properties": { "lon": 77.0913508, "lat": 28.65998675, "highway": "residential", "point_id": 232 }, "geometry": { "type": "Point", "coordinates": [ 77.0913508, 28.65998675 ] } },
{ "type": "Feature", "properties": { "lon": 76.94896635000001, "lat": 28.57233005, "highway": "residential", "point_id": 233 }, "geometry": { "type": "Point", "coordinates": [ 76.94896635, 28.57233005 ] } },
{ "type": "Feature", "properties": { "lon": 77.07970885, "lat": 28.67019735, "highway": "tertiary", "point_id": 234 }, "geometry": { "type": "Point", "coordinates": [ 77.07970885, 28.67019735 ] } },
{ "type": "Feature", "properties": { "lon": 77.30678835000001, "lat": 28.60052665, "highway": "residential", "point_id": 235 }, "geometry": { "type": "Point", "coordinates": [ 77.30678835, 28.60052665 ] } },
{ "type": "Feature", "properties": { "lon": 77.31737955, "lat": 28.53210475, "highway": "tertiary", "point_id": 236 }, "geometry": { "type": "Point", "coordinates": [ 77.31737955, 28.53210475 ] } },
{ "type": "Feature", "properties": { "lon": 77.07076675, "lat": 28.7090531, "highway": "residential", "point_id": 237 }, "geometry": { "type": "Point", "coordinates": [ 77.07076675, 28.7090531 ] } },
{ "type": "Feature", "properties": { "lon": 77.26520985, "lat": 28.70437405, "highway": "residential", "point_id": 238 }, "geometry": { "type": "Point", "coordinates": [ 77.26520985, 28.70437405 ] } },
{ "type": "Feature", "properties": { "lon": 77.07693125, "lat": 28.6042279, "highway": "residential", "point_id": 239 }, "geometry": { "type": "Point", "coordinates": [ 77.07693125, 28.6042279 ] } },
{ "type": "Feature", "properties": { "lon": 77.05564965, "lat": 28.74563155, "highway": "residential", "point_id": 240 }, "geometry": { "type": "Point", "coordinates": [ 77.05564965, 28.74563155 ] } },
{ "type": "Feature", "properties": { "lon": 77.0774573, "lat": 28.74638865, "highway": "residential", "point_id": 241 }, "geometry": { "type": "Point", "coordinates": [ 77.0774573, 28.74638865 ] } },
{ "type": "Feature", "properties": { "lon": 77.3110244, "lat": 28.65059575, "highway": "residential", "point_id": 242 }, "geometry": { "type": "Point", "coordinates": [ 77.3110244, 28.65059575 ] } },
{ "type": "Feature", "properties": { "lon": 77.18118205, "lat": 28.5025007, "highway": "secondary", "point_id": 243 }, "geometry": { "type": "Point", "coordinates": [ 77.18118205, 28.5025007 ] } },
{ "type": "Feature", "properties": { "lon": 77.33182535, "lat": 28.500126, "highway": "residential", "point_id": 244 }, "geometry": { "type": "Point", "coordinates": [ 77.33182535, 28.500126 ] } },
{ "type": "Feature", "properties": { "lon": 77.27848125, "lat": 28.66301345, "highway": "residential", "point_id": 245 }, "geometry": { "type": "Point", "coordinates": [ 77.27848125, 28.66301345 ] } },
{ "type": "Feature", "properties": { "lon": 77.1828083, "lat": 28.6533059, "highway": "residential", "point_id": 246 }, "geometry": { "type": "Point", "coordinates": [ 77.1828083, 28.6533059 ] } },
{ "type": "Feature", "properties": { "lon": 77.1692436, "lat": 28.68656225, "highway": "residential", "point_id": 247 }, "geometry": { "type": "Point", "coordinates": [ 77.1692436, 28.68656225 ] } },
{ "type": "Feature", "properties": { "lon": 77.12998825, "lat": 28.6878183, "highway": "residential", "point_id": 248 }, "geometry": { "type": "Point", "coordinates": [ 77.12998825, 28.6878183 ] } },
{ "type": "Feature", "properties": { "lon": 77.17577255, "lat": 28.5637804, "highway": "residential", "point_id": 249 }, "geometry": { "type": "Point", "coordinates": [ 77.17577255, 28.5637804 ] } },
{ "type": "Feature", "properties": { "lon": 77.06684725, "lat": 28.72792315, "highway": "residential", "point_id": 250 }, "geometry": { "type": "Point", "coordinates": [ 77.06684725, 28.72792315 ] } },
{ "type": "Feature", "properties": { "lon": 76.9953734, "lat": 28.62572695, "highway": "residential", "point_id": 251 }, "geometry": { "type": "Point", "coordinates": [ 76.9953734, 28.62572695 ] } },
{ "type": "Feature", "properties": { "lon": 77.25753445000001, "lat": 28.522615, "highway": "residential", "point_id": 252 }, "geometry": { "type": "Point", "coordinates": [ 77.25753445, 28.522615 ] } },
{ "type": "Feature", "properties": { "lon": 76.86721885, "lat": 28.57276, "highway": "residential", "point_id": 253 }, "geometry": { "type": "Point", "coordinates": [ 76.86721885, 28.57276 ] } },
{ "type": "Feature", "properties": { "lon": 77.18979515000001, "lat": 28.49806695, "highway": "residential", "point_id": 254 }, "geometry": { "type": "Point", "coordinates": [ 77.18979515, 28.49806695 ] } },
{ "type": "Feature", "properties": { "lon": 76.9430101, "lat": 28.6038173, "highway": "residential", "point_id": 255 }, "geometry": { "type": "Point", "coordinates": [ 76.9430101, 28.6038173 ] } },
{ "type": "Feature", "properties": { "lon": 77.2761467, "lat": 28.5471129, "highway": "residential", "point_id": 256 }, "geometry": { "type": "Point", "coordinates": [ 77.2761467, 28.5471129 ] } },
{ "type": "Feature", "properties": { "lon": 76.98555025, "lat": 28.77922015, "highway": "unclassified", "point_id": 257 }, "geometry": { "type": "Point", "coordinates": [ 76.98555025, 28.77922015 ] } },
{ "type": "Feature", "properties": { "lon": 77.3179053, "lat": 28.5267963, "highway": "residential", "point_id": 258 }, "geometry": { "type": "Point", "coordinates": [ 77.3179053, 28.5267963 ] } },
{ "type": "Feature", "properties": { "lon": 77.18529555000001, "lat": 28.7375893, "highway": "residential", "point_id": 259 }, "geometry": { "type": "Point", "coordinates": [ 77.18529555, 28.7375893 ] } },
{ "type": "Feature", "properties": { "lon": 77.1337735, "lat": 28.641866, "highway": "residential", "point_id": 260 }, "geometry": { "type": "Point", "coordinates": [ 77.1337735, 28.641866 ] } },
{ "type": "Feature", "properties": { "lon": 77.1511884, "lat": 28.68073455, "highway": "secondary", "point_id": 261 }, "geometry": { "type": "Point", "coordinates": [ 77.1511884, 28.68073455 ] } },
{ "type": "Feature", "properties": { "lon": 77.27316395, "lat": 28.65656885, "highway": "tertiary", "point_id": 262 }, "geometry": { "type": "Point", "coordinates": [ 77.27316395, 28.65656885 ] } },
{ "type": "Feature", "properties": { "lon": 77.1641251, "lat": 28.65374295, "highway": "residential", "point_id": 263 }, "geometry": { "type": "Point", "coordinates": [ 77.1641251, 28.65374295 ] } },
{ "type": "Feature", "properties": { "lon": 77.302466, "lat": 28.64986195, "highway": "residential", "point_id": 264 }, "geometry": { "type": "Point", "coordinates": [ 77.302466, 28.64986195 ] } },
{ "type": "Feature", "properties": { "lon": 77.07207145000001, "lat": 28.67529665, "highway": "residential", "point_id": 265 }, "geometry": { "type": "Point", "coordinates": [ 77.07207145000001, 28.67529665 ] } },
{ "type": "Feature", "properties": { "lon": 77.0618632, "lat": 28.71185865, "highway": "residential", "point_id": 266 }, "geometry": { "type": "Point", "coordinates": [ 77.0618632, 28.71185865 ] } },
{ "type": "Feature", "properties": { "lon": 77.113022550000011, "lat": 28.5062649, "highway": "residential", "point_id": 267 }, "geometry": { "type": "Point", "coordinates": [ 77.113022550000011, 28.5062649 ] } },
{ "type": "Feature", "properties": { "lon": 77.07224285000001, "lat": 28.61043115, "highway": "residential", "point_id": 268 }, "geometry": { "type": "Point", "coordinates": [ 77.07224285, 28.61043115 ] } },
{ "type": "Feature", "properties": { "lon": 76.9768188, "lat": 28.80387355, "highway": "residential", "point_id": 269 }, "geometry": { "type": "Point", "coordinates": [ 76.9768188, 28.80387355 ] } },
{ "type": "Feature", "properties": { "lon": 77.1642443, "lat": 28.67388, "highway": "tertiary", "point_id": 270 }, "geometry": { "type": "Point", "coordinates": [ 77.1642443, 28.67388 ] } },
{ "type": "Feature", "properties": { "lon": 77.28491395, "lat": 28.49944925, "highway": "residential", "point_id": 271 }, "geometry": { "type": "Point", "coordinates": [ 77.28491395, 28.49944925 ] } },
{ "type": "Feature", "properties": { "lon": 77.1746399, "lat": 28.44357445, "highway": "residential", "point_id": 272 }, "geometry": { "type": "Point", "coordinates": [ 77.1746399, 28.44357445 ] } },
{ "type": "Feature", "properties": { "lon": 77.1641791, "lat": 28.51475155, "highway": "residential", "point_id": 273 }, "geometry": { "type": "Point", "coordinates": [ 77.1641791, 28.51475155 ] } },
{ "type": "Feature", "properties": { "lon": 77.1208799, "lat": 28.8363984, "highway": "residential", "point_id": 274 }, "geometry": { "type": "Point", "coordinates": [ 77.1208799, 28.8363984 ] } },
{ "type": "Feature", "properties": { "lon": 77.0836779, "lat": 28.60456945, "highway": "residential", "point_id": 275 }, "geometry": { "type": "Point", "coordinates": [ 77.0836779, 28.60456945 ] } },
{ "type": "Feature", "properties": { "lon": 77.1961958, "lat": 28.6463047, "highway": "tertiary", "point_id": 276 }, "geometry": { "type": "Point", "coordinates": [ 77.1961958, 28.6463047 ] } },
{ "type": "Feature", "properties": { "lon": 77.0952858, "lat": 28.5904197, "highway": "residential", "point_id": 277 }, "geometry": { "type": "Point", "coordinates": [ 77.0952858, 28.5904197 ] } },
{ "type": "Feature", "properties": { "lon": 77.07850205, "lat": 28.6782172, "highway": "residential", "point_id": 278 }, "geometry": { "type": "Point", "coordinates": [ 77.07850205, 28.6782172 ] } },
{ "type": "Feature", "properties": { "lon": 77.05384995, "lat": 28.62235675, "highway": "residential", "point_id": 279 }, "geometry": { "type": "Point", "coordinates": [ 77.05384995, 28.62235675 ] } },
{ "type": "Feature", "properties": { "lon": 77.2109785, "lat": 28.66060455, "highway": "residential", "point_id": 280 }, "geometry": { "type": "Point", "coordinates": [ 77.2109785, 28.66060455 ] } },
{ "type": "Feature", "properties": { "lon": 77.31743525, "lat": 28.6607536, "highway": "residential", "point_id": 281 }, "geometry": { "type": "Point", "coordinates": [ 77.31743525, 28.6607536 ] } },
{ "type": "Feature", "properties": { "lon": 77.33263885, "lat": 28.5012809, "highway": "residential", "point_id": 282 }, "geometry": { "type": "Point", "coordinates": [ 77.33263885, 28.5012809 ] } },
{ "type": "Feature", "properties": { "lon": 77.3173297, "lat": 28.5113877, "highway": "residential", "point_id": 283 }, "geometry": { "type": "Point", "coordinates": [ 77.3173297, 28.5113877 ] } },
{ "type": "Feature", "properties": { "lon": 77.30588385, "lat": 28.4963081, "highway": "residential", "point_id": 284 }, "geometry": { "type": "Point", "coordinates": [ 77.30588385, 28.4963081 ] } },
{ "type": "Feature", "properties": { "lon": 77.29644245, "lat": 28.5556853, "highway": "residential", "point_id": 285 }, "geometry": { "type": "Point", "coordinates": [ 77.29644245, 28.5556853 ] } },
{ "type": "Feature", "properties": { "lon": 76.9887283, "lat": 28.6135067, "highway": "residential", "point_id": 286 }, "geometry": { "type": "Point", "coordinates": [ 76.9887283, 28.6135067 ] } },
{ "type": "Feature", "properties": { "lon": 77.28903935, "lat": 28.66753295, "highway": "tertiary", "point_id": 287 }, "geometry": { "type": "Point", "coordinates": [ 77.28903935, 28.66753295 ] } },
{ "type": "Feature", "properties": { "lon": 77.30448345, "lat": 28.6047687, "highway": "residential", "point_id": 288 }, "geometry": { "type": "Point", "coordinates": [ 77.30448345, 28.6047687 ] } },
{ "type": "Feature", "properties": { "lon": 77.09552255, "lat": 28.6266378, "highway": "residential", "point_id": 289 }, "geometry": { "type": "Point", "coordinates": [ 77.09552255, 28.6266378 ] } },
{ "type": "Feature", "properties": { "lon": 77.3140579, "lat": 28.65466105, "highway": "residential", "point_id": 290 }, "geometry": { "type": "Point", "coordinates": [ 77.3140579, 28.65466105 ] } },
{ "type": "Feature", "properties": { "lon": 77.29887745, "lat": 28.6427334, "highway": "residential", "point_id": 291 }, "geometry": { "type": "Point", "coordinates": [ 77.29887745, 28.6427334 ] } },
{ "type": "Feature", "properties": { "lon": 77.08832045, "lat": 28.63241115, "highway": "residential", "point_id": 292 }, "geometry": { "type": "Point", "coordinates": [ 77.08832045, 28.63241115 ] } },
{ "type": "Feature", "properties": { "lon": 77.1346998, "lat": 28.8251083, "highway": "tertiary", "point_id": 293 }, "geometry": { "type": "Point", "coordinates": [ 77.1346998, 28.8251083 ] } },
{ "type": "Feature", "properties": { "lon": 77.0373363, "lat": 28.60496135, "highway": "secondary", "point_id": 294 }, "geometry": { "type": "Point", "coordinates": [ 77.0373363, 28.60496135 ] } },
{ "type": "Feature", "properties": { "lon": 77.19774075000001, "lat": 28.46038155, "highway": "residential", "point_id": 295 }, "geometry": { "type": "Point", "coordinates": [ 77.19774075, 28.46038155 ] } },
{ "type": "Feature", "properties": { "lon": 77.1059597, "lat": 28.5084525, "highway": "residential", "point_id": 296 }, "geometry": { "type": "Point", "coordinates": [ 77.1059597, 28.5084525 ] } },
{ "type": "Feature", "properties": { "lon": 77.1384291, "lat": 28.58089425, "highway": "residential", "point_id": 297 }, "geometry": { "type": "Point", "coordinates": [ 77.1384291, 28.58089425 ] } },
{ "type": "Feature", "properties": { "lon": 77.05230715, "lat": 28.6004535, "highway": "residential", "point_id": 298 }, "geometry": { "type": "Point", "coordinates": [ 77.05230715, 28.6004535 ] } },
{ "type": "Feature", "properties": { "lon": 77.28804295, "lat": 28.57190705, "highway": "residential", "point_id": 299 }, "geometry": { "type": "Point", "coordinates": [ 77.28804295, 28.57190705 ] } },
{ "type": "Feature", "properties": { "lon": 77.03591835, "lat": 28.59709135, "highway": "residential", "point_id": 300 }, "geometry": { "type": "Point", "coordinates": [ 77.03591835, 28.59709135 ] } },
{ "type": "Feature", "properties": { "lon": 77.23901475, "lat": 28.5247732, "highway": "residential", "point_id": 301 }, "geometry": { "type": "Point", "coordinates": [ 77.23901475, 28.5247732 ] } },
{ "type": "Feature", "properties": { "lon": 77.1650027, "lat": 28.7158828, "highway": "tertiary", "point_id": 302 }, "geometry": { "type": "Point", "coordinates": [ 77.1650027, 28.7158828 ] } },
{ "type": "Feature", "properties": { "lon": 77.15828395, "lat": 28.65993455, "highway": "residential", "point_id": 303 }, "geometry": { "type": "Point", "coordinates": [ 77.15828395, 28.65993455 ] } },
{ "type": "Feature", "properties": { "lon": 76.99936125, "lat": 28.6963457, "highway": "residential", "point_id": 304 }, "geometry": { "type": "Point", "coordinates": [ 76.99936125, 28.6963457 ] } },
{ "type": "Feature", "properties": { "lon": 77.1898998, "lat": 28.4587502, "highway": "residential", "point_id": 305 }, "geometry": { "type": "Point", "coordinates": [ 77.1898998, 28.4587502 ] } },
{ "type": "Feature", "properties": { "lon": 77.1409095, "lat": 28.66254405, "highway": "residential", "point_id": 306 }, "geometry": { "type": "Point", "coordinates": [ 77.1409095, 28.66254405 ] } },
{ "type": "Feature", "properties": { "lon": 77.291165, "lat": 28.6276907, "highway": "residential", "point_id": 307 }, "geometry": { "type": "Point", "coordinates": [ 77.291165, 28.6276907 ] } },
{ "type": "Feature", "properties": { "lon": 77.07868005, "lat": 28.8389531, "highway": "residential", "point_id": 308 }, "geometry": { "type": "Point", "coordinates": [ 77.07868005, 28.8389531 ] } },
{ "type": "Feature", "properties": { "lon": 77.1496429, "lat": 28.627642, "highway": "residential", "point_id": 309 }, "geometry": { "type": "Point", "coordinates": [ 77.1496429, 28.627642 ] } },
{ "type": "Feature", "properties": { "lon": 77.00062715, "lat": 28.8064963, "highway": "residential", "point_id": 310 }, "geometry": { "type": "Point", "coordinates": [ 77.00062715, 28.8064963 ] } },
{ "type": "Feature", "properties": { "lon": 77.131015, "lat": 28.48765235, "highway": "residential", "point_id": 311 }, "geometry": { "type": "Point", "coordinates": [ 77.131015, 28.48765235 ] } },
{ "type": "Feature", "properties": { "lon": 77.09757335, "lat": 28.63590075, "highway": "residential", "point_id": 312 }, "geometry": { "type": "Point", "coordinates": [ 77.09757335, 28.63590075 ] } },
{ "type": "Feature", "properties": { "lon": 77.05350345, "lat": 28.73454735, "highway": "residential", "point_id": 313 }, "geometry": { "type": "Point", "coordinates": [ 77.05350345, 28.73454735 ] } },
{ "type": "Feature", "properties": { "lon": 77.16954705000001, "lat": 28.6589223, "highway": "residential", "point_id": 314 }, "geometry": { "type": "Point", "coordinates": [ 77.16954705, 28.6589223 ] } },
{ "type": "Feature", "properties": { "lon": 77.0151643, "lat": 28.60373715, "highway": "residential", "point_id": 315 }, "geometry": { "type": "Point", "coordinates": [ 77.0151643, 28.60373715 ] } },
{ "type": "Feature", "properties": { "lon": 77.2593476, "lat": 28.61717615, "highway": "residential", "point_id": 316 }, "geometry": { "type": "Point", "coordinates": [ 77.2593476, 28.61717615 ] } },
{ "type": "Feature", "properties": { "lon": 77.17609305, "lat": 28.7003155, "highway": "residential", "point_id": 317 }, "geometry": { "type": "Point", "coordinates": [ 77.17609305, 28.7003155 ] } },
{ "type": "Feature", "properties": { "lon": 77.231758, "lat": 28.6228318, "highway": "residential", "point_id": 318 }, "geometry": { "type": "Point", "coordinates": [ 77.231758, 28.6228318 ] } },
{ "type": "Feature", "properties": { "lon": 76.86244565, "lat": 28.5764625, "highway": "tertiary", "point_id": 319 }, "geometry": { "type": "Point", "coordinates": [ 76.86244565, 28.5764625 ] } },
{ "type": "Feature", "properties": { "lon": 77.07601125, "lat": 28.7720022, "highway": "residential", "point_id": 320 }, "geometry": { "type": "Point", "coordinates": [ 77.07601125, 28.7720022 ] } },
{ "type": "Feature", "properties": { "lon": 77.14175535, "lat": 28.59653015, "highway": "tertiary", "point_id": 321 }, "geometry": { "type": "Point", "coordinates": [ 77.14175535, 28.59653015 ] } },
{ "type": "Feature", "properties": { "lon": 77.025664, "lat": 28.6513952, "highway": "residential", "point_id": 322 }, "geometry": { "type": "Point", "coordinates": [ 77.025664, 28.6513952 ] } },
{ "type": "Feature", "properties": { "lon": 77.22196295000001, "lat": 28.73930135, "highway": "residential", "point_id": 323 }, "geometry": { "type": "Point", "coordinates": [ 77.22196295, 28.73930135 ] } },
{ "type": "Feature", "properties": { "lon": 77.218677649999989, "lat": 28.62040355, "highway": "secondary", "point_id": 324 }, "geometry": { "type": "Point", "coordinates": [ 77.218677649999989, 28.62040355 ] } },
{ "type": "Feature", "properties": { "lon": 77.07723325000001, "lat": 28.7176453, "highway": "residential", "point_id": 325 }, "geometry": { "type": "Point", "coordinates": [ 77.07723325, 28.7176453 ] } },
{ "type": "Feature", "properties": { "lon": 77.10116575000001, "lat": 28.75940375, "highway": "residential", "point_id": 326 }, "geometry": { "type": "Point", "coordinates": [ 77.10116575, 28.75940375 ] } },
{ "type": "Feature", "properties": { "lon": 77.3265101, "lat": 28.49797245, "highway": "residential", "point_id": 327 }, "geometry": { "type": "Point", "coordinates": [ 77.3265101, 28.49797245 ] } },
{ "type": "Feature", "properties": { "lon": 77.11379005000001, "lat": 28.66484005, "highway": "residential", "point_id": 328 }, "geometry": { "type": "Point", "coordinates": [ 77.11379005, 28.66484005 ] } },
{ "type": "Feature", "properties": { "lon": 77.0157913, "lat": 28.62391765, "highway": "residential", "point_id": 329 }, "geometry": { "type": "Point", "coordinates": [ 77.0157913, 28.62391765 ] } },
{ "type": "Feature", "properties": { "lon": 77.0412561, "lat": 28.6173165, "highway": "residential", "point_id": 330 }, "geometry": { "type": "Point", "coordinates": [ 77.0412561, 28.6173165 ] } },
{ "type": "Feature", "properties": { "lon": 77.0589971, "lat": 28.67772665, "highway": "residential", "point_id": 331 }, "geometry": { "type": "Point", "coordinates": [ 77.0589971, 28.67772665 ] } },
{ "type": "Feature", "properties": { "lon": 77.2161469, "lat": 28.62786645, "highway": "secondary", "point_id": 332 }, "geometry": { "type": "Point", "coordinates": [ 77.2161469, 28.62786645 ] } },
{ "type": "Feature", "properties": { "lon": 77.30380225, "lat": 28.51530605, "highway": "residential", "point_id": 333 }, "geometry": { "type": "Point", "coordinates": [ 77.30380225, 28.51530605 ] } },
{ "type": "Feature", "properties": { "lon": 77.2627927, "lat": 28.70362145, "highway": "trunk", "point_id": 334 }, "geometry": { "type": "Point", "coordinates": [ 77.2627927, 28.70362145 ] } },
{ "type": "Feature", "properties": { "lon": 77.21898225000001, "lat": 28.7334782, "highway": "tertiary", "point_id": 335 }, "geometry": { "type": "Point", "coordinates": [ 77.21898225000001, 28.7334782 ] } },
{ "type": "Feature", "properties": { "lon": 77.20337945, "lat": 28.7464845, "highway": "residential", "point_id": 336 }, "geometry": { "type": "Point", "coordinates": [ 77.20337945, 28.7464845 ] } },
{ "type": "Feature", "properties": { "lon": 77.3097645, "lat": 28.51473735, "highway": "residential", "point_id": 337 }, "geometry": { "type": "Point", "coordinates": [ 77.3097645, 28.51473735 ] } },
{ "type": "Feature", "properties": { "lon": 77.1670096, "lat": 28.76133075, "highway": "residential", "point_id": 338 }, "geometry": { "type": "Point", "coordinates": [ 77.1670096, 28.76133075 ] } },
{ "type": "Feature", "properties": { "lon": 77.053045, "lat": 28.78602845, "highway": "residential", "point_id": 339 }, "geometry": { "type": "Point", "coordinates": [ 77.053045, 28.78602845 ] } },
{ "type": "Feature", "properties": { "lon": 77.1477292, "lat": 28.62304, "highway": "unclassified", "point_id": 340 }, "geometry": { "type": "Point", "coordinates": [ 77.1477292, 28.62304 ] } },
{ "type": "Feature", "properties": { "lon": 77.2135581, "lat": 28.6529402, "highway": "residential", "point_id": 341 }, "geometry": { "type": "Point", "coordinates": [ 77.2135581, 28.6529402 ] } },
{ "type": "Feature", "properties": { "lon": 77.3132667, "lat": 28.50637795, "highway": "residential", "point_id": 342 }, "geometry": { "type": "Point", "coordinates": [ 77.3132667, 28.50637795 ] } },
{ "type": "Feature", "properties": { "lon": 76.9988661, "lat": 28.6028183, "highway": "residential", "point_id": 343 }, "geometry": { "type": "Point", "coordinates": [ 76.9988661, 28.6028183 ] } },
{ "type": "Feature", "properties": { "lon": 77.01782595, "lat": 28.60731645, "highway": "residential", "point_id": 344 }, "geometry": { "type": "Point", "coordinates": [ 77.01782595, 28.60731645 ] } },
{ "type": "Feature", "properties": { "lon": 77.2738845, "lat": 28.67192345, "highway": "trunk", "point_id": 345 }, "geometry": { "type": "Point", "coordinates": [ 77.2738845, 28.67192345 ] } },
{ "type": "Feature", "properties": { "lon": 77.166295850000012, "lat": 28.58671385, "highway": "tertiary", "point_id": 346 }, "geometry": { "type": "Point", "coordinates": [ 77.166295850000012, 28.58671385 ] } },
{ "type": "Feature", "properties": { "lon": 77.1678095, "lat": 28.4502087, "highway": "residential", "point_id": 347 }, "geometry": { "type": "Point", "coordinates": [ 77.1678095, 28.4502087 ] } },
{ "type": "Feature", "properties": { "lon": 77.02990395, "lat": 28.62780045, "highway": "residential", "point_id": 348 }, "geometry": { "type": "Point", "coordinates": [ 77.02990395, 28.62780045 ] } },
{ "type": "Feature", "properties": { "lon": 77.0113911, "lat": 28.5696563, "highway": "residential", "point_id": 349 }, "geometry": { "type": "Point", "coordinates": [ 77.0113911, 28.5696563 ] } },
{ "type": "Feature", "properties": { "lon": 77.13949945, "lat": 28.6480065, "highway": "residential", "point_id": 350 }, "geometry": { "type": "Point", "coordinates": [ 77.13949945, 28.6480065 ] } },
{ "type": "Feature", "properties": { "lon": 77.14632485, "lat": 28.6644003, "highway": "residential", "point_id": 351 }, "geometry": { "type": "Point", "coordinates": [ 77.14632485, 28.6644003 ] } },
{ "type": "Feature", "properties": { "lon": 77.0075277, "lat": 28.83461855, "highway": "residential", "point_id": 352 }, "geometry": { "type": "Point", "coordinates": [ 77.0075277, 28.83461855 ] } },
{ "type": "Feature", "properties": { "lon": 77.041211049999987, "lat": 28.7651691, "highway": "residential", "point_id": 353 }, "geometry": { "type": "Point", "coordinates": [ 77.041211049999987, 28.7651691 ] } },
{ "type": "Feature", "properties": { "lon": 77.0788556, "lat": 28.71024405, "highway": "residential", "point_id": 354 }, "geometry": { "type": "Point", "coordinates": [ 77.0788556, 28.71024405 ] } },
{ "type": "Feature", "properties": { "lon": 77.07876315, "lat": 28.8404988, "highway": "residential", "point_id": 355 }, "geometry": { "type": "Point", "coordinates": [ 77.07876315, 28.8404988 ] } },
{ "type": "Feature", "properties": { "lon": 77.2027844, "lat": 28.51031775, "highway": "residential", "point_id": 356 }, "geometry": { "type": "Point", "coordinates": [ 77.2027844, 28.51031775 ] } },
{ "type": "Feature", "properties": { "lon": 77.23198915, "lat": 28.5179528, "highway": "residential", "point_id": 357 }, "geometry": { "type": "Point", "coordinates": [ 77.23198915, 28.5179528 ] } },
{ "type": "Feature", "properties": { "lon": 77.0838436, "lat": 28.6111723, "highway": "residential", "point_id": 358 }, "geometry": { "type": "Point", "coordinates": [ 77.0838436, 28.6111723 ] } },
{ "type": "Feature", "properties": { "lon": 77.33169435, "lat": 28.60426495, "highway": "residential", "point_id": 359 }, "geometry": { "type": "Point", "coordinates": [ 77.33169435, 28.60426495 ] } },
{ "type": "Feature", "properties": { "lon": 77.0674853, "lat": 28.6520868, "highway": "residential", "point_id": 360 }, "geometry": { "type": "Point", "coordinates": [ 77.0674853, 28.6520868 ] } },
{ "type": "Feature", "properties": { "lon": 77.066025, "lat": 28.739675, "highway": "residential", "point_id": 361 }, "geometry": { "type": "Point", "coordinates": [ 77.066025, 28.739675 ] } },
{ "type": "Feature", "properties": { "lon": 77.28864785, "lat": 28.6336064, "highway": "residential", "point_id": 362 }, "geometry": { "type": "Point", "coordinates": [ 77.28864785, 28.6336064 ] } },
{ "type": "Feature", "properties": { "lon": 77.2798964, "lat": 28.6796653, "highway": "residential", "point_id": 363 }, "geometry": { "type": "Point", "coordinates": [ 77.279896400000013, 28.6796653 ] } },
{ "type": "Feature", "properties": { "lon": 77.06118355000001, "lat": 28.75261845, "highway": "unclassified", "point_id": 364 }, "geometry": { "type": "Point", "coordinates": [ 77.06118355000001, 28.75261845 ] } },
{ "type": "Feature", "properties": { "lon": 77.0475579, "lat": 28.7924521, "highway": "residential", "point_id": 365 }, "geometry": { "type": "Point", "coordinates": [ 77.0475579, 28.7924521 ] } },
{ "type": "Feature", "properties": { "lon": 77.2411232, "lat": 28.53497955, "highway": "residential", "point_id": 366 }, "geometry": { "type": "Point", "coordinates": [ 77.2411232, 28.53497955 ] } },
{ "type": "Feature", "properties": { "lon": 77.1562381, "lat": 28.47006545, "highway": "residential", "point_id": 367 }, "geometry": { "type": "Point", "coordinates": [ 77.1562381, 28.47006545 ] } },
{ "type": "Feature", "properties": { "lon": 77.06688615, "lat": 28.61234585, "highway": "residential", "point_id": 368 }, "geometry": { "type": "Point", "coordinates": [ 77.06688615, 28.61234585 ] } },
{ "type": "Feature", "properties": { "lon": 77.18198225, "lat": 28.6673072, "highway": "residential", "point_id": 369 }, "geometry": { "type": "Point", "coordinates": [ 77.18198225, 28.6673072 ] } },
{ "type": "Feature", "properties": { "lon": 77.32545615000001, "lat": 28.62787805, "highway": "residential", "point_id": 370 }, "geometry": { "type": "Point", "coordinates": [ 77.32545615, 28.62787805 ] } },
{ "type": "Feature", "properties": { "lon": 77.09580005000001, "lat": 28.71973465, "highway": "residential", "point_id": 371 }, "geometry": { "type": "Point", "coordinates": [ 77.09580005, 28.71973465 ] } },
{ "type": "Feature", "properties": { "lon": 76.9794485, "lat": 28.5864616, "highway": "residential", "point_id": 372 }, "geometry": { "type": "Point", "coordinates": [ 76.9794485, 28.5864616 ] } },
{ "type": "Feature", "properties": { "lon": 77.1795182, "lat": 28.6393953, "highway": "residential", "point_id": 373 }, "geometry": { "type": "Point", "coordinates": [ 77.1795182, 28.6393953 ] } },
{ "type": "Feature", "properties": { "lon": 77.2816913, "lat": 28.6255769, "highway": "residential", "point_id": 374 }, "geometry": { "type": "Point", "coordinates": [ 77.2816913, 28.6255769 ] } },
{ "type": "Feature", "properties": { "lon": 77.21006085, "lat": 28.5110882, "highway": "residential", "point_id": 375 }, "geometry": { "type": "Point", "coordinates": [ 77.21006085, 28.5110882 ] } },
{ "type": "Feature", "properties": { "lon": 77.04389055, "lat": 28.72821905, "highway": "residential", "point_id": 376 }, "geometry": { "type": "Point", "coordinates": [ 77.04389055, 28.72821905 ] } },
{ "type": "Feature", "properties": { "lon": 77.1001488, "lat": 28.77304225, "highway": "residential", "point_id": 377 }, "geometry": { "type": "Point", "coordinates": [ 77.1001488, 28.77304225 ] } },
{ "type": "Feature", "properties": { "lon": 77.28672355, "lat": 28.68245745, "highway": "residential", "point_id": 378 }, "geometry": { "type": "Point", "coordinates": [ 77.28672355, 28.68245745 ] } },
{ "type": "Feature", "properties": { "lon": 77.1591478, "lat": 28.4958002, "highway": "residential", "point_id": 379 }, "geometry": { "type": "Point", "coordinates": [ 77.1591478, 28.4958002 ] } },
{ "type": "Feature", "properties": { "lon": 77.10180355, "lat": 28.6884238, "highway": "tertiary", "point_id": 380 }, "geometry": { "type": "Point", "coordinates": [ 77.10180355, 28.6884238 ] } },
{ "type": "Feature", "properties": { "lon": 77.0528848, "lat": 28.67569455, "highway": "residential", "point_id": 381 }, "geometry": { "type": "Point", "coordinates": [ 77.0528848, 28.67569455 ] } },
{ "type": "Feature", "properties": { "lon": 77.1213209, "lat": 28.59368665, "highway": "residential", "point_id": 382 }, "geometry": { "type": "Point", "coordinates": [ 77.1213209, 28.59368665 ] } },
{ "type": "Feature", "properties": { "lon": 77.00070085, "lat": 28.61594305, "highway": "residential", "point_id": 383 }, "geometry": { "type": "Point", "coordinates": [ 77.00070085, 28.61594305 ] } },
{ "type": "Feature", "properties": { "lon": 77.3285384, "lat": 28.6871035, "highway": "residential", "point_id": 384 }, "geometry": { "type": "Point", "coordinates": [ 77.3285384, 28.6871035 ] } },
{ "type": "Feature", "properties": { "lon": 77.08286105, "lat": 28.5981372, "highway": "residential", "point_id": 385 }, "geometry": { "type": "Point", "coordinates": [ 77.08286105, 28.5981372 ] } },
{ "type": "Feature", "properties": { "lon": 77.22844475, "lat": 28.62680205, "highway": "residential", "point_id": 386 }, "geometry": { "type": "Point", "coordinates": [ 77.22844475, 28.62680205 ] } },
{ "type": "Feature", "properties": { "lon": 77.28501745, "lat": 28.71881855, "highway": "residential", "point_id": 387 }, "geometry": { "type": "Point", "coordinates": [ 77.28501745, 28.71881855 ] } },
{ "type": "Feature", "properties": { "lon": 77.1858195, "lat": 28.79909795, "highway": "residential", "point_id": 388 }, "geometry": { "type": "Point", "coordinates": [ 77.1858195, 28.79909795 ] } },
{ "type": "Feature", "properties": { "lon": 77.0543396, "lat": 28.74193385, "highway": "residential", "point_id": 389 }, "geometry": { "type": "Point", "coordinates": [ 77.0543396, 28.74193385 ] } },
{ "type": "Feature", "properties": { "lon": 77.09503185, "lat": 28.73703265, "highway": "residential", "point_id": 390 }, "geometry": { "type": "Point", "coordinates": [ 77.09503185, 28.73703265 ] } },
{ "type": "Feature", "properties": { "lon": 77.1374912, "lat": 28.7302527, "highway": "tertiary", "point_id": 391 }, "geometry": { "type": "Point", "coordinates": [ 77.1374912, 28.7302527 ] } },
{ "type": "Feature", "properties": { "lon": 77.0942261, "lat": 28.85252575, "highway": "tertiary", "point_id": 392 }, "geometry": { "type": "Point", "coordinates": [ 77.0942261, 28.85252575 ] } },
{ "type": "Feature", "properties": { "lon": 77.0624491, "lat": 28.70344275, "highway": "residential", "point_id": 393 }, "geometry": { "type": "Point", "coordinates": [ 77.0624491, 28.70344275 ] } },
{ "type": "Feature", "properties": { "lon": 77.1414942, "lat": 28.67733155, "highway": "tertiary", "point_id": 394 }, "geometry": { "type": "Point", "coordinates": [ 77.1414942, 28.67733155 ] } },
{ "type": "Feature", "properties": { "lon": 77.15962585, "lat": 28.67481095, "highway": "residential", "point_id": 395 }, "geometry": { "type": "Point", "coordinates": [ 77.15962585, 28.67481095 ] } },
{ "type": "Feature", "properties": { "lon": 77.08943905000001, "lat": 28.7807443, "highway": "residential", "point_id": 396 }, "geometry": { "type": "Point", "coordinates": [ 77.08943905000001, 28.7807443 ] } },
{ "type": "Feature", "properties": { "lon": 77.06471765000001, "lat": 28.51606505, "highway": "residential", "point_id": 397 }, "geometry": { "type": "Point", "coordinates": [ 77.06471765, 28.51606505 ] } },
{ "type": "Feature", "properties": { "lon": 77.315563, "lat": 28.5309431, "highway": "residential", "point_id": 398 }, "geometry": { "type": "Point", "coordinates": [ 77.315563, 28.5309431 ] } },
{ "type": "Feature", "properties": { "lon": 77.2587025, "lat": 28.70485595, "highway": "residential", "point_id": 399 }, "geometry": { "type": "Point", "coordinates": [ 77.2587025, 28.70485595 ] } },
{ "type": "Feature", "properties": { "lon": 77.08553595000001, "lat": 28.70259885, "highway": "residential", "point_id": 400 }, "geometry": { "type": "Point", "coordinates": [ 77.08553595, 28.70259885 ] } },
{ "type": "Feature", "properties": { "lon": 77.23960725000001, "lat": 28.58054845, "highway": "residential", "point_id": 401 }, "geometry": { "type": "Point", "coordinates": [ 77.23960725, 28.58054845 ] } },
{ "type": "Feature", "properties": { "lon": 77.08329065000001, "lat": 28.6590538, "highway": "residential", "point_id": 402 }, "geometry": { "type": "Point", "coordinates": [ 77.08329065, 28.6590538 ] } },
{ "type": "Feature", "properties": { "lon": 77.19911385, "lat": 28.8310179, "highway": "residential", "point_id": 403 }, "geometry": { "type": "Point", "coordinates": [ 77.19911385, 28.8310179 ] } },
{ "type": "Feature", "properties": { "lon": 77.1322659, "lat": 28.53169865, "highway": "residential", "point_id": 404 }, "geometry": { "type": "Point", "coordinates": [ 77.1322659, 28.53169865 ] } },
{ "type": "Feature", "properties": { "lon": 77.0493404, "lat": 28.77104885, "highway": "primary", "point_id": 405 }, "geometry": { "type": "Point", "coordinates": [ 77.0493404, 28.77104885 ] } },
{ "type": "Feature", "properties": { "lon": 77.26307315, "lat": 28.52207885, "highway": "tertiary", "point_id": 406 }, "geometry": { "type": "Point", "coordinates": [ 77.26307315, 28.52207885 ] } },
{ "type": "Feature", "properties": { "lon": 77.3070523, "lat": 28.67555405, "highway": "residential", "point_id": 407 }, "geometry": { "type": "Point", "coordinates": [ 77.3070523, 28.67555405 ] } },
{ "type": "Feature", "properties": { "lon": 76.99121795, "lat": 28.6992574, "highway": "residential", "point_id": 408 }, "geometry": { "type": "Point", "coordinates": [ 76.99121795, 28.6992574 ] } },
{ "type": "Feature", "properties": { "lon": 77.2571579, "lat": 28.5613629, "highway": "residential", "point_id": 409 }, "geometry": { "type": "Point", "coordinates": [ 77.25715790000001, 28.5613629 ] } },
{ "type": "Feature", "properties": { "lon": 76.973439649999989, "lat": 28.52979555, "highway": "residential", "point_id": 410 }, "geometry": { "type": "Point", "coordinates": [ 76.973439649999989, 28.52979555 ] } },
{ "type": "Feature", "properties": { "lon": 77.075051, "lat": 28.7303209, "highway": "residential", "point_id": 411 }, "geometry": { "type": "Point", "coordinates": [ 77.075051, 28.7303209 ] } },
{ "type": "Feature", "properties": { "lon": 77.1942408, "lat": 28.6780507, "highway": "residential", "point_id": 412 }, "geometry": { "type": "Point", "coordinates": [ 77.1942408, 28.6780507 ] } },
{ "type": "Feature", "properties": { "lon": 77.22914735000001, "lat": 28.6535872, "highway": "residential", "point_id": 413 }, "geometry": { "type": "Point", "coordinates": [ 77.22914735, 28.6535872 ] } },
{ "type": "Feature", "properties": { "lon": 77.0758564, "lat": 28.71132815, "highway": "residential", "point_id": 414 }, "geometry": { "type": "Point", "coordinates": [ 77.0758564, 28.71132815 ] } },
{ "type": "Feature", "properties": { "lon": 77.1713525, "lat": 28.7676268, "highway": "residential", "point_id": 415 }, "geometry": { "type": "Point", "coordinates": [ 77.1713525, 28.7676268 ] } },
{ "type": "Feature", "properties": { "lon": 77.2473768, "lat": 28.5810302, "highway": "residential", "point_id": 416 }, "geometry": { "type": "Point", "coordinates": [ 77.2473768, 28.5810302 ] } },
{ "type": "Feature", "properties": { "lon": 77.0640899, "lat": 28.71048, "highway": "residential", "point_id": 417 }, "geometry": { "type": "Point", "coordinates": [ 77.0640899, 28.71048 ] } },
{ "type": "Feature", "properties": { "lon": 77.14415315, "lat": 28.7016477, "highway": "residential", "point_id": 418 }, "geometry": { "type": "Point", "coordinates": [ 77.14415315, 28.7016477 ] } },
{ "type": "Feature", "properties": { "lon": 77.16727495000001, "lat": 28.5174194, "highway": "residential", "point_id": 419 }, "geometry": { "type": "Point", "coordinates": [ 77.16727495, 28.5174194 ] } },
{ "type": "Feature", "properties": { "lon": 77.29249445, "lat": 28.664273, "highway": "residential", "point_id": 420 }, "geometry": { "type": "Point", "coordinates": [ 77.29249445, 28.664273 ] } },
{ "type": "Feature", "properties": { "lon": 77.19607265, "lat": 28.68166525, "highway": "residential", "point_id": 421 }, "geometry": { "type": "Point", "coordinates": [ 77.19607265, 28.68166525 ] } },
{ "type": "Feature", "properties": { "lon": 77.2931942, "lat": 28.67957665, "highway": "residential", "point_id": 422 }, "geometry": { "type": "Point", "coordinates": [ 77.2931942, 28.67957665 ] } },
{ "type": "Feature", "properties": { "lon": 77.09448395, "lat": 28.6939483, "highway": "residential", "point_id": 423 }, "geometry": { "type": "Point", "coordinates": [ 77.09448395, 28.6939483 ] } },
{ "type": "Feature", "properties": { "lon": 77.13689625000001, "lat": 28.74398275, "highway": "residential", "point_id": 424 }, "geometry": { "type": "Point", "coordinates": [ 77.13689625, 28.74398275 ] } },
{ "type": "Feature", "properties": { "lon": 77.28455305, "lat": 28.6528453, "highway": "residential", "point_id": 425 }, "geometry": { "type": "Point", "coordinates": [ 77.28455305, 28.6528453 ] } },
{ "type": "Feature", "properties": { "lon": 77.2327217, "lat": 28.5848209, "highway": "tertiary", "point_id": 426 }, "geometry": { "type": "Point", "coordinates": [ 77.2327217, 28.5848209 ] } },
{ "type": "Feature", "properties": { "lon": 77.2559665, "lat": 28.57198295, "highway": "residential", "point_id": 427 }, "geometry": { "type": "Point", "coordinates": [ 77.2559665, 28.57198295 ] } },
{ "type": "Feature", "properties": { "lon": 77.023434, "lat": 28.61683265, "highway": "residential", "point_id": 428 }, "geometry": { "type": "Point", "coordinates": [ 77.023434, 28.61683265 ] } },
{ "type": "Feature", "properties": { "lon": 77.095819, "lat": 28.7523865, "highway": "residential", "point_id": 429 }, "geometry": { "type": "Point", "coordinates": [ 77.095819, 28.7523865 ] } },
{ "type": "Feature", "properties": { "lon": 77.09180505, "lat": 28.7012682, "highway": "secondary", "point_id": 430 }, "geometry": { "type": "Point", "coordinates": [ 77.09180505, 28.7012682 ] } },
{ "type": "Feature", "properties": { "lon": 77.1873001, "lat": 28.45570125, "highway": "residential", "point_id": 431 }, "geometry": { "type": "Point", "coordinates": [ 77.1873001, 28.45570125 ] } },
{ "type": "Feature", "properties": { "lon": 77.1264193, "lat": 28.6100332, "highway": "unclassified", "point_id": 432 }, "geometry": { "type": "Point", "coordinates": [ 77.1264193, 28.6100332 ] } },
{ "type": "Feature", "properties": { "lon": 77.12978435, "lat": 28.51286675, "highway": "residential", "point_id": 433 }, "geometry": { "type": "Point", "coordinates": [ 77.12978435, 28.51286675 ] } },
{ "type": "Feature", "properties": { "lon": 77.17114995, "lat": 28.6696963, "highway": "residential", "point_id": 434 }, "geometry": { "type": "Point", "coordinates": [ 77.17114995, 28.6696963 ] } },
{ "type": "Feature", "properties": { "lon": 77.2720438, "lat": 28.6323251, "highway": "unclassified", "point_id": 435 }, "geometry": { "type": "Point", "coordinates": [ 77.2720438, 28.6323251 ] } },
{ "type": "Feature", "properties": { "lon": 77.252402, "lat": 28.5000289, "highway": "residential", "point_id": 436 }, "geometry": { "type": "Point", "coordinates": [ 77.252402, 28.5000289 ] } },
{ "type": "Feature", "properties": { "lon": 77.2709393, "lat": 28.51931, "highway": "residential", "point_id": 437 }, "geometry": { "type": "Point", "coordinates": [ 77.2709393, 28.51931 ] } },
{ "type": "Feature", "properties": { "lon": 77.10306605, "lat": 28.698293, "highway": "residential", "point_id": 438 }, "geometry": { "type": "Point", "coordinates": [ 77.10306605, 28.698293 ] } },
{ "type": "Feature", "properties": { "lon": 77.1302466, "lat": 28.7397272, "highway": "residential", "point_id": 439 }, "geometry": { "type": "Point", "coordinates": [ 77.1302466, 28.7397272 ] } },
{ "type": "Feature", "properties": { "lon": 77.12024375, "lat": 28.7726038, "highway": "residential", "point_id": 440 }, "geometry": { "type": "Point", "coordinates": [ 77.12024375, 28.7726038 ] } },
{ "type": "Feature", "properties": { "lon": 77.13267925, "lat": 28.6306666, "highway": "primary", "point_id": 441 }, "geometry": { "type": "Point", "coordinates": [ 77.13267925, 28.6306666 ] } },
{ "type": "Feature", "properties": { "lon": 77.0571095, "lat": 28.6142351, "highway": "residential", "point_id": 442 }, "geometry": { "type": "Point", "coordinates": [ 77.0571095, 28.6142351 ] } },
{ "type": "Feature", "properties": { "lon": 77.3197007, "lat": 28.50696855, "highway": "residential", "point_id": 443 }, "geometry": { "type": "Point", "coordinates": [ 77.3197007, 28.50696855 ] } },
{ "type": "Feature", "properties": { "lon": 77.0510267, "lat": 28.70715535, "highway": "residential", "point_id": 444 }, "geometry": { "type": "Point", "coordinates": [ 77.0510267, 28.70715535 ] } },
{ "type": "Feature", "properties": { "lon": 76.9422784, "lat": 28.66515045, "highway": "residential", "point_id": 445 }, "geometry": { "type": "Point", "coordinates": [ 76.9422784, 28.66515045 ] } },
{ "type": "Feature", "properties": { "lon": 77.0972242, "lat": 28.6794296, "highway": "residential", "point_id": 446 }, "geometry": { "type": "Point", "coordinates": [ 77.0972242, 28.6794296 ] } },
{ "type": "Feature", "properties": { "lon": 76.9627771, "lat": 28.6900399, "highway": "residential", "point_id": 447 }, "geometry": { "type": "Point", "coordinates": [ 76.962777100000011, 28.6900399 ] } },
{ "type": "Feature", "properties": { "lon": 76.9946546, "lat": 28.81884135, "highway": "residential", "point_id": 448 }, "geometry": { "type": "Point", "coordinates": [ 76.9946546, 28.81884135 ] } },
{ "type": "Feature", "properties": { "lon": 77.1909124, "lat": 28.46455595, "highway": "residential", "point_id": 449 }, "geometry": { "type": "Point", "coordinates": [ 77.1909124, 28.46455595 ] } },
{ "type": "Feature", "properties": { "lon": 77.1932057, "lat": 28.453925, "highway": "residential", "point_id": 450 }, "geometry": { "type": "Point", "coordinates": [ 77.1932057, 28.453925 ] } },
{ "type": "Feature", "properties": { "lon": 77.27751745, "lat": 28.5446214, "highway": "residential", "point_id": 451 }, "geometry": { "type": "Point", "coordinates": [ 77.27751745, 28.5446214 ] } },
{ "type": "Feature", "properties": { "lon": 76.9516285, "lat": 28.65589835, "highway": "residential", "point_id": 452 }, "geometry": { "type": "Point", "coordinates": [ 76.9516285, 28.65589835 ] } },
{ "type": "Feature", "properties": { "lon": 77.2745951, "lat": 28.63557135, "highway": "residential", "point_id": 453 }, "geometry": { "type": "Point", "coordinates": [ 77.2745951, 28.63557135 ] } },
{ "type": "Feature", "properties": { "lon": 77.1939456, "lat": 28.4963932, "highway": "residential", "point_id": 454 }, "geometry": { "type": "Point", "coordinates": [ 77.1939456, 28.4963932 ] } },
{ "type": "Feature", "properties": { "lon": 77.2650419, "lat": 28.70393395, "highway": "residential", "point_id": 455 }, "geometry": { "type": "Point", "coordinates": [ 77.2650419, 28.70393395 ] } },
{ "type": "Feature", "properties": { "lon": 77.02885885000001, "lat": 28.72783865, "highway": "residential", "point_id": 456 }, "geometry": { "type": "Point", "coordinates": [ 77.02885885, 28.72783865 ] } },
{ "type": "Feature", "properties": { "lon": 77.1955618, "lat": 28.64690045, "highway": "tertiary", "point_id": 457 }, "geometry": { "type": "Point", "coordinates": [ 77.1955618, 28.64690045 ] } },
{ "type": "Feature", "properties": { "lon": 77.165271, "lat": 28.74445695, "highway": "residential", "point_id": 458 }, "geometry": { "type": "Point", "coordinates": [ 77.165271, 28.74445695 ] } },
{ "type": "Feature", "properties": { "lon": 77.1685425, "lat": 28.83734475, "highway": "residential", "point_id": 459 }, "geometry": { "type": "Point", "coordinates": [ 77.1685425, 28.83734475 ] } },
{ "type": "Feature", "properties": { "lon": 77.32439525000001, "lat": 28.69443105, "highway": "residential", "point_id": 460 }, "geometry": { "type": "Point", "coordinates": [ 77.32439525, 28.69443105 ] } },
{ "type": "Feature", "properties": { "lon": 76.9741251, "lat": 28.68218865, "highway": "residential", "point_id": 461 }, "geometry": { "type": "Point", "coordinates": [ 76.9741251, 28.68218865 ] } },
{ "type": "Feature", "properties": { "lon": 76.96190055, "lat": 28.62749465, "highway": "residential", "point_id": 462 }, "geometry": { "type": "Point", "coordinates": [ 76.96190055, 28.62749465 ] } },
{ "type": "Feature", "properties": { "lon": 76.9161825, "lat": 28.5921398, "highway": "residential", "point_id": 463 }, "geometry": { "type": "Point", "coordinates": [ 76.9161825, 28.5921398 ] } },
{ "type": "Feature", "properties": { "lon": 77.04742095, "lat": 28.53479915, "highway": "residential", "point_id": 464 }, "geometry": { "type": "Point", "coordinates": [ 77.04742095, 28.53479915 ] } },
{ "type": "Feature", "properties": { "lon": 77.31933, "lat": 28.52652475, "highway": "residential", "point_id": 465 }, "geometry": { "type": "Point", "coordinates": [ 77.31933, 28.52652475 ] } },
{ "type": "Feature", "properties": { "lon": 77.33134735, "lat": 28.5264872, "highway": "residential", "point_id": 466 }, "geometry": { "type": "Point", "coordinates": [ 77.33134735, 28.5264872 ] } },
{ "type": "Feature", "properties": { "lon": 77.06674965000001, "lat": 28.60670725, "highway": "residential", "point_id": 467 }, "geometry": { "type": "Point", "coordinates": [ 77.06674965, 28.60670725 ] } },
{ "type": "Feature", "properties": { "lon": 77.0448056, "lat": 28.7909505, "highway": "residential", "point_id": 468 }, "geometry": { "type": "Point", "coordinates": [ 77.044805599999989, 28.7909505 ] } },
{ "type": "Feature", "properties": { "lon": 76.93570625, "lat": 28.59879425, "highway": "residential", "point_id": 469 }, "geometry": { "type": "Point", "coordinates": [ 76.93570625, 28.59879425 ] } },
{ "type": "Feature", "properties": { "lon": 77.0784651, "lat": 28.59174495, "highway": "residential", "point_id": 470 }, "geometry": { "type": "Point", "coordinates": [ 77.0784651, 28.59174495 ] } },
{ "type": "Feature", "properties": { "lon": 77.16135335, "lat": 28.4862943, "highway": "tertiary", "point_id": 471 }, "geometry": { "type": "Point", "coordinates": [ 77.16135335, 28.4862943 ] } },
{ "type": "Feature", "properties": { "lon": 77.15990515, "lat": 28.76696225, "highway": "residential", "point_id": 472 }, "geometry": { "type": "Point", "coordinates": [ 77.15990515, 28.76696225 ] } },
{ "type": "Feature", "properties": { "lon": 77.18545725, "lat": 28.79911645, "highway": "residential", "point_id": 473 }, "geometry": { "type": "Point", "coordinates": [ 77.18545725, 28.79911645 ] } },
{ "type": "Feature", "properties": { "lon": 77.0303845, "lat": 28.73447755, "highway": "residential", "point_id": 474 }, "geometry": { "type": "Point", "coordinates": [ 77.0303845, 28.73447755 ] } },
{ "type": "Feature", "properties": { "lon": 77.2635794, "lat": 28.69435165, "highway": "residential", "point_id": 475 }, "geometry": { "type": "Point", "coordinates": [ 77.2635794, 28.69435165 ] } },
{ "type": "Feature", "properties": { "lon": 77.1217126, "lat": 28.71311905, "highway": "residential", "point_id": 476 }, "geometry": { "type": "Point", "coordinates": [ 77.1217126, 28.71311905 ] } },
{ "type": "Feature", "properties": { "lon": 77.22682675, "lat": 28.57080395, "highway": "residential", "point_id": 477 }, "geometry": { "type": "Point", "coordinates": [ 77.22682675, 28.57080395 ] } },
{ "type": "Feature", "properties": { "lon": 77.1391561, "lat": 28.66455035, "highway": "residential", "point_id": 478 }, "geometry": { "type": "Point", "coordinates": [ 77.1391561, 28.66455035 ] } },
{ "type": "Feature", "properties": { "lon": 76.893831549999987, "lat": 28.61045725, "highway": "residential", "point_id": 479 }, "geometry": { "type": "Point", "coordinates": [ 76.893831549999987, 28.61045725 ] } },
{ "type": "Feature", "properties": { "lon": 77.0301336, "lat": 28.6217297, "highway": "tertiary", "point_id": 480 }, "geometry": { "type": "Point", "coordinates": [ 77.0301336, 28.6217297 ] } },
{ "type": "Feature", "properties": { "lon": 77.0937438, "lat": 28.8505167, "highway": "residential", "point_id": 481 }, "geometry": { "type": "Point", "coordinates": [ 77.0937438, 28.8505167 ] } },
{ "type": "Feature", "properties": { "lon": 77.17856485, "lat": 28.51277445, "highway": "tertiary", "point_id": 482 }, "geometry": { "type": "Point", "coordinates": [ 77.17856485, 28.51277445 ] } },
{ "type": "Feature", "properties": { "lon": 77.05308175, "lat": 28.622493, "highway": "residential", "point_id": 483 }, "geometry": { "type": "Point", "coordinates": [ 77.05308175, 28.622493 ] } },
{ "type": "Feature", "properties": { "lon": 77.24645285, "lat": 28.5838965, "highway": "residential", "point_id": 484 }, "geometry": { "type": "Point", "coordinates": [ 77.24645285, 28.5838965 ] } },
{ "type": "Feature", "properties": { "lon": 77.2275798, "lat": 28.65402365, "highway": "residential", "point_id": 485 }, "geometry": { "type": "Point", "coordinates": [ 77.2275798, 28.65402365 ] } },
{ "type": "Feature", "properties": { "lon": 77.26331455, "lat": 28.70716135, "highway": "tertiary", "point_id": 486 }, "geometry": { "type": "Point", "coordinates": [ 77.26331455, 28.70716135 ] } },
{ "type": "Feature", "properties": { "lon": 77.21987895000001, "lat": 28.72776955, "highway": "tertiary", "point_id": 487 }, "geometry": { "type": "Point", "coordinates": [ 77.21987895, 28.72776955 ] } },
{ "type": "Feature", "properties": { "lon": 77.24984675, "lat": 28.73603965, "highway": "residential", "point_id": 488 }, "geometry": { "type": "Point", "coordinates": [ 77.24984675, 28.73603965 ] } },
{ "type": "Feature", "properties": { "lon": 76.966620049999989, "lat": 28.6050763, "highway": "residential", "point_id": 489 }, "geometry": { "type": "Point", "coordinates": [ 76.966620049999989, 28.6050763 ] } },
{ "type": "Feature", "properties": { "lon": 77.289913, "lat": 28.70625835, "highway": "residential", "point_id": 490 }, "geometry": { "type": "Point", "coordinates": [ 77.289913, 28.70625835 ] } },
{ "type": "Feature", "properties": { "lon": 77.2804222, "lat": 28.5556366, "highway": "residential", "point_id": 491 }, "geometry": { "type": "Point", "coordinates": [ 77.2804222, 28.5556366 ] } },
{ "type": "Feature", "properties": { "lon": 77.205437, "lat": 28.6081978, "highway": "secondary", "point_id": 492 }, "geometry": { "type": "Point", "coordinates": [ 77.205437, 28.6081978 ] } },
{ "type": "Feature", "properties": { "lon": 77.2168213, "lat": 28.6741145, "highway": "tertiary", "point_id": 493 }, "geometry": { "type": "Point", "coordinates": [ 77.2168213, 28.6741145 ] } },
{ "type": "Feature", "properties": { "lon": 77.0897443, "lat": 28.6483687, "highway": "residential", "point_id": 494 }, "geometry": { "type": "Point", "coordinates": [ 77.0897443, 28.6483687 ] } },
{ "type": "Feature", "properties": { "lon": 77.28524785, "lat": 28.6474048, "highway": "residential", "point_id": 495 }, "geometry": { "type": "Point", "coordinates": [ 77.28524785, 28.6474048 ] } },
{ "type": "Feature", "properties": { "lon": 76.9599603, "lat": 28.7164775, "highway": "residential", "point_id": 496 }, "geometry": { "type": "Point", "coordinates": [ 76.9599603, 28.7164775 ] } },
{ "type": "Feature", "properties": { "lon": 77.31056095, "lat": 28.5325672, "highway": "residential", "point_id": 497 }, "geometry": { "type": "Point", "coordinates": [ 77.31056095, 28.5325672 ] } },
{ "type": "Feature", "properties": { "lon": 77.0542696, "lat": 28.8078377, "highway": "residential", "point_id": 498 }, "geometry": { "type": "Point", "coordinates": [ 77.0542696, 28.8078377 ] } },
{ "type": "Feature", "properties": { "lon": 77.19249765000001, "lat": 28.5020997, "highway": "residential", "point_id": 499 }, "geometry": { "type": "Point", "coordinates": [ 77.19249765, 28.5020997 ] } },
{ "type": "Feature", "properties": { "lon": 77.04252485000001, "lat": 28.72150685, "highway": "residential", "point_id": 500 }, "geometry": { "type": "Point", "coordinates": [ 77.04252485, 28.72150685 ] } },
{ "type": "Feature", "properties": { "lon": 77.10336975, "lat": 28.85373365, "highway": "residential", "point_id": 501 }, "geometry": { "type": "Point", "coordinates": [ 77.10336975, 28.85373365 ] } },
{ "type": "Feature", "properties": { "lon": 77.1074412, "lat": 28.8333458, "highway": "residential", "point_id": 502 }, "geometry": { "type": "Point", "coordinates": [ 77.1074412, 28.8333458 ] } },
{ "type": "Feature", "properties": { "lon": 77.1192095, "lat": 28.7087003, "highway": "residential", "point_id": 503 }, "geometry": { "type": "Point", "coordinates": [ 77.119209500000011, 28.7087003 ] } },
{ "type": "Feature", "properties": { "lon": 77.28029755, "lat": 28.67319635, "highway": "primary", "point_id": 504 }, "geometry": { "type": "Point", "coordinates": [ 77.28029755, 28.67319635 ] } },
{ "type": "Feature", "properties": { "lon": 77.22721445, "lat": 28.5077636, "highway": "residential", "point_id": 505 }, "geometry": { "type": "Point", "coordinates": [ 77.22721445, 28.5077636 ] } },
{ "type": "Feature", "properties": { "lon": 77.295083, "lat": 28.65170315, "highway": "residential", "point_id": 506 }, "geometry": { "type": "Point", "coordinates": [ 77.295083, 28.65170315 ] } },
{ "type": "Feature", "properties": { "lon": 77.175055750000013, "lat": 28.6451331, "highway": "residential", "point_id": 507 }, "geometry": { "type": "Point", "coordinates": [ 77.175055750000013, 28.6451331 ] } },
{ "type": "Feature", "properties": { "lon": 77.1451087, "lat": 28.7696732, "highway": "residential", "point_id": 508 }, "geometry": { "type": "Point", "coordinates": [ 77.1451087, 28.7696732 ] } },
{ "type": "Feature", "properties": { "lon": 76.9662893, "lat": 28.7505035, "highway": "residential", "point_id": 509 }, "geometry": { "type": "Point", "coordinates": [ 76.9662893, 28.7505035 ] } },
{ "type": "Feature", "properties": { "lon": 77.1759728, "lat": 28.803338, "highway": "residential", "point_id": 510 }, "geometry": { "type": "Point", "coordinates": [ 77.1759728, 28.803338 ] } },
{ "type": "Feature", "properties": { "lon": 77.00619975000001, "lat": 28.5196717, "highway": "residential", "point_id": 511 }, "geometry": { "type": "Point", "coordinates": [ 77.00619975, 28.5196717 ] } },
{ "type": "Feature", "properties": { "lon": 77.2685008, "lat": 28.65387525, "highway": "residential", "point_id": 512 }, "geometry": { "type": "Point", "coordinates": [ 77.2685008, 28.65387525 ] } },
{ "type": "Feature", "properties": { "lon": 77.0193011, "lat": 28.6104587, "highway": "residential", "point_id": 513 }, "geometry": { "type": "Point", "coordinates": [ 77.0193011, 28.6104587 ] } },
{ "type": "Feature", "properties": { "lon": 77.2268541, "lat": 28.49445295, "highway": "residential", "point_id": 514 }, "geometry": { "type": "Point", "coordinates": [ 77.2268541, 28.49445295 ] } },
{ "type": "Feature", "properties": { "lon": 77.2904543, "lat": 28.5066121, "highway": "residential", "point_id": 515 }, "geometry": { "type": "Point", "coordinates": [ 77.2904543, 28.5066121 ] } },
{ "type": "Feature", "properties": { "lon": 77.23272815, "lat": 28.4991803, "highway": "residential", "point_id": 516 }, "geometry": { "type": "Point", "coordinates": [ 77.23272815, 28.4991803 ] } },
{ "type": "Feature", "properties": { "lon": 77.0891744, "lat": 28.643603, "highway": "tertiary", "point_id": 517 }, "geometry": { "type": "Point", "coordinates": [ 77.0891744, 28.643603 ] } },
{ "type": "Feature", "properties": { "lon": 77.0081844, "lat": 28.80913515, "highway": "residential", "point_id": 518 }, "geometry": { "type": "Point", "coordinates": [ 77.0081844, 28.80913515 ] } },
{ "type": "Feature", "properties": { "lon": 77.2342958, "lat": 28.52628645, "highway": "tertiary", "point_id": 519 }, "geometry": { "type": "Point", "coordinates": [ 77.2342958, 28.52628645 ] } },
{ "type": "Feature", "properties": { "lon": 77.1162473, "lat": 28.64967925, "highway": "residential", "point_id": 520 }, "geometry": { "type": "Point", "coordinates": [ 77.1162473, 28.64967925 ] } },
{ "type": "Feature", "properties": { "lon": 77.1789908, "lat": 28.51072245, "highway": "residential", "point_id": 521 }, "geometry": { "type": "Point", "coordinates": [ 77.1789908, 28.51072245 ] } },
{ "type": "Feature", "properties": { "lon": 77.238348, "lat": 28.52478985, "highway": "residential", "point_id": 522 }, "geometry": { "type": "Point", "coordinates": [ 77.238348, 28.52478985 ] } },
{ "type": "Feature", "properties": { "lon": 77.28616235, "lat": 28.497699, "highway": "residential", "point_id": 523 }, "geometry": { "type": "Point", "coordinates": [ 77.28616235, 28.497699 ] } },
{ "type": "Feature", "properties": { "lon": 77.1288895, "lat": 28.653366, "highway": "residential", "point_id": 524 }, "geometry": { "type": "Point", "coordinates": [ 77.1288895, 28.653366 ] } },
{ "type": "Feature", "properties": { "lon": 77.2439398, "lat": 28.53690975, "highway": "residential", "point_id": 525 }, "geometry": { "type": "Point", "coordinates": [ 77.2439398, 28.53690975 ] } },
{ "type": "Feature", "properties": { "lon": 77.0849995, "lat": 28.71009055, "highway": "residential", "point_id": 526 }, "geometry": { "type": "Point", "coordinates": [ 77.0849995, 28.71009055 ] } },
{ "type": "Feature", "properties": { "lon": 77.26159595, "lat": 28.5980802, "highway": "residential", "point_id": 527 }, "geometry": { "type": "Point", "coordinates": [ 77.26159595, 28.5980802 ] } },
{ "type": "Feature", "properties": { "lon": 77.041865550000011, "lat": 28.61633645, "highway": "residential", "point_id": 528 }, "geometry": { "type": "Point", "coordinates": [ 77.041865550000011, 28.61633645 ] } },
{ "type": "Feature", "properties": { "lon": 77.0044576, "lat": 28.60022085, "highway": "residential", "point_id": 529 }, "geometry": { "type": "Point", "coordinates": [ 77.0044576, 28.60022085 ] } },
{ "type": "Feature", "properties": { "lon": 77.0858706, "lat": 28.79201415, "highway": "tertiary", "point_id": 530 }, "geometry": { "type": "Point", "coordinates": [ 77.0858706, 28.79201415 ] } },
{ "type": "Feature", "properties": { "lon": 77.16711275, "lat": 28.73113155, "highway": "residential", "point_id": 531 }, "geometry": { "type": "Point", "coordinates": [ 77.16711275, 28.73113155 ] } },
{ "type": "Feature", "properties": { "lon": 77.31488355, "lat": 28.63453055, "highway": "secondary", "point_id": 532 }, "geometry": { "type": "Point", "coordinates": [ 77.31488355, 28.63453055 ] } },
{ "type": "Feature", "properties": { "lon": 77.11022315, "lat": 28.7440341, "highway": "residential", "point_id": 533 }, "geometry": { "type": "Point", "coordinates": [ 77.11022315, 28.7440341 ] } },
{ "type": "Feature", "properties": { "lon": 76.99691965, "lat": 28.6321947, "highway": "residential", "point_id": 534 }, "geometry": { "type": "Point", "coordinates": [ 76.99691965, 28.6321947 ] } },
{ "type": "Feature", "properties": { "lon": 77.02598065000001, "lat": 28.72720745, "highway": "residential", "point_id": 535 }, "geometry": { "type": "Point", "coordinates": [ 77.02598065, 28.72720745 ] } },
{ "type": "Feature", "properties": { "lon": 77.1828305, "lat": 28.7528536, "highway": "residential", "point_id": 536 }, "geometry": { "type": "Point", "coordinates": [ 77.1828305, 28.7528536 ] } },
{ "type": "Feature", "properties": { "lon": 77.08250515, "lat": 28.84599055, "highway": "residential", "point_id": 537 }, "geometry": { "type": "Point", "coordinates": [ 77.08250515, 28.84599055 ] } },
{ "type": "Feature", "properties": { "lon": 76.88789885, "lat": 28.53951505, "highway": "unclassified", "point_id": 538 }, "geometry": { "type": "Point", "coordinates": [ 76.88789885, 28.53951505 ] } },
{ "type": "Feature", "properties": { "lon": 76.9815655, "lat": 28.53453925, "highway": "residential", "point_id": 539 }, "geometry": { "type": "Point", "coordinates": [ 76.9815655, 28.53453925 ] } },
{ "type": "Feature", "properties": { "lon": 77.133824049999987, "lat": 28.67294485, "highway": "residential", "point_id": 540 }, "geometry": { "type": "Point", "coordinates": [ 77.133824049999987, 28.67294485 ] } },
{ "type": "Feature", "properties": { "lon": 77.3302475, "lat": 28.6069924, "highway": "residential", "point_id": 541 }, "geometry": { "type": "Point", "coordinates": [ 77.330247500000013, 28.6069924 ] } },
{ "type": "Feature", "properties": { "lon": 77.25643685, "lat": 28.6848129, "highway": "residential", "point_id": 542 }, "geometry": { "type": "Point", "coordinates": [ 77.25643685, 28.6848129 ] } },
{ "type": "Feature", "properties": { "lon": 77.1058135, "lat": 28.67290565, "highway": "residential", "point_id": 543 }, "geometry": { "type": "Point", "coordinates": [ 77.1058135, 28.67290565 ] } },
{ "type": "Feature", "properties": { "lon": 77.30787815, "lat": 28.6624613, "highway": "residential", "point_id": 544 }, "geometry": { "type": "Point", "coordinates": [ 77.30787815, 28.6624613 ] } },
{ "type": "Feature", "properties": { "lon": 77.0694354, "lat": 28.59448705, "highway": "residential", "point_id": 545 }, "geometry": { "type": "Point", "coordinates": [ 77.0694354, 28.59448705 ] } },
{ "type": "Feature", "properties": { "lon": 77.3151871, "lat": 28.53254755, "highway": "tertiary", "point_id": 546 }, "geometry": { "type": "Point", "coordinates": [ 77.3151871, 28.53254755 ] } },
{ "type": "Feature", "properties": { "lon": 77.3238158, "lat": 28.60315345, "highway": "residential", "point_id": 547 }, "geometry": { "type": "Point", "coordinates": [ 77.3238158, 28.60315345 ] } },
{ "type": "Feature", "properties": { "lon": 77.06699695, "lat": 28.6158955, "highway": "residential", "point_id": 548 }, "geometry": { "type": "Point", "coordinates": [ 77.06699695, 28.6158955 ] } },
{ "type": "Feature", "properties": { "lon": 77.11107105, "lat": 28.661976, "highway": "residential", "point_id": 549 }, "geometry": { "type": "Point", "coordinates": [ 77.11107105, 28.661976 ] } },
{ "type": "Feature", "properties": { "lon": 77.1344632, "lat": 28.567617, "highway": "secondary", "point_id": 550 }, "geometry": { "type": "Point", "coordinates": [ 77.1344632, 28.567617 ] } },
{ "type": "Feature", "properties": { "lon": 77.044107, "lat": 28.7030535, "highway": "residential", "point_id": 551 }, "geometry": { "type": "Point", "coordinates": [ 77.044107, 28.7030535 ] } },
{ "type": "Feature", "properties": { "lon": 77.22772815, "lat": 28.65464055, "highway": "unclassified", "point_id": 552 }, "geometry": { "type": "Point", "coordinates": [ 77.22772815, 28.65464055 ] } },
{ "type": "Feature", "properties": { "lon": 77.12438455, "lat": 28.72015315, "highway": "tertiary", "point_id": 553 }, "geometry": { "type": "Point", "coordinates": [ 77.12438455, 28.72015315 ] } },
{ "type": "Feature", "properties": { "lon": 77.23247165000001, "lat": 28.50683735, "highway": "residential", "point_id": 554 }, "geometry": { "type": "Point", "coordinates": [ 77.23247165, 28.50683735 ] } },
{ "type": "Feature", "properties": { "lon": 77.0301092, "lat": 28.618166, "highway": "residential", "point_id": 555 }, "geometry": { "type": "Point", "coordinates": [ 77.0301092, 28.618166 ] } },
{ "type": "Feature", "properties": { "lon": 77.0553129, "lat": 28.69650625, "highway": "residential", "point_id": 556 }, "geometry": { "type": "Point", "coordinates": [ 77.0553129, 28.69650625 ] } },
{ "type": "Feature", "properties": { "lon": 77.0784428, "lat": 28.604065, "highway": "residential", "point_id": 557 }, "geometry": { "type": "Point", "coordinates": [ 77.0784428, 28.604065 ] } },
{ "type": "Feature", "properties": { "lon": 77.0219789, "lat": 28.69207015, "highway": "residential", "point_id": 558 }, "geometry": { "type": "Point", "coordinates": [ 77.0219789, 28.69207015 ] } },
{ "type": "Feature", "properties": { "lon": 77.047279949999989, "lat": 28.6966927, "highway": "residential", "point_id": 559 }, "geometry": { "type": "Point", "coordinates": [ 77.047279949999989, 28.6966927 ] } },
{ "type": "Feature", "properties": { "lon": 76.99553025, "lat": 28.7678823, "highway": "residential", "point_id": 560 }, "geometry": { "type": "Point", "coordinates": [ 76.99553025, 28.7678823 ] } },
{ "type": "Feature", "properties": { "lon": 77.12689985, "lat": 28.7321639, "highway": "residential", "point_id": 561 }, "geometry": { "type": "Point", "coordinates": [ 77.12689985, 28.7321639 ] } },
{ "type": "Feature", "properties": { "lon": 77.07765815, "lat": 28.75115105, "highway": "residential", "point_id": 562 }, "geometry": { "type": "Point", "coordinates": [ 77.07765815, 28.75115105 ] } },
{ "type": "Feature", "properties": { "lon": 77.052548, "lat": 28.54049705, "highway": "residential", "point_id": 563 }, "geometry": { "type": "Point", "coordinates": [ 77.052548, 28.54049705 ] } },
{ "type": "Feature", "properties": { "lon": 77.08589845, "lat": 28.66888385, "highway": "residential", "point_id": 564 }, "geometry": { "type": "Point", "coordinates": [ 77.08589845, 28.66888385 ] } },
{ "type": "Feature", "properties": { "lon": 76.94316405000001, "lat": 28.66558535, "highway": "residential", "point_id": 565 }, "geometry": { "type": "Point", "coordinates": [ 76.94316405, 28.66558535 ] } },
{ "type": "Feature", "properties": { "lon": 77.26157055, "lat": 28.69109705, "highway": "residential", "point_id": 566 }, "geometry": { "type": "Point", "coordinates": [ 77.26157055, 28.69109705 ] } },
{ "type": "Feature", "properties": { "lon": 77.13037485000001, "lat": 28.74027785, "highway": "residential", "point_id": 567 }, "geometry": { "type": "Point", "coordinates": [ 77.13037485000001, 28.74027785 ] } },
{ "type": "Feature", "properties": { "lon": 77.0849415, "lat": 28.66946235, "highway": "residential", "point_id": 568 }, "geometry": { "type": "Point", "coordinates": [ 77.0849415, 28.66946235 ] } },
{ "type": "Feature", "properties": { "lon": 77.03544785, "lat": 28.6501108, "highway": "tertiary", "point_id": 569 }, "geometry": { "type": "Point", "coordinates": [ 77.03544785, 28.6501108 ] } },
{ "type": "Feature", "properties": { "lon": 77.0561392, "lat": 28.539551, "highway": "residential", "point_id": 570 }, "geometry": { "type": "Point", "coordinates": [ 77.0561392, 28.539551 ] } },
{ "type": "Feature", "properties": { "lon": 77.1335266, "lat": 28.487766, "highway": "residential", "point_id": 571 }, "geometry": { "type": "Point", "coordinates": [ 77.13352660000001, 28.487766 ] } },
{ "type": "Feature", "properties": { "lon": 77.2094253, "lat": 28.53507395, "highway": "residential", "point_id": 572 }, "geometry": { "type": "Point", "coordinates": [ 77.2094253, 28.53507395 ] } },
{ "type": "Feature", "properties": { "lon": 77.30207535, "lat": 28.6963245, "highway": "residential", "point_id": 573 }, "geometry": { "type": "Point", "coordinates": [ 77.30207535, 28.6963245 ] } },
{ "type": "Feature", "properties": { "lon": 77.05149835, "lat": 28.8044323, "highway": "residential", "point_id": 574 }, "geometry": { "type": "Point", "coordinates": [ 77.05149835, 28.8044323 ] } },
{ "type": "Feature", "properties": { "lon": 77.0772868, "lat": 28.66516555, "highway": "residential", "point_id": 575 }, "geometry": { "type": "Point", "coordinates": [ 77.0772868, 28.66516555 ] } },
{ "type": "Feature", "properties": { "lon": 77.0359007, "lat": 28.80461785, "highway": "residential", "point_id": 576 }, "geometry": { "type": "Point", "coordinates": [ 77.0359007, 28.80461785 ] } },
{ "type": "Feature", "properties": { "lon": 77.2787385, "lat": 28.66458905, "highway": "residential", "point_id": 577 }, "geometry": { "type": "Point", "coordinates": [ 77.2787385, 28.66458905 ] } },
{ "type": "Feature", "properties": { "lon": 77.200665, "lat": 28.73521405, "highway": "residential", "point_id": 578 }, "geometry": { "type": "Point", "coordinates": [ 77.200665, 28.73521405 ] } },
{ "type": "Feature", "properties": { "lon": 77.0885409, "lat": 28.58195985, "highway": "residential", "point_id": 579 }, "geometry": { "type": "Point", "coordinates": [ 77.0885409, 28.58195985 ] } },
{ "type": "Feature", "properties": { "lon": 77.26785385, "lat": 28.72874535, "highway": "residential", "point_id": 580 }, "geometry": { "type": "Point", "coordinates": [ 77.26785385, 28.72874535 ] } },
{ "type": "Feature", "properties": { "lon": 77.32539945, "lat": 28.52625125, "highway": "residential", "point_id": 581 }, "geometry": { "type": "Point", "coordinates": [ 77.32539945, 28.52625125 ] } },
{ "type": "Feature", "properties": { "lon": 76.95316105000001, "lat": 28.5274628, "highway": "residential", "point_id": 582 }, "geometry": { "type": "Point", "coordinates": [ 76.95316105, 28.5274628 ] } },
{ "type": "Feature", "properties": { "lon": 77.0428574, "lat": 28.76701955, "highway": "tertiary", "point_id": 583 }, "geometry": { "type": "Point", "coordinates": [ 77.0428574, 28.76701955 ] } },
{ "type": "Feature", "properties": { "lon": 77.2821887, "lat": 28.61862495, "highway": "residential", "point_id": 584 }, "geometry": { "type": "Point", "coordinates": [ 77.2821887, 28.61862495 ] } },
{ "type": "Feature", "properties": { "lon": 77.25202045, "lat": 28.6726447, "highway": "residential", "point_id": 585 }, "geometry": { "type": "Point", "coordinates": [ 77.25202045, 28.6726447 ] } },
{ "type": "Feature", "properties": { "lon": 77.23807065, "lat": 28.6420132, "highway": "residential", "point_id": 586 }, "geometry": { "type": "Point", "coordinates": [ 77.23807065, 28.6420132 ] } },
{ "type": "Feature", "properties": { "lon": 77.0842805, "lat": 28.658581, "highway": "residential", "point_id": 587 }, "geometry": { "type": "Point", "coordinates": [ 77.0842805, 28.658581 ] } },
{ "type": "Feature", "properties": { "lon": 77.06464495, "lat": 28.74276535, "highway": "residential", "point_id": 588 }, "geometry": { "type": "Point", "coordinates": [ 77.06464495, 28.74276535 ] } },
{ "type": "Feature", "properties": { "lon": 77.1549658, "lat": 28.56406675, "highway": "residential", "point_id": 589 }, "geometry": { "type": "Point", "coordinates": [ 77.1549658, 28.56406675 ] } },
{ "type": "Feature", "properties": { "lon": 77.1031081, "lat": 28.6628387, "highway": "residential", "point_id": 590 }, "geometry": { "type": "Point", "coordinates": [ 77.1031081, 28.6628387 ] } },
{ "type": "Feature", "properties": { "lon": 77.0725913, "lat": 28.6148824, "highway": "residential", "point_id": 591 }, "geometry": { "type": "Point", "coordinates": [ 77.0725913, 28.6148824 ] } },
{ "type": "Feature", "properties": { "lon": 77.16533895000001, "lat": 28.6689038, "highway": "secondary", "point_id": 592 }, "geometry": { "type": "Point", "coordinates": [ 77.16533895, 28.6689038 ] } },
{ "type": "Feature", "properties": { "lon": 76.94325685, "lat": 28.6059324, "highway": "residential", "point_id": 593 }, "geometry": { "type": "Point", "coordinates": [ 76.94325685, 28.6059324 ] } },
{ "type": "Feature", "properties": { "lon": 77.27315115, "lat": 28.7339616, "highway": "residential", "point_id": 594 }, "geometry": { "type": "Point", "coordinates": [ 77.27315115, 28.7339616 ] } },
{ "type": "Feature", "properties": { "lon": 76.9692388, "lat": 28.6143759, "highway": "residential", "point_id": 595 }, "geometry": { "type": "Point", "coordinates": [ 76.9692388, 28.6143759 ] } },
{ "type": "Feature", "properties": { "lon": 77.07281, "lat": 28.7087611, "highway": "residential", "point_id": 596 }, "geometry": { "type": "Point", "coordinates": [ 77.07281, 28.7087611 ] } },
{ "type": "Feature", "properties": { "lon": 77.05090365, "lat": 28.6798587, "highway": "residential", "point_id": 597 }, "geometry": { "type": "Point", "coordinates": [ 77.05090365, 28.6798587 ] } },
{ "type": "Feature", "properties": { "lon": 77.0221351, "lat": 28.5816315, "highway": "residential", "point_id": 598 }, "geometry": { "type": "Point", "coordinates": [ 77.0221351, 28.5816315 ] } },
{ "type": "Feature", "properties": { "lon": 77.1963575, "lat": 28.74934605, "highway": "residential", "point_id": 599 }, "geometry": { "type": "Point", "coordinates": [ 77.1963575, 28.74934605 ] } },
{ "type": "Feature", "properties": { "lon": 77.040949, "lat": 28.57395855, "highway": "residential", "point_id": 600 }, "geometry": { "type": "Point", "coordinates": [ 77.040949, 28.57395855 ] } },
{ "type": "Feature", "properties": { "lon": 77.2675838, "lat": 28.56629325, "highway": "tertiary", "point_id": 601 }, "geometry": { "type": "Point", "coordinates": [ 77.267583800000011, 28.56629325 ] } },
{ "type": "Feature", "properties": { "lon": 77.0628074, "lat": 28.7435692, "highway": "residential", "point_id": 602 }, "geometry": { "type": "Point", "coordinates": [ 77.0628074, 28.7435692 ] } },
{ "type": "Feature", "properties": { "lon": 77.2380632, "lat": 28.5178764, "highway": "residential", "point_id": 603 }, "geometry": { "type": "Point", "coordinates": [ 77.2380632, 28.5178764 ] } },
{ "type": "Feature", "properties": { "lon": 77.1308941, "lat": 28.79857195, "highway": "residential", "point_id": 604 }, "geometry": { "type": "Point", "coordinates": [ 77.1308941, 28.79857195 ] } },
{ "type": "Feature", "properties": { "lon": 77.1422158, "lat": 28.66866095, "highway": "residential", "point_id": 605 }, "geometry": { "type": "Point", "coordinates": [ 77.1422158, 28.66866095 ] } },
{ "type": "Feature", "properties": { "lon": 77.0790133, "lat": 28.6876525, "highway": "residential", "point_id": 606 }, "geometry": { "type": "Point", "coordinates": [ 77.0790133, 28.6876525 ] } },
{ "type": "Feature", "properties": { "lon": 77.28652715, "lat": 28.50552095, "highway": "residential", "point_id": 607 }, "geometry": { "type": "Point", "coordinates": [ 77.28652715, 28.50552095 ] } },
{ "type": "Feature", "properties": { "lon": 77.30748795, "lat": 28.65890075, "highway": "residential", "point_id": 608 }, "geometry": { "type": "Point", "coordinates": [ 77.30748795, 28.65890075 ] } },
{ "type": "Feature", "properties": { "lon": 77.0534648, "lat": 28.6860981, "highway": "residential", "point_id": 609 }, "geometry": { "type": "Point", "coordinates": [ 77.0534648, 28.6860981 ] } },
{ "type": "Feature", "properties": { "lon": 77.1972124, "lat": 28.56128185, "highway": "residential", "point_id": 610 }, "geometry": { "type": "Point", "coordinates": [ 77.197212400000012, 28.56128185 ] } },
{ "type": "Feature", "properties": { "lon": 77.1255678, "lat": 28.7344895, "highway": "residential", "point_id": 611 }, "geometry": { "type": "Point", "coordinates": [ 77.1255678, 28.7344895 ] } },
{ "type": "Feature", "properties": { "lon": 77.28663845, "lat": 28.66418845, "highway": "residential", "point_id": 612 }, "geometry": { "type": "Point", "coordinates": [ 77.28663845, 28.66418845 ] } },
{ "type": "Feature", "properties": { "lon": 77.19514915, "lat": 28.6674161, "highway": "residential", "point_id": 613 }, "geometry": { "type": "Point", "coordinates": [ 77.19514915, 28.6674161 ] } },
{ "type": "Feature", "properties": { "lon": 77.0964169, "lat": 28.52237435, "highway": "residential", "point_id": 614 }, "geometry": { "type": "Point", "coordinates": [ 77.0964169, 28.52237435 ] } },
{ "type": "Feature", "properties": { "lon": 77.04937795000001, "lat": 28.53141905, "highway": "residential", "point_id": 615 }, "geometry": { "type": "Point", "coordinates": [ 77.04937795, 28.53141905 ] } },
{ "type": "Feature", "properties": { "lon": 77.0049669, "lat": 28.626019, "highway": "residential", "point_id": 616 }, "geometry": { "type": "Point", "coordinates": [ 77.0049669, 28.626019 ] } },
{ "type": "Feature", "properties": { "lon": 77.282794450000011, "lat": 28.62689065, "highway": "residential", "point_id": 617 }, "geometry": { "type": "Point", "coordinates": [ 77.282794450000011, 28.62689065 ] } },
{ "type": "Feature", "properties": { "lon": 77.26598945000001, "lat": 28.65805475, "highway": "residential", "point_id": 618 }, "geometry": { "type": "Point", "coordinates": [ 77.26598945, 28.65805475 ] } },
{ "type": "Feature", "properties": { "lon": 77.02614185, "lat": 28.6069988, "highway": "residential", "point_id": 619 }, "geometry": { "type": "Point", "coordinates": [ 77.02614185, 28.6069988 ] } },
{ "type": "Feature", "properties": { "lon": 76.98320105, "lat": 28.6078311, "highway": "residential", "point_id": 620 }, "geometry": { "type": "Point", "coordinates": [ 76.98320105, 28.6078311 ] } },
{ "type": "Feature", "properties": { "lon": 77.06053365, "lat": 28.60063955, "highway": "residential", "point_id": 621 }, "geometry": { "type": "Point", "coordinates": [ 77.06053365, 28.60063955 ] } },
{ "type": "Feature", "properties": { "lon": 77.0761098, "lat": 28.7587243, "highway": "tertiary", "point_id": 622 }, "geometry": { "type": "Point", "coordinates": [ 77.0761098, 28.7587243 ] } },
{ "type": "Feature", "properties": { "lon": 77.16185015, "lat": 28.67227015, "highway": "residential", "point_id": 623 }, "geometry": { "type": "Point", "coordinates": [ 77.16185015, 28.67227015 ] } },
{ "type": "Feature", "properties": { "lon": 77.299345, "lat": 28.6400266, "highway": "residential", "point_id": 624 }, "geometry": { "type": "Point", "coordinates": [ 77.299345, 28.6400266 ] } },
{ "type": "Feature", "properties": { "lon": 77.2927213, "lat": 28.560749, "highway": "residential", "point_id": 625 }, "geometry": { "type": "Point", "coordinates": [ 77.292721300000011, 28.560749 ] } },
{ "type": "Feature", "properties": { "lon": 77.07804695, "lat": 28.63011445, "highway": "primary", "point_id": 626 }, "geometry": { "type": "Point", "coordinates": [ 77.07804695, 28.63011445 ] } },
{ "type": "Feature", "properties": { "lon": 77.18664245, "lat": 28.74692175, "highway": "residential", "point_id": 627 }, "geometry": { "type": "Point", "coordinates": [ 77.18664245, 28.74692175 ] } },
{ "type": "Feature", "properties": { "lon": 77.29494675000001, "lat": 28.62369125, "highway": "residential", "point_id": 628 }, "geometry": { "type": "Point", "coordinates": [ 77.29494675, 28.62369125 ] } },
{ "type": "Feature", "properties": { "lon": 77.06750165, "lat": 28.6230375, "highway": "residential", "point_id": 629 }, "geometry": { "type": "Point", "coordinates": [ 77.06750165, 28.6230375 ] } },
{ "type": "Feature", "properties": { "lon": 76.9779445, "lat": 28.55351305, "highway": "tertiary", "point_id": 630 }, "geometry": { "type": "Point", "coordinates": [ 76.9779445, 28.55351305 ] } },
{ "type": "Feature", "properties": { "lon": 77.0796473, "lat": 28.8414433, "highway": "residential", "point_id": 631 }, "geometry": { "type": "Point", "coordinates": [ 77.0796473, 28.8414433 ] } },
{ "type": "Feature", "properties": { "lon": 77.14503875, "lat": 28.73103855, "highway": "residential", "point_id": 632 }, "geometry": { "type": "Point", "coordinates": [ 77.14503875, 28.73103855 ] } },
{ "type": "Feature", "properties": { "lon": 77.2460362, "lat": 28.51232685, "highway": "residential", "point_id": 633 }, "geometry": { "type": "Point", "coordinates": [ 77.2460362, 28.51232685 ] } },
{ "type": "Feature", "properties": { "lon": 77.050841749999989, "lat": 28.7682665, "highway": "residential", "point_id": 634 }, "geometry": { "type": "Point", "coordinates": [ 77.050841749999989, 28.7682665 ] } },
{ "type": "Feature", "properties": { "lon": 77.08695895, "lat": 28.8542565, "highway": "residential", "point_id": 635 }, "geometry": { "type": "Point", "coordinates": [ 77.08695895, 28.8542565 ] } },
{ "type": "Feature", "properties": { "lon": 77.0318236, "lat": 28.55338565, "highway": "residential", "point_id": 636 }, "geometry": { "type": "Point", "coordinates": [ 77.0318236, 28.55338565 ] } },
{ "type": "Feature", "properties": { "lon": 77.1783081, "lat": 28.71454895, "highway": "residential", "point_id": 637 }, "geometry": { "type": "Point", "coordinates": [ 77.1783081, 28.71454895 ] } },
{ "type": "Feature", "properties": { "lon": 77.1669893, "lat": 28.5873838, "highway": "residential", "point_id": 638 }, "geometry": { "type": "Point", "coordinates": [ 77.166989300000012, 28.5873838 ] } },
{ "type": "Feature", "properties": { "lon": 77.20451825000001, "lat": 28.57020615, "highway": "residential", "point_id": 639 }, "geometry": { "type": "Point", "coordinates": [ 77.20451825, 28.57020615 ] } },
{ "type": "Feature", "properties": { "lon": 77.2709259, "lat": 28.648677, "highway": "residential", "point_id": 640 }, "geometry": { "type": "Point", "coordinates": [ 77.2709259, 28.648677 ] } },
{ "type": "Feature", "properties": { "lon": 77.11467175, "lat": 28.6355319, "highway": "residential", "point_id": 641 }, "geometry": { "type": "Point", "coordinates": [ 77.11467175, 28.6355319 ] } },
{ "type": "Feature", "properties": { "lon": 77.1910976, "lat": 28.50223195, "highway": "residential", "point_id": 642 }, "geometry": { "type": "Point", "coordinates": [ 77.1910976, 28.50223195 ] } },
{ "type": "Feature", "properties": { "lon": 77.285007650000011, "lat": 28.6805204, "highway": "residential", "point_id": 643 }, "geometry": { "type": "Point", "coordinates": [ 77.285007650000011, 28.6805204 ] } },
{ "type": "Feature", "properties": { "lon": 77.174779, "lat": 28.67928915, "highway": "residential", "point_id": 644 }, "geometry": { "type": "Point", "coordinates": [ 77.174779, 28.67928915 ] } },
{ "type": "Feature", "properties": { "lon": 77.1103608, "lat": 28.8303002, "highway": "residential", "point_id": 645 }, "geometry": { "type": "Point", "coordinates": [ 77.1103608, 28.8303002 ] } },
{ "type": "Feature", "properties": { "lon": 77.1248864, "lat": 28.6711061, "highway": "residential", "point_id": 646 }, "geometry": { "type": "Point", "coordinates": [ 77.1248864, 28.6711061 ] } },
{ "type": "Feature", "properties": { "lon": 77.196724350000011, "lat": 28.77176235, "highway": "residential", "point_id": 647 }, "geometry": { "type": "Point", "coordinates": [ 77.196724350000011, 28.77176235 ] } },
{ "type": "Feature", "properties": { "lon": 76.90117945, "lat": 28.59318685, "highway": "unclassified", "point_id": 648 }, "geometry": { "type": "Point", "coordinates": [ 76.90117945, 28.59318685 ] } },
{ "type": "Feature", "properties": { "lon": 77.07676935000001, "lat": 28.60079035, "highway": "residential", "point_id": 649 }, "geometry": { "type": "Point", "coordinates": [ 77.07676935, 28.60079035 ] } },
{ "type": "Feature", "properties": { "lon": 77.20508855, "lat": 28.4702441, "highway": "residential", "point_id": 650 }, "geometry": { "type": "Point", "coordinates": [ 77.20508855, 28.4702441 ] } },
{ "type": "Feature", "properties": { "lon": 77.13008395, "lat": 28.7273233, "highway": "residential", "point_id": 651 }, "geometry": { "type": "Point", "coordinates": [ 77.13008395, 28.7273233 ] } },
{ "type": "Feature", "properties": { "lon": 77.3090081, "lat": 28.6634362, "highway": "residential", "point_id": 652 }, "geometry": { "type": "Point", "coordinates": [ 77.3090081, 28.6634362 ] } },
{ "type": "Feature", "properties": { "lon": 77.30251185, "lat": 28.5321722, "highway": "residential", "point_id": 653 }, "geometry": { "type": "Point", "coordinates": [ 77.30251185, 28.5321722 ] } },
{ "type": "Feature", "properties": { "lon": 77.1163551, "lat": 28.6591904, "highway": "residential", "point_id": 654 }, "geometry": { "type": "Point", "coordinates": [ 77.1163551, 28.6591904 ] } },
{ "type": "Feature", "properties": { "lon": 77.05858215000001, "lat": 28.66311375, "highway": "residential", "point_id": 655 }, "geometry": { "type": "Point", "coordinates": [ 77.05858215, 28.66311375 ] } },
{ "type": "Feature", "properties": { "lon": 77.27680055, "lat": 28.70973355, "highway": "tertiary", "point_id": 656 }, "geometry": { "type": "Point", "coordinates": [ 77.27680055, 28.70973355 ] } },
{ "type": "Feature", "properties": { "lon": 77.09070675, "lat": 28.74471335, "highway": "residential", "point_id": 657 }, "geometry": { "type": "Point", "coordinates": [ 77.09070675, 28.74471335 ] } },
{ "type": "Feature", "properties": { "lon": 77.0711966, "lat": 28.73156265, "highway": "residential", "point_id": 658 }, "geometry": { "type": "Point", "coordinates": [ 77.0711966, 28.73156265 ] } },
{ "type": "Feature", "properties": { "lon": 77.1975534, "lat": 28.54968215, "highway": "residential", "point_id": 659 }, "geometry": { "type": "Point", "coordinates": [ 77.1975534, 28.54968215 ] } },
{ "type": "Feature", "properties": { "lon": 77.0565563, "lat": 28.6889797, "highway": "residential", "point_id": 660 }, "geometry": { "type": "Point", "coordinates": [ 77.0565563, 28.6889797 ] } },
{ "type": "Feature", "properties": { "lon": 77.18355855, "lat": 28.5983867, "highway": "secondary", "point_id": 661 }, "geometry": { "type": "Point", "coordinates": [ 77.18355855, 28.5983867 ] } },
{ "type": "Feature", "properties": { "lon": 77.1012475, "lat": 28.84241035, "highway": "tertiary", "point_id": 662 }, "geometry": { "type": "Point", "coordinates": [ 77.1012475, 28.84241035 ] } },
{ "type": "Feature", "properties": { "lon": 77.1520758, "lat": 28.7603796, "highway": "residential", "point_id": 663 }, "geometry": { "type": "Point", "coordinates": [ 77.1520758, 28.7603796 ] } },
{ "type": "Feature", "properties": { "lon": 77.0835158, "lat": 28.66867905, "highway": "residential", "point_id": 664 }, "geometry": { "type": "Point", "coordinates": [ 77.0835158, 28.66867905 ] } },
{ "type": "Feature", "properties": { "lon": 77.01403405, "lat": 28.61301575, "highway": "residential", "point_id": 665 }, "geometry": { "type": "Point", "coordinates": [ 77.01403405, 28.61301575 ] } },
{ "type": "Feature", "properties": { "lon": 76.96332805, "lat": 28.55828125, "highway": "residential", "point_id": 666 }, "geometry": { "type": "Point", "coordinates": [ 76.96332805, 28.55828125 ] } },
{ "type": "Feature", "properties": { "lon": 77.26852685, "lat": 28.7258785, "highway": "residential", "point_id": 667 }, "geometry": { "type": "Point", "coordinates": [ 77.26852685, 28.7258785 ] } },
{ "type": "Feature", "properties": { "lon": 77.1770789, "lat": 28.7278267, "highway": "residential", "point_id": 668 }, "geometry": { "type": "Point", "coordinates": [ 77.1770789, 28.7278267 ] } },
{ "type": "Feature", "properties": { "lon": 77.1164864, "lat": 28.6073831, "highway": "residential", "point_id": 669 }, "geometry": { "type": "Point", "coordinates": [ 77.1164864, 28.6073831 ] } },
{ "type": "Feature", "properties": { "lon": 76.97910495, "lat": 28.70309075, "highway": "residential", "point_id": 670 }, "geometry": { "type": "Point", "coordinates": [ 76.97910495, 28.70309075 ] } },
{ "type": "Feature", "properties": { "lon": 77.2325905, "lat": 28.60818435, "highway": "residential", "point_id": 671 }, "geometry": { "type": "Point", "coordinates": [ 77.2325905, 28.60818435 ] } },
{ "type": "Feature", "properties": { "lon": 77.27269355, "lat": 28.6619393, "highway": "residential", "point_id": 672 }, "geometry": { "type": "Point", "coordinates": [ 77.27269355, 28.6619393 ] } },
{ "type": "Feature", "properties": { "lon": 77.036459650000012, "lat": 28.801906, "highway": "residential", "point_id": 673 }, "geometry": { "type": "Point", "coordinates": [ 77.036459650000012, 28.801906 ] } },
{ "type": "Feature", "properties": { "lon": 77.19023505, "lat": 28.6499966, "highway": "tertiary", "point_id": 674 }, "geometry": { "type": "Point", "coordinates": [ 77.19023505, 28.6499966 ] } },
{ "type": "Feature", "properties": { "lon": 77.1420639, "lat": 28.7189786, "highway": "residential", "point_id": 675 }, "geometry": { "type": "Point", "coordinates": [ 77.1420639, 28.7189786 ] } },
{ "type": "Feature", "properties": { "lon": 77.2272861, "lat": 28.5180431, "highway": "secondary", "point_id": 676 }, "geometry": { "type": "Point", "coordinates": [ 77.227286099999986, 28.5180431 ] } },
{ "type": "Feature", "properties": { "lon": 76.90179655, "lat": 28.5223415, "highway": "residential", "point_id": 677 }, "geometry": { "type": "Point", "coordinates": [ 76.90179655, 28.5223415 ] } },
{ "type": "Feature", "properties": { "lon": 77.32462475, "lat": 28.6902235, "highway": "residential", "point_id": 678 }, "geometry": { "type": "Point", "coordinates": [ 77.32462475, 28.6902235 ] } },
{ "type": "Feature", "properties": { "lon": 77.13579405, "lat": 28.76075285, "highway": "residential", "point_id": 679 }, "geometry": { "type": "Point", "coordinates": [ 77.13579405, 28.76075285 ] } },
{ "type": "Feature", "properties": { "lon": 77.1179288, "lat": 28.5827708, "highway": "residential", "point_id": 680 }, "geometry": { "type": "Point", "coordinates": [ 77.1179288, 28.5827708 ] } },
{ "type": "Feature", "properties": { "lon": 77.09007885, "lat": 28.58467135, "highway": "tertiary", "point_id": 681 }, "geometry": { "type": "Point", "coordinates": [ 77.09007885, 28.58467135 ] } },
{ "type": "Feature", "properties": { "lon": 77.305124549999988, "lat": 28.69090995, "highway": "residential", "point_id": 682 }, "geometry": { "type": "Point", "coordinates": [ 77.305124549999988, 28.69090995 ] } },
{ "type": "Feature", "properties": { "lon": 76.9152321, "lat": 28.593459, "highway": "residential", "point_id": 683 }, "geometry": { "type": "Point", "coordinates": [ 76.9152321, 28.593459 ] } },
{ "type": "Feature", "properties": { "lon": 77.1828756, "lat": 28.7467638, "highway": "residential", "point_id": 684 }, "geometry": { "type": "Point", "coordinates": [ 77.1828756, 28.7467638 ] } },
{ "type": "Feature", "properties": { "lon": 77.00145355000001, "lat": 28.5620627, "highway": "residential", "point_id": 685 }, "geometry": { "type": "Point", "coordinates": [ 77.00145355, 28.5620627 ] } },
{ "type": "Feature", "properties": { "lon": 76.9991821, "lat": 28.67474945, "highway": "residential", "point_id": 686 }, "geometry": { "type": "Point", "coordinates": [ 76.9991821, 28.67474945 ] } },
{ "type": "Feature", "properties": { "lon": 77.1289018, "lat": 28.46715605, "highway": "residential", "point_id": 687 }, "geometry": { "type": "Point", "coordinates": [ 77.1289018, 28.46715605 ] } },
{ "type": "Feature", "properties": { "lon": 77.0322718, "lat": 28.69911395, "highway": "residential", "point_id": 688 }, "geometry": { "type": "Point", "coordinates": [ 77.0322718, 28.69911395 ] } },
{ "type": "Feature", "properties": { "lon": 77.3108708, "lat": 28.53256575, "highway": "residential", "point_id": 689 }, "geometry": { "type": "Point", "coordinates": [ 77.3108708, 28.53256575 ] } },
{ "type": "Feature", "properties": { "lon": 77.3199923, "lat": 28.6671033, "highway": "residential", "point_id": 690 }, "geometry": { "type": "Point", "coordinates": [ 77.3199923, 28.6671033 ] } },
{ "type": "Feature", "properties": { "lon": 76.950423050000012, "lat": 28.6267044, "highway": "tertiary", "point_id": 691 }, "geometry": { "type": "Point", "coordinates": [ 76.950423050000012, 28.6267044 ] } },
{ "type": "Feature", "properties": { "lon": 77.1704364, "lat": 28.50145725, "highway": "residential", "point_id": 692 }, "geometry": { "type": "Point", "coordinates": [ 77.1704364, 28.50145725 ] } },
{ "type": "Feature", "properties": { "lon": 77.2425353, "lat": 28.54658805, "highway": "residential", "point_id": 693 }, "geometry": { "type": "Point", "coordinates": [ 77.2425353, 28.54658805 ] } },
{ "type": "Feature", "properties": { "lon": 77.187561, "lat": 28.84147235, "highway": "residential", "point_id": 694 }, "geometry": { "type": "Point", "coordinates": [ 77.187561, 28.84147235 ] } },
{ "type": "Feature", "properties": { "lon": 77.2332469, "lat": 28.6579946, "highway": "residential", "point_id": 695 }, "geometry": { "type": "Point", "coordinates": [ 77.2332469, 28.6579946 ] } },
{ "type": "Feature", "properties": { "lon": 77.05536025000001, "lat": 28.69401655, "highway": "residential", "point_id": 696 }, "geometry": { "type": "Point", "coordinates": [ 77.05536025, 28.69401655 ] } },
{ "type": "Feature", "properties": { "lon": 77.1322054, "lat": 28.7565096, "highway": "residential", "point_id": 697 }, "geometry": { "type": "Point", "coordinates": [ 77.1322054, 28.7565096 ] } },
{ "type": "Feature", "properties": { "lon": 77.2285612, "lat": 28.53544365, "highway": "residential", "point_id": 698 }, "geometry": { "type": "Point", "coordinates": [ 77.2285612, 28.53544365 ] } },
{ "type": "Feature", "properties": { "lon": 76.9966899, "lat": 28.5928498, "highway": "residential", "point_id": 699 }, "geometry": { "type": "Point", "coordinates": [ 76.9966899, 28.5928498 ] } },
{ "type": "Feature", "properties": { "lon": 77.0612382, "lat": 28.69256705, "highway": "residential", "point_id": 700 }, "geometry": { "type": "Point", "coordinates": [ 77.0612382, 28.69256705 ] } },
{ "type": "Feature", "properties": { "lon": 77.15496005, "lat": 28.55365065, "highway": "residential", "point_id": 701 }, "geometry": { "type": "Point", "coordinates": [ 77.15496005, 28.55365065 ] } },
{ "type": "Feature", "properties": { "lon": 77.028452, "lat": 28.73768115, "highway": "residential", "point_id": 702 }, "geometry": { "type": "Point", "coordinates": [ 77.028452, 28.73768115 ] } },
{ "type": "Feature", "properties": { "lon": 77.158699649999988, "lat": 28.5189613, "highway": "residential", "point_id": 703 }, "geometry": { "type": "Point", "coordinates": [ 77.158699649999988, 28.5189613 ] } },
{ "type": "Feature", "properties": { "lon": 76.9978039, "lat": 28.7610717, "highway": "residential", "point_id": 704 }, "geometry": { "type": "Point", "coordinates": [ 76.9978039, 28.7610717 ] } },
{ "type": "Feature", "properties": { "lon": 77.03451285, "lat": 28.63536225, "highway": "residential", "point_id": 705 }, "geometry": { "type": "Point", "coordinates": [ 77.03451285, 28.63536225 ] } },
{ "type": "Feature", "properties": { "lon": 77.18331265, "lat": 28.558182, "highway": "residential", "point_id": 706 }, "geometry": { "type": "Point", "coordinates": [ 77.18331265, 28.558182 ] } },
{ "type": "Feature", "properties": { "lon": 77.309573050000012, "lat": 28.5307495, "highway": "residential", "point_id": 707 }, "geometry": { "type": "Point", "coordinates": [ 77.309573050000012, 28.5307495 ] } },
{ "type": "Feature", "properties": { "lon": 77.03413225, "lat": 28.62152785, "highway": "residential", "point_id": 708 }, "geometry": { "type": "Point", "coordinates": [ 77.03413225, 28.62152785 ] } },
{ "type": "Feature", "properties": { "lon": 77.169571, "lat": 28.45306955, "highway": "residential", "point_id": 709 }, "geometry": { "type": "Point", "coordinates": [ 77.169571, 28.45306955 ] } },
{ "type": "Feature", "properties": { "lon": 76.9740252, "lat": 28.70502365, "highway": "tertiary", "point_id": 710 }, "geometry": { "type": "Point", "coordinates": [ 76.9740252, 28.70502365 ] } },
{ "type": "Feature", "properties": { "lon": 77.2719878, "lat": 28.6434007, "highway": "residential", "point_id": 711 }, "geometry": { "type": "Point", "coordinates": [ 77.2719878, 28.6434007 ] } },
{ "type": "Feature", "properties": { "lon": 77.11375845000001, "lat": 28.78552755, "highway": "tertiary", "point_id": 712 }, "geometry": { "type": "Point", "coordinates": [ 77.11375845, 28.78552755 ] } },
{ "type": "Feature", "properties": { "lon": 77.311412850000011, "lat": 28.68216275, "highway": "residential", "point_id": 713 }, "geometry": { "type": "Point", "coordinates": [ 77.311412850000011, 28.68216275 ] } },
{ "type": "Feature", "properties": { "lon": 77.20817125, "lat": 28.53295075, "highway": "residential", "point_id": 714 }, "geometry": { "type": "Point", "coordinates": [ 77.20817125, 28.53295075 ] } },
{ "type": "Feature", "properties": { "lon": 77.1705272, "lat": 28.8404736, "highway": "residential", "point_id": 715 }, "geometry": { "type": "Point", "coordinates": [ 77.1705272, 28.8404736 ] } },
{ "type": "Feature", "properties": { "lon": 77.06581745, "lat": 28.62301835, "highway": "residential", "point_id": 716 }, "geometry": { "type": "Point", "coordinates": [ 77.06581745, 28.62301835 ] } },
{ "type": "Feature", "properties": { "lon": 77.1389862, "lat": 28.58841525, "highway": "residential", "point_id": 717 }, "geometry": { "type": "Point", "coordinates": [ 77.1389862, 28.58841525 ] } },
{ "type": "Feature", "properties": { "lon": 77.2472007, "lat": 28.58435225, "highway": "residential", "point_id": 718 }, "geometry": { "type": "Point", "coordinates": [ 77.2472007, 28.58435225 ] } },
{ "type": "Feature", "properties": { "lon": 77.20919525, "lat": 28.57289175, "highway": "trunk", "point_id": 719 }, "geometry": { "type": "Point", "coordinates": [ 77.20919525, 28.57289175 ] } },
{ "type": "Feature", "properties": { "lon": 77.1398155, "lat": 28.81355885, "highway": "residential", "point_id": 720 }, "geometry": { "type": "Point", "coordinates": [ 77.1398155, 28.81355885 ] } },
{ "type": "Feature", "properties": { "lon": 77.2213977, "lat": 28.70987505, "highway": "residential", "point_id": 721 }, "geometry": { "type": "Point", "coordinates": [ 77.2213977, 28.70987505 ] } },
{ "type": "Feature", "properties": { "lon": 77.0551799, "lat": 28.5397308, "highway": "residential", "point_id": 722 }, "geometry": { "type": "Point", "coordinates": [ 77.0551799, 28.5397308 ] } },
{ "type": "Feature", "properties": { "lon": 77.18913845, "lat": 28.54115735, "highway": "residential", "point_id": 723 }, "geometry": { "type": "Point", "coordinates": [ 77.18913845, 28.54115735 ] } },
{ "type": "Feature", "properties": { "lon": 77.0907459, "lat": 28.74277345, "highway": "residential", "point_id": 724 }, "geometry": { "type": "Point", "coordinates": [ 77.0907459, 28.74277345 ] } },
{ "type": "Feature", "properties": { "lon": 77.2899167, "lat": 28.50648415, "highway": "residential", "point_id": 725 }, "geometry": { "type": "Point", "coordinates": [ 77.2899167, 28.50648415 ] } },
{ "type": "Feature", "properties": { "lon": 77.06364635, "lat": 28.65318315, "highway": "residential", "point_id": 726 }, "geometry": { "type": "Point", "coordinates": [ 77.06364635, 28.65318315 ] } },
{ "type": "Feature", "properties": { "lon": 77.16286585, "lat": 28.4603951, "highway": "residential", "point_id": 727 }, "geometry": { "type": "Point", "coordinates": [ 77.16286585, 28.4603951 ] } },
{ "type": "Feature", "properties": { "lon": 77.0124069, "lat": 28.66516625, "highway": "residential", "point_id": 728 }, "geometry": { "type": "Point", "coordinates": [ 77.0124069, 28.66516625 ] } },
{ "type": "Feature", "properties": { "lon": 77.1361391, "lat": 28.54532035, "highway": "tertiary", "point_id": 729 }, "geometry": { "type": "Point", "coordinates": [ 77.1361391, 28.54532035 ] } },
{ "type": "Feature", "properties": { "lon": 77.1321822, "lat": 28.67209495, "highway": "residential", "point_id": 730 }, "geometry": { "type": "Point", "coordinates": [ 77.1321822, 28.67209495 ] } },
{ "type": "Feature", "properties": { "lon": 77.05904295, "lat": 28.6438082, "highway": "residential", "point_id": 731 }, "geometry": { "type": "Point", "coordinates": [ 77.05904295, 28.6438082 ] } },
{ "type": "Feature", "properties": { "lon": 77.31562635, "lat": 28.6848782, "highway": "residential", "point_id": 732 }, "geometry": { "type": "Point", "coordinates": [ 77.31562635, 28.6848782 ] } },
{ "type": "Feature", "properties": { "lon": 77.15650205, "lat": 28.49230725, "highway": "residential", "point_id": 733 }, "geometry": { "type": "Point", "coordinates": [ 77.15650205, 28.49230725 ] } },
{ "type": "Feature", "properties": { "lon": 77.28896975000001, "lat": 28.6410284, "highway": "residential", "point_id": 734 }, "geometry": { "type": "Point", "coordinates": [ 77.28896975, 28.6410284 ] } },
{ "type": "Feature", "properties": { "lon": 77.0630465, "lat": 28.5594922, "highway": "tertiary", "point_id": 735 }, "geometry": { "type": "Point", "coordinates": [ 77.0630465, 28.5594922 ] } },
{ "type": "Feature", "properties": { "lon": 77.0649491, "lat": 28.7563641, "highway": "residential", "point_id": 736 }, "geometry": { "type": "Point", "coordinates": [ 77.0649491, 28.7563641 ] } },
{ "type": "Feature", "properties": { "lon": 77.2623709, "lat": 28.73292075, "highway": "residential", "point_id": 737 }, "geometry": { "type": "Point", "coordinates": [ 77.2623709, 28.73292075 ] } },
{ "type": "Feature", "properties": { "lon": 77.07560205, "lat": 28.73036775, "highway": "residential", "point_id": 738 }, "geometry": { "type": "Point", "coordinates": [ 77.07560205, 28.73036775 ] } },
{ "type": "Feature", "properties": { "lon": 77.2300183, "lat": 28.63691005, "highway": "residential", "point_id": 739 }, "geometry": { "type": "Point", "coordinates": [ 77.2300183, 28.63691005 ] } },
{ "type": "Feature", "properties": { "lon": 77.2055, "lat": 28.55924465, "highway": "residential", "point_id": 740 }, "geometry": { "type": "Point", "coordinates": [ 77.2055, 28.55924465 ] } },
{ "type": "Feature", "properties": { "lon": 77.3272316, "lat": 28.49942385, "highway": "residential", "point_id": 741 }, "geometry": { "type": "Point", "coordinates": [ 77.3272316, 28.49942385 ] } },
{ "type": "Feature", "properties": { "lon": 77.14503025, "lat": 28.68370055, "highway": "residential", "point_id": 742 }, "geometry": { "type": "Point", "coordinates": [ 77.14503025, 28.68370055 ] } },
{ "type": "Feature", "properties": { "lon": 77.09669365, "lat": 28.8154355, "highway": "residential", "point_id": 743 }, "geometry": { "type": "Point", "coordinates": [ 77.09669365, 28.8154355 ] } },
{ "type": "Feature", "properties": { "lon": 77.1780441, "lat": 28.643673, "highway": "tertiary", "point_id": 744 }, "geometry": { "type": "Point", "coordinates": [ 77.1780441, 28.643673 ] } },
{ "type": "Feature", "properties": { "lon": 77.3149051, "lat": 28.5299835, "highway": "residential", "point_id": 745 }, "geometry": { "type": "Point", "coordinates": [ 77.3149051, 28.5299835 ] } },
{ "type": "Feature", "properties": { "lon": 77.193585, "lat": 28.76236835, "highway": "residential", "point_id": 746 }, "geometry": { "type": "Point", "coordinates": [ 77.193585, 28.76236835 ] } },
{ "type": "Feature", "properties": { "lon": 77.1351985, "lat": 28.82337055, "highway": "residential", "point_id": 747 }, "geometry": { "type": "Point", "coordinates": [ 77.1351985, 28.82337055 ] } },
{ "type": "Feature", "properties": { "lon": 77.031966, "lat": 28.57125825, "highway": "residential", "point_id": 748 }, "geometry": { "type": "Point", "coordinates": [ 77.031966, 28.57125825 ] } },
{ "type": "Feature", "properties": { "lon": 77.088555750000012, "lat": 28.7205613, "highway": "residential", "point_id": 749 }, "geometry": { "type": "Point", "coordinates": [ 77.088555750000012, 28.7205613 ] } },
{ "type": "Feature", "properties": { "lon": 77.0892831, "lat": 28.6447342, "highway": "residential", "point_id": 750 }, "geometry": { "type": "Point", "coordinates": [ 77.0892831, 28.6447342 ] } },
{ "type": "Feature", "properties": { "lon": 77.02931275, "lat": 28.80587425, "highway": "residential", "point_id": 751 }, "geometry": { "type": "Point", "coordinates": [ 77.02931275, 28.80587425 ] } },
{ "type": "Feature", "properties": { "lon": 77.249005, "lat": 28.50898725, "highway": "residential", "point_id": 752 }, "geometry": { "type": "Point", "coordinates": [ 77.249005, 28.50898725 ] } },
{ "type": "Feature", "properties": { "lon": 77.2082109, "lat": 28.63779475, "highway": "residential", "point_id": 753 }, "geometry": { "type": "Point", "coordinates": [ 77.2082109, 28.63779475 ] } },
{ "type": "Feature", "properties": { "lon": 77.11780205, "lat": 28.8189325, "highway": "residential", "point_id": 754 }, "geometry": { "type": "Point", "coordinates": [ 77.11780205, 28.8189325 ] } },
{ "type": "Feature", "properties": { "lon": 77.2942343, "lat": 28.55336385, "highway": "residential", "point_id": 755 }, "geometry": { "type": "Point", "coordinates": [ 77.2942343, 28.55336385 ] } },
{ "type": "Feature", "properties": { "lon": 76.96385475, "lat": 28.6068856, "highway": "residential", "point_id": 756 }, "geometry": { "type": "Point", "coordinates": [ 76.96385475, 28.6068856 ] } },
{ "type": "Feature", "properties": { "lon": 77.05936905, "lat": 28.53879315, "highway": "residential", "point_id": 757 }, "geometry": { "type": "Point", "coordinates": [ 77.05936905, 28.53879315 ] } },
{ "type": "Feature", "properties": { "lon": 77.02755275, "lat": 28.68941415, "highway": "residential", "point_id": 758 }, "geometry": { "type": "Point", "coordinates": [ 77.02755275, 28.68941415 ] } },
{ "type": "Feature", "properties": { "lon": 77.1545652, "lat": 28.6928874, "highway": "secondary", "point_id": 759 }, "geometry": { "type": "Point", "coordinates": [ 77.1545652, 28.6928874 ] } },
{ "type": "Feature", "properties": { "lon": 77.08508335, "lat": 28.72156865, "highway": "residential", "point_id": 760 }, "geometry": { "type": "Point", "coordinates": [ 77.08508335, 28.72156865 ] } },
{ "type": "Feature", "properties": { "lon": 77.24178425, "lat": 28.5181992, "highway": "residential", "point_id": 761 }, "geometry": { "type": "Point", "coordinates": [ 77.24178425, 28.5181992 ] } },
{ "type": "Feature", "properties": { "lon": 77.1821645, "lat": 28.7482586, "highway": "residential", "point_id": 762 }, "geometry": { "type": "Point", "coordinates": [ 77.1821645, 28.7482586 ] } },
{ "type": "Feature", "properties": { "lon": 77.17430615000001, "lat": 28.77870375, "highway": "residential", "point_id": 763 }, "geometry": { "type": "Point", "coordinates": [ 77.17430615, 28.77870375 ] } },
{ "type": "Feature", "properties": { "lon": 77.1784303, "lat": 28.6351823, "highway": "residential", "point_id": 764 }, "geometry": { "type": "Point", "coordinates": [ 77.1784303, 28.6351823 ] } },
{ "type": "Feature", "properties": { "lon": 77.0646485, "lat": 28.80989995, "highway": "residential", "point_id": 765 }, "geometry": { "type": "Point", "coordinates": [ 77.0646485, 28.80989995 ] } },
{ "type": "Feature", "properties": { "lon": 76.91443015, "lat": 28.5982758, "highway": "residential", "point_id": 766 }, "geometry": { "type": "Point", "coordinates": [ 76.91443015, 28.5982758 ] } },
{ "type": "Feature", "properties": { "lon": 77.2301698, "lat": 28.5447664, "highway": "tertiary", "point_id": 767 }, "geometry": { "type": "Point", "coordinates": [ 77.2301698, 28.5447664 ] } },
{ "type": "Feature", "properties": { "lon": 77.28240295000001, "lat": 28.7282627, "highway": "residential", "point_id": 768 }, "geometry": { "type": "Point", "coordinates": [ 77.28240295, 28.7282627 ] } },
{ "type": "Feature", "properties": { "lon": 77.07064345000001, "lat": 28.6124979, "highway": "residential", "point_id": 769 }, "geometry": { "type": "Point", "coordinates": [ 77.07064345, 28.6124979 ] } },
{ "type": "Feature", "properties": { "lon": 77.26639315, "lat": 28.5119582, "highway": "residential", "point_id": 770 }, "geometry": { "type": "Point", "coordinates": [ 77.26639315, 28.5119582 ] } },
{ "type": "Feature", "properties": { "lon": 77.2389294, "lat": 28.5530529, "highway": "tertiary", "point_id": 771 }, "geometry": { "type": "Point", "coordinates": [ 77.238929399999989, 28.5530529 ] } },
{ "type": "Feature", "properties": { "lon": 77.02173695, "lat": 28.6324437, "highway": "residential", "point_id": 772 }, "geometry": { "type": "Point", "coordinates": [ 77.02173695, 28.6324437 ] } },
{ "type": "Feature", "properties": { "lon": 77.1810938, "lat": 28.7087832, "highway": "residential", "point_id": 773 }, "geometry": { "type": "Point", "coordinates": [ 77.1810938, 28.7087832 ] } },
{ "type": "Feature", "properties": { "lon": 77.2844363, "lat": 28.56505, "highway": "residential", "point_id": 774 }, "geometry": { "type": "Point", "coordinates": [ 77.28443630000001, 28.56505 ] } },
{ "type": "Feature", "properties": { "lon": 77.1603866, "lat": 28.5558516, "highway": "residential", "point_id": 775 }, "geometry": { "type": "Point", "coordinates": [ 77.16038660000001, 28.5558516 ] } },
{ "type": "Feature", "properties": { "lon": 77.17628355, "lat": 28.6277762, "highway": "tertiary", "point_id": 776 }, "geometry": { "type": "Point", "coordinates": [ 77.17628355, 28.6277762 ] } },
{ "type": "Feature", "properties": { "lon": 77.24537815, "lat": 28.75552215, "highway": "residential", "point_id": 777 }, "geometry": { "type": "Point", "coordinates": [ 77.24537815, 28.75552215 ] } },
{ "type": "Feature", "properties": { "lon": 76.89472135, "lat": 28.6117729, "highway": "residential", "point_id": 778 }, "geometry": { "type": "Point", "coordinates": [ 76.89472135, 28.6117729 ] } },
{ "type": "Feature", "properties": { "lon": 77.03762, "lat": 28.69864495, "highway": "residential", "point_id": 779 }, "geometry": { "type": "Point", "coordinates": [ 77.03762, 28.69864495 ] } },
{ "type": "Feature", "properties": { "lon": 77.18698855, "lat": 28.73836905, "highway": "residential", "point_id": 780 }, "geometry": { "type": "Point", "coordinates": [ 77.18698855, 28.73836905 ] } },
{ "type": "Feature", "properties": { "lon": 77.1572615, "lat": 28.7238122, "highway": "residential", "point_id": 781 }, "geometry": { "type": "Point", "coordinates": [ 77.1572615, 28.7238122 ] } },
{ "type": "Feature", "properties": { "lon": 77.1542664, "lat": 28.5867825, "highway": "secondary", "point_id": 782 }, "geometry": { "type": "Point", "coordinates": [ 77.1542664, 28.5867825 ] } },
{ "type": "Feature", "properties": { "lon": 77.0704365, "lat": 28.57809425, "highway": "tertiary", "point_id": 783 }, "geometry": { "type": "Point", "coordinates": [ 77.0704365, 28.57809425 ] } },
{ "type": "Feature", "properties": { "lon": 76.99009435, "lat": 28.6997031, "highway": "residential", "point_id": 784 }, "geometry": { "type": "Point", "coordinates": [ 76.99009435, 28.6997031 ] } },
{ "type": "Feature", "properties": { "lon": 77.2597919, "lat": 28.68740645, "highway": "residential", "point_id": 785 }, "geometry": { "type": "Point", "coordinates": [ 77.2597919, 28.68740645 ] } },
{ "type": "Feature", "properties": { "lon": 77.0504186, "lat": 28.720694, "highway": "residential", "point_id": 786 }, "geometry": { "type": "Point", "coordinates": [ 77.0504186, 28.720694 ] } },
{ "type": "Feature", "properties": { "lon": 77.2624731, "lat": 28.73032545, "highway": "residential", "point_id": 787 }, "geometry": { "type": "Point", "coordinates": [ 77.2624731, 28.73032545 ] } },
{ "type": "Feature", "properties": { "lon": 77.30425995, "lat": 28.64865375, "highway": "secondary", "point_id": 788 }, "geometry": { "type": "Point", "coordinates": [ 77.30425995, 28.64865375 ] } },
{ "type": "Feature", "properties": { "lon": 77.032873349999988, "lat": 28.79450205, "highway": "residential", "point_id": 789 }, "geometry": { "type": "Point", "coordinates": [ 77.032873349999988, 28.79450205 ] } },
{ "type": "Feature", "properties": { "lon": 77.09695625000001, "lat": 28.65376535, "highway": "residential", "point_id": 790 }, "geometry": { "type": "Point", "coordinates": [ 77.09695625, 28.65376535 ] } },
{ "type": "Feature", "properties": { "lon": 77.22391535, "lat": 28.51222845, "highway": "tertiary", "point_id": 791 }, "geometry": { "type": "Point", "coordinates": [ 77.22391535, 28.51222845 ] } },
{ "type": "Feature", "properties": { "lon": 77.2564856, "lat": 28.69601775, "highway": "residential", "point_id": 792 }, "geometry": { "type": "Point", "coordinates": [ 77.2564856, 28.69601775 ] } },
{ "type": "Feature", "properties": { "lon": 77.07507515, "lat": 28.8548125, "highway": "residential", "point_id": 793 }, "geometry": { "type": "Point", "coordinates": [ 77.07507515, 28.8548125 ] } },
{ "type": "Feature", "properties": { "lon": 77.151510449999989, "lat": 28.65201235, "highway": "residential", "point_id": 794 }, "geometry": { "type": "Point", "coordinates": [ 77.151510449999989, 28.65201235 ] } },
{ "type": "Feature", "properties": { "lon": 77.22191125000001, "lat": 28.7173691, "highway": "residential", "point_id": 795 }, "geometry": { "type": "Point", "coordinates": [ 77.22191125, 28.7173691 ] } },
{ "type": "Feature", "properties": { "lon": 77.2057444, "lat": 28.5188164, "highway": "residential", "point_id": 796 }, "geometry": { "type": "Point", "coordinates": [ 77.2057444, 28.5188164 ] } },
{ "type": "Feature", "properties": { "lon": 77.26384025, "lat": 28.5224017, "highway": "residential", "point_id": 797 }, "geometry": { "type": "Point", "coordinates": [ 77.26384025, 28.5224017 ] } },
{ "type": "Feature", "properties": { "lon": 77.2296312, "lat": 28.54316235, "highway": "residential", "point_id": 798 }, "geometry": { "type": "Point", "coordinates": [ 77.2296312, 28.54316235 ] } },
{ "type": "Feature", "properties": { "lon": 77.232096, "lat": 28.50711805, "highway": "tertiary", "point_id": 799 }, "geometry": { "type": "Point", "coordinates": [ 77.232096, 28.50711805 ] } },
{ "type": "Feature", "properties": { "lon": 77.06447695, "lat": 28.5445996, "highway": "tertiary", "point_id": 800 }, "geometry": { "type": "Point", "coordinates": [ 77.06447695, 28.5445996 ] } },
{ "type": "Feature", "properties": { "lon": 77.2181899, "lat": 28.52387055, "highway": "residential", "point_id": 801 }, "geometry": { "type": "Point", "coordinates": [ 77.2181899, 28.52387055 ] } },
{ "type": "Feature", "properties": { "lon": 77.3355986, "lat": 28.5040497, "highway": "residential", "point_id": 802 }, "geometry": { "type": "Point", "coordinates": [ 77.3355986, 28.5040497 ] } },
{ "type": "Feature", "properties": { "lon": 77.2171003, "lat": 28.53835625, "highway": "tertiary", "point_id": 803 }, "geometry": { "type": "Point", "coordinates": [ 77.2171003, 28.53835625 ] } },
{ "type": "Feature", "properties": { "lon": 77.0287307, "lat": 28.7130185, "highway": "residential", "point_id": 804 }, "geometry": { "type": "Point", "coordinates": [ 77.028730700000011, 28.7130185 ] } },
{ "type": "Feature", "properties": { "lon": 77.05759025, "lat": 28.5364221, "highway": "residential", "point_id": 805 }, "geometry": { "type": "Point", "coordinates": [ 77.05759025, 28.5364221 ] } },
{ "type": "Feature", "properties": { "lon": 77.145535450000011, "lat": 28.5599279, "highway": "residential", "point_id": 806 }, "geometry": { "type": "Point", "coordinates": [ 77.145535450000011, 28.5599279 ] } },
{ "type": "Feature", "properties": { "lon": 77.30575185000001, "lat": 28.70108135, "highway": "residential", "point_id": 807 }, "geometry": { "type": "Point", "coordinates": [ 77.30575185, 28.70108135 ] } },
{ "type": "Feature", "properties": { "lon": 77.16816235, "lat": 28.51779505, "highway": "residential", "point_id": 808 }, "geometry": { "type": "Point", "coordinates": [ 77.16816235, 28.51779505 ] } },
{ "type": "Feature", "properties": { "lon": 77.28491155, "lat": 28.655036, "highway": "residential", "point_id": 809 }, "geometry": { "type": "Point", "coordinates": [ 77.28491155, 28.655036 ] } },
{ "type": "Feature", "properties": { "lon": 77.24277805, "lat": 28.5856313, "highway": "residential", "point_id": 810 }, "geometry": { "type": "Point", "coordinates": [ 77.24277805, 28.5856313 ] } },
{ "type": "Feature", "properties": { "lon": 76.9747369, "lat": 28.6811067, "highway": "residential", "point_id": 811 }, "geometry": { "type": "Point", "coordinates": [ 76.974736900000011, 28.6811067 ] } },
{ "type": "Feature", "properties": { "lon": 77.0098921, "lat": 28.81811105, "highway": "residential", "point_id": 812 }, "geometry": { "type": "Point", "coordinates": [ 77.0098921, 28.81811105 ] } },
{ "type": "Feature", "properties": { "lon": 77.16487245, "lat": 28.49421895, "highway": "residential", "point_id": 813 }, "geometry": { "type": "Point", "coordinates": [ 77.16487245, 28.49421895 ] } },
{ "type": "Feature", "properties": { "lon": 77.0591539, "lat": 28.6474581, "highway": "residential", "point_id": 814 }, "geometry": { "type": "Point", "coordinates": [ 77.0591539, 28.6474581 ] } },
{ "type": "Feature", "properties": { "lon": 77.1843424, "lat": 28.83912885, "highway": "residential", "point_id": 815 }, "geometry": { "type": "Point", "coordinates": [ 77.1843424, 28.83912885 ] } },
{ "type": "Feature", "properties": { "lon": 76.9870847, "lat": 28.61314405, "highway": "residential", "point_id": 816 }, "geometry": { "type": "Point", "coordinates": [ 76.9870847, 28.61314405 ] } },
{ "type": "Feature", "properties": { "lon": 77.1465419, "lat": 28.6652678, "highway": "residential", "point_id": 817 }, "geometry": { "type": "Point", "coordinates": [ 77.146541899999988, 28.6652678 ] } },
{ "type": "Feature", "properties": { "lon": 77.0670991, "lat": 28.581721, "highway": "residential", "point_id": 818 }, "geometry": { "type": "Point", "coordinates": [ 77.0670991, 28.581721 ] } },
{ "type": "Feature", "properties": { "lon": 77.1863217, "lat": 28.73812585, "highway": "residential", "point_id": 819 }, "geometry": { "type": "Point", "coordinates": [ 77.1863217, 28.73812585 ] } },
{ "type": "Feature", "properties": { "lon": 77.1011605, "lat": 28.65746415, "highway": "residential", "point_id": 820 }, "geometry": { "type": "Point", "coordinates": [ 77.1011605, 28.65746415 ] } },
{ "type": "Feature", "properties": { "lon": 77.0651678, "lat": 28.684803, "highway": "residential", "point_id": 821 }, "geometry": { "type": "Point", "coordinates": [ 77.0651678, 28.684803 ] } },
{ "type": "Feature", "properties": { "lon": 77.1927201, "lat": 28.48880835, "highway": "residential", "point_id": 822 }, "geometry": { "type": "Point", "coordinates": [ 77.1927201, 28.48880835 ] } },
{ "type": "Feature", "properties": { "lon": 77.2371334, "lat": 28.60956625, "highway": "secondary", "point_id": 823 }, "geometry": { "type": "Point", "coordinates": [ 77.2371334, 28.60956625 ] } },
{ "type": "Feature", "properties": { "lon": 77.05379445, "lat": 28.64422425, "highway": "residential", "point_id": 824 }, "geometry": { "type": "Point", "coordinates": [ 77.05379445, 28.64422425 ] } },
{ "type": "Feature", "properties": { "lon": 77.193014, "lat": 28.5733817, "highway": "residential", "point_id": 825 }, "geometry": { "type": "Point", "coordinates": [ 77.193014, 28.5733817 ] } },
{ "type": "Feature", "properties": { "lon": 77.14323745, "lat": 28.6672551, "highway": "residential", "point_id": 826 }, "geometry": { "type": "Point", "coordinates": [ 77.14323745, 28.6672551 ] } },
{ "type": "Feature", "properties": { "lon": 76.92862775, "lat": 28.59307325, "highway": "residential", "point_id": 827 }, "geometry": { "type": "Point", "coordinates": [ 76.92862775, 28.59307325 ] } },
{ "type": "Feature", "properties": { "lon": 77.2619, "lat": 28.57006185, "highway": "residential", "point_id": 828 }, "geometry": { "type": "Point", "coordinates": [ 77.2619, 28.57006185 ] } },
{ "type": "Feature", "properties": { "lon": 77.19631185, "lat": 28.69314225, "highway": "residential", "point_id": 829 }, "geometry": { "type": "Point", "coordinates": [ 77.19631185, 28.69314225 ] } },
{ "type": "Feature", "properties": { "lon": 77.09964725, "lat": 28.64892505, "highway": "residential", "point_id": 830 }, "geometry": { "type": "Point", "coordinates": [ 77.09964725, 28.64892505 ] } },
{ "type": "Feature", "properties": { "lon": 77.07907635000001, "lat": 28.85244415, "highway": "residential", "point_id": 831 }, "geometry": { "type": "Point", "coordinates": [ 77.07907635, 28.85244415 ] } },
{ "type": "Feature", "properties": { "lon": 76.97704125, "lat": 28.589148, "highway": "residential", "point_id": 832 }, "geometry": { "type": "Point", "coordinates": [ 76.97704125, 28.589148 ] } },
{ "type": "Feature", "properties": { "lon": 77.2487259, "lat": 28.5057984, "highway": "residential", "point_id": 833 }, "geometry": { "type": "Point", "coordinates": [ 77.2487259, 28.5057984 ] } },
{ "type": "Feature", "properties": { "lon": 77.1017468, "lat": 28.64014645, "highway": "residential", "point_id": 834 }, "geometry": { "type": "Point", "coordinates": [ 77.1017468, 28.64014645 ] } },
{ "type": "Feature", "properties": { "lon": 77.2663675, "lat": 28.66156375, "highway": "residential", "point_id": 835 }, "geometry": { "type": "Point", "coordinates": [ 77.2663675, 28.66156375 ] } },
{ "type": "Feature", "properties": { "lon": 76.93097065000001, "lat": 28.5309133, "highway": "residential", "point_id": 836 }, "geometry": { "type": "Point", "coordinates": [ 76.93097065, 28.5309133 ] } },
{ "type": "Feature", "properties": { "lon": 77.05566685, "lat": 28.74018685, "highway": "residential", "point_id": 837 }, "geometry": { "type": "Point", "coordinates": [ 77.05566685, 28.74018685 ] } },
{ "type": "Feature", "properties": { "lon": 77.08407065, "lat": 28.7034631, "highway": "residential", "point_id": 838 }, "geometry": { "type": "Point", "coordinates": [ 77.08407065, 28.7034631 ] } },
{ "type": "Feature", "properties": { "lon": 77.2640538, "lat": 28.5686086, "highway": "residential", "point_id": 839 }, "geometry": { "type": "Point", "coordinates": [ 77.2640538, 28.5686086 ] } },
{ "type": "Feature", "properties": { "lon": 77.12965705, "lat": 28.65222515, "highway": "tertiary", "point_id": 840 }, "geometry": { "type": "Point", "coordinates": [ 77.12965705, 28.65222515 ] } },
{ "type": "Feature", "properties": { "lon": 77.1893623, "lat": 28.7512093, "highway": "residential", "point_id": 841 }, "geometry": { "type": "Point", "coordinates": [ 77.1893623, 28.7512093 ] } },
{ "type": "Feature", "properties": { "lon": 77.2309852, "lat": 28.4977012, "highway": "residential", "point_id": 842 }, "geometry": { "type": "Point", "coordinates": [ 77.2309852, 28.4977012 ] } },
{ "type": "Feature", "properties": { "lon": 77.06663285, "lat": 28.8287477, "highway": "residential", "point_id": 843 }, "geometry": { "type": "Point", "coordinates": [ 77.06663285, 28.8287477 ] } },
{ "type": "Feature", "properties": { "lon": 77.11707245, "lat": 28.65828915, "highway": "residential", "point_id": 844 }, "geometry": { "type": "Point", "coordinates": [ 77.11707245, 28.65828915 ] } },
{ "type": "Feature", "properties": { "lon": 77.09837595, "lat": 28.7010443, "highway": "residential", "point_id": 845 }, "geometry": { "type": "Point", "coordinates": [ 77.09837595, 28.7010443 ] } },
{ "type": "Feature", "properties": { "lon": 77.1137254, "lat": 28.74235895, "highway": "residential", "point_id": 846 }, "geometry": { "type": "Point", "coordinates": [ 77.1137254, 28.74235895 ] } },
{ "type": "Feature", "properties": { "lon": 77.0902806, "lat": 28.8543052, "highway": "residential", "point_id": 847 }, "geometry": { "type": "Point", "coordinates": [ 77.0902806, 28.8543052 ] } },
{ "type": "Feature", "properties": { "lon": 77.24763345, "lat": 28.505104, "highway": "residential", "point_id": 848 }, "geometry": { "type": "Point", "coordinates": [ 77.24763345, 28.505104 ] } },
{ "type": "Feature", "properties": { "lon": 76.96091675, "lat": 28.800552, "highway": "residential", "point_id": 849 }, "geometry": { "type": "Point", "coordinates": [ 76.96091675, 28.800552 ] } },
{ "type": "Feature", "properties": { "lon": 77.0256027, "lat": 28.574381, "highway": "residential", "point_id": 850 }, "geometry": { "type": "Point", "coordinates": [ 77.0256027, 28.574381 ] } },
{ "type": "Feature", "properties": { "lon": 77.0121161, "lat": 28.6656356, "highway": "residential", "point_id": 851 }, "geometry": { "type": "Point", "coordinates": [ 77.0121161, 28.6656356 ] } },
{ "type": "Feature", "properties": { "lon": 77.0956003, "lat": 28.6444772, "highway": "residential", "point_id": 852 }, "geometry": { "type": "Point", "coordinates": [ 77.0956003, 28.6444772 ] } },
{ "type": "Feature", "properties": { "lon": 77.11564475, "lat": 28.62181625, "highway": "residential", "point_id": 853 }, "geometry": { "type": "Point", "coordinates": [ 77.11564475, 28.62181625 ] } },
{ "type": "Feature", "properties": { "lon": 77.08458835, "lat": 28.69841825, "highway": "residential", "point_id": 854 }, "geometry": { "type": "Point", "coordinates": [ 77.08458835, 28.69841825 ] } },
{ "type": "Feature", "properties": { "lon": 77.28123685, "lat": 28.49600805, "highway": "residential", "point_id": 855 }, "geometry": { "type": "Point", "coordinates": [ 77.28123685, 28.49600805 ] } },
{ "type": "Feature", "properties": { "lon": 77.0395027, "lat": 28.70593965, "highway": "residential", "point_id": 856 }, "geometry": { "type": "Point", "coordinates": [ 77.0395027, 28.70593965 ] } },
{ "type": "Feature", "properties": { "lon": 77.30006595, "lat": 28.6257013, "highway": "residential", "point_id": 857 }, "geometry": { "type": "Point", "coordinates": [ 77.30006595, 28.6257013 ] } },
{ "type": "Feature", "properties": { "lon": 77.102798549999989, "lat": 28.6048293, "highway": "residential", "point_id": 858 }, "geometry": { "type": "Point", "coordinates": [ 77.102798549999989, 28.6048293 ] } },
{ "type": "Feature", "properties": { "lon": 77.1572735, "lat": 28.64889675, "highway": "residential", "point_id": 859 }, "geometry": { "type": "Point", "coordinates": [ 77.1572735, 28.64889675 ] } },
{ "type": "Feature", "properties": { "lon": 77.03068065, "lat": 28.70975365, "highway": "residential", "point_id": 860 }, "geometry": { "type": "Point", "coordinates": [ 77.03068065, 28.70975365 ] } },
{ "type": "Feature", "properties": { "lon": 77.1997174, "lat": 28.68873585, "highway": "residential", "point_id": 861 }, "geometry": { "type": "Point", "coordinates": [ 77.1997174, 28.68873585 ] } },
{ "type": "Feature", "properties": { "lon": 77.132697549999989, "lat": 28.4787166, "highway": "residential", "point_id": 862 }, "geometry": { "type": "Point", "coordinates": [ 77.132697549999989, 28.4787166 ] } },
{ "type": "Feature", "properties": { "lon": 76.98983995, "lat": 28.60287875, "highway": "residential", "point_id": 863 }, "geometry": { "type": "Point", "coordinates": [ 76.98983995, 28.60287875 ] } },
{ "type": "Feature", "properties": { "lon": 77.18105545, "lat": 28.66036845, "highway": "tertiary", "point_id": 864 }, "geometry": { "type": "Point", "coordinates": [ 77.18105545, 28.66036845 ] } },
{ "type": "Feature", "properties": { "lon": 77.20615555000001, "lat": 28.73165855, "highway": "residential", "point_id": 865 }, "geometry": { "type": "Point", "coordinates": [ 77.20615555, 28.73165855 ] } },
{ "type": "Feature", "properties": { "lon": 76.9802489, "lat": 28.56384975, "highway": "residential", "point_id": 866 }, "geometry": { "type": "Point", "coordinates": [ 76.9802489, 28.56384975 ] } },
{ "type": "Feature", "properties": { "lon": 77.2405049, "lat": 28.50773775, "highway": "residential", "point_id": 867 }, "geometry": { "type": "Point", "coordinates": [ 77.2405049, 28.50773775 ] } },
{ "type": "Feature", "properties": { "lon": 77.33137855, "lat": 28.6222238, "highway": "residential", "point_id": 868 }, "geometry": { "type": "Point", "coordinates": [ 77.33137855, 28.6222238 ] } },
{ "type": "Feature", "properties": { "lon": 77.05308475, "lat": 28.6169511, "highway": "residential", "point_id": 869 }, "geometry": { "type": "Point", "coordinates": [ 77.05308475, 28.6169511 ] } },
{ "type": "Feature", "properties": { "lon": 77.242387650000012, "lat": 28.551749, "highway": "residential", "point_id": 870 }, "geometry": { "type": "Point", "coordinates": [ 77.242387650000012, 28.551749 ] } },
{ "type": "Feature", "properties": { "lon": 77.2191131, "lat": 28.44898005, "highway": "unclassified", "point_id": 871 }, "geometry": { "type": "Point", "coordinates": [ 77.219113099999987, 28.44898005 ] } },
{ "type": "Feature", "properties": { "lon": 77.1797398, "lat": 28.65229615, "highway": "residential", "point_id": 872 }, "geometry": { "type": "Point", "coordinates": [ 77.1797398, 28.65229615 ] } },
{ "type": "Feature", "properties": { "lon": 77.1838427, "lat": 28.5550116, "highway": "residential", "point_id": 873 }, "geometry": { "type": "Point", "coordinates": [ 77.1838427, 28.5550116 ] } },
{ "type": "Feature", "properties": { "lon": 77.28042185000001, "lat": 28.72897055, "highway": "residential", "point_id": 874 }, "geometry": { "type": "Point", "coordinates": [ 77.28042185000001, 28.72897055 ] } },
{ "type": "Feature", "properties": { "lon": 77.0714338, "lat": 28.59418575, "highway": "residential", "point_id": 875 }, "geometry": { "type": "Point", "coordinates": [ 77.0714338, 28.59418575 ] } },
{ "type": "Feature", "properties": { "lon": 77.00446595, "lat": 28.80762295, "highway": "residential", "point_id": 876 }, "geometry": { "type": "Point", "coordinates": [ 77.00446595, 28.80762295 ] } },
{ "type": "Feature", "properties": { "lon": 77.07215105, "lat": 28.71317325, "highway": "residential", "point_id": 877 }, "geometry": { "type": "Point", "coordinates": [ 77.07215105, 28.71317325 ] } },
{ "type": "Feature", "properties": { "lon": 77.27103155, "lat": 28.72536875, "highway": "residential", "point_id": 878 }, "geometry": { "type": "Point", "coordinates": [ 77.27103155, 28.72536875 ] } },
{ "type": "Feature", "properties": { "lon": 77.3038283, "lat": 28.60452325, "highway": "residential", "point_id": 879 }, "geometry": { "type": "Point", "coordinates": [ 77.3038283, 28.60452325 ] } },
{ "type": "Feature", "properties": { "lon": 77.28217985000001, "lat": 28.68089845, "highway": "residential", "point_id": 880 }, "geometry": { "type": "Point", "coordinates": [ 77.28217985, 28.68089845 ] } },
{ "type": "Feature", "properties": { "lon": 77.21552685, "lat": 28.66268935, "highway": "secondary", "point_id": 881 }, "geometry": { "type": "Point", "coordinates": [ 77.21552685, 28.66268935 ] } },
{ "type": "Feature", "properties": { "lon": 77.02612585, "lat": 28.55185015, "highway": "residential", "point_id": 882 }, "geometry": { "type": "Point", "coordinates": [ 77.02612585, 28.55185015 ] } },
{ "type": "Feature", "properties": { "lon": 77.29219245, "lat": 28.65940185, "highway": "residential", "point_id": 883 }, "geometry": { "type": "Point", "coordinates": [ 77.29219245, 28.65940185 ] } },
{ "type": "Feature", "properties": { "lon": 77.2663013, "lat": 28.7222103, "highway": "residential", "point_id": 884 }, "geometry": { "type": "Point", "coordinates": [ 77.2663013, 28.7222103 ] } },
{ "type": "Feature", "properties": { "lon": 77.1733858, "lat": 28.7652759, "highway": "residential", "point_id": 885 }, "geometry": { "type": "Point", "coordinates": [ 77.1733858, 28.7652759 ] } },
{ "type": "Feature", "properties": { "lon": 77.06243955, "lat": 28.5633785, "highway": "secondary", "point_id": 886 }, "geometry": { "type": "Point", "coordinates": [ 77.06243955, 28.5633785 ] } },
{ "type": "Feature", "properties": { "lon": 77.2734238, "lat": 28.69522515, "highway": "residential", "point_id": 887 }, "geometry": { "type": "Point", "coordinates": [ 77.2734238, 28.69522515 ] } },
{ "type": "Feature", "properties": { "lon": 76.99814595000001, "lat": 28.7393117, "highway": "secondary", "point_id": 888 }, "geometry": { "type": "Point", "coordinates": [ 76.99814595, 28.7393117 ] } },
{ "type": "Feature", "properties": { "lon": 76.98882025, "lat": 28.7044252, "highway": "tertiary", "point_id": 889 }, "geometry": { "type": "Point", "coordinates": [ 76.98882025, 28.7044252 ] } },
{ "type": "Feature", "properties": { "lon": 77.06913355, "lat": 28.6263845, "highway": "primary", "point_id": 890 }, "geometry": { "type": "Point", "coordinates": [ 77.06913355, 28.6263845 ] } },
{ "type": "Feature", "properties": { "lon": 77.2732934, "lat": 28.6936642, "highway": "residential", "point_id": 891 }, "geometry": { "type": "Point", "coordinates": [ 77.2732934, 28.6936642 ] } },
{ "type": "Feature", "properties": { "lon": 77.00521165000001, "lat": 28.5959957, "highway": "residential", "point_id": 892 }, "geometry": { "type": "Point", "coordinates": [ 77.00521165, 28.5959957 ] } },
{ "type": "Feature", "properties": { "lon": 77.0077638, "lat": 28.5877757, "highway": "tertiary", "point_id": 893 }, "geometry": { "type": "Point", "coordinates": [ 77.0077638, 28.5877757 ] } },
{ "type": "Feature", "properties": { "lon": 77.05618365000001, "lat": 28.6137912, "highway": "residential", "point_id": 894 }, "geometry": { "type": "Point", "coordinates": [ 77.05618365, 28.6137912 ] } },
{ "type": "Feature", "properties": { "lon": 77.17653405, "lat": 28.49148985, "highway": "residential", "point_id": 895 }, "geometry": { "type": "Point", "coordinates": [ 77.17653405, 28.49148985 ] } },
{ "type": "Feature", "properties": { "lon": 76.9176119, "lat": 28.5979059, "highway": "residential", "point_id": 896 }, "geometry": { "type": "Point", "coordinates": [ 76.9176119, 28.5979059 ] } },
{ "type": "Feature", "properties": { "lon": 77.2112112, "lat": 28.6503082, "highway": "residential", "point_id": 897 }, "geometry": { "type": "Point", "coordinates": [ 77.2112112, 28.6503082 ] } },
{ "type": "Feature", "properties": { "lon": 77.1230588, "lat": 28.54037575, "highway": "residential", "point_id": 898 }, "geometry": { "type": "Point", "coordinates": [ 77.1230588, 28.54037575 ] } },
{ "type": "Feature", "properties": { "lon": 77.0829347, "lat": 28.66104635, "highway": "residential", "point_id": 899 }, "geometry": { "type": "Point", "coordinates": [ 77.08293470000001, 28.66104635 ] } },
{ "type": "Feature", "properties": { "lon": 77.0870212, "lat": 28.63473615, "highway": "residential", "point_id": 900 }, "geometry": { "type": "Point", "coordinates": [ 77.0870212, 28.63473615 ] } },
{ "type": "Feature", "properties": { "lon": 77.20787715, "lat": 28.5759546, "highway": "residential", "point_id": 901 }, "geometry": { "type": "Point", "coordinates": [ 77.20787715, 28.5759546 ] } },
{ "type": "Feature", "properties": { "lon": 77.1563981, "lat": 28.48212405, "highway": "residential", "point_id": 902 }, "geometry": { "type": "Point", "coordinates": [ 77.1563981, 28.48212405 ] } },
{ "type": "Feature", "properties": { "lon": 77.10545095000001, "lat": 28.64938925, "highway": "residential", "point_id": 903 }, "geometry": { "type": "Point", "coordinates": [ 77.10545095, 28.64938925 ] } },
{ "type": "Feature", "properties": { "lon": 77.22943475, "lat": 28.51157085, "highway": "residential", "point_id": 904 }, "geometry": { "type": "Point", "coordinates": [ 77.22943475, 28.51157085 ] } },
{ "type": "Feature", "properties": { "lon": 77.0951395, "lat": 28.86151075, "highway": "residential", "point_id": 905 }, "geometry": { "type": "Point", "coordinates": [ 77.095139499999988, 28.86151075 ] } },
{ "type": "Feature", "properties": { "lon": 76.97867935, "lat": 28.70348695, "highway": "residential", "point_id": 906 }, "geometry": { "type": "Point", "coordinates": [ 76.97867935, 28.70348695 ] } },
{ "type": "Feature", "properties": { "lon": 77.1000187, "lat": 28.77285505, "highway": "residential", "point_id": 907 }, "geometry": { "type": "Point", "coordinates": [ 77.1000187, 28.77285505 ] } },
{ "type": "Feature", "properties": { "lon": 77.1702669, "lat": 28.67825005, "highway": "residential", "point_id": 908 }, "geometry": { "type": "Point", "coordinates": [ 77.1702669, 28.67825005 ] } },
{ "type": "Feature", "properties": { "lon": 77.09726905, "lat": 28.592358, "highway": "residential", "point_id": 909 }, "geometry": { "type": "Point", "coordinates": [ 77.09726905, 28.592358 ] } },
{ "type": "Feature", "properties": { "lon": 77.0264042, "lat": 28.6872105, "highway": "residential", "point_id": 910 }, "geometry": { "type": "Point", "coordinates": [ 77.0264042, 28.6872105 ] } },
{ "type": "Feature", "properties": { "lon": 77.3045205, "lat": 28.5217468, "highway": "residential", "point_id": 911 }, "geometry": { "type": "Point", "coordinates": [ 77.3045205, 28.5217468 ] } },
{ "type": "Feature", "properties": { "lon": 77.17808585, "lat": 28.4543714, "highway": "residential", "point_id": 912 }, "geometry": { "type": "Point", "coordinates": [ 77.17808585, 28.4543714 ] } },
{ "type": "Feature", "properties": { "lon": 77.13216445, "lat": 28.70801095, "highway": "residential", "point_id": 913 }, "geometry": { "type": "Point", "coordinates": [ 77.13216445, 28.70801095 ] } },
{ "type": "Feature", "properties": { "lon": 77.04066785000001, "lat": 28.66060225, "highway": "residential", "point_id": 914 }, "geometry": { "type": "Point", "coordinates": [ 77.04066785, 28.66060225 ] } },
{ "type": "Feature", "properties": { "lon": 77.2670432, "lat": 28.7037306, "highway": "residential", "point_id": 915 }, "geometry": { "type": "Point", "coordinates": [ 77.267043199999989, 28.7037306 ] } },
{ "type": "Feature", "properties": { "lon": 77.1552416, "lat": 28.6747463, "highway": "residential", "point_id": 916 }, "geometry": { "type": "Point", "coordinates": [ 77.155241600000011, 28.6747463 ] } },
{ "type": "Feature", "properties": { "lon": 77.09732895, "lat": 28.6378841, "highway": "residential", "point_id": 917 }, "geometry": { "type": "Point", "coordinates": [ 77.09732895, 28.6378841 ] } },
{ "type": "Feature", "properties": { "lon": 77.2061444, "lat": 28.72241815, "highway": "residential", "point_id": 918 }, "geometry": { "type": "Point", "coordinates": [ 77.2061444, 28.72241815 ] } },
{ "type": "Feature", "properties": { "lon": 77.05116625, "lat": 28.68753065, "highway": "residential", "point_id": 919 }, "geometry": { "type": "Point", "coordinates": [ 77.05116625, 28.68753065 ] } },
{ "type": "Feature", "properties": { "lon": 76.99399815000001, "lat": 28.7691718, "highway": "residential", "point_id": 920 }, "geometry": { "type": "Point", "coordinates": [ 76.99399815000001, 28.7691718 ] } },
{ "type": "Feature", "properties": { "lon": 77.13814965, "lat": 28.47322595, "highway": "residential", "point_id": 921 }, "geometry": { "type": "Point", "coordinates": [ 77.13814965, 28.47322595 ] } },
{ "type": "Feature", "properties": { "lon": 77.13142625, "lat": 28.5505847, "highway": "residential", "point_id": 922 }, "geometry": { "type": "Point", "coordinates": [ 77.13142625, 28.5505847 ] } },
{ "type": "Feature", "properties": { "lon": 77.1697447, "lat": 28.69224025, "highway": "residential", "point_id": 923 }, "geometry": { "type": "Point", "coordinates": [ 77.1697447, 28.69224025 ] } },
{ "type": "Feature", "properties": { "lon": 77.2874041, "lat": 28.7095847, "highway": "residential", "point_id": 924 }, "geometry": { "type": "Point", "coordinates": [ 77.2874041, 28.7095847 ] } },
{ "type": "Feature", "properties": { "lon": 77.0724348, "lat": 28.6905903, "highway": "residential", "point_id": 925 }, "geometry": { "type": "Point", "coordinates": [ 77.0724348, 28.6905903 ] } },
{ "type": "Feature", "properties": { "lon": 77.05576925, "lat": 28.60738695, "highway": "residential", "point_id": 926 }, "geometry": { "type": "Point", "coordinates": [ 77.05576925, 28.60738695 ] } },
{ "type": "Feature", "properties": { "lon": 77.01697905, "lat": 28.73277055, "highway": "residential", "point_id": 927 }, "geometry": { "type": "Point", "coordinates": [ 77.01697905, 28.73277055 ] } },
{ "type": "Feature", "properties": { "lon": 77.21058125, "lat": 28.73028, "highway": "residential", "point_id": 928 }, "geometry": { "type": "Point", "coordinates": [ 77.21058125, 28.73028 ] } },
{ "type": "Feature", "properties": { "lon": 77.1765499, "lat": 28.69111365, "highway": "secondary", "point_id": 929 }, "geometry": { "type": "Point", "coordinates": [ 77.1765499, 28.69111365 ] } },
{ "type": "Feature", "properties": { "lon": 77.1393329, "lat": 28.6881253, "highway": "residential", "point_id": 930 }, "geometry": { "type": "Point", "coordinates": [ 77.1393329, 28.6881253 ] } },
{ "type": "Feature", "properties": { "lon": 77.1863758, "lat": 28.54262105, "highway": "residential", "point_id": 931 }, "geometry": { "type": "Point", "coordinates": [ 77.1863758, 28.54262105 ] } },
{ "type": "Feature", "properties": { "lon": 77.048913, "lat": 28.62765085, "highway": "residential", "point_id": 932 }, "geometry": { "type": "Point", "coordinates": [ 77.048913, 28.62765085 ] } },
{ "type": "Feature", "properties": { "lon": 77.04909445, "lat": 28.72676815, "highway": "residential", "point_id": 933 }, "geometry": { "type": "Point", "coordinates": [ 77.04909445, 28.72676815 ] } },
{ "type": "Feature", "properties": { "lon": 77.20712595000001, "lat": 28.6727788, "highway": "tertiary", "point_id": 934 }, "geometry": { "type": "Point", "coordinates": [ 77.20712595, 28.6727788 ] } },
{ "type": "Feature", "properties": { "lon": 77.31215515, "lat": 28.6662568, "highway": "tertiary", "point_id": 935 }, "geometry": { "type": "Point", "coordinates": [ 77.31215515, 28.6662568 ] } },
{ "type": "Feature", "properties": { "lon": 77.20055005, "lat": 28.54778925, "highway": "residential", "point_id": 936 }, "geometry": { "type": "Point", "coordinates": [ 77.20055005, 28.54778925 ] } },
{ "type": "Feature", "properties": { "lon": 77.2684432, "lat": 28.51283195, "highway": "residential", "point_id": 937 }, "geometry": { "type": "Point", "coordinates": [ 77.2684432, 28.51283195 ] } },
{ "type": "Feature", "properties": { "lon": 77.2717729, "lat": 28.70705195, "highway": "tertiary", "point_id": 938 }, "geometry": { "type": "Point", "coordinates": [ 77.2717729, 28.70705195 ] } },
{ "type": "Feature", "properties": { "lon": 77.03390635, "lat": 28.6203323, "highway": "residential", "point_id": 939 }, "geometry": { "type": "Point", "coordinates": [ 77.03390635, 28.6203323 ] } },
{ "type": "Feature", "properties": { "lon": 77.08080535, "lat": 28.73416835, "highway": "residential", "point_id": 940 }, "geometry": { "type": "Point", "coordinates": [ 77.08080535, 28.73416835 ] } },
{ "type": "Feature", "properties": { "lon": 77.11786435, "lat": 28.5027546, "highway": "residential", "point_id": 941 }, "geometry": { "type": "Point", "coordinates": [ 77.11786435, 28.5027546 ] } },
{ "type": "Feature", "properties": { "lon": 77.18805215, "lat": 28.73106115, "highway": "trunk", "point_id": 942 }, "geometry": { "type": "Point", "coordinates": [ 77.18805215, 28.73106115 ] } },
{ "type": "Feature", "properties": { "lon": 76.9958053, "lat": 28.59297945, "highway": "residential", "point_id": 943 }, "geometry": { "type": "Point", "coordinates": [ 76.9958053, 28.59297945 ] } },
{ "type": "Feature", "properties": { "lon": 77.0103275, "lat": 28.59729895, "highway": "residential", "point_id": 944 }, "geometry": { "type": "Point", "coordinates": [ 77.0103275, 28.59729895 ] } },
{ "type": "Feature", "properties": { "lon": 76.9736899, "lat": 28.6312933, "highway": "residential", "point_id": 945 }, "geometry": { "type": "Point", "coordinates": [ 76.973689900000011, 28.6312933 ] } },
{ "type": "Feature", "properties": { "lon": 77.22435265, "lat": 28.66385745, "highway": "residential", "point_id": 946 }, "geometry": { "type": "Point", "coordinates": [ 77.22435265, 28.66385745 ] } },
{ "type": "Feature", "properties": { "lon": 77.0335851, "lat": 28.62112845, "highway": "residential", "point_id": 947 }, "geometry": { "type": "Point", "coordinates": [ 77.0335851, 28.62112845 ] } },
{ "type": "Feature", "properties": { "lon": 77.07096, "lat": 28.82752965, "highway": "residential", "point_id": 948 }, "geometry": { "type": "Point", "coordinates": [ 77.07096, 28.82752965 ] } },
{ "type": "Feature", "properties": { "lon": 76.98481535, "lat": 28.591695, "highway": "residential", "point_id": 949 }, "geometry": { "type": "Point", "coordinates": [ 76.98481535, 28.591695 ] } },
{ "type": "Feature", "properties": { "lon": 77.08884735000001, "lat": 28.5934025, "highway": "residential", "point_id": 950 }, "geometry": { "type": "Point", "coordinates": [ 77.08884735, 28.5934025 ] } },
{ "type": "Feature", "properties": { "lon": 77.0932507, "lat": 28.6659114, "highway": "residential", "point_id": 951 }, "geometry": { "type": "Point", "coordinates": [ 77.0932507, 28.6659114 ] } },
{ "type": "Feature", "properties": { "lon": 77.2868035, "lat": 28.72025285, "highway": "residential", "point_id": 952 }, "geometry": { "type": "Point", "coordinates": [ 77.2868035, 28.72025285 ] } },
{ "type": "Feature", "properties": { "lon": 77.29657355000001, "lat": 28.60522345, "highway": "tertiary", "point_id": 953 }, "geometry": { "type": "Point", "coordinates": [ 77.29657355, 28.60522345 ] } },
{ "type": "Feature", "properties": { "lon": 77.08008455000001, "lat": 28.6957834, "highway": "residential", "point_id": 954 }, "geometry": { "type": "Point", "coordinates": [ 77.08008455, 28.6957834 ] } },
{ "type": "Feature", "properties": { "lon": 77.19666415, "lat": 28.665384, "highway": "residential", "point_id": 955 }, "geometry": { "type": "Point", "coordinates": [ 77.19666415, 28.665384 ] } },
{ "type": "Feature", "properties": { "lon": 77.30395365, "lat": 28.599281, "highway": "residential", "point_id": 956 }, "geometry": { "type": "Point", "coordinates": [ 77.30395365, 28.599281 ] } },
{ "type": "Feature", "properties": { "lon": 77.02615935, "lat": 28.78639695, "highway": "residential", "point_id": 957 }, "geometry": { "type": "Point", "coordinates": [ 77.02615935, 28.78639695 ] } },
{ "type": "Feature", "properties": { "lon": 77.31960425, "lat": 28.66635105, "highway": "residential", "point_id": 958 }, "geometry": { "type": "Point", "coordinates": [ 77.31960425, 28.66635105 ] } },
{ "type": "Feature", "properties": { "lon": 77.25490665, "lat": 28.53223175, "highway": "residential", "point_id": 959 }, "geometry": { "type": "Point", "coordinates": [ 77.25490665, 28.53223175 ] } },
{ "type": "Feature", "properties": { "lon": 77.28990245, "lat": 28.6549274, "highway": "residential", "point_id": 960 }, "geometry": { "type": "Point", "coordinates": [ 77.28990245, 28.6549274 ] } },
{ "type": "Feature", "properties": { "lon": 77.2978158, "lat": 28.49715485, "highway": "residential", "point_id": 961 }, "geometry": { "type": "Point", "coordinates": [ 77.2978158, 28.49715485 ] } },
{ "type": "Feature", "properties": { "lon": 77.1604576, "lat": 28.454253, "highway": "residential", "point_id": 962 }, "geometry": { "type": "Point", "coordinates": [ 77.1604576, 28.454253 ] } },
{ "type": "Feature", "properties": { "lon": 77.1112663, "lat": 28.534954, "highway": "secondary", "point_id": 963 }, "geometry": { "type": "Point", "coordinates": [ 77.111266300000011, 28.534954 ] } },
{ "type": "Feature", "properties": { "lon": 76.92371675, "lat": 28.5359517, "highway": "tertiary", "point_id": 964 }, "geometry": { "type": "Point", "coordinates": [ 76.92371675, 28.5359517 ] } },
{ "type": "Feature", "properties": { "lon": 77.1525058, "lat": 28.47421625, "highway": "residential", "point_id": 965 }, "geometry": { "type": "Point", "coordinates": [ 77.1525058, 28.47421625 ] } },
{ "type": "Feature", "properties": { "lon": 77.13415165000001, "lat": 28.7261733, "highway": "residential", "point_id": 966 }, "geometry": { "type": "Point", "coordinates": [ 77.13415165, 28.7261733 ] } },
{ "type": "Feature", "properties": { "lon": 76.99793755, "lat": 28.69384, "highway": "residential", "point_id": 967 }, "geometry": { "type": "Point", "coordinates": [ 76.99793755, 28.69384 ] } },
{ "type": "Feature", "properties": { "lon": 77.1658823, "lat": 28.7052816, "highway": "residential", "point_id": 968 }, "geometry": { "type": "Point", "coordinates": [ 77.1658823, 28.7052816 ] } },
{ "type": "Feature", "properties": { "lon": 77.25552955000001, "lat": 28.50653935, "highway": "residential", "point_id": 969 }, "geometry": { "type": "Point", "coordinates": [ 77.25552955, 28.50653935 ] } },
{ "type": "Feature", "properties": { "lon": 77.07436265, "lat": 28.5399299, "highway": "residential", "point_id": 970 }, "geometry": { "type": "Point", "coordinates": [ 77.07436265, 28.5399299 ] } },
{ "type": "Feature", "properties": { "lon": 77.10438725, "lat": 28.64271585, "highway": "tertiary", "point_id": 971 }, "geometry": { "type": "Point", "coordinates": [ 77.10438725, 28.64271585 ] } },
{ "type": "Feature", "properties": { "lon": 77.30754185000001, "lat": 28.60649535, "highway": "residential", "point_id": 972 }, "geometry": { "type": "Point", "coordinates": [ 77.30754185, 28.60649535 ] } },
{ "type": "Feature", "properties": { "lon": 77.12272325000001, "lat": 28.4722493, "highway": "residential", "point_id": 973 }, "geometry": { "type": "Point", "coordinates": [ 77.12272325, 28.4722493 ] } },
{ "type": "Feature", "properties": { "lon": 77.03848175, "lat": 28.7092539, "highway": "residential", "point_id": 974 }, "geometry": { "type": "Point", "coordinates": [ 77.03848175, 28.7092539 ] } },
{ "type": "Feature", "properties": { "lon": 77.27421495, "lat": 28.63826115, "highway": "residential", "point_id": 975 }, "geometry": { "type": "Point", "coordinates": [ 77.27421495, 28.63826115 ] } },
{ "type": "Feature", "properties": { "lon": 77.07708615, "lat": 28.759646, "highway": "tertiary", "point_id": 976 }, "geometry": { "type": "Point", "coordinates": [ 77.07708615, 28.759646 ] } },
{ "type": "Feature", "properties": { "lon": 77.0461696, "lat": 28.52623525, "highway": "tertiary", "point_id": 977 }, "geometry": { "type": "Point", "coordinates": [ 77.0461696, 28.52623525 ] } },
{ "type": "Feature", "properties": { "lon": 77.2061329, "lat": 28.72487245, "highway": "residential", "point_id": 978 }, "geometry": { "type": "Point", "coordinates": [ 77.2061329, 28.72487245 ] } },
{ "type": "Feature", "properties": { "lon": 77.05169415, "lat": 28.5852231, "highway": "residential", "point_id": 979 }, "geometry": { "type": "Point", "coordinates": [ 77.05169415, 28.5852231 ] } },
{ "type": "Feature", "properties": { "lon": 77.09494175, "lat": 28.7269259, "highway": "residential", "point_id": 980 }, "geometry": { "type": "Point", "coordinates": [ 77.09494175, 28.7269259 ] } },
{ "type": "Feature", "properties": { "lon": 77.1228064, "lat": 28.51235, "highway": "residential", "point_id": 981 }, "geometry": { "type": "Point", "coordinates": [ 77.1228064, 28.51235 ] } },
{ "type": "Feature", "properties": { "lon": 77.1780106, "lat": 28.67262255, "highway": "residential", "point_id": 982 }, "geometry": { "type": "Point", "coordinates": [ 77.1780106, 28.67262255 ] } },
{ "type": "Feature", "properties": { "lon": 77.28648985000001, "lat": 28.5537519, "highway": "residential", "point_id": 983 }, "geometry": { "type": "Point", "coordinates": [ 77.28648985, 28.5537519 ] } },
{ "type": "Feature", "properties": { "lon": 77.0720861, "lat": 28.8522524, "highway": "residential", "point_id": 984 }, "geometry": { "type": "Point", "coordinates": [ 77.0720861, 28.8522524 ] } },
{ "type": "Feature", "properties": { "lon": 76.9617243, "lat": 28.80135585, "highway": "tertiary", "point_id": 985 }, "geometry": { "type": "Point", "coordinates": [ 76.9617243, 28.80135585 ] } },
{ "type": "Feature", "properties": { "lon": 77.02619825, "lat": 28.61604555, "highway": "residential", "point_id": 986 }, "geometry": { "type": "Point", "coordinates": [ 77.02619825, 28.61604555 ] } },
{ "type": "Feature", "properties": { "lon": 77.1557305, "lat": 28.68842475, "highway": "residential", "point_id": 987 }, "geometry": { "type": "Point", "coordinates": [ 77.1557305, 28.68842475 ] } },
{ "type": "Feature", "properties": { "lon": 77.2106769, "lat": 28.4669058, "highway": "residential", "point_id": 988 }, "geometry": { "type": "Point", "coordinates": [ 77.21067690000001, 28.4669058 ] } },
{ "type": "Feature", "properties": { "lon": 77.0514844, "lat": 28.67711145, "highway": "residential", "point_id": 989 }, "geometry": { "type": "Point", "coordinates": [ 77.0514844, 28.67711145 ] } },
{ "type": "Feature", "properties": { "lon": 76.9694274, "lat": 28.6938473, "highway": "tertiary", "point_id": 990 }, "geometry": { "type": "Point", "coordinates": [ 76.9694274, 28.6938473 ] } },
{ "type": "Feature", "properties": { "lon": 77.1803942, "lat": 28.708432, "highway": "residential", "point_id": 991 }, "geometry": { "type": "Point", "coordinates": [ 77.1803942, 28.708432 ] } },
{ "type": "Feature", "properties": { "lon": 77.0600575, "lat": 28.59431755, "highway": "secondary", "point_id": 992 }, "geometry": { "type": "Point", "coordinates": [ 77.0600575, 28.59431755 ] } },
{ "type": "Feature", "properties": { "lon": 77.08644855, "lat": 28.70426015, "highway": "residential", "point_id": 993 }, "geometry": { "type": "Point", "coordinates": [ 77.08644855, 28.70426015 ] } },
{ "type": "Feature", "properties": { "lon": 77.0818682, "lat": 28.6337777, "highway": "residential", "point_id": 994 }, "geometry": { "type": "Point", "coordinates": [ 77.0818682, 28.6337777 ] } },
{ "type": "Feature", "properties": { "lon": 77.3155409, "lat": 28.6687049, "highway": "residential", "point_id": 995 }, "geometry": { "type": "Point", "coordinates": [ 77.3155409, 28.6687049 ] } },
{ "type": "Feature", "properties": { "lon": 77.0754889, "lat": 28.7353855, "highway": "residential", "point_id": 996 }, "geometry": { "type": "Point", "coordinates": [ 77.0754889, 28.7353855 ] } },
{ "type": "Feature", "properties": { "lon": 77.3061593, "lat": 28.65939845, "highway": "residential", "point_id": 997 }, "geometry": { "type": "Point", "coordinates": [ 77.3061593, 28.65939845 ] } },
{ "type": "Feature", "properties": { "lon": 77.1400251, "lat": 28.74282375, "highway": "secondary", "point_id": 998 }, "geometry": { "type": "Point", "coordinates": [ 77.1400251, 28.74282375 ] } },
{ "type": "Feature", "properties": { "lon": 77.2071236, "lat": 28.6631739, "highway": "secondary", "point_id": 999 }, "geometry": { "type": "Point", "coordinates": [ 77.207123599999989, 28.6631739 ] } }
]
}
