video_id,frame_file,timestamp_sec,face_count,max_confidence,status
day_1_3_20_2026_Itinerary_111.2,day_1_3_20_2026_Itinerary_111.2_face000000.jpg,3080.127232,22,92,ok
day_1_3_20_2026_Itinerary_111.2,day_1_3_20_2026_Itinerary_111.2_face000001.jpg,3081.110784,3,95,ok
day_1_3_20_2026_Itinerary_111.2,day_1_3_20_2026_Itinerary_111.2_face000002.jpg,3091.092224,2,93,ok
day_1_3_20_2026_Itinerary_111.2,day_1_3_20_2026_Itinerary_111.2_face000003.jpg,3120.12288,54,90,ok
day_1_3_20_2026_Itinerary_111.2,day_1_3_20_2026_Itinerary_111.2_face000004.jpg,3121.127936,9,97,ok
day_1_3_20_2026_Itinerary_111.2,day_1_3_20_2026_Itinerary_111.2_face000005.jpg,3133.196288,1,97,ok
day_1_3_20_2026_Itinerary_111.2,day_1_3_20_2026_Itinerary_111.2_face000006.jpg,3135.09632,1,96,ok
day_1_3_20_2026_Itinerary_111.2,day_1_3_20_2026_Itinerary_111.2_face000007.jpg,3141.114624,99,96,ok
day_1_3_20_2026_Itinerary_111.2,day_1_3_20_2026_Itinerary_111.2_face000008.jpg,3151.195648,1,98,ok
day_1_3_20_2026_Itinerary_111.2,day_1_3_20_2026_Itinerary_111.2_face000009.jpg,3179.185152,87,97,ok
day_1_3_20_2026_Itinerary_111.2,day_1_3_20_2026_Itinerary_111.2_face000010.jpg,3180.189184,95,90,ok
day_1_3_20_2026_Itinerary_15.2,day_1_3_20_2026_Itinerary_15.2_face000000.jpg,3080.082176,99,91,ok
day_1_3_20_2026_Itinerary_15.2,day_1_3_20_2026_Itinerary_15.2_face000001.jpg,3096.170752,1,93,ok
day_1_3_20_2026_Itinerary_15.2,day_1_3_20_2026_Itinerary_15.2_face000002.jpg,3100.090624,1,92,ok
day_1_3_20_2026_Itinerary_15.2,day_1_3_20_2026_Itinerary_15.2_face000003.jpg,3129.154304,4,92,ok
day_1_3_20_2026_Itinerary_15.2,day_1_3_20_2026_Itinerary_15.2_face000004.jpg,3158.161152,3,91,ok
day_1_3_20_2026_Itinerary_15.2,day_1_3_20_2026_Itinerary_15.2_face000005.jpg,3159.161344,2,92,ok
day_1_3_20_2026_Itinerary_15.2,day_1_3_20_2026_Itinerary_15.2_face000006.jpg,3211.254784,25,94,ok
day_1_3_20_2026_Itinerary_15.2,day_1_3_20_2026_Itinerary_15.2_face000007.jpg,3228.23168,24,92,ok
day_1_3_20_2026_Itinerary_15.2,day_1_3_20_2026_Itinerary_15.2_face000008.jpg,3238.279168,1,93,ok
day_1_3_20_2026_Itinerary_15.2,day_1_3_20_2026_Itinerary_15.2_face000009.jpg,3243.26656,4,94,ok
day_1_3_20_2026_Itinerary_15.2,day_1_3_20_2026_Itinerary_15.2_face000010.jpg,3245.250048,2,94,ok
day_1_3_20_2026_Itinerary_15.2,day_1_3_20_2026_Itinerary_15.2_face000011.jpg,3250.293504,1,92,ok
day_1_3_20_2026_Itinerary_15.2,day_1_3_20_2026_Itinerary_15.2_face000012.jpg,3258.282496,10,94,ok
day_1_3_20_2026_Itinerary_111.3,day_1_3_20_2026_Itinerary_111.3_face000000.jpg,0.123391,10,93,ok
day_1_3_20_2026_Itinerary_111.3,day_1_3_20_2026_Itinerary_111.3_face000001.jpg,11.077458,14,96,ok
day_1_3_20_2026_Itinerary_111.3,day_1_3_20_2026_Itinerary_111.3_face000002.jpg,39.089844,1,97,ok
day_1_3_20_2026_Itinerary_111.3,day_1_3_20_2026_Itinerary_111.3_face000003.jpg,45.100512,5,94,ok
day_1_3_20_2026_Itinerary_111.3,day_1_3_20_2026_Itinerary_111.3_face000004.jpg,64.107912,45,93,ok
day_1_3_20_2026_Itinerary_111.3,day_1_3_20_2026_Itinerary_111.3_face000005.jpg,70.092192,1,97,ok
day_1_3_20_2026_Itinerary_111.3,day_1_3_20_2026_Itinerary_111.3_face000006.jpg,72.086392,8,97,ok
day_1_3_20_2026_Itinerary_111.3,day_1_3_20_2026_Itinerary_111.3_face000007.jpg,80.105224,9,95,ok
day_1_3_20_2026_Itinerary_111.3,day_1_3_20_2026_Itinerary_111.3_face000008.jpg,107.088464,13,96,ok
day_1_3_20_2026_Itinerary_111.3,day_1_3_20_2026_Itinerary_111.3_face000009.jpg,186.199392,13,96,ok
day_1_3_20_2026_Itinerary_111.3,day_1_3_20_2026_Itinerary_111.3_face000010.jpg,275.309216,7,97,ok
day_1_3_20_2026_Itinerary_111.3,day_1_3_20_2026_Itinerary_111.3_face000011.jpg,305.317184,2,98,ok
day_1_3_20_2026_Itinerary_111.3,day_1_3_20_2026_Itinerary_111.3_face000012.jpg,347.32752,1,94,ok
day_1_3_20_2026_Itinerary_111.3,day_1_3_20_2026_Itinerary_111.3_face000013.jpg,365.411392,4,98,ok
day_1_3_20_2026_Itinerary_111.3,day_1_3_20_2026_Itinerary_111.3_face000014.jpg,390.413664,5,93,ok
day_1_3_20_2026_Itinerary_111.3,day_1_3_20_2026_Itinerary_111.3_face000015.jpg,495.495936,3,96,ok
day_1_3_20_2026_Itinerary_111.3,day_1_3_20_2026_Itinerary_111.3_face000016.jpg,508.496704,15,96,ok
day_1_3_20_2026_Itinerary_111.3,day_1_3_20_2026_Itinerary_111.3_face000017.jpg,535.599552,1,98,ok
day_1_3_20_2026_Itinerary_111.3,day_1_3_20_2026_Itinerary_111.3_face000018.jpg,670.731648,3,96,ok
day_1_3_20_2026_Itinerary_111.3,day_1_3_20_2026_Itinerary_111.3_face000019.jpg,683.729472,1,95,ok
day_1_3_20_2026_Itinerary_111.3,day_1_3_20_2026_Itinerary_111.3_face000020.jpg,717.745728,1,90,ok
day_1_3_20_2026_Itinerary_111.3,day_1_3_20_2026_Itinerary_111.3_face000021.jpg,731.74592,3,92,ok
day_1_3_20_2026_Itinerary_111.3,day_1_3_20_2026_Itinerary_111.3_face000022.jpg,751.72992,2,95,ok
day_1_3_20_2026_Itinerary_111.3,day_1_3_20_2026_Itinerary_111.3_face000023.jpg,768.813824,1,91,ok
day_1_3_20_2026_Itinerary_111.3,day_1_3_20_2026_Itinerary_111.3_face000024.jpg,773.844096,1,93,ok
day_1_3_20_2026_Itinerary_111.3,day_1_3_20_2026_Itinerary_111.3_face000025.jpg,964.02912,3,91,ok
day_1_3_20_2026_Itinerary_111.3,day_1_3_20_2026_Itinerary_111.3_face000026.jpg,968.026112,1,90,ok
day_1_3_20_2026_Itinerary_111.3,day_1_3_20_2026_Itinerary_111.3_face000027.jpg,981.028352,1,91,ok
day_1_3_20_2026_Itinerary_111.3,day_1_3_20_2026_Itinerary_111.3_face000028.jpg,987.020608,99,97,ok
day_1_3_20_2026_Itinerary_111.3,day_1_3_20_2026_Itinerary_111.3_face000029.jpg,1048.10528,1,95,ok
day_1_3_20_2026_Itinerary_111.3,day_1_3_20_2026_Itinerary_111.3_face000030.jpg,1072.1216,21,90,ok
day_1_3_20_2026_Itinerary_111.3,day_1_3_20_2026_Itinerary_111.3_face000031.jpg,1103.14112,2,95,ok
day_1_3_20_2026_Itinerary_111.3,day_1_3_20_2026_Itinerary_111.3_face000032.jpg,1136.130176,5,96,ok
day_1_3_20_2026_Itinerary_111.3,day_1_3_20_2026_Itinerary_111.3_face000033.jpg,1168.136192,3,90,ok
day_1_3_20_2026_Itinerary_111.3,day_1_3_20_2026_Itinerary_111.3_face000034.jpg,1182.232064,5,94,ok
day_1_3_20_2026_Itinerary_111.3,day_1_3_20_2026_Itinerary_111.3_face000035.jpg,1200.239104,2,98,ok
day_1_3_20_2026_Itinerary_111.3,day_1_3_20_2026_Itinerary_111.3_face000036.jpg,1278.343424,2,93,ok
day_1_3_20_2026_Itinerary_111.3,day_1_3_20_2026_Itinerary_111.3_face000037.jpg,1284.261248,1,92,ok
day_1_3_20_2026_Itinerary_111.3,day_1_3_20_2026_Itinerary_111.3_face000038.jpg,1325.350272,2,93,ok
day_1_3_20_2026_Itinerary_111.3,day_1_3_20_2026_Itinerary_111.3_face000039.jpg,1361.361792,16,94,ok
day_1_3_20_2026_Itinerary_111.3,day_1_3_20_2026_Itinerary_111.3_face000040.jpg,1364.33984,25,92,ok
day_1_3_20_2026_Itinerary_111.3,day_1_3_20_2026_Itinerary_111.3_face000041.jpg,1387.357952,2,92,ok
day_1_3_20_2026_Itinerary_111.3,day_1_3_20_2026_Itinerary_111.3_face000042.jpg,1405.417472,6,93,ok
day_1_3_20_2026_Itinerary_111.3,day_1_3_20_2026_Itinerary_111.3_face000043.jpg,1443.42272,97,95,ok
day_1_3_20_2026_Itinerary_111.3,day_1_3_20_2026_Itinerary_111.3_face000044.jpg,1448.446848,1,95,ok
day_1_3_20_2026_Itinerary_111.3,day_1_3_20_2026_Itinerary_111.3_face000045.jpg,1489.512192,3,97,ok
day_1_3_20_2026_Itinerary_111.3,day_1_3_20_2026_Itinerary_111.3_face000046.jpg,1492.520704,1,91,ok
day_1_3_20_2026_Itinerary_111.3,day_1_3_20_2026_Itinerary_111.3_face000047.jpg,1497.506688,1,95,ok
day_1_3_20_2026_Itinerary_111.3,day_1_3_20_2026_Itinerary_111.3_face000048.jpg,1498.504064,3,92,ok
day_1_3_20_2026_Itinerary_111.3,day_1_3_20_2026_Itinerary_111.3_face000049.jpg,1511.514624,94,99,ok
day_1_3_20_2026_Itinerary_111.3,day_1_3_20_2026_Itinerary_111.3_face000050.jpg,1516.506624,8,98,ok
day_1_3_20_2026_Itinerary_12.1,day_1_3_20_2026_Itinerary_12.1_face000000.jpg,1542.565376,31,90,ok
day_1_3_20_2026_Itinerary_12.1,day_1_3_20_2026_Itinerary_12.1_face000001.jpg,1549.568896,28,92,ok
day_1_3_20_2026_Itinerary_12.1,day_1_3_20_2026_Itinerary_12.1_face000002.jpg,1554.572288,1,94,ok
day_1_3_20_2026_Itinerary_12.1,day_1_3_20_2026_Itinerary_12.1_face000003.jpg,1555.564928,79,95,ok
day_1_3_20_2026_Itinerary_12.1,day_1_3_20_2026_Itinerary_12.1_face000004.jpg,1567.565696,5,96,ok
day_1_3_20_2026_Itinerary_12.1,day_1_3_20_2026_Itinerary_12.1_face000005.jpg,1572.547328,1,94,ok
day_1_3_20_2026_Itinerary_12.1,day_1_3_20_2026_Itinerary_12.1_face000006.jpg,1575.55392,1,98,ok
day_1_3_20_2026_Itinerary_12.1,day_1_3_20_2026_Itinerary_12.1_face000007.jpg,1576.55296,45,94,ok
day_1_3_20_2026_Itinerary_12.1,day_1_3_20_2026_Itinerary_12.1_face000008.jpg,1609.659264,1,97,ok
day_1_3_20_2026_Itinerary_12.1,day_1_3_20_2026_Itinerary_12.1_face000009.jpg,1610.660864,2,93,ok
day_1_3_20_2026_Itinerary_12.1,day_1_3_20_2026_Itinerary_12.1_face000010.jpg,1613.61792,99,91,ok
day_1_3_20_2026_Itinerary_12.1,day_1_3_20_2026_Itinerary_12.1_face000011.jpg,1617.646592,1,94,ok
day_1_3_20_2026_Itinerary_12.1,day_1_3_20_2026_Itinerary_12.1_face000012.jpg,1622.65216,2,91,ok
day_1_3_20_2026_Itinerary_12.1,day_1_3_20_2026_Itinerary_12.1_face000013.jpg,1624.643072,2,99,ok
day_1_3_20_2026_Itinerary_12.1,day_1_3_20_2026_Itinerary_12.1_face000014.jpg,1625.652352,99,92,ok
day_1_3_20_2026_Itinerary_12.1,day_1_3_20_2026_Itinerary_12.1_face000015.jpg,1628.672256,8,95,ok
day_1_3_20_2026_Itinerary_12.1,day_1_3_20_2026_Itinerary_12.1_face000016.jpg,1639.660672,1,91,ok
day_1_3_20_2026_Itinerary_12.1,day_1_3_20_2026_Itinerary_12.1_face000017.jpg,1665.718144,15,92,ok
day_1_3_20_2026_Itinerary_12.1,day_1_3_20_2026_Itinerary_12.1_face000018.jpg,1683.73696,1,97,ok
day_1_3_20_2026_Itinerary_12.1,day_1_3_20_2026_Itinerary_12.1_face000019.jpg,1703.675904,33,90,ok
day_1_3_20_2026_Itinerary_12.1,day_1_3_20_2026_Itinerary_12.1_face000020.jpg,1718.77888,1,94,ok
day_1_3_20_2026_Itinerary_12.1,day_1_3_20_2026_Itinerary_12.1_face000021.jpg,1739.772544,46,98,ok
day_1_3_20_2026_Itinerary_12.1,day_1_3_20_2026_Itinerary_12.1_face000022.jpg,1740.75328,2,98,ok
day_1_3_20_2026_Itinerary_12.1,day_1_3_20_2026_Itinerary_12.1_face000023.jpg,1744.765824,1,92,ok
day_1_3_20_2026_Itinerary_12.1,day_1_3_20_2026_Itinerary_12.1_face000024.jpg,1768.759552,26,97,ok
day_1_3_20_2026_Itinerary_12.1,day_1_3_20_2026_Itinerary_12.1_face000025.jpg,1777.76768,2,91,ok
day_1_3_20_2026_Itinerary_12.1,day_1_3_20_2026_Itinerary_12.1_face000026.jpg,1778.767872,1,95,ok
day_1_3_20_2026_Itinerary_12.1,day_1_3_20_2026_Itinerary_12.1_face000027.jpg,1810.829184,32,90,ok
day_1_3_20_2026_Itinerary_12.1,day_1_3_20_2026_Itinerary_12.1_face000028.jpg,1825.847808,3,91,ok
day_1_3_20_2026_Itinerary_12.1,day_1_3_20_2026_Itinerary_12.1_face000029.jpg,1872.84928,17,94,ok
day_1_3_20_2026_Itinerary_12.1,day_1_3_20_2026_Itinerary_12.1_face000030.jpg,1873.944704,21,94,ok
day_1_3_20_2026_Itinerary_12.1,day_1_3_20_2026_Itinerary_12.1_face000031.jpg,1876.868352,3,90,ok
day_1_3_20_2026_Itinerary_12.1,day_1_3_20_2026_Itinerary_12.1_face000032.jpg,1877.867264,4,94,ok
day_1_3_20_2026_Itinerary_12.1,day_1_3_20_2026_Itinerary_12.1_face000033.jpg,1895.878144,1,93,ok
day_1_3_20_2026_Itinerary_12.1,day_1_3_20_2026_Itinerary_12.1_face000034.jpg,1896.877824,1,91,ok
day_1_3_20_2026_Itinerary_12.1,day_1_3_20_2026_Itinerary_12.1_face000035.jpg,1897.953536,1,98,ok
day_1_3_20_2026_Itinerary_12.1,day_1_3_20_2026_Itinerary_12.1_face000036.jpg,1906.945536,6,94,ok
day_1_3_20_2026_Itinerary_12.1,day_1_3_20_2026_Itinerary_12.1_face000037.jpg,1966.975616,8,98,ok
day_1_3_20_2026_Itinerary_12.1,day_1_3_20_2026_Itinerary_12.1_face000038.jpg,1993.991168,5,93,ok
day_1_3_20_2026_Itinerary_12.1,day_1_3_20_2026_Itinerary_12.1_face000039.jpg,1994.990976,3,95,ok
day_1_3_20_2026_Itinerary_12.1,day_1_3_20_2026_Itinerary_12.1_face000040.jpg,2024.094336,3,94,ok
day_1_3_20_2026_Itinerary_12.1,day_1_3_20_2026_Itinerary_12.1_face000041.jpg,2053.066112,5,93,ok
day_1_3_20_2026_Itinerary_12.1,day_1_3_20_2026_Itinerary_12.1_face000042.jpg,2065.086848,4,91,ok
day_1_3_20_2026_Itinerary_12.1,day_1_3_20_2026_Itinerary_12.1_face000043.jpg,2078.0544,5,93,ok
day_1_3_20_2026_Itinerary_12.1,day_1_3_20_2026_Itinerary_12.1_face000044.jpg,2097.167104,99,94,ok
day_1_3_20_2026_Itinerary_12.1,day_1_3_20_2026_Itinerary_12.1_face000045.jpg,2141.188864,2,90,ok
day_1_3_20_2026_Itinerary_12.1,day_1_3_20_2026_Itinerary_12.1_face000046.jpg,2150.192896,1,97,ok
day_1_3_20_2026_Itinerary_12.1,day_1_3_20_2026_Itinerary_12.1_face000047.jpg,2176.1152,1,91,ok
day_1_3_20_2026_Itinerary_12.1,day_1_3_20_2026_Itinerary_12.1_face000048.jpg,2188.235776,25,90,ok
day_1_3_20_2026_Itinerary_12.1,day_1_3_20_2026_Itinerary_12.1_face000049.jpg,2190.249216,2,93,ok
day_1_3_20_2026_Itinerary_12.1,day_1_3_20_2026_Itinerary_12.1_face000050.jpg,2193.226752,3,92,ok
day_1_3_20_2026_Itinerary_12.1,day_1_3_20_2026_Itinerary_12.1_face000051.jpg,2194.22848,7,93,ok
day_1_3_20_2026_Itinerary_12.1,day_1_3_20_2026_Itinerary_12.1_face000052.jpg,2200.269312,9,92,ok
day_1_3_20_2026_Itinerary_12.1,day_1_3_20_2026_Itinerary_12.1_face000053.jpg,2218.246912,1,98,ok
day_1_3_20_2026_Itinerary_12.1,day_1_3_20_2026_Itinerary_12.1_face000054.jpg,2235.25248,82,96,ok
day_1_3_20_2026_Itinerary_12.1,day_1_3_20_2026_Itinerary_12.1_face000055.jpg,2268.275968,17,96,ok
day_1_3_20_2026_Itinerary_12.1,day_1_3_20_2026_Itinerary_12.1_face000056.jpg,2272.281856,14,94,ok
day_1_3_20_2026_Itinerary_12.1,day_1_3_20_2026_Itinerary_12.1_face000057.jpg,2288.268288,6,93,ok
day_1_3_20_2026_Itinerary_12.1,day_1_3_20_2026_Itinerary_12.1_face000058.jpg,2316.325632,38,96,ok
day_1_3_20_2026_Itinerary_12.1,day_1_3_20_2026_Itinerary_12.1_face000059.jpg,2317.344512,86,92,ok
day_1_3_20_2026_Itinerary_12.1,day_1_3_20_2026_Itinerary_12.1_face000060.jpg,2326.34496,5,90,ok
day_1_3_20_2026_Itinerary_12.1,day_1_3_20_2026_Itinerary_12.1_face000061.jpg,2330.290176,10,97,ok
day_1_3_20_2026_Itinerary_12.1,day_1_3_20_2026_Itinerary_12.1_face000062.jpg,2331.393024,3,92,ok
day_1_3_20_2026_Itinerary_12.1,day_1_3_20_2026_Itinerary_12.1_face000063.jpg,2335.305984,2,95,ok
day_1_3_20_2026_Itinerary_12.1,day_1_3_20_2026_Itinerary_12.1_face000064.jpg,2346.349312,44,90,ok
day_1_3_20_2026_Itinerary_12.1,day_1_3_20_2026_Itinerary_12.1_face000065.jpg,2357.402624,1,94,ok
day_1_3_20_2026_Itinerary_12.1,day_1_3_20_2026_Itinerary_12.1_face000066.jpg,2366.37824,6,96,ok
day_1_3_20_2026_Itinerary_12.1,day_1_3_20_2026_Itinerary_12.1_face000067.jpg,2369.394176,1,92,ok
day_1_3_20_2026_Itinerary_12.1,day_1_3_20_2026_Itinerary_12.1_face000068.jpg,2378.392576,1,98,ok
day_1_3_20_2026_Itinerary_12.1,day_1_3_20_2026_Itinerary_12.1_face000069.jpg,2379.396096,2,90,ok
day_1_3_20_2026_Itinerary_12.1,day_1_3_20_2026_Itinerary_12.1_face000070.jpg,2387.386112,3,92,ok
day_1_3_20_2026_Itinerary_12.1,day_1_3_20_2026_Itinerary_12.1_face000071.jpg,2394.363136,2,93,ok
day_1_3_20_2026_Itinerary_12.1,day_1_3_20_2026_Itinerary_12.1_face000072.jpg,2397.37984,14,96,ok
day_1_3_20_2026_Itinerary_12.1,day_1_3_20_2026_Itinerary_12.1_face000073.jpg,2400.39168,25,91,ok
day_1_3_20_2026_Itinerary_12.1,day_1_3_20_2026_Itinerary_12.1_face000074.jpg,2405.493248,99,93,ok
day_1_3_20_2026_Itinerary_12.1,day_1_3_20_2026_Itinerary_12.1_face000075.jpg,2427.457024,13,92,ok
day_1_3_20_2026_Itinerary_12.1,day_1_3_20_2026_Itinerary_12.1_face000076.jpg,2456.48128,93,94,ok
day_1_3_20_2026_Itinerary_12.1,day_1_3_20_2026_Itinerary_12.1_face000077.jpg,2458.505984,56,98,ok
day_1_3_20_2026_Itinerary_12.1,day_1_3_20_2026_Itinerary_12.1_face000078.jpg,2461.484544,2,91,ok
day_1_3_20_2026_Itinerary_12.1,day_1_3_20_2026_Itinerary_12.1_face000079.jpg,2462.456064,2,90,ok
day_1_3_20_2026_Itinerary_12.1,day_1_3_20_2026_Itinerary_12.1_face000080.jpg,2474.464256,1,90,ok
day_1_3_20_2026_Itinerary_12.1,day_1_3_20_2026_Itinerary_12.1_face000081.jpg,2504.49408,4,93,ok
day_1_3_20_2026_Itinerary_12.1,day_1_3_20_2026_Itinerary_12.1_face000082.jpg,2517.490176,8,95,ok
day_1_3_20_2026_Itinerary_12.1,day_1_3_20_2026_Itinerary_12.1_face000083.jpg,2521.592576,56,97,ok
day_1_3_20_2026_Itinerary_12.1,day_1_3_20_2026_Itinerary_12.1_face000084.jpg,2544.600832,7,90,ok
day_1_3_20_2026_Itinerary_12.1,day_1_3_20_2026_Itinerary_12.1_face000085.jpg,2599.575552,3,97,ok
day_1_3_20_2026_Itinerary_16.1,day_1_3_20_2026_Itinerary_16.1_face000000.jpg,0.058386,1,99,ok
day_1_3_20_2026_Itinerary_16.1,day_1_3_20_2026_Itinerary_16.1_face000001.jpg,29.045492,1,95,ok
day_1_3_20_2026_Itinerary_16.1,day_1_3_20_2026_Itinerary_16.1_face000002.jpg,38.052664,14,98,ok
day_1_3_20_2026_Itinerary_16.1,day_1_3_20_2026_Itinerary_16.1_face000003.jpg,39.053328,10,91,ok
day_1_3_20_2026_Itinerary_16.1,day_1_3_20_2026_Itinerary_16.1_face000004.jpg,40.053896,3,95,ok
day_1_3_20_2026_Itinerary_16.1,day_1_3_20_2026_Itinerary_16.1_face000005.jpg,43.0428,1,92,ok
day_1_3_20_2026_Itinerary_16.1,day_1_3_20_2026_Itinerary_16.1_face000006.jpg,74.146112,1,96,ok
day_1_3_20_2026_Itinerary_16.1,day_1_3_20_2026_Itinerary_16.1_face000007.jpg,97.152104,1,94,ok
day_1_3_20_2026_Itinerary_16.1,day_1_3_20_2026_Itinerary_16.1_face000008.jpg,107.151336,95,90,ok
day_1_3_20_2026_Itinerary_16.1,day_1_3_20_2026_Itinerary_16.1_face000009.jpg,109.143536,1,92,ok
day_1_3_20_2026_Itinerary_16.1,day_1_3_20_2026_Itinerary_16.1_face000010.jpg,131.1546,1,94,ok
day_1_3_20_2026_Itinerary_16.1,day_1_3_20_2026_Itinerary_16.1_face000011.jpg,180.253824,99,95,ok
day_1_3_20_2026_Itinerary_16.1,day_1_3_20_2026_Itinerary_16.1_face000012.jpg,219.261104,1,90,ok
day_1_3_20_2026_Itinerary_16.1,day_1_3_20_2026_Itinerary_16.1_face000013.jpg,237.277808,88,92,ok
day_1_3_20_2026_Itinerary_16.1,day_1_3_20_2026_Itinerary_16.1_face000014.jpg,320.370848,3,94,ok
day_1_3_20_2026_Itinerary_16.1,day_1_3_20_2026_Itinerary_16.1_face000015.jpg,341.358528,1,96,ok
day_1_3_20_2026_Itinerary_16.1,day_1_3_20_2026_Itinerary_16.1_face000016.jpg,372.36512,20,91,ok
day_1_3_20_2026_Itinerary_16.1,day_1_3_20_2026_Itinerary_16.1_face000017.jpg,423.483904,1,97,ok
day_1_3_20_2026_Itinerary_16.1,day_1_3_20_2026_Itinerary_16.1_face000018.jpg,428.476704,3,94,ok
day_1_3_20_2026_Itinerary_16.1,day_1_3_20_2026_Itinerary_16.1_face000019.jpg,444.476224,42,90,ok
day_1_3_20_2026_Itinerary_16.1,day_1_3_20_2026_Itinerary_16.1_face000020.jpg,448.457952,1,94,ok
day_1_3_20_2026_Itinerary_16.1,day_1_3_20_2026_Itinerary_16.1_face000021.jpg,453.47952,1,95,ok
day_1_3_20_2026_Itinerary_16.1,day_1_3_20_2026_Itinerary_16.1_face000022.jpg,461.48192,1,98,ok
day_1_3_20_2026_Itinerary_16.1,day_1_3_20_2026_Itinerary_16.1_face000023.jpg,468.476288,1,91,ok
day_1_3_20_2026_Itinerary_16.1,day_1_3_20_2026_Itinerary_16.1_face000024.jpg,469.471424,1,96,ok
day_1_3_20_2026_Itinerary_16.1,day_1_3_20_2026_Itinerary_16.1_face000025.jpg,470.484416,15,96,ok
day_1_3_20_2026_Itinerary_16.1,day_1_3_20_2026_Itinerary_16.1_face000026.jpg,474.479808,6,90,ok
day_1_3_20_2026_Itinerary_16.1,day_1_3_20_2026_Itinerary_16.1_face000027.jpg,536.591904,2,92,ok
day_1_3_20_2026_Itinerary_16.1,day_1_3_20_2026_Itinerary_16.1_face000028.jpg,538.598208,16,90,ok
day_1_3_20_2026_Itinerary_16.1,day_1_3_20_2026_Itinerary_16.1_face000029.jpg,567.588224,1,98,ok
day_1_3_20_2026_Itinerary_16.1,day_1_3_20_2026_Itinerary_16.1_face000030.jpg,580.58976,5,93,ok
day_1_3_20_2026_Itinerary_16.1,day_1_3_20_2026_Itinerary_16.1_face000031.jpg,583.582016,1,91,ok
day_1_3_20_2026_Itinerary_16.1,day_1_3_20_2026_Itinerary_16.1_face000032.jpg,586.57536,1,92,ok
day_1_3_20_2026_Itinerary_16.1,day_1_3_20_2026_Itinerary_16.1_face000033.jpg,608.67264,1,96,ok
day_1_3_20_2026_Itinerary_16.1,day_1_3_20_2026_Itinerary_16.1_face000034.jpg,611.687616,9,92,ok
day_1_3_20_2026_Itinerary_16.1,day_1_3_20_2026_Itinerary_16.1_face000035.jpg,613.672512,6,90,ok
day_1_3_20_2026_Itinerary_16.1,day_1_3_20_2026_Itinerary_16.1_face000036.jpg,616.663168,99,91,ok
day_1_3_20_2026_Itinerary_16.1,day_1_3_20_2026_Itinerary_16.1_face000037.jpg,617.67808,2,90,ok
day_1_3_20_2026_Itinerary_16.1,day_1_3_20_2026_Itinerary_16.1_face000038.jpg,619.67968,1,93,ok
day_1_3_20_2026_Itinerary_16.1,day_1_3_20_2026_Itinerary_16.1_face000039.jpg,654.687424,1,91,ok
day_1_3_20_2026_Itinerary_16.1,day_1_3_20_2026_Itinerary_16.1_face000040.jpg,656.695872,2,92,ok
day_1_3_20_2026_Itinerary_16.1,day_1_3_20_2026_Itinerary_16.1_face000041.jpg,657.696832,19,92,ok
day_1_3_20_2026_Itinerary_16.1,day_1_3_20_2026_Itinerary_16.1_face000042.jpg,662.6944,1,95,ok
day_1_3_20_2026_Itinerary_16.1,day_1_3_20_2026_Itinerary_16.1_face000043.jpg,665.69184,2,91,ok
day_1_3_20_2026_Itinerary_16.1,day_1_3_20_2026_Itinerary_16.1_face000044.jpg,673.691904,1,90,ok
day_1_3_20_2026_Itinerary_16.1,day_1_3_20_2026_Itinerary_16.1_face000045.jpg,679.683584,6,90,ok
day_1_3_20_2026_Itinerary_16.1,day_1_3_20_2026_Itinerary_16.1_face000046.jpg,691.686336,2,96,ok
day_1_3_20_2026_Itinerary_16.1,day_1_3_20_2026_Itinerary_16.1_face000047.jpg,694.676864,13,90,ok
day_1_3_20_2026_Itinerary_16.1,day_1_3_20_2026_Itinerary_16.1_face000048.jpg,695.683136,11,90,ok
day_1_3_20_2026_Itinerary_16.1,day_1_3_20_2026_Itinerary_16.1_face000049.jpg,699.69408,1,91,ok
day_1_3_20_2026_Itinerary_16.1,day_1_3_20_2026_Itinerary_16.1_face000050.jpg,700.6944,9,93,ok
day_1_3_20_2026_Itinerary_16.1,day_1_3_20_2026_Itinerary_16.1_face000051.jpg,709.790016,4,93,ok
day_1_3_20_2026_Itinerary_16.1,day_1_3_20_2026_Itinerary_16.1_face000052.jpg,710.69696,1,90,ok
day_1_3_20_2026_Itinerary_16.1,day_1_3_20_2026_Itinerary_16.1_face000053.jpg,712.696896,5,92,ok
day_1_3_20_2026_Itinerary_16.1,day_1_3_20_2026_Itinerary_16.1_face000054.jpg,731.766592,5,90,ok
day_1_3_20_2026_Itinerary_16.1,day_1_3_20_2026_Itinerary_16.1_face000055.jpg,742.76608,54,95,ok
day_1_3_20_2026_Itinerary_16.1,day_1_3_20_2026_Itinerary_16.1_face000056.jpg,743.767552,27,99,ok
day_1_3_20_2026_Itinerary_16.1,day_1_3_20_2026_Itinerary_16.1_face000057.jpg,744.76704,1,92,ok
day_1_3_20_2026_Itinerary_16.1,day_1_3_20_2026_Itinerary_16.1_face000058.jpg,841.888512,1,92,ok
day_1_3_20_2026_Itinerary_16.1,day_1_3_20_2026_Itinerary_16.1_face000059.jpg,858.889664,3,90,ok
day_1_3_20_2026_Itinerary_16.1,day_1_3_20_2026_Itinerary_16.1_face000060.jpg,870.89024,30,98,ok
day_1_3_20_2026_Itinerary_16.1,day_1_3_20_2026_Itinerary_16.1_face000061.jpg,926.9824,87,97,ok
day_1_3_20_2026_Itinerary_16.1,day_1_3_20_2026_Itinerary_16.1_face000062.jpg,943.993408,1,96,ok
day_1_3_20_2026_Itinerary_16.1,day_1_3_20_2026_Itinerary_16.1_face000063.jpg,962.00096,1,94,ok
day_1_3_20_2026_Itinerary_16.1,day_1_3_20_2026_Itinerary_16.1_face000064.jpg,962.997504,5,93,ok
day_1_3_20_2026_Itinerary_16.1,day_1_3_20_2026_Itinerary_16.1_face000065.jpg,963.9936,1,98,ok
day_1_3_20_2026_Itinerary_16.1,day_1_3_20_2026_Itinerary_16.1_face000066.jpg,1009.99392,1,98,ok
day_1_3_20_2026_Itinerary_16.1,day_1_3_20_2026_Itinerary_16.1_face000067.jpg,1060.095488,1,98,ok
day_1_3_20_2026_Itinerary_16.1,day_1_3_20_2026_Itinerary_16.1_face000068.jpg,1216.207488,12,93,ok
day_1_3_20_2026_Itinerary_16.1,day_1_3_20_2026_Itinerary_16.1_face000069.jpg,1221.218176,36,92,ok
day_1_3_20_2026_Itinerary_16.1,day_1_3_20_2026_Itinerary_16.1_face000070.jpg,1265.309696,1,91,ok
day_1_3_20_2026_Itinerary_16.1,day_1_3_20_2026_Itinerary_16.1_face000071.jpg,1267.319424,10,95,ok
day_1_3_20_2026_Itinerary_16.1,day_1_3_20_2026_Itinerary_16.1_face000072.jpg,1270.305024,2,94,ok
day_1_3_20_2026_Itinerary_16.1,day_1_3_20_2026_Itinerary_16.1_face000073.jpg,1292.297856,8,94,ok
day_1_3_20_2026_Itinerary_16.1,day_1_3_20_2026_Itinerary_16.1_face000074.jpg,1295.293824,2,93,ok
day_1_3_20_2026_Itinerary_16.1,day_1_3_20_2026_Itinerary_16.1_face000075.jpg,1298.308864,2,93,ok
day_1_3_20_2026_Itinerary_16.1,day_1_3_20_2026_Itinerary_16.1_face000076.jpg,1311.325824,33,90,ok
day_1_3_20_2026_Itinerary_16.1,day_1_3_20_2026_Itinerary_16.1_face000077.jpg,1313.323136,1,93,ok
day_1_3_20_2026_Itinerary_16.1,day_1_3_20_2026_Itinerary_16.1_face000078.jpg,1394.43264,1,90,ok
day_1_3_20_2026_Itinerary_16.1,day_1_3_20_2026_Itinerary_16.1_face000079.jpg,1419.423104,1,91,ok
day_1_3_20_2026_Itinerary_16.1,day_1_3_20_2026_Itinerary_16.1_face000080.jpg,1468.525824,13,94,ok
day_1_3_20_2026_Itinerary_16.1,day_1_3_20_2026_Itinerary_16.1_face000081.jpg,1502.514688,28,95,ok
day_1_3_20_2026_Itinerary_16.1,day_1_3_20_2026_Itinerary_16.1_face000082.jpg,1503.512192,36,92,ok
day_1_3_20_2026_Itinerary_17.2,day_1_3_20_2026_Itinerary_17.2_face000000.jpg,1592.61376,1,98,ok
day_1_3_20_2026_Itinerary_17.2,day_1_3_20_2026_Itinerary_17.2_face000001.jpg,1604.63872,8,91,ok
day_1_3_20_2026_Itinerary_17.2,day_1_3_20_2026_Itinerary_17.2_face000002.jpg,1622.624,4,92,ok
day_1_3_20_2026_Itinerary_17.2,day_1_3_20_2026_Itinerary_17.2_face000003.jpg,1644.65024,1,90,ok
day_1_3_20_2026_Itinerary_17.2,day_1_3_20_2026_Itinerary_17.2_face000004.jpg,1645.637504,1,98,ok
day_1_3_20_2026_Itinerary_17.2,day_1_3_20_2026_Itinerary_17.2_face000005.jpg,1646.633344,3,96,ok
day_1_3_20_2026_Itinerary_17.2,day_1_3_20_2026_Itinerary_17.2_face000006.jpg,1659.632384,2,94,ok
day_1_3_20_2026_Itinerary_17.2,day_1_3_20_2026_Itinerary_17.2_face000007.jpg,1665.74208,4,97,ok
day_1_3_20_2026_Itinerary_17.2,day_1_3_20_2026_Itinerary_17.2_face000008.jpg,1666.648064,8,98,ok
day_1_3_20_2026_Itinerary_17.2,day_1_3_20_2026_Itinerary_17.2_face000009.jpg,1676.721536,1,90,ok
day_1_3_20_2026_Itinerary_17.2,day_1_3_20_2026_Itinerary_17.2_face000010.jpg,1692.719616,3,91,ok
day_1_3_20_2026_Itinerary_17.2,day_1_3_20_2026_Itinerary_17.2_face000011.jpg,1699.721984,5,97,ok
day_1_3_20_2026_Itinerary_17.2,day_1_3_20_2026_Itinerary_17.2_face000012.jpg,1732.808704,19,93,ok
day_1_3_20_2026_Itinerary_17.2,day_1_3_20_2026_Itinerary_17.2_face000013.jpg,1734.725504,12,97,ok
day_1_3_20_2026_Itinerary_17.2,day_1_3_20_2026_Itinerary_17.2_face000014.jpg,1735.732224,85,94,ok
day_1_3_20_2026_Itinerary_17.2,day_1_3_20_2026_Itinerary_17.2_face000015.jpg,1752.749184,2,96,ok
day_1_3_20_2026_Itinerary_17.2,day_1_3_20_2026_Itinerary_17.2_face000016.jpg,1777.749376,1,93,ok
day_1_3_20_2026_Itinerary_17.2,day_1_3_20_2026_Itinerary_17.2_face000017.jpg,1811.861888,1,91,ok
day_1_3_20_2026_Itinerary_17.2,day_1_3_20_2026_Itinerary_17.2_face000018.jpg,1837.854848,78,90,ok
day_1_3_20_2026_Itinerary_17.2,day_1_3_20_2026_Itinerary_17.2_face000019.jpg,1922.967552,80,91,ok
day_1_3_20_2026_Itinerary_17.2,day_1_3_20_2026_Itinerary_17.2_face000020.jpg,1958.962048,95,93,ok
day_1_3_20_2026_Itinerary_17.2,day_1_3_20_2026_Itinerary_17.2_face000021.jpg,1993.986432,1,91,ok
day_1_3_20_2026_Itinerary_17.2,day_1_3_20_2026_Itinerary_17.2_face000022.jpg,2076.079488,10,99,ok
day_1_3_20_2026_Itinerary_17.2,day_1_3_20_2026_Itinerary_17.2_face000023.jpg,2077.090816,1,95,ok
day_1_3_20_2026_Itinerary_17.2,day_1_3_20_2026_Itinerary_17.2_face000024.jpg,2122.0928,8,94,ok
day_1_3_20_2026_Itinerary_17.2,day_1_3_20_2026_Itinerary_17.2_face000025.jpg,2124.101504,31,92,ok
day_1_3_20_2026_Itinerary_17.2,day_1_3_20_2026_Itinerary_17.2_face000026.jpg,2126.16832,6,93,ok
day_1_3_20_2026_Itinerary_17.2,day_1_3_20_2026_Itinerary_17.2_face000027.jpg,2127.17504,5,93,ok
day_1_3_20_2026_Itinerary_17.2,day_1_3_20_2026_Itinerary_17.2_face000028.jpg,2139.165568,99,94,ok
day_1_3_20_2026_Itinerary_17.2,day_1_3_20_2026_Itinerary_17.2_face000029.jpg,2143.193728,1,95,ok
day_1_3_20_2026_Itinerary_17.2,day_1_3_20_2026_Itinerary_17.2_face000030.jpg,2164.193024,73,90,ok
day_1_3_20_2026_Itinerary_17.2,day_1_3_20_2026_Itinerary_17.2_face000031.jpg,2166.15936,2,90,ok
day_1_3_20_2026_Itinerary_17.2,day_1_3_20_2026_Itinerary_17.2_face000032.jpg,2175.181312,6,94,ok
day_1_3_20_2026_Itinerary_17.2,day_1_3_20_2026_Itinerary_17.2_face000033.jpg,2273.28128,74,91,ok
day_1_3_20_2026_Itinerary_17.2,day_1_3_20_2026_Itinerary_17.2_face000034.jpg,2287.287296,9,91,ok
day_1_3_20_2026_Itinerary_17.2,day_1_3_20_2026_Itinerary_17.2_face000035.jpg,2297.274112,1,93,ok
day_1_3_20_2026_Itinerary_17.2,day_1_3_20_2026_Itinerary_17.2_face000036.jpg,2301.274112,3,93,ok
day_1_3_20_2026_Itinerary_17.2,day_1_3_20_2026_Itinerary_17.2_face000037.jpg,2375.397888,2,94,ok
day_1_3_20_2026_Itinerary_17.2,day_1_3_20_2026_Itinerary_17.2_face000038.jpg,2418.404608,2,90,ok
day_1_3_20_2026_Itinerary_17.2,day_1_3_20_2026_Itinerary_17.2_face000039.jpg,2429.493248,99,98,ok
day_1_3_20_2026_Itinerary_17.2,day_1_3_20_2026_Itinerary_17.2_face000040.jpg,2446.50624,1,98,ok
day_1_3_20_2026_Itinerary_17.2,day_1_3_20_2026_Itinerary_17.2_face000041.jpg,2502.501888,7,96,ok
day_1_3_20_2026_Itinerary_17.2,day_1_3_20_2026_Itinerary_17.2_face000042.jpg,2559.591168,97,95,ok
day_1_3_20_2026_Itinerary_17.2,day_1_3_20_2026_Itinerary_17.2_face000043.jpg,2577.596672,1,93,ok
day_1_3_20_2026_Itinerary_17.2,day_1_3_20_2026_Itinerary_17.2_face000044.jpg,2582.604288,2,91,ok
day_1_3_20_2026_Itinerary_17.2,day_1_3_20_2026_Itinerary_17.2_face000045.jpg,2584.60032,1,98,ok
day_1_3_20_2026_Itinerary_17.2,day_1_3_20_2026_Itinerary_17.2_face000046.jpg,2602.59072,2,92,ok
day_1_3_20_2026_Itinerary_17.2,day_1_3_20_2026_Itinerary_17.2_face000047.jpg,2615.679744,6,96,ok
day_1_3_20_2026_Itinerary_17.2,day_1_3_20_2026_Itinerary_17.2_face000048.jpg,2663.661824,28,99,ok
day_1_3_20_2026_Itinerary_17.2,day_1_3_20_2026_Itinerary_17.2_face000049.jpg,2675.658496,43,90,ok
day_1_3_20_2026_Itinerary_17.2,day_1_3_20_2026_Itinerary_17.2_face000050.jpg,2713.772032,3,96,ok
day_1_3_20_2026_Itinerary_17.2,day_1_3_20_2026_Itinerary_17.2_face000051.jpg,2728.699136,4,93,ok
day_1_3_20_2026_Itinerary_110.1,day_1_3_20_2026_Itinerary_110.1_face000000.jpg,5.052359,4,95,ok
day_1_3_20_2026_Itinerary_110.1,day_1_3_20_2026_Itinerary_110.1_face000001.jpg,17.021546,3,95,ok
day_1_3_20_2026_Itinerary_110.1,day_1_3_20_2026_Itinerary_110.1_face000002.jpg,46.089436,1,91,ok
day_1_3_20_2026_Itinerary_110.1,day_1_3_20_2026_Itinerary_110.1_face000003.jpg,55.07682,35,96,ok
day_1_3_20_2026_Itinerary_110.1,day_1_3_20_2026_Itinerary_110.1_face000004.jpg,78.09968,2,92,ok
day_1_3_20_2026_Itinerary_110.1,day_1_3_20_2026_Itinerary_110.1_face000005.jpg,114.118728,9,95,ok
day_1_3_20_2026_Itinerary_110.1,day_1_3_20_2026_Itinerary_110.1_face000006.jpg,116.140744,4,90,ok
day_1_3_20_2026_Itinerary_110.1,day_1_3_20_2026_Itinerary_110.1_face000007.jpg,125.136816,83,94,ok
day_1_3_20_2026_Itinerary_110.1,day_1_3_20_2026_Itinerary_110.1_face000008.jpg,129.0994,1,97,ok
day_1_3_20_2026_Itinerary_110.1,day_1_3_20_2026_Itinerary_110.1_face000009.jpg,131.119336,1,95,ok
day_1_3_20_2026_Itinerary_110.1,day_1_3_20_2026_Itinerary_110.1_face000010.jpg,139.125776,3,98,ok
day_1_3_20_2026_Itinerary_110.1,day_1_3_20_2026_Itinerary_110.1_face000011.jpg,142.21616,96,95,ok
day_1_3_20_2026_Itinerary_110.1,day_1_3_20_2026_Itinerary_110.1_face000012.jpg,155.19648,59,93,ok
day_1_3_20_2026_Itinerary_110.1,day_1_3_20_2026_Itinerary_110.1_face000013.jpg,162.22016,57,91,ok
day_1_3_20_2026_Itinerary_110.1,day_1_3_20_2026_Itinerary_110.1_face000014.jpg,168.20232,69,95,ok
day_1_3_20_2026_Itinerary_110.1,day_1_3_20_2026_Itinerary_110.1_face000015.jpg,224.272288,1,97,ok
day_1_3_20_2026_Itinerary_110.1,day_1_3_20_2026_Itinerary_110.1_face000016.jpg,230.272752,66,94,ok
day_1_3_20_2026_Itinerary_110.1,day_1_3_20_2026_Itinerary_110.1_face000017.jpg,261.2904,8,96,ok
day_1_3_20_2026_Itinerary_110.1,day_1_3_20_2026_Itinerary_110.1_face000018.jpg,262.284464,99,96,ok
day_1_3_20_2026_Itinerary_110.1,day_1_3_20_2026_Itinerary_110.1_face000019.jpg,263.27768,7,96,ok
day_1_3_20_2026_Itinerary_110.1,day_1_3_20_2026_Itinerary_110.1_face000020.jpg,279.339328,99,90,ok
day_1_3_20_2026_Itinerary_110.1,day_1_3_20_2026_Itinerary_110.1_face000021.jpg,291.300608,1,97,ok
day_1_3_20_2026_Itinerary_110.1,day_1_3_20_2026_Itinerary_110.1_face000022.jpg,294.331104,2,96,ok
day_1_3_20_2026_Itinerary_110.1,day_1_3_20_2026_Itinerary_110.1_face000023.jpg,297.301824,24,98,ok
day_1_3_20_2026_Itinerary_110.1,day_1_3_20_2026_Itinerary_110.1_face000024.jpg,302.306592,1,94,ok
day_1_3_20_2026_Itinerary_110.1,day_1_3_20_2026_Itinerary_110.1_face000025.jpg,303.30176,58,95,ok
day_1_3_20_2026_Itinerary_110.1,day_1_3_20_2026_Itinerary_110.1_face000026.jpg,308.3264,2,92,ok
day_1_3_20_2026_Itinerary_110.1,day_1_3_20_2026_Itinerary_110.1_face000027.jpg,310.3008,4,91,ok
day_1_3_20_2026_Itinerary_110.1,day_1_3_20_2026_Itinerary_110.1_face000028.jpg,311.30832,3,91,ok
day_1_3_20_2026_Itinerary_110.1,day_1_3_20_2026_Itinerary_110.1_face000029.jpg,332.318496,1,98,ok
day_1_3_20_2026_Itinerary_110.1,day_1_3_20_2026_Itinerary_110.1_face000030.jpg,339.386624,13,90,ok
day_1_3_20_2026_Itinerary_110.1,day_1_3_20_2026_Itinerary_110.1_face000031.jpg,359.42528,10,95,ok
day_1_3_20_2026_Itinerary_110.1,day_1_3_20_2026_Itinerary_110.1_face000032.jpg,371.409664,1,98,ok
day_1_3_20_2026_Itinerary_110.1,day_1_3_20_2026_Itinerary_110.1_face000033.jpg,377.400064,7,98,ok
day_1_3_20_2026_Itinerary_110.1,day_1_3_20_2026_Itinerary_110.1_face000034.jpg,394.382944,31,90,ok
day_1_3_20_2026_Itinerary_110.1,day_1_3_20_2026_Itinerary_110.1_face000035.jpg,437.417312,54,94,ok
day_1_3_20_2026_Itinerary_110.1,day_1_3_20_2026_Itinerary_110.1_face000036.jpg,447.491616,62,97,ok
day_1_3_20_2026_Itinerary_110.1,day_1_3_20_2026_Itinerary_110.1_face000037.jpg,449.42768,82,99,ok
day_1_3_20_2026_Itinerary_110.1,day_1_3_20_2026_Itinerary_110.1_face000038.jpg,460.448256,24,97,ok
day_1_3_20_2026_Itinerary_110.1,day_1_3_20_2026_Itinerary_110.1_face000039.jpg,488.495104,1,90,ok
day_1_3_20_2026_Itinerary_110.1,day_1_3_20_2026_Itinerary_110.1_face000040.jpg,490.497664,20,98,ok
day_1_3_20_2026_Itinerary_110.1,day_1_3_20_2026_Itinerary_110.1_face000041.jpg,507.502496,41,95,ok
day_1_3_20_2026_Itinerary_110.1,day_1_3_20_2026_Itinerary_110.1_face000042.jpg,546.54112,31,91,ok
day_1_3_20_2026_Itinerary_110.1,day_1_3_20_2026_Itinerary_110.1_face000043.jpg,547.526464,2,91,ok
day_1_3_20_2026_Itinerary_110.1,day_1_3_20_2026_Itinerary_110.1_face000044.jpg,567.533568,6,95,ok
day_1_3_20_2026_Itinerary_110.1,day_1_3_20_2026_Itinerary_110.1_face000045.jpg,570.636096,1,90,ok
day_1_3_20_2026_Itinerary_110.1,day_1_3_20_2026_Itinerary_110.1_face000046.jpg,572.615872,1,95,ok
day_1_3_20_2026_Itinerary_110.1,day_1_3_20_2026_Itinerary_110.1_face000047.jpg,592.6304,1,91,ok
day_1_3_20_2026_Itinerary_110.1,day_1_3_20_2026_Itinerary_110.1_face000048.jpg,598.615424,1,90,ok
day_1_3_20_2026_Itinerary_110.1,day_1_3_20_2026_Itinerary_110.1_face000049.jpg,601.62912,9,93,ok
day_1_3_20_2026_Itinerary_110.1,day_1_3_20_2026_Itinerary_110.1_face000050.jpg,611.614848,99,94,ok
day_1_3_20_2026_Itinerary_110.1,day_1_3_20_2026_Itinerary_110.1_face000051.jpg,636.619776,1,98,ok
day_1_3_20_2026_Itinerary_110.1,day_1_3_20_2026_Itinerary_110.1_face000052.jpg,646.662592,40,95,ok
day_1_3_20_2026_Itinerary_110.1,day_1_3_20_2026_Itinerary_110.1_face000053.jpg,655.705472,2,92,ok
day_1_3_20_2026_Itinerary_110.1,day_1_3_20_2026_Itinerary_110.1_face000054.jpg,663.646656,7,97,ok
day_1_3_20_2026_Itinerary_110.1,day_1_3_20_2026_Itinerary_110.1_face000055.jpg,685.696192,1,93,ok
day_1_3_20_2026_Itinerary_110.1,day_1_3_20_2026_Itinerary_110.1_face000056.jpg,687.694784,33,93,ok
day_1_3_20_2026_Itinerary_110.1,day_1_3_20_2026_Itinerary_110.1_face000057.jpg,690.690944,100,90,ok
day_1_3_20_2026_Itinerary_110.1,day_1_3_20_2026_Itinerary_110.1_face000058.jpg,701.699648,1,96,ok
day_1_3_20_2026_Itinerary_110.1,day_1_3_20_2026_Itinerary_110.1_face000059.jpg,715.7024,2,98,ok
day_1_3_20_2026_Itinerary_110.1,day_1_3_20_2026_Itinerary_110.1_face000060.jpg,718.69728,1,95,ok
day_1_3_20_2026_Itinerary_110.1,day_1_3_20_2026_Itinerary_110.1_face000061.jpg,736.803328,7,98,ok
day_1_3_20_2026_Itinerary_110.1,day_1_3_20_2026_Itinerary_110.1_face000062.jpg,752.80032,98,93,ok
day_1_3_20_2026_Itinerary_110.1,day_1_3_20_2026_Itinerary_110.1_face000063.jpg,753.791872,99,93,ok
day_1_3_20_2026_Itinerary_110.1,day_1_3_20_2026_Itinerary_110.1_face000064.jpg,758.804736,3,98,ok
day_1_3_20_2026_Itinerary_110.1,day_1_3_20_2026_Itinerary_110.1_face000065.jpg,761.804032,1,97,ok
day_1_3_20_2026_Itinerary_110.1,day_1_3_20_2026_Itinerary_110.1_face000066.jpg,763.799424,1,93,ok
day_1_3_20_2026_Itinerary_110.1,day_1_3_20_2026_Itinerary_110.1_face000067.jpg,791.822976,15,94,ok
day_1_3_20_2026_Itinerary_110.1,day_1_3_20_2026_Itinerary_110.1_face000068.jpg,804.824128,95,91,ok
day_1_3_20_2026_Itinerary_110.1,day_1_3_20_2026_Itinerary_110.1_face000069.jpg,808.82656,99,96,ok
day_1_3_20_2026_Itinerary_110.1,day_1_3_20_2026_Itinerary_110.1_face000070.jpg,813.81792,99,90,ok
day_1_3_20_2026_Itinerary_110.1,day_1_3_20_2026_Itinerary_110.1_face000071.jpg,826.826816,99,95,ok
day_1_3_20_2026_Itinerary_110.1,day_1_3_20_2026_Itinerary_110.1_face000072.jpg,869.90688,3,100,ok
day_1_3_20_2026_Itinerary_110.1,day_1_3_20_2026_Itinerary_110.1_face000073.jpg,877.908992,3,99,ok
day_1_3_20_2026_Itinerary_110.1,day_1_3_20_2026_Itinerary_110.1_face000074.jpg,878.908736,8,98,ok
day_1_3_20_2026_Itinerary_110.1,day_1_3_20_2026_Itinerary_110.1_face000075.jpg,883.912832,2,96,ok
day_1_3_20_2026_Itinerary_110.1,day_1_3_20_2026_Itinerary_110.1_face000076.jpg,884.91456,27,97,ok
day_1_3_20_2026_Itinerary_110.1,day_1_3_20_2026_Itinerary_110.1_face000077.jpg,890.900672,1,100,ok
day_1_3_20_2026_Itinerary_110.1,day_1_3_20_2026_Itinerary_110.1_face000078.jpg,891.904896,3,100,ok
day_1_3_20_2026_Itinerary_110.1,day_1_3_20_2026_Itinerary_110.1_face000079.jpg,892.91424,1,98,ok
day_1_3_20_2026_Itinerary_110.1,day_1_3_20_2026_Itinerary_110.1_face000080.jpg,895.912768,1,96,ok
day_1_3_20_2026_Itinerary_110.1,day_1_3_20_2026_Itinerary_110.1_face000081.jpg,899.90592,21,93,ok
day_1_3_20_2026_Itinerary_110.1,day_1_3_20_2026_Itinerary_110.1_face000082.jpg,1016.0192,3,98,ok
day_1_3_20_2026_Itinerary_110.1,day_1_3_20_2026_Itinerary_110.1_face000083.jpg,1017.018304,1,99,ok
day_1_3_20_2026_Itinerary_110.1,day_1_3_20_2026_Itinerary_110.1_face000084.jpg,1024.016704,1,96,ok
day_1_3_20_2026_Itinerary_110.1,day_1_3_20_2026_Itinerary_110.1_face000085.jpg,1031.007424,14,95,ok
day_1_3_20_2026_Itinerary_110.1,day_1_3_20_2026_Itinerary_110.1_face000086.jpg,1036.026368,11,94,ok
day_1_3_20_2026_Itinerary_110.1,day_1_3_20_2026_Itinerary_110.1_face000087.jpg,1049.105984,1,96,ok
day_1_3_20_2026_Itinerary_110.1,day_1_3_20_2026_Itinerary_110.1_face000088.jpg,1056.110016,2,93,ok
day_1_3_20_2026_Itinerary_110.1,day_1_3_20_2026_Itinerary_110.1_face000089.jpg,1090.11456,23,97,ok
day_1_3_20_2026_Itinerary_110.1,day_1_3_20_2026_Itinerary_110.1_face000090.jpg,1121.120384,99,97,ok
day_1_3_20_2026_Itinerary_110.1,day_1_3_20_2026_Itinerary_110.1_face000091.jpg,1138.127744,77,90,ok
day_1_3_20_2026_Itinerary_110.1,day_1_3_20_2026_Itinerary_110.1_face000092.jpg,1139.13152,1,93,ok
day_1_3_20_2026_Itinerary_110.1,day_1_3_20_2026_Itinerary_110.1_face000093.jpg,1140.135168,1,96,ok
day_1_3_20_2026_Itinerary_110.1,day_1_3_20_2026_Itinerary_110.1_face000094.jpg,1169.143424,1,96,ok
day_1_3_20_2026_Itinerary_110.1,day_1_3_20_2026_Itinerary_110.1_face000095.jpg,1174.242176,1,94,ok
day_1_3_20_2026_Itinerary_110.1,day_1_3_20_2026_Itinerary_110.1_face000096.jpg,1186.253952,2,90,ok
day_1_3_20_2026_Itinerary_110.1,day_1_3_20_2026_Itinerary_110.1_face000097.jpg,1187.250944,18,91,ok
day_1_3_20_2026_Itinerary_110.1,day_1_3_20_2026_Itinerary_110.1_face000098.jpg,1195.246336,2,94,ok
day_1_3_20_2026_Itinerary_110.1,day_1_3_20_2026_Itinerary_110.1_face000099.jpg,1198.24832,5,91,ok
day_1_3_20_2026_Itinerary_110.1,day_1_3_20_2026_Itinerary_110.1_face000100.jpg,1213.228672,2,98,ok
day_1_3_20_2026_Itinerary_110.1,day_1_3_20_2026_Itinerary_110.1_face000101.jpg,1262.239616,1,94,ok
day_1_3_20_2026_Itinerary_110.1,day_1_3_20_2026_Itinerary_110.1_face000102.jpg,1269.232,21,93,ok
day_1_3_20_2026_Itinerary_110.1,day_1_3_20_2026_Itinerary_110.1_face000103.jpg,1274.340096,24,91,ok
day_1_3_20_2026_Itinerary_110.1,day_1_3_20_2026_Itinerary_110.1_face000104.jpg,1277.340672,2,92,ok
day_1_3_20_2026_Itinerary_110.1,day_1_3_20_2026_Itinerary_110.1_face000105.jpg,1314.312576,99,98,ok
day_1_3_20_2026_Itinerary_110.1,day_1_3_20_2026_Itinerary_110.1_face000106.jpg,1346.347136,3,96,ok
day_1_3_20_2026_Itinerary_110.1,day_1_3_20_2026_Itinerary_110.1_face000107.jpg,1349.337344,99,90,ok
day_1_3_20_2026_Itinerary_110.1,day_1_3_20_2026_Itinerary_110.1_face000108.jpg,1390.422784,4,96,ok
day_1_3_20_2026_Itinerary_110.1,day_1_3_20_2026_Itinerary_110.1_face000109.jpg,1394.433408,7,90,ok
day_1_3_20_2026_Itinerary_110.1,day_1_3_20_2026_Itinerary_110.1_face000110.jpg,1396.434176,98,96,ok
day_1_3_20_2026_Itinerary_110.1,day_1_3_20_2026_Itinerary_110.1_face000111.jpg,1410.450816,1,93,ok
day_1_3_20_2026_Itinerary_110.1,day_1_3_20_2026_Itinerary_110.1_face000112.jpg,1412.459136,81,95,ok
day_1_3_20_2026_Itinerary_110.1,day_1_3_20_2026_Itinerary_110.1_face000113.jpg,1423.415424,7,92,ok
day_1_3_20_2026_Itinerary_110.1,day_1_3_20_2026_Itinerary_110.1_face000114.jpg,1426.429824,29,96,ok
day_1_3_20_2026_Itinerary_110.1,day_1_3_20_2026_Itinerary_110.1_face000115.jpg,1442.43904,13,90,ok
day_1_3_20_2026_Itinerary_110.1,day_1_3_20_2026_Itinerary_110.1_face000116.jpg,1475.527424,3,94,ok
day_1_3_20_2026_Itinerary_110.1,day_1_3_20_2026_Itinerary_110.1_face000117.jpg,1482.547456,5,95,ok
day_1_3_20_2026_Itinerary_110.1,day_1_3_20_2026_Itinerary_110.1_face000118.jpg,1486.545408,3,92,ok
day_1_3_20_2026_Itinerary_110.1,day_1_3_20_2026_Itinerary_110.1_face000119.jpg,1493.53536,13,95,ok
day_1_3_20_2026_Itinerary_110.1,day_1_3_20_2026_Itinerary_110.1_face000120.jpg,1497.541632,1,96,ok
day_1_3_20_2026_Itinerary_110.1,day_1_3_20_2026_Itinerary_110.1_face000121.jpg,1505.552512,4,90,ok
day_1_3_20_2026_Itinerary_110.1,day_1_3_20_2026_Itinerary_110.1_face000122.jpg,1509.534336,2,94,ok
day_1_3_20_2026_Itinerary_110.1,day_1_3_20_2026_Itinerary_110.1_face000123.jpg,1518.55744,3,92,ok
day_1_3_20_2026_Itinerary_110.1,day_1_3_20_2026_Itinerary_110.1_face000124.jpg,1527.554944,5,93,ok
day_1_3_20_2026_Itinerary_17.1,day_1_3_20_2026_Itinerary_17.1_face000000.jpg,21.079622,7,96,ok
day_1_3_20_2026_Itinerary_17.1,day_1_3_20_2026_Itinerary_17.1_face000001.jpg,32.007258,31,91,ok
day_1_3_20_2026_Itinerary_17.1,day_1_3_20_2026_Itinerary_17.1_face000002.jpg,87.110456,78,96,ok
day_1_3_20_2026_Itinerary_17.1,day_1_3_20_2026_Itinerary_17.1_face000003.jpg,126.110384,25,98,ok
day_1_3_20_2026_Itinerary_17.1,day_1_3_20_2026_Itinerary_17.1_face000004.jpg,135.122976,1,96,ok
day_1_3_20_2026_Itinerary_17.1,day_1_3_20_2026_Itinerary_17.1_face000005.jpg,140.209632,3,96,ok
day_1_3_20_2026_Itinerary_17.1,day_1_3_20_2026_Itinerary_17.1_face000006.jpg,150.186992,2,93,ok
day_1_3_20_2026_Itinerary_17.1,day_1_3_20_2026_Itinerary_17.1_face000007.jpg,193.200112,1,94,ok
day_1_3_20_2026_Itinerary_17.1,day_1_3_20_2026_Itinerary_17.1_face000008.jpg,214.200256,7,90,ok
day_1_3_20_2026_Itinerary_17.1,day_1_3_20_2026_Itinerary_17.1_face000009.jpg,232.223184,3,95,ok
day_1_3_20_2026_Itinerary_17.1,day_1_3_20_2026_Itinerary_17.1_face000010.jpg,253.314496,5,90,ok
day_1_3_20_2026_Itinerary_17.1,day_1_3_20_2026_Itinerary_17.1_face000011.jpg,361.421408,4,92,ok
day_1_3_20_2026_Itinerary_17.1,day_1_3_20_2026_Itinerary_17.1_face000012.jpg,433.430432,10,90,ok
day_1_3_20_2026_Itinerary_17.1,day_1_3_20_2026_Itinerary_17.1_face000013.jpg,480.510816,1,94,ok
day_1_3_20_2026_Itinerary_17.1,day_1_3_20_2026_Itinerary_17.1_face000014.jpg,485.569792,96,93,ok
day_1_3_20_2026_Itinerary_17.1,day_1_3_20_2026_Itinerary_17.1_face000015.jpg,486.465088,98,97,ok
day_1_3_20_2026_Itinerary_17.1,day_1_3_20_2026_Itinerary_17.1_face000016.jpg,489.539552,3,94,ok
day_1_3_20_2026_Itinerary_17.1,day_1_3_20_2026_Itinerary_17.1_face000017.jpg,520.501952,1,98,ok
day_1_3_20_2026_Itinerary_17.1,day_1_3_20_2026_Itinerary_17.1_face000018.jpg,551.6208,99,94,ok
day_1_3_20_2026_Itinerary_17.1,day_1_3_20_2026_Itinerary_17.1_face000019.jpg,555.603584,3,90,ok
day_1_3_20_2026_Itinerary_17.1,day_1_3_20_2026_Itinerary_17.1_face000020.jpg,557.602432,99,99,ok
day_1_3_20_2026_Itinerary_17.1,day_1_3_20_2026_Itinerary_17.1_face000021.jpg,569.600704,4,96,ok
day_1_3_20_2026_Itinerary_17.1,day_1_3_20_2026_Itinerary_17.1_face000022.jpg,574.619584,4,98,ok
day_1_3_20_2026_Itinerary_17.1,day_1_3_20_2026_Itinerary_17.1_face000023.jpg,575.608192,1,98,ok
day_1_3_20_2026_Itinerary_17.1,day_1_3_20_2026_Itinerary_17.1_face000024.jpg,591.599168,3,91,ok
day_1_3_20_2026_Itinerary_17.1,day_1_3_20_2026_Itinerary_17.1_face000025.jpg,595.622976,2,94,ok
day_1_3_20_2026_Itinerary_17.1,day_1_3_20_2026_Itinerary_17.1_face000026.jpg,605.612992,23,90,ok
day_1_3_20_2026_Itinerary_17.1,day_1_3_20_2026_Itinerary_17.1_face000027.jpg,611.623232,70,96,ok
day_1_3_20_2026_Itinerary_17.1,day_1_3_20_2026_Itinerary_17.1_face000028.jpg,615.610688,2,90,ok
day_1_3_20_2026_Itinerary_17.1,day_1_3_20_2026_Itinerary_17.1_face000029.jpg,627.647936,2,95,ok
day_1_3_20_2026_Itinerary_17.1,day_1_3_20_2026_Itinerary_17.1_face000030.jpg,630.65984,1,98,ok
day_1_3_20_2026_Itinerary_17.1,day_1_3_20_2026_Itinerary_17.1_face000031.jpg,647.636928,42,94,ok
day_1_3_20_2026_Itinerary_17.1,day_1_3_20_2026_Itinerary_17.1_face000032.jpg,669.727232,4,94,ok
day_1_3_20_2026_Itinerary_17.1,day_1_3_20_2026_Itinerary_17.1_face000033.jpg,679.657408,2,98,ok
day_1_3_20_2026_Itinerary_17.1,day_1_3_20_2026_Itinerary_17.1_face000034.jpg,680.658752,1,97,ok
day_1_3_20_2026_Itinerary_17.1,day_1_3_20_2026_Itinerary_17.1_face000035.jpg,693.753344,1,92,ok
day_1_3_20_2026_Itinerary_17.1,day_1_3_20_2026_Itinerary_17.1_face000036.jpg,735.720576,2,90,ok
day_1_3_20_2026_Itinerary_17.1,day_1_3_20_2026_Itinerary_17.1_face000037.jpg,754.824576,1,93,ok
day_1_3_20_2026_Itinerary_17.1,day_1_3_20_2026_Itinerary_17.1_face000038.jpg,787.850304,4,93,ok
day_1_3_20_2026_Itinerary_17.1,day_1_3_20_2026_Itinerary_17.1_face000039.jpg,860.91584,1,91,ok
day_1_3_20_2026_Itinerary_17.1,day_1_3_20_2026_Itinerary_17.1_face000040.jpg,907.886208,3,94,ok
day_1_3_20_2026_Itinerary_17.1,day_1_3_20_2026_Itinerary_17.1_face000041.jpg,934.969088,2,91,ok
day_1_3_20_2026_Itinerary_17.1,day_1_3_20_2026_Itinerary_17.1_face000042.jpg,1003.033024,1,92,ok
day_1_3_20_2026_Itinerary_17.1,day_1_3_20_2026_Itinerary_17.1_face000043.jpg,1038.042624,2,95,ok
day_1_3_20_2026_Itinerary_17.1,day_1_3_20_2026_Itinerary_17.1_face000044.jpg,1100.123904,18,94,ok
day_1_3_20_2026_Itinerary_17.1,day_1_3_20_2026_Itinerary_17.1_face000045.jpg,1136.130176,95,95,ok
day_1_3_20_2026_Itinerary_17.1,day_1_3_20_2026_Itinerary_17.1_face000046.jpg,1178.167168,6,92,ok
day_1_3_20_2026_Itinerary_17.1,day_1_3_20_2026_Itinerary_17.1_face000047.jpg,1179.16288,1,90,ok
day_1_3_20_2026_Itinerary_17.1,day_1_3_20_2026_Itinerary_17.1_face000048.jpg,1200.226048,7,91,ok
day_1_3_20_2026_Itinerary_17.1,day_1_3_20_2026_Itinerary_17.1_face000049.jpg,1286.34304,3,91,ok
day_1_3_20_2026_Itinerary_17.1,day_1_3_20_2026_Itinerary_17.1_face000050.jpg,1290.340608,83,97,ok
day_1_3_20_2026_Itinerary_17.1,day_1_3_20_2026_Itinerary_17.1_face000051.jpg,1326.334848,40,97,ok
day_1_3_20_2026_Itinerary_17.1,day_1_3_20_2026_Itinerary_17.1_face000052.jpg,1353.347456,1,94,ok
day_1_3_20_2026_Itinerary_17.1,day_1_3_20_2026_Itinerary_17.1_face000053.jpg,1355.337728,4,95,ok
day_1_3_20_2026_Itinerary_17.1,day_1_3_20_2026_Itinerary_17.1_face000054.jpg,1357.35424,3,91,ok
day_1_3_20_2026_Itinerary_17.1,day_1_3_20_2026_Itinerary_17.1_face000055.jpg,1388.470656,4,94,ok
day_1_3_20_2026_Itinerary_17.1,day_1_3_20_2026_Itinerary_17.1_face000056.jpg,1412.409472,4,94,ok
day_1_3_20_2026_Itinerary_17.1,day_1_3_20_2026_Itinerary_17.1_face000057.jpg,1502.518144,30,91,ok
day_1_3_20_2026_Itinerary_17.1,day_1_3_20_2026_Itinerary_17.1_face000058.jpg,1503.53216,23,91,ok
day_1_3_20_2026_Itinerary_17.1,day_1_3_20_2026_Itinerary_17.1_face000059.jpg,1533.588736,2,99,ok
day_1_3_20_2026_Itinerary_16.2 & 15.1,day_1_3_20_2026_Itinerary_16.2 & 15.1_face000000.jpg,1565.532288,1,92,ok
day_1_3_20_2026_Itinerary_16.2 & 15.1,day_1_3_20_2026_Itinerary_16.2 & 15.1_face000001.jpg,1571.62624,1,91,ok
day_1_3_20_2026_Itinerary_16.2 & 15.1,day_1_3_20_2026_Itinerary_16.2 & 15.1_face000002.jpg,1606.629632,2,91,ok
day_1_3_20_2026_Itinerary_16.2 & 15.1,day_1_3_20_2026_Itinerary_16.2 & 15.1_face000003.jpg,1610.625664,99,97,ok
day_1_3_20_2026_Itinerary_16.2 & 15.1,day_1_3_20_2026_Itinerary_16.2 & 15.1_face000004.jpg,1642.629888,4,95,ok
day_1_3_20_2026_Itinerary_16.2 & 15.1,day_1_3_20_2026_Itinerary_16.2 & 15.1_face000005.jpg,1671.727744,2,90,ok
day_1_3_20_2026_Itinerary_16.2 & 15.1,day_1_3_20_2026_Itinerary_16.2 & 15.1_face000006.jpg,1690.734848,3,91,ok
day_1_3_20_2026_Itinerary_16.2 & 15.1,day_1_3_20_2026_Itinerary_16.2 & 15.1_face000007.jpg,1711.715712,1,91,ok
day_1_3_20_2026_Itinerary_16.2 & 15.1,day_1_3_20_2026_Itinerary_16.2 & 15.1_face000008.jpg,1728.73408,1,94,ok
day_1_3_20_2026_Itinerary_16.2 & 15.1,day_1_3_20_2026_Itinerary_16.2 & 15.1_face000009.jpg,1785.838336,88,91,ok
day_1_3_20_2026_Itinerary_16.2 & 15.1,day_1_3_20_2026_Itinerary_16.2 & 15.1_face000010.jpg,1797.836416,1,92,ok
day_1_3_20_2026_Itinerary_16.2 & 15.1,day_1_3_20_2026_Itinerary_16.2 & 15.1_face000011.jpg,1800.834432,13,90,ok
day_1_3_20_2026_Itinerary_16.2 & 15.1,day_1_3_20_2026_Itinerary_16.2 & 15.1_face000012.jpg,1848.830976,4,97,ok
day_1_3_20_2026_Itinerary_16.2 & 15.1,day_1_3_20_2026_Itinerary_16.2 & 15.1_face000013.jpg,1888.934784,3,91,ok
day_1_3_20_2026_Itinerary_16.2 & 15.1,day_1_3_20_2026_Itinerary_16.2 & 15.1_face000014.jpg,1891.915648,1,93,ok
day_1_3_20_2026_Itinerary_16.2 & 15.1,day_1_3_20_2026_Itinerary_16.2 & 15.1_face000015.jpg,1892.949504,28,91,ok
day_1_3_20_2026_Itinerary_16.2 & 15.1,day_1_3_20_2026_Itinerary_16.2 & 15.1_face000016.jpg,1917.931392,2,92,ok
day_1_3_20_2026_Itinerary_16.2 & 15.1,day_1_3_20_2026_Itinerary_16.2 & 15.1_face000017.jpg,1919.92832,63,97,ok
day_1_3_20_2026_Itinerary_16.2 & 15.1,day_1_3_20_2026_Itinerary_16.2 & 15.1_face000018.jpg,1923.929216,14,91,ok
day_1_3_20_2026_Itinerary_16.2 & 15.1,day_1_3_20_2026_Itinerary_16.2 & 15.1_face000019.jpg,1938.948864,3,97,ok
day_1_3_20_2026_Itinerary_16.2 & 15.1,day_1_3_20_2026_Itinerary_16.2 & 15.1_face000020.jpg,1950.941824,19,94,ok
day_1_3_20_2026_Itinerary_16.2 & 15.1,day_1_3_20_2026_Itinerary_16.2 & 15.1_face000021.jpg,1965.940096,4,91,ok
day_1_3_20_2026_Itinerary_16.2 & 15.1,day_1_3_20_2026_Itinerary_16.2 & 15.1_face000022.jpg,2062.133248,2,95,ok
day_1_3_20_2026_Itinerary_16.2 & 15.1,day_1_3_20_2026_Itinerary_16.2 & 15.1_face000023.jpg,2133.159424,1,91,ok
day_1_3_20_2026_Itinerary_16.2 & 15.1,day_1_3_20_2026_Itinerary_16.2 & 15.1_face000024.jpg,2138.159104,3,93,ok
day_1_3_20_2026_Itinerary_16.2 & 15.1,day_1_3_20_2026_Itinerary_16.2 & 15.1_face000025.jpg,2139.162752,39,96,ok
day_1_3_20_2026_Itinerary_16.2 & 15.1,day_1_3_20_2026_Itinerary_16.2 & 15.1_face000026.jpg,2146.121344,3,94,ok
day_1_3_20_2026_Itinerary_16.2 & 15.1,day_1_3_20_2026_Itinerary_16.2 & 15.1_face000027.jpg,2160.148992,1,91,ok
day_1_3_20_2026_Itinerary_16.2 & 15.1,day_1_3_20_2026_Itinerary_16.2 & 15.1_face000028.jpg,2217.250304,7,94,ok
day_1_3_20_2026_Itinerary_16.2 & 15.1,day_1_3_20_2026_Itinerary_16.2 & 15.1_face000029.jpg,2237.261312,7,98,ok
day_1_3_20_2026_Itinerary_16.2 & 15.1,day_1_3_20_2026_Itinerary_16.2 & 15.1_face000030.jpg,2246.241792,3,95,ok
day_1_3_20_2026_Itinerary_16.2 & 15.1,day_1_3_20_2026_Itinerary_16.2 & 15.1_face000031.jpg,2258.252544,9,91,ok
day_1_3_20_2026_Itinerary_16.2 & 15.1,day_1_3_20_2026_Itinerary_16.2 & 15.1_face000032.jpg,2282.253056,32,91,ok
day_1_3_20_2026_Itinerary_16.2 & 15.1,day_1_3_20_2026_Itinerary_16.2 & 15.1_face000033.jpg,2292.359424,17,97,ok
day_1_3_20_2026_Itinerary_16.2 & 15.1,day_1_3_20_2026_Itinerary_16.2 & 15.1_face000034.jpg,2293.340416,45,95,ok
day_1_3_20_2026_Itinerary_16.2 & 15.1,day_1_3_20_2026_Itinerary_16.2 & 15.1_face000035.jpg,2312.35072,35,95,ok
day_1_3_20_2026_Itinerary_16.2 & 15.1,day_1_3_20_2026_Itinerary_16.2 & 15.1_face000036.jpg,2324.409344,2,98,ok
day_1_3_20_2026_Itinerary_16.2 & 15.1,day_1_3_20_2026_Itinerary_16.2 & 15.1_face000037.jpg,2343.354368,3,94,ok
day_1_3_20_2026_Itinerary_16.2 & 15.1,day_1_3_20_2026_Itinerary_16.2 & 15.1_face000038.jpg,2353.348096,77,95,ok
day_1_3_20_2026_Itinerary_16.2 & 15.1,day_1_3_20_2026_Itinerary_16.2 & 15.1_face000039.jpg,2355.351296,1,95,ok
day_1_3_20_2026_Itinerary_16.2 & 15.1,day_1_3_20_2026_Itinerary_16.2 & 15.1_face000040.jpg,2391.36512,3,90,ok
day_1_3_20_2026_Itinerary_16.2 & 15.1,day_1_3_20_2026_Itinerary_16.2 & 15.1_face000041.jpg,2397.440256,23,92,ok
day_1_3_20_2026_Itinerary_16.2 & 15.1,day_1_3_20_2026_Itinerary_16.2 & 15.1_face000042.jpg,2419.444992,1,95,ok
day_1_3_20_2026_Itinerary_16.2 & 15.1,day_1_3_20_2026_Itinerary_16.2 & 15.1_face000043.jpg,2437.449984,3,97,ok
day_1_3_20_2026_Itinerary_16.2 & 15.1,day_1_3_20_2026_Itinerary_16.2 & 15.1_face000044.jpg,2448.451584,1,94,ok
day_1_3_20_2026_Itinerary_16.2 & 15.1,day_1_3_20_2026_Itinerary_16.2 & 15.1_face000045.jpg,2461.453568,2,92,ok
day_1_3_20_2026_Itinerary_16.2 & 15.1,day_1_3_20_2026_Itinerary_16.2 & 15.1_face000046.jpg,2476.522752,12,97,ok
day_1_3_20_2026_Itinerary_16.2 & 15.1,day_1_3_20_2026_Itinerary_16.2 & 15.1_face000047.jpg,2479.518464,1,90,ok
day_1_3_20_2026_Itinerary_16.2 & 15.1,day_1_3_20_2026_Itinerary_16.2 & 15.1_face000048.jpg,2481.496064,12,94,ok
day_1_3_20_2026_Itinerary_16.2 & 15.1,day_1_3_20_2026_Itinerary_16.2 & 15.1_face000049.jpg,2486.537984,1,93,ok
day_1_3_20_2026_Itinerary_16.2 & 15.1,day_1_3_20_2026_Itinerary_16.2 & 15.1_face000050.jpg,2492.54784,95,92,ok
day_1_3_20_2026_Itinerary_16.2 & 15.1,day_1_3_20_2026_Itinerary_16.2 & 15.1_face000051.jpg,2501.550848,20,95,ok
day_1_3_20_2026_Itinerary_16.2 & 15.1,day_1_3_20_2026_Itinerary_16.2 & 15.1_face000052.jpg,2528.558592,1,96,ok
day_1_3_20_2026_Itinerary_16.2 & 15.1,day_1_3_20_2026_Itinerary_16.2 & 15.1_face000053.jpg,2529.555712,2,91,ok
day_1_3_20_2026_Itinerary_16.2 & 15.1,day_1_3_20_2026_Itinerary_16.2 & 15.1_face000054.jpg,2530.551552,8,93,ok
day_1_3_20_2026_Itinerary_16.2 & 15.1,day_1_3_20_2026_Itinerary_16.2 & 15.1_face000055.jpg,2531.545856,5,99,ok
day_1_3_20_2026_Itinerary_16.2 & 15.1,day_1_3_20_2026_Itinerary_16.2 & 15.1_face000056.jpg,2534.534912,1,94,ok
day_1_3_20_2026_Itinerary_16.2 & 15.1,day_1_3_20_2026_Itinerary_16.2 & 15.1_face000057.jpg,2535.513088,6,91,ok
day_1_3_20_2026_Itinerary_16.2 & 15.1,day_1_3_20_2026_Itinerary_16.2 & 15.1_face000058.jpg,2543.540736,22,96,ok
day_1_3_20_2026_Itinerary_16.2 & 15.1,day_1_3_20_2026_Itinerary_16.2 & 15.1_face000059.jpg,2544.5376,9,92,ok
day_1_3_20_2026_Itinerary_16.2 & 15.1,day_1_3_20_2026_Itinerary_16.2 & 15.1_face000060.jpg,2549.542144,2,94,ok
day_1_3_20_2026_Itinerary_16.2 & 15.1,day_1_3_20_2026_Itinerary_16.2 & 15.1_face000061.jpg,2556.533504,1,97,ok
day_1_3_20_2026_Itinerary_16.2 & 15.1,day_1_3_20_2026_Itinerary_16.2 & 15.1_face000062.jpg,2562.5536,1,90,ok
day_1_3_20_2026_Itinerary_16.2 & 15.1,day_1_3_20_2026_Itinerary_16.2 & 15.1_face000063.jpg,2571.544576,3,96,ok
day_1_3_20_2026_Itinerary_16.2 & 15.1,day_1_3_20_2026_Itinerary_16.2 & 15.1_face000064.jpg,2572.623616,1,92,ok
day_1_3_20_2026_Itinerary_16.2 & 15.1,day_1_3_20_2026_Itinerary_16.2 & 15.1_face000065.jpg,2574.551808,15,90,ok
day_1_3_20_2026_Itinerary_16.2 & 15.1,day_1_3_20_2026_Itinerary_16.2 & 15.1_face000066.jpg,2580.566016,40,97,ok
day_1_3_20_2026_Itinerary_16.2 & 15.1,day_1_3_20_2026_Itinerary_16.2 & 15.1_face000067.jpg,2582.558464,3,94,ok
day_1_3_20_2026_Itinerary_16.2 & 15.1,day_1_3_20_2026_Itinerary_16.2 & 15.1_face000068.jpg,2614.656768,10,96,ok
day_1_3_20_2026_Itinerary_16.2 & 15.1,day_1_3_20_2026_Itinerary_16.2 & 15.1_face000069.jpg,2615.662336,10,93,ok
day_1_3_20_2026_Itinerary_16.2 & 15.1,day_1_3_20_2026_Itinerary_16.2 & 15.1_face000070.jpg,2625.65504,14,92,ok
day_1_3_20_2026_Itinerary_16.2 & 15.1,day_1_3_20_2026_Itinerary_16.2 & 15.1_face000071.jpg,2626.65728,22,95,ok
day_1_3_20_2026_Itinerary_16.2 & 15.1,day_1_3_20_2026_Itinerary_16.2 & 15.1_face000072.jpg,2631.6608,13,98,ok
day_1_3_20_2026_Itinerary_16.2 & 15.1,day_1_3_20_2026_Itinerary_16.2 & 15.1_face000073.jpg,2634.660352,1,94,ok
day_1_3_20_2026_Itinerary_16.2 & 15.1,day_1_3_20_2026_Itinerary_16.2 & 15.1_face000074.jpg,2640.67072,1,97,ok
day_1_3_20_2026_Itinerary_16.2 & 15.1,day_1_3_20_2026_Itinerary_16.2 & 15.1_face000075.jpg,2646.6688,19,91,ok
day_1_3_20_2026_Itinerary_16.2 & 15.1,day_1_3_20_2026_Itinerary_16.2 & 15.1_face000076.jpg,2647.67744,4,96,ok
day_1_3_20_2026_Itinerary_16.2 & 15.1,day_1_3_20_2026_Itinerary_16.2 & 15.1_face000077.jpg,2659.669504,3,93,ok
day_1_3_20_2026_Itinerary_16.2 & 15.1,day_1_3_20_2026_Itinerary_16.2 & 15.1_face000078.jpg,2669.660416,1,90,ok
day_1_3_20_2026_Itinerary_16.2 & 15.1,day_1_3_20_2026_Itinerary_16.2 & 15.1_face000079.jpg,2672.666112,1,95,ok
day_1_3_20_2026_Itinerary_16.2 & 15.1,day_1_3_20_2026_Itinerary_16.2 & 15.1_face000080.jpg,2675.736064,5,92,ok
day_1_3_20_2026_Itinerary_16.2 & 15.1,day_1_3_20_2026_Itinerary_16.2 & 15.1_face000081.jpg,2681.76128,1,94,ok
day_1_3_20_2026_Itinerary_16.2 & 15.1,day_1_3_20_2026_Itinerary_16.2 & 15.1_face000082.jpg,2682.657536,3,93,ok
day_1_3_20_2026_Itinerary_16.2 & 15.1,day_1_3_20_2026_Itinerary_16.2 & 15.1_face000083.jpg,2701.725184,45,96,ok
day_1_3_20_2026_Itinerary_16.2 & 15.1,day_1_3_20_2026_Itinerary_16.2 & 15.1_face000084.jpg,2707.724544,1,95,ok
day_1_3_20_2026_Itinerary_16.2 & 15.1,day_1_3_20_2026_Itinerary_16.2 & 15.1_face000085.jpg,2718.730496,1,94,ok
day_1_3_20_2026_Itinerary_16.2 & 15.1,day_1_3_20_2026_Itinerary_16.2 & 15.1_face000086.jpg,2727.768064,1,90,ok
day_1_3_20_2026_Itinerary_16.2 & 15.1,day_1_3_20_2026_Itinerary_16.2 & 15.1_face000087.jpg,2742.78144,4,96,ok
day_1_3_20_2026_Itinerary_16.2 & 15.1,day_1_3_20_2026_Itinerary_16.2 & 15.1_face000088.jpg,2750.767104,1,99,ok
day_1_3_20_2026_Itinerary_16.2 & 15.1,day_1_3_20_2026_Itinerary_16.2 & 15.1_face000089.jpg,2753.74592,2,99,ok
day_1_3_20_2026_Itinerary_16.2 & 15.1,day_1_3_20_2026_Itinerary_16.2 & 15.1_face000090.jpg,2755.76064,1,95,ok
day_1_3_20_2026_Itinerary_16.2 & 15.1,day_1_3_20_2026_Itinerary_16.2 & 15.1_face000091.jpg,2775.828992,29,97,ok
day_1_3_20_2026_Itinerary_16.2 & 15.1,day_1_3_20_2026_Itinerary_16.2 & 15.1_face000092.jpg,2780.828416,1,92,ok
day_1_3_20_2026_Itinerary_16.2 & 15.1,day_1_3_20_2026_Itinerary_16.2 & 15.1_face000093.jpg,2799.842304,89,97,ok
day_1_3_20_2026_Itinerary_16.2 & 15.1,day_1_3_20_2026_Itinerary_16.2 & 15.1_face000094.jpg,2806.859008,1,93,ok
day_1_3_20_2026_Itinerary_16.2 & 15.1,day_1_3_20_2026_Itinerary_16.2 & 15.1_face000095.jpg,2807.841792,18,96,ok
day_1_3_20_2026_Itinerary_16.2 & 15.1,day_1_3_20_2026_Itinerary_16.2 & 15.1_face000096.jpg,2808.8448,1,95,ok
day_1_3_20_2026_Itinerary_16.2 & 15.1,day_1_3_20_2026_Itinerary_16.2 & 15.1_face000097.jpg,2816.861184,1,93,ok
day_1_3_20_2026_Itinerary_16.2 & 15.1,day_1_3_20_2026_Itinerary_16.2 & 15.1_face000098.jpg,2818.875904,3,94,ok
day_1_3_20_2026_Itinerary_16.2 & 15.1,day_1_3_20_2026_Itinerary_16.2 & 15.1_face000099.jpg,2819.853056,2,94,ok
day_1_3_20_2026_Itinerary_16.2 & 15.1,day_1_3_20_2026_Itinerary_16.2 & 15.1_face000100.jpg,2820.860928,98,97,ok
day_1_3_20_2026_Itinerary_16.2 & 15.1,day_1_3_20_2026_Itinerary_16.2 & 15.1_face000101.jpg,2832.886272,7,96,ok
day_1_3_20_2026_Itinerary_16.2 & 15.1,day_1_3_20_2026_Itinerary_16.2 & 15.1_face000102.jpg,2835.883008,7,90,ok
day_1_3_20_2026_Itinerary_16.2 & 15.1,day_1_3_20_2026_Itinerary_16.2 & 15.1_face000103.jpg,2853.862656,9,96,ok
day_1_3_20_2026_Itinerary_16.2 & 15.1,day_1_3_20_2026_Itinerary_16.2 & 15.1_face000104.jpg,2857.860352,1,95,ok
day_1_3_20_2026_Itinerary_16.2 & 15.1,day_1_3_20_2026_Itinerary_16.2 & 15.1_face000105.jpg,2869.842688,1,95,ok
day_1_3_20_2026_Itinerary_16.2 & 15.1,day_1_3_20_2026_Itinerary_16.2 & 15.1_face000106.jpg,2876.87296,99,96,ok
day_1_3_20_2026_Itinerary_16.2 & 15.1,day_1_3_20_2026_Itinerary_16.2 & 15.1_face000107.jpg,2888.960512,28,98,ok
day_1_3_20_2026_Itinerary_16.2 & 15.1,day_1_3_20_2026_Itinerary_16.2 & 15.1_face000108.jpg,2891.961344,1,93,ok
day_1_3_20_2026_Itinerary_16.2 & 15.1,day_1_3_20_2026_Itinerary_16.2 & 15.1_face000109.jpg,2913.959424,1,92,ok
day_1_3_20_2026_Itinerary_16.2 & 15.1,day_1_3_20_2026_Itinerary_16.2 & 15.1_face000110.jpg,2922.965248,1,93,ok
day_1_3_20_2026_Itinerary_16.2 & 15.1,day_1_3_20_2026_Itinerary_16.2 & 15.1_face000111.jpg,2936.958208,1,93,ok
day_1_3_20_2026_Itinerary_16.2 & 15.1,day_1_3_20_2026_Itinerary_16.2 & 15.1_face000112.jpg,2974.94656,5,90,ok
day_1_3_20_2026_Itinerary_16.2 & 15.1,day_1_3_20_2026_Itinerary_16.2 & 15.1_face000113.jpg,2994.060544,1,97,ok
day_1_3_20_2026_Itinerary_16.2 & 15.1,day_1_3_20_2026_Itinerary_16.2 & 15.1_face000114.jpg,2996.974848,7,92,error
day_1_3_20_2026_Itinerary_16.2 & 15.1,day_1_3_20_2026_Itinerary_16.2 & 15.1_face000115.jpg,2998.066688,1,97,error
day_1_3_20_2026_Itinerary_16.2 & 15.1,day_1_3_20_2026_Itinerary_16.2 & 15.1_face000116.jpg,3064.049152,2,96,error
day_1_3_20_2026_Itinerary_16.2 & 15.1,day_1_3_20_2026_Itinerary_16.2 & 15.1_face000117.jpg,3073.074944,2,90,error
day_1_3_20_2026_Itinerary_17.4,day_1_3_20_2026_Itinerary_17.4_face000000.jpg,1590.574208,1,91,ok
day_1_3_20_2026_Itinerary_17.4,day_1_3_20_2026_Itinerary_17.4_face000001.jpg,1617.61152,4,94,ok
day_1_3_20_2026_Itinerary_17.4,day_1_3_20_2026_Itinerary_17.4_face000002.jpg,1654.70016,1,92,ok
day_1_3_20_2026_Itinerary_17.4,day_1_3_20_2026_Itinerary_17.4_face000003.jpg,1658.71168,2,92,ok
day_1_3_20_2026_Itinerary_17.4,day_1_3_20_2026_Itinerary_17.4_face000004.jpg,1695.721088,1,92,ok
day_1_3_20_2026_Itinerary_17.4,day_1_3_20_2026_Itinerary_17.4_face000005.jpg,1696.725888,13,94,ok
day_1_3_20_2026_Itinerary_17.4,day_1_3_20_2026_Itinerary_17.4_face000006.jpg,1701.7184,13,99,ok
day_1_3_20_2026_Itinerary_17.4,day_1_3_20_2026_Itinerary_17.4_face000007.jpg,1707.722112,1,97,ok
day_1_3_20_2026_Itinerary_17.4,day_1_3_20_2026_Itinerary_17.4_face000008.jpg,1714.690304,1,95,ok
day_1_3_20_2026_Itinerary_17.4,day_1_3_20_2026_Itinerary_17.4_face000009.jpg,1715.705984,2,95,ok
day_1_3_20_2026_Itinerary_17.4,day_1_3_20_2026_Itinerary_17.4_face000010.jpg,1734.709632,1,92,ok
day_1_3_20_2026_Itinerary_17.4,day_1_3_20_2026_Itinerary_17.4_face000011.jpg,1737.720832,1,94,ok
day_1_3_20_2026_Itinerary_17.4,day_1_3_20_2026_Itinerary_17.4_face000012.jpg,1776.831744,1,90,ok
day_1_3_20_2026_Itinerary_17.4,day_1_3_20_2026_Itinerary_17.4_face000013.jpg,1783.79392,2,94,ok
day_1_3_20_2026_Itinerary_17.4,day_1_3_20_2026_Itinerary_17.4_face000014.jpg,1784.809088,16,91,ok
day_1_3_20_2026_Itinerary_17.4,day_1_3_20_2026_Itinerary_17.4_face000015.jpg,1785.822848,2,94,ok
day_1_3_20_2026_Itinerary_17.4,day_1_3_20_2026_Itinerary_17.4_face000016.jpg,1858.912896,1,96,ok
day_1_3_20_2026_Itinerary_17.4,day_1_3_20_2026_Itinerary_17.4_face000017.jpg,1862.891776,1,97,ok
day_1_3_20_2026_Itinerary_17.4,day_1_3_20_2026_Itinerary_17.4_face000018.jpg,1872.90688,4,98,ok
day_1_3_20_2026_Itinerary_17.4,day_1_3_20_2026_Itinerary_17.4_face000019.jpg,1884.923136,36,97,ok
day_1_3_20_2026_Itinerary_17.4,day_1_3_20_2026_Itinerary_17.4_face000020.jpg,1885.93024,98,97,ok
day_1_3_20_2026_Itinerary_17.4,day_1_3_20_2026_Itinerary_17.4_face000021.jpg,1908.905856,2,92,ok
day_1_3_20_2026_Itinerary_17.4,day_1_3_20_2026_Itinerary_17.4_face000022.jpg,1924.89152,1,96,ok
day_1_3_20_2026_Itinerary_17.4,day_1_3_20_2026_Itinerary_17.4_face000023.jpg,1942.015488,1,97,ok
day_1_3_20_2026_Itinerary_17.4,day_1_3_20_2026_Itinerary_17.4_face000024.jpg,1967.012608,1,98,ok
day_1_3_20_2026_Itinerary_17.4,day_1_3_20_2026_Itinerary_17.4_face000025.jpg,1968.01408,1,93,ok
day_1_3_20_2026_Itinerary_17.4,day_1_3_20_2026_Itinerary_17.4_face000026.jpg,1969.014784,1,90,ok
day_1_3_20_2026_Itinerary_17.4,day_1_3_20_2026_Itinerary_17.4_face000027.jpg,1976.012544,2,97,ok
day_1_3_20_2026_Itinerary_17.4,day_1_3_20_2026_Itinerary_17.4_face000028.jpg,1986.019328,51,94,ok
day_1_3_20_2026_Itinerary_17.4,day_1_3_20_2026_Itinerary_17.4_face000029.jpg,1995.005696,99,98,ok
day_1_3_20_2026_Itinerary_17.4,day_1_3_20_2026_Itinerary_17.4_face000030.jpg,2008.01024,1,96,ok
day_1_3_20_2026_Itinerary_17.4,day_1_3_20_2026_Itinerary_17.4_face000031.jpg,2012.004864,3,93,ok
day_1_3_20_2026_Itinerary_17.4,day_1_3_20_2026_Itinerary_17.4_face000032.jpg,2043.019648,1,95,ok
day_1_3_20_2026_Itinerary_17.4,day_1_3_20_2026_Itinerary_17.4_face000033.jpg,2066.110976,3,98,ok
day_1_3_20_2026_Itinerary_17.4,day_1_3_20_2026_Itinerary_17.4_face000034.jpg,2067.106176,3,92,ok
day_1_3_20_2026_Itinerary_17.4,day_1_3_20_2026_Itinerary_17.4_face000035.jpg,2080.092544,29,90,ok
day_1_3_20_2026_Itinerary_17.4,day_1_3_20_2026_Itinerary_17.4_face000036.jpg,2095.090816,1,92,ok
day_1_3_20_2026_Itinerary_17.4,day_1_3_20_2026_Itinerary_17.4_face000037.jpg,2111.106432,3,97,ok
day_1_3_20_2026_Itinerary_17.4,day_1_3_20_2026_Itinerary_17.4_face000038.jpg,2116.102784,3,96,ok
day_1_3_20_2026_Itinerary_17.4,day_1_3_20_2026_Itinerary_17.4_face000039.jpg,2129.108992,2,97,ok
day_1_3_20_2026_Itinerary_17.4,day_1_3_20_2026_Itinerary_17.4_face000040.jpg,2131.117952,1,92,ok
day_1_3_20_2026_Itinerary_17.4,day_1_3_20_2026_Itinerary_17.4_face000041.jpg,2135.186176,1,92,ok
day_1_3_20_2026_Itinerary_17.4,day_1_3_20_2026_Itinerary_17.4_face000042.jpg,2142.204544,1,99,ok
day_1_3_20_2026_Itinerary_17.4,day_1_3_20_2026_Itinerary_17.4_face000043.jpg,2160.1408,55,98,ok
day_1_3_20_2026_Itinerary_17.4,day_1_3_20_2026_Itinerary_17.4_face000044.jpg,2183.204096,53,93,ok
day_1_3_20_2026_Itinerary_17.4,day_1_3_20_2026_Itinerary_17.4_face000045.jpg,2228.210688,2,95,ok
day_1_3_20_2026_Itinerary_17.4,day_1_3_20_2026_Itinerary_17.4_face000046.jpg,2237.30688,1,92,ok
day_1_3_20_2026_Itinerary_17.4,day_1_3_20_2026_Itinerary_17.4_face000047.jpg,2260.310528,1,92,ok
day_1_3_20_2026_Itinerary_17.4,day_1_3_20_2026_Itinerary_17.4_face000048.jpg,2294.299648,7,91,error
day_1_3_20_2026_Itinerary_17.4,day_1_3_20_2026_Itinerary_17.4_face000049.jpg,2328.315392,1,93,error
day_1_3_20_2026_Itinerary_17.4,day_1_3_20_2026_Itinerary_17.4_face000050.jpg,2371.419904,1,98,error
day_1_3_20_2026_Itinerary_17.4,day_1_3_20_2026_Itinerary_17.4_face000051.jpg,2416.43776,1,90,error
day_1_3_20_2026_Itinerary_17.4,day_1_3_20_2026_Itinerary_17.4_face000052.jpg,2442.431744,3,91,error
day_1_3_20_2026_Itinerary_17.4,day_1_3_20_2026_Itinerary_17.4_face000053.jpg,2453.436416,24,98,error
day_1_3_20_2026_Itinerary_17.4,day_1_3_20_2026_Itinerary_17.4_face000054.jpg,2455.432704,31,97,error
day_1_3_20_2026_Itinerary_17.4,day_1_3_20_2026_Itinerary_17.4_face000055.jpg,2473.533184,77,90,error
day_1_3_20_2026_Itinerary_17.4,day_1_3_20_2026_Itinerary_17.4_face000056.jpg,2475.530752,17,93,error
day_1_3_20_2026_Itinerary_17.4,day_1_3_20_2026_Itinerary_17.4_face000057.jpg,2478.53696,3,95,error
day_1_3_20_2026_Itinerary_17.4,day_1_3_20_2026_Itinerary_17.4_face000058.jpg,2498.52928,3,95,error
day_1_3_20_2026_Itinerary_17.4,day_1_3_20_2026_Itinerary_17.4_face000059.jpg,2526.508288,1,98,error
day_1_3_20_2026_Itinerary_17.4,day_1_3_20_2026_Itinerary_17.4_face000060.jpg,2555.524608,4,96,error
day_1_3_20_2026_Itinerary_17.4,day_1_3_20_2026_Itinerary_17.4_face000061.jpg,2627.612672,2,97,error
day_1_3_20_2026_Itinerary_17.4,day_1_3_20_2026_Itinerary_17.4_face000062.jpg,2644.656896,2,93,error
day_1_3_20_2026_Itinerary_17.4,day_1_3_20_2026_Itinerary_17.4_face000063.jpg,2645.645568,2,90,error
day_1_3_20_2026_Itinerary_17.4,day_1_3_20_2026_Itinerary_17.4_face000064.jpg,2653.649408,3,96,error
day_1_3_20_2026_Itinerary_17.4,day_1_3_20_2026_Itinerary_17.4_face000065.jpg,2674.724864,4,95,error
day_1_3_20_2026_Itinerary_17.4,day_1_3_20_2026_Itinerary_17.4_face000066.jpg,2704.729344,2,92,error
day_1_3_20_2026_Itinerary_17.4,day_1_3_20_2026_Itinerary_17.4_face000067.jpg,2707.73248,1,91,error
day_1_3_20_2026_Itinerary_17.4,day_1_3_20_2026_Itinerary_17.4_face000068.jpg,2791.834368,1,90,error
day_1_3_20_2026_Itinerary_17.4,day_1_3_20_2026_Itinerary_17.4_face000069.jpg,2824.832256,4,93,error
day_1_3_20_2026_Itinerary_17.4,day_1_3_20_2026_Itinerary_17.4_face000070.jpg,2845.8432,4,92,error
day_1_3_20_2026_Itinerary_17.4,day_1_3_20_2026_Itinerary_17.4_face000071.jpg,2882.948608,1,94,error
day_1_3_20_2026_Itinerary_17.4,day_1_3_20_2026_Itinerary_17.4_face000072.jpg,2926.9376,16,96,error
day_1_3_20_2026_Itinerary_17.4,day_1_3_20_2026_Itinerary_17.4_face000073.jpg,2940.94208,99,96,error
day_1_3_20_2026_Itinerary_17.4,day_1_3_20_2026_Itinerary_17.4_face000074.jpg,2968.02432,17,97,error
day_1_3_20_2026_Itinerary_17.4,day_1_3_20_2026_Itinerary_17.4_face000075.jpg,2969.021184,2,93,error
day_1_3_20_2026_Itinerary_17.4,day_1_3_20_2026_Itinerary_17.4_face000076.jpg,2995.014656,1,92,error
day_1_3_20_2026_Itinerary_17.4,day_1_3_20_2026_Itinerary_17.4_face000077.jpg,3000.015616,2,90,error
day_1_3_20_2026_Itinerary_17.3,day_1_3_20_2026_Itinerary_17.3_face000000.jpg,27.033058,2,99,ok
day_1_3_20_2026_Itinerary_17.3,day_1_3_20_2026_Itinerary_17.3_face000001.jpg,78.059568,10,90,ok
day_1_3_20_2026_Itinerary_17.3,day_1_3_20_2026_Itinerary_17.3_face000002.jpg,82.149256,1,97,ok
day_1_3_20_2026_Itinerary_17.3,day_1_3_20_2026_Itinerary_17.3_face000003.jpg,127.185656,3,97,ok
day_1_3_20_2026_Itinerary_17.3,day_1_3_20_2026_Itinerary_17.3_face000004.jpg,130.162304,1,90,ok
day_1_3_20_2026_Itinerary_17.3,day_1_3_20_2026_Itinerary_17.3_face000005.jpg,166.157616,98,94,ok
day_1_3_20_2026_Itinerary_17.3,day_1_3_20_2026_Itinerary_17.3_face000006.jpg,226.246352,99,94,ok
day_1_3_20_2026_Itinerary_17.3,day_1_3_20_2026_Itinerary_17.3_face000007.jpg,242.2552,95,99,ok
day_1_3_20_2026_Itinerary_17.3,day_1_3_20_2026_Itinerary_17.3_face000008.jpg,254.24192,27,99,ok
day_1_3_20_2026_Itinerary_17.3,day_1_3_20_2026_Itinerary_17.3_face000009.jpg,256.246768,66,95,ok
day_1_3_20_2026_Itinerary_17.3,day_1_3_20_2026_Itinerary_17.3_face000010.jpg,258.25152,99,91,ok
day_1_3_20_2026_Itinerary_17.3,day_1_3_20_2026_Itinerary_17.3_face000011.jpg,259.242624,99,96,ok
day_1_3_20_2026_Itinerary_17.3,day_1_3_20_2026_Itinerary_17.3_face000012.jpg,267.253424,1,97,ok
day_1_3_20_2026_Itinerary_17.3,day_1_3_20_2026_Itinerary_17.3_face000013.jpg,275.270624,1,98,ok
day_1_3_20_2026_Itinerary_17.3,day_1_3_20_2026_Itinerary_17.3_face000014.jpg,279.272768,1,93,ok
day_1_3_20_2026_Itinerary_17.3,day_1_3_20_2026_Itinerary_17.3_face000015.jpg,284.249536,12,92,ok
day_1_3_20_2026_Itinerary_17.3,day_1_3_20_2026_Itinerary_17.3_face000016.jpg,287.359808,38,93,ok
day_1_3_20_2026_Itinerary_17.3,day_1_3_20_2026_Itinerary_17.3_face000017.jpg,288.360576,1,90,ok
day_1_3_20_2026_Itinerary_17.3,day_1_3_20_2026_Itinerary_17.3_face000018.jpg,290.345024,31,91,ok
day_1_3_20_2026_Itinerary_17.3,day_1_3_20_2026_Itinerary_17.3_face000019.jpg,292.25824,1,90,ok
day_1_3_20_2026_Itinerary_17.3,day_1_3_20_2026_Itinerary_17.3_face000020.jpg,301.277824,23,92,ok
day_1_3_20_2026_Itinerary_17.3,day_1_3_20_2026_Itinerary_17.3_face000021.jpg,302.277632,51,93,ok
day_1_3_20_2026_Itinerary_17.3,day_1_3_20_2026_Itinerary_17.3_face000022.jpg,320.363744,6,90,ok
day_1_3_20_2026_Itinerary_17.3,day_1_3_20_2026_Itinerary_17.3_face000023.jpg,333.351744,17,92,ok
day_1_3_20_2026_Itinerary_17.3,day_1_3_20_2026_Itinerary_17.3_face000024.jpg,344.360064,2,90,ok
day_1_3_20_2026_Itinerary_17.3,day_1_3_20_2026_Itinerary_17.3_face000025.jpg,355.358848,1,97,ok
day_1_3_20_2026_Itinerary_17.3,day_1_3_20_2026_Itinerary_17.3_face000026.jpg,363.371104,33,98,ok
day_1_3_20_2026_Itinerary_17.3,day_1_3_20_2026_Itinerary_17.3_face000027.jpg,370.356192,1,96,ok
day_1_3_20_2026_Itinerary_17.3,day_1_3_20_2026_Itinerary_17.3_face000028.jpg,371.439136,1,99,ok
day_1_3_20_2026_Itinerary_17.3,day_1_3_20_2026_Itinerary_17.3_face000029.jpg,372.44528,54,99,ok
day_1_3_20_2026_Itinerary_17.3,day_1_3_20_2026_Itinerary_17.3_face000030.jpg,373.366464,16,97,ok
day_1_3_20_2026_Itinerary_17.3,day_1_3_20_2026_Itinerary_17.3_face000031.jpg,378.371808,99,93,ok
day_1_3_20_2026_Itinerary_17.3,day_1_3_20_2026_Itinerary_17.3_face000032.jpg,388.44512,98,95,ok
day_1_3_20_2026_Itinerary_17.3,day_1_3_20_2026_Itinerary_17.3_face000033.jpg,390.44672,100,96,ok
day_1_3_20_2026_Itinerary_17.3,day_1_3_20_2026_Itinerary_17.3_face000034.jpg,393.361664,99,94,ok
day_1_3_20_2026_Itinerary_17.3,day_1_3_20_2026_Itinerary_17.3_face000035.jpg,426.4456,2,92,ok
day_1_3_20_2026_Itinerary_17.3,day_1_3_20_2026_Itinerary_17.3_face000036.jpg,428.460064,1,93,ok
day_1_3_20_2026_Itinerary_17.3,day_1_3_20_2026_Itinerary_17.3_face000037.jpg,462.459968,8,95,ok
day_1_3_20_2026_Itinerary_17.3,day_1_3_20_2026_Itinerary_17.3_face000038.jpg,481.540832,1,95,ok
day_1_3_20_2026_Itinerary_17.3,day_1_3_20_2026_Itinerary_17.3_face000039.jpg,487.471968,1,91,ok
day_1_3_20_2026_Itinerary_17.3,day_1_3_20_2026_Itinerary_17.3_face000040.jpg,489.462144,1,97,ok
day_1_3_20_2026_Itinerary_17.3,day_1_3_20_2026_Itinerary_17.3_face000041.jpg,492.55904,3,93,ok
day_1_3_20_2026_Itinerary_17.3,day_1_3_20_2026_Itinerary_17.3_face000042.jpg,493.4696,12,98,ok
day_1_3_20_2026_Itinerary_17.3,day_1_3_20_2026_Itinerary_17.3_face000043.jpg,619.656256,12,93,ok
day_1_3_20_2026_Itinerary_17.3,day_1_3_20_2026_Itinerary_17.3_face000044.jpg,624.657472,1,97,ok
day_1_3_20_2026_Itinerary_17.3,day_1_3_20_2026_Itinerary_17.3_face000045.jpg,625.664512,99,94,ok
day_1_3_20_2026_Itinerary_17.3,day_1_3_20_2026_Itinerary_17.3_face000046.jpg,632.665792,1,94,ok
day_1_3_20_2026_Itinerary_17.3,day_1_3_20_2026_Itinerary_17.3_face000047.jpg,659.666496,34,91,ok
day_1_3_20_2026_Itinerary_17.3,day_1_3_20_2026_Itinerary_17.3_face000048.jpg,666.6848,3,94,ok
day_1_3_20_2026_Itinerary_17.3,day_1_3_20_2026_Itinerary_17.3_face000049.jpg,667.68704,2,96,ok
day_1_3_20_2026_Itinerary_17.3,day_1_3_20_2026_Itinerary_17.3_face000050.jpg,670.67104,1,91,ok
day_1_3_20_2026_Itinerary_17.3,day_1_3_20_2026_Itinerary_17.3_face000051.jpg,678.667456,17,92,ok
day_1_3_20_2026_Itinerary_17.3,day_1_3_20_2026_Itinerary_17.3_face000052.jpg,686.670464,2,91,ok
day_1_3_20_2026_Itinerary_17.3,day_1_3_20_2026_Itinerary_17.3_face000053.jpg,693.675392,1,96,ok
day_1_3_20_2026_Itinerary_17.3,day_1_3_20_2026_Itinerary_17.3_face000054.jpg,694.764928,1,94,ok
day_1_3_20_2026_Itinerary_17.3,day_1_3_20_2026_Itinerary_17.3_face000055.jpg,695.665984,99,93,ok
day_1_3_20_2026_Itinerary_17.3,day_1_3_20_2026_Itinerary_17.3_face000056.jpg,697.684928,2,91,ok
day_1_3_20_2026_Itinerary_17.3,day_1_3_20_2026_Itinerary_17.3_face000057.jpg,698.67936,10,97,ok
day_1_3_20_2026_Itinerary_17.3,day_1_3_20_2026_Itinerary_17.3_face000058.jpg,702.772224,31,94,ok
day_1_3_20_2026_Itinerary_17.3,day_1_3_20_2026_Itinerary_17.3_face000059.jpg,705.692992,2,95,ok
day_1_3_20_2026_Itinerary_17.3,day_1_3_20_2026_Itinerary_17.3_face000060.jpg,706.689344,3,95,ok
day_1_3_20_2026_Itinerary_17.3,day_1_3_20_2026_Itinerary_17.3_face000061.jpg,728.739968,1,92,ok
day_1_3_20_2026_Itinerary_17.3,day_1_3_20_2026_Itinerary_17.3_face000062.jpg,760.783936,1,93,ok
day_1_3_20_2026_Itinerary_17.3,day_1_3_20_2026_Itinerary_17.3_face000063.jpg,764.74944,95,91,ok
day_1_3_20_2026_Itinerary_17.3,day_1_3_20_2026_Itinerary_17.3_face000064.jpg,765.759744,1,92,ok
day_1_3_20_2026_Itinerary_17.3,day_1_3_20_2026_Itinerary_17.3_face000065.jpg,766.758464,1,99,ok
day_1_3_20_2026_Itinerary_17.3,day_1_3_20_2026_Itinerary_17.3_face000066.jpg,817.85376,1,97,ok
day_1_3_20_2026_Itinerary_17.3,day_1_3_20_2026_Itinerary_17.3_face000067.jpg,837.879872,15,90,ok
day_1_3_20_2026_Itinerary_17.3,day_1_3_20_2026_Itinerary_17.3_face000068.jpg,840.854528,2,98,ok
day_1_3_20_2026_Itinerary_17.3,day_1_3_20_2026_Itinerary_17.3_face000069.jpg,852.883008,1,95,ok
day_1_3_20_2026_Itinerary_17.3,day_1_3_20_2026_Itinerary_17.3_face000070.jpg,854.865984,1,97,ok
day_1_3_20_2026_Itinerary_17.3,day_1_3_20_2026_Itinerary_17.3_face000071.jpg,864.855168,4,93,ok
day_1_3_20_2026_Itinerary_17.3,day_1_3_20_2026_Itinerary_17.3_face000072.jpg,875.872896,6,97,ok
day_1_3_20_2026_Itinerary_17.3,day_1_3_20_2026_Itinerary_17.3_face000073.jpg,876.871488,1,96,error
day_1_3_20_2026_Itinerary_17.3,day_1_3_20_2026_Itinerary_17.3_face000074.jpg,888.89312,3,96,error
day_1_3_20_2026_Itinerary_17.3,day_1_3_20_2026_Itinerary_17.3_face000075.jpg,889.872704,92,94,error
day_1_3_20_2026_Itinerary_17.3,day_1_3_20_2026_Itinerary_17.3_face000076.jpg,893.872128,1,91,error
day_1_3_20_2026_Itinerary_17.3,day_1_3_20_2026_Itinerary_17.3_face000077.jpg,909.881984,3,96,error
day_1_3_20_2026_Itinerary_17.3,day_1_3_20_2026_Itinerary_17.3_face000078.jpg,911.989504,6,90,error
day_1_3_20_2026_Itinerary_17.3,day_1_3_20_2026_Itinerary_17.3_face000079.jpg,973.993088,1,93,error
day_1_3_20_2026_Itinerary_17.3,day_1_3_20_2026_Itinerary_17.3_face000080.jpg,1003.966656,62,92,error
day_1_3_20_2026_Itinerary_17.3,day_1_3_20_2026_Itinerary_17.3_face000081.jpg,1005.072704,7,90,error
day_1_3_20_2026_Itinerary_17.3,day_1_3_20_2026_Itinerary_17.3_face000082.jpg,1019.043456,10,95,error
day_1_3_20_2026_Itinerary_17.3,day_1_3_20_2026_Itinerary_17.3_face000083.jpg,1027.067968,16,90,error
day_1_3_20_2026_Itinerary_17.3,day_1_3_20_2026_Itinerary_17.3_face000084.jpg,1034.068288,78,90,error
day_1_3_20_2026_Itinerary_17.3,day_1_3_20_2026_Itinerary_17.3_face000085.jpg,1035.057472,4,98,error
day_1_3_20_2026_Itinerary_17.3,day_1_3_20_2026_Itinerary_17.3_face000086.jpg,1050.094848,12,95,error
day_1_3_20_2026_Itinerary_17.3,day_1_3_20_2026_Itinerary_17.3_face000087.jpg,1063.073088,8,96,error
day_1_3_20_2026_Itinerary_17.3,day_1_3_20_2026_Itinerary_17.3_face000088.jpg,1081.159808,1,94,error
day_1_3_20_2026_Itinerary_17.3,day_1_3_20_2026_Itinerary_17.3_face000089.jpg,1093.164928,1,96,error
day_1_3_20_2026_Itinerary_17.3,day_1_3_20_2026_Itinerary_17.3_face000090.jpg,1094.06528,4,95,error
day_1_3_20_2026_Itinerary_17.3,day_1_3_20_2026_Itinerary_17.3_face000091.jpg,1124.171904,2,98,error
day_1_3_20_2026_Itinerary_17.3,day_1_3_20_2026_Itinerary_17.3_face000092.jpg,1156.2048,28,97,error
day_1_3_20_2026_Itinerary_17.3,day_1_3_20_2026_Itinerary_17.3_face000093.jpg,1163.203968,10,92,error
day_1_3_20_2026_Itinerary_17.3,day_1_3_20_2026_Itinerary_17.3_face000094.jpg,1182.200192,5,92,error
day_1_3_20_2026_Itinerary_17.3,day_1_3_20_2026_Itinerary_17.3_face000095.jpg,1194.169856,2,91,error
day_1_3_20_2026_Itinerary_17.3,day_1_3_20_2026_Itinerary_17.3_face000096.jpg,1198.169984,6,94,error
day_1_3_20_2026_Itinerary_17.3,day_1_3_20_2026_Itinerary_17.3_face000097.jpg,1205.278208,5,90,error
day_1_3_20_2026_Itinerary_17.3,day_1_3_20_2026_Itinerary_17.3_face000098.jpg,1212.187008,1,91,error
day_1_3_20_2026_Itinerary_17.3,day_1_3_20_2026_Itinerary_17.3_face000099.jpg,1227.287936,2,94,error
day_1_3_20_2026_Itinerary_17.3,day_1_3_20_2026_Itinerary_17.3_face000100.jpg,1230.283264,4,90,error
day_1_3_20_2026_Itinerary_17.3,day_1_3_20_2026_Itinerary_17.3_face000101.jpg,1258.2752,10,95,error
day_1_3_20_2026_Itinerary_17.3,day_1_3_20_2026_Itinerary_17.3_face000102.jpg,1263.281024,1,90,error
day_1_3_20_2026_Itinerary_17.3,day_1_3_20_2026_Itinerary_17.3_face000103.jpg,1288.277888,7,91,error
day_1_3_20_2026_Itinerary_17.3,day_1_3_20_2026_Itinerary_17.3_face000104.jpg,1296.285312,25,90,error
day_1_3_20_2026_Itinerary_17.3,day_1_3_20_2026_Itinerary_17.3_face000105.jpg,1306.35712,96,91,error
day_1_3_20_2026_Itinerary_17.3,day_1_3_20_2026_Itinerary_17.3_face000106.jpg,1311.383424,3,93,error
day_1_3_20_2026_Itinerary_17.3,day_1_3_20_2026_Itinerary_17.3_face000107.jpg,1312.287232,2,99,error
day_1_3_20_2026_Itinerary_17.3,day_1_3_20_2026_Itinerary_17.3_face000108.jpg,1335.390464,1,98,error
day_1_3_20_2026_Itinerary_17.3,day_1_3_20_2026_Itinerary_17.3_face000109.jpg,1344.360192,1,96,error
day_1_3_20_2026_Itinerary_17.3,day_1_3_20_2026_Itinerary_17.3_face000110.jpg,1347.381632,96,99,error
day_1_3_20_2026_Itinerary_17.3,day_1_3_20_2026_Itinerary_17.3_face000111.jpg,1357.3664,2,97,error
day_1_3_20_2026_Itinerary_17.3,day_1_3_20_2026_Itinerary_17.3_face000112.jpg,1360.360192,90,97,error
day_1_3_20_2026_Itinerary_17.3,day_1_3_20_2026_Itinerary_17.3_face000113.jpg,1376.36672,18,93,error
day_1_3_20_2026_Itinerary_17.3,day_1_3_20_2026_Itinerary_17.3_face000114.jpg,1422.489984,55,90,error
day_1_3_20_2026_Itinerary_18.2,day_1_3_20_2026_Itinerary_18.2_face000000.jpg,1562.600192,1,95,ok
day_1_3_20_2026_Itinerary_18.2,day_1_3_20_2026_Itinerary_18.2_face000001.jpg,1576.581888,1,93,ok
day_1_3_20_2026_Itinerary_18.2,day_1_3_20_2026_Itinerary_18.2_face000002.jpg,1610.611584,1,98,ok
day_1_3_20_2026_Itinerary_18.2,day_1_3_20_2026_Itinerary_18.2_face000003.jpg,1618.61184,1,96,ok
day_1_3_20_2026_Itinerary_18.2,day_1_3_20_2026_Itinerary_18.2_face000004.jpg,1629.61344,7,97,ok
day_1_3_20_2026_Itinerary_18.2,day_1_3_20_2026_Itinerary_18.2_face000005.jpg,1661.714176,1,95,ok
day_1_3_20_2026_Itinerary_18.2,day_1_3_20_2026_Itinerary_18.2_face000006.jpg,1688.711424,1,98,ok
day_1_3_20_2026_Itinerary_18.2,day_1_3_20_2026_Itinerary_18.2_face000007.jpg,1694.707968,2,99,ok
day_1_3_20_2026_Itinerary_18.2,day_1_3_20_2026_Itinerary_18.2_face000008.jpg,1703.713152,57,92,ok
day_1_3_20_2026_Itinerary_18.2,day_1_3_20_2026_Itinerary_18.2_face000009.jpg,1721.718784,6,95,ok
day_1_3_20_2026_Itinerary_18.2,day_1_3_20_2026_Itinerary_18.2_face000010.jpg,1729.715456,7,92,ok
day_1_3_20_2026_Itinerary_18.2,day_1_3_20_2026_Itinerary_18.2_face000011.jpg,1730.717824,3,96,ok
day_1_3_20_2026_Itinerary_18.2,day_1_3_20_2026_Itinerary_18.2_face000012.jpg,1732.71552,3,93,ok
day_1_3_20_2026_Itinerary_18.2,day_1_3_20_2026_Itinerary_18.2_face000013.jpg,1735.716352,20,98,ok
day_1_3_20_2026_Itinerary_18.2,day_1_3_20_2026_Itinerary_18.2_face000014.jpg,1765.810304,18,93,ok
day_1_3_20_2026_Itinerary_18.2,day_1_3_20_2026_Itinerary_18.2_face000015.jpg,1771.817728,1,96,ok
day_1_3_20_2026_Itinerary_18.2,day_1_3_20_2026_Itinerary_18.2_face000016.jpg,1783.814144,13,91,ok
day_1_3_20_2026_Itinerary_18.2,day_1_3_20_2026_Itinerary_18.2_face000017.jpg,1785.816832,3,90,ok
day_1_3_20_2026_Itinerary_18.2,day_1_3_20_2026_Itinerary_18.2_face000018.jpg,1799.817728,74,90,ok
day_1_3_20_2026_Itinerary_18.2,day_1_3_20_2026_Itinerary_18.2_face000019.jpg,1859.9232,32,99,ok
day_1_3_20_2026_Itinerary_18.2,day_1_3_20_2026_Itinerary_18.2_face000020.jpg,1879.9136,2,98,ok
day_1_3_20_2026_Itinerary_18.2,day_1_3_20_2026_Itinerary_18.2_face000021.jpg,1895.913984,2,92,ok
day_1_3_20_2026_Itinerary_18.2,day_1_3_20_2026_Itinerary_18.2_face000022.jpg,1897.919488,1,94,ok
day_1_3_20_2026_Itinerary_18.2,day_1_3_20_2026_Itinerary_18.2_face000023.jpg,1901.908992,1,98,ok
day_1_3_20_2026_Itinerary_18.2,day_1_3_20_2026_Itinerary_18.2_face000024.jpg,1905.914496,3,92,ok
day_1_3_20_2026_Itinerary_18.2,day_1_3_20_2026_Itinerary_18.2_face000025.jpg,1920.904448,1,97,ok
day_1_3_20_2026_Itinerary_18.2,day_1_3_20_2026_Itinerary_18.2_face000026.jpg,1935.008384,1,91,ok
day_1_3_20_2026_Itinerary_18.2,day_1_3_20_2026_Itinerary_18.2_face000027.jpg,1958.016256,99,90,ok
day_1_3_20_2026_Itinerary_18.2,day_1_3_20_2026_Itinerary_18.2_face000028.jpg,1960.017408,100,92,ok
day_1_3_20_2026_Itinerary_18.2,day_1_3_20_2026_Itinerary_18.2_face000029.jpg,1981.010944,2,91,ok
day_1_3_20_2026_Itinerary_18.2,day_1_3_20_2026_Itinerary_18.2_face000030.jpg,1992.99904,11,93,ok
day_1_3_20_2026_Itinerary_18.2,day_1_3_20_2026_Itinerary_18.2_face000031.jpg,2027.004928,2,94,ok
day_1_3_20_2026_Itinerary_18.2,day_1_3_20_2026_Itinerary_18.2_face000032.jpg,2032.003072,38,92,ok
day_1_3_20_2026_Itinerary_18.2,day_1_3_20_2026_Itinerary_18.2_face000033.jpg,2034.099584,4,95,ok
day_1_3_20_2026_Itinerary_18.2,day_1_3_20_2026_Itinerary_18.2_face000034.jpg,2041.10336,99,90,ok
day_1_3_20_2026_Itinerary_18.2,day_1_3_20_2026_Itinerary_18.2_face000035.jpg,2052.111744,1,99,ok
day_1_3_20_2026_Itinerary_18.2,day_1_3_20_2026_Itinerary_18.2_face000036.jpg,2056.020224,21,94,ok
day_1_3_20_2026_Itinerary_18.2,day_1_3_20_2026_Itinerary_18.2_face000037.jpg,2068.115072,3,92,ok
day_1_3_20_2026_Itinerary_18.2,day_1_3_20_2026_Itinerary_18.2_face000038.jpg,2091.129216,29,95,error
day_1_3_20_2026_Itinerary_18.2,day_1_3_20_2026_Itinerary_18.2_face000039.jpg,2135.127552,6,92,error
day_1_3_20_2026_Itinerary_18.2,day_1_3_20_2026_Itinerary_18.2_face000040.jpg,2196.240896,51,98,error
day_1_3_20_2026_Itinerary_18.2,day_1_3_20_2026_Itinerary_18.2_face000041.jpg,2199.2576,2,98,error
day_1_3_20_2026_Itinerary_18.2,day_1_3_20_2026_Itinerary_18.2_face000042.jpg,2200.26368,24,97,error
day_1_3_20_2026_Itinerary_18.2,day_1_3_20_2026_Itinerary_18.2_face000043.jpg,2221.239296,9,96,error
day_1_3_20_2026_Itinerary_18.2,day_1_3_20_2026_Itinerary_18.2_face000044.jpg,2235.246848,1,93,error
day_1_3_20_2026_Itinerary_18.2,day_1_3_20_2026_Itinerary_18.2_face000045.jpg,2253.241344,5,95,error
day_1_3_20_2026_Itinerary_18.2,day_1_3_20_2026_Itinerary_18.2_face000046.jpg,2261.254656,2,90,error
day_1_3_20_2026_Itinerary_18.2,day_1_3_20_2026_Itinerary_18.2_face000047.jpg,2262.263296,2,96,error
day_1_3_20_2026_Itinerary_18.2,day_1_3_20_2026_Itinerary_18.2_face000048.jpg,2263.260928,87,96,error
day_1_3_20_2026_Itinerary_18.2,day_1_3_20_2026_Itinerary_18.2_face000049.jpg,2292.3456,2,94,error
day_1_3_20_2026_Itinerary_18.2,day_1_3_20_2026_Itinerary_18.2_face000050.jpg,2293.342976,1,92,error
day_1_3_20_2026_Itinerary_18.2,day_1_3_20_2026_Itinerary_18.2_face000051.jpg,2298.359296,14,93,error
day_1_3_20_2026_Itinerary_18.2,day_1_3_20_2026_Itinerary_18.2_face000052.jpg,2303.337472,7,93,error
day_1_3_20_2026_Itinerary_18.2,day_1_3_20_2026_Itinerary_18.2_face000053.jpg,2340.32768,1,93,error
day_1_3_20_2026_Itinerary_18.2,day_1_3_20_2026_Itinerary_18.2_face000054.jpg,2342.354688,7,96,error
day_1_3_20_2026_Itinerary_18.2,day_1_3_20_2026_Itinerary_18.2_face000055.jpg,2345.329664,1,96,error
day_1_3_20_2026_Itinerary_18.2,day_1_3_20_2026_Itinerary_18.2_face000056.jpg,2347.355648,1,93,error
day_1_3_20_2026_Itinerary_18.2,day_1_3_20_2026_Itinerary_18.2_face000057.jpg,2348.36352,4,94,error
day_1_3_20_2026_Itinerary_18.2,day_1_3_20_2026_Itinerary_18.2_face000058.jpg,2349.34784,8,91,error
day_1_3_20_2026_Itinerary_18.2,day_1_3_20_2026_Itinerary_18.2_face000059.jpg,2351.361536,47,99,error
day_1_3_20_2026_Itinerary_18.2,day_1_3_20_2026_Itinerary_18.2_face000060.jpg,2358.337792,1,94,error
day_1_3_20_2026_Itinerary_18.2,day_1_3_20_2026_Itinerary_18.2_face000061.jpg,2395.45216,99,97,error
day_1_3_20_2026_Itinerary_18.2,day_1_3_20_2026_Itinerary_18.2_face000062.jpg,2402.443776,12,95,error
day_1_3_20_2026_Itinerary_18.2,day_1_3_20_2026_Itinerary_18.2_face000063.jpg,2405.441536,2,92,error
day_1_3_20_2026_Itinerary_18.2,day_1_3_20_2026_Itinerary_18.2_face000064.jpg,2452.445184,2,91,error
day_1_3_20_2026_Itinerary_18.2,day_1_3_20_2026_Itinerary_18.2_face000065.jpg,2472.538368,1,97,error
day_1_3_20_2026_Itinerary_18.2,day_1_3_20_2026_Itinerary_18.2_face000066.jpg,2474.534144,1,94,error
day_1_3_20_2026_Itinerary_18.2,day_1_3_20_2026_Itinerary_18.2_face000067.jpg,2496.462336,2,99,error
day_1_3_20_2026_Itinerary_18.2,day_1_3_20_2026_Itinerary_18.2_face000068.jpg,2498.466304,11,98,error
day_1_3_20_2026_Itinerary_18.2,day_1_3_20_2026_Itinerary_18.2_face000069.jpg,2518.56,5,95,error
day_1_3_20_2026_Itinerary_18.2,day_1_3_20_2026_Itinerary_18.2_face000070.jpg,2528.564992,90,96,error
day_1_3_20_2026_Itinerary_18.2,day_1_3_20_2026_Itinerary_18.2_face000071.jpg,2545.541376,2,94,error
day_1_3_20_2026_Itinerary_18.2,day_1_3_20_2026_Itinerary_18.2_face000072.jpg,2554.565888,8,98,error
day_1_3_20_2026_Itinerary_18.2,day_1_3_20_2026_Itinerary_18.2_face000073.jpg,2562.550784,4,96,error
day_1_3_20_2026_Itinerary_18.2,day_1_3_20_2026_Itinerary_18.2_face000074.jpg,2581.558784,7,90,error
day_1_3_20_2026_Itinerary_18.2,day_1_3_20_2026_Itinerary_18.2_face000075.jpg,2608.649984,4,96,error
day_1_3_20_2026_Itinerary_18.2,day_1_3_20_2026_Itinerary_18.2_face000076.jpg,2619.668736,1,94,error
day_1_3_20_2026_Itinerary_18.2,day_1_3_20_2026_Itinerary_18.2_face000077.jpg,2659.665408,5,92,error
day_1_3_20_2026_Itinerary_18.2,day_1_3_20_2026_Itinerary_18.2_face000078.jpg,2672.670464,24,93,error
day_1_3_20_2026_Itinerary_18.2,day_1_3_20_2026_Itinerary_18.2_face000079.jpg,2705.684224,31,93,error
day_1_3_20_2026_Itinerary_18.2,day_1_3_20_2026_Itinerary_18.2_face000080.jpg,2706.690048,1,97,error
day_1_3_20_2026_Itinerary_18.2,day_1_3_20_2026_Itinerary_18.2_face000081.jpg,2710.762496,12,90,error
day_1_3_20_2026_Itinerary_18.2,day_1_3_20_2026_Itinerary_18.2_face000082.jpg,2725.7792,25,94,error
day_1_3_20_2026_Itinerary_18.2,day_1_3_20_2026_Itinerary_18.2_face000083.jpg,2730.776064,1,93,error
day_1_3_20_2026_Itinerary_18.2,day_1_3_20_2026_Itinerary_18.2_face000084.jpg,2765.74336,1,97,error
day_1_3_20_2026_Itinerary_18.2,day_1_3_20_2026_Itinerary_18.2_face000085.jpg,2809.854208,1,90,error
day_1_3_20_2026_Itinerary_18.2,day_1_3_20_2026_Itinerary_18.2_face000086.jpg,2811.86432,23,97,error
day_1_3_20_2026_Itinerary_18.2,day_1_3_20_2026_Itinerary_18.2_face000087.jpg,2826.87488,1,94,error
day_1_3_20_2026_Itinerary_18.2,day_1_3_20_2026_Itinerary_18.2_face000088.jpg,2827.868416,4,90,error
day_1_3_20_2026_Itinerary_18.2,day_1_3_20_2026_Itinerary_18.2_face000089.jpg,2841.87648,4,96,error
day_1_3_20_2026_Itinerary_18.2,day_1_3_20_2026_Itinerary_18.2_face000090.jpg,2843.896576,11,96,error
day_1_3_20_2026_Itinerary_18.2,day_1_3_20_2026_Itinerary_18.2_face000091.jpg,2846.890752,1,91,error
day_1_3_20_2026_Itinerary_18.2,day_1_3_20_2026_Itinerary_18.2_face000092.jpg,2889.871872,2,96,error
day_1_3_20_2026_Itinerary_18.2,day_1_3_20_2026_Itinerary_18.2_face000093.jpg,2896.882176,4,98,error
day_1_3_20_2026_Itinerary_18.2,day_1_3_20_2026_Itinerary_18.2_face000094.jpg,2897.88032,1,91,error
day_1_3_20_2026_Itinerary_18.2,day_1_3_20_2026_Itinerary_18.2_face000095.jpg,2917.900544,6,90,error
day_1_3_20_2026_Itinerary_18.2,day_1_3_20_2026_Itinerary_18.2_face000096.jpg,2922.903808,30,97,error
day_1_3_20_2026_Itinerary_18.2,day_1_3_20_2026_Itinerary_18.2_face000097.jpg,2926.923776,99,95,error
day_1_3_20_2026_Itinerary_18.2,day_1_3_20_2026_Itinerary_18.2_face000098.jpg,2943.981824,84,99,error
day_1_3_20_2026_Itinerary_18.2,day_1_3_20_2026_Itinerary_18.2_face000099.jpg,2945.982464,33,95,error
day_1_3_20_2026_Itinerary_18.2,day_1_3_20_2026_Itinerary_18.2_face000100.jpg,2955.98208,52,90,error
day_1_3_20_2026_Itinerary_18.2,day_1_3_20_2026_Itinerary_18.2_face000101.jpg,2961.040128,1,95,error
day_1_3_20_2026_Itinerary_18.2,day_1_3_20_2026_Itinerary_18.2_face000102.jpg,2966.949376,1,94,error
day_1_3_20_2026_Itinerary_18.2,day_1_3_20_2026_Itinerary_18.2_face000103.jpg,2975.97568,1,93,error
day_1_3_20_2026_Itinerary_18.2,day_1_3_20_2026_Itinerary_18.2_face000104.jpg,2984.988928,2,95,error
day_1_3_20_2026_Itinerary_18.2,day_1_3_20_2026_Itinerary_18.2_face000105.jpg,2993.985536,2,98,error
day_1_3_20_2026_Itinerary_18.2,day_1_3_20_2026_Itinerary_18.2_face000106.jpg,3014.013696,1,90,error
day_1_3_20_2026_Itinerary_18.2,day_1_3_20_2026_Itinerary_18.2_face000107.jpg,3071.098112,2,91,error
day_1_3_20_2026_Itinerary_18.2,day_1_3_20_2026_Itinerary_18.2_face000108.jpg,3073.07904,1,94,error
day_2_3_23_2026_00.1,day_2_3_23_2026_00.1_face000000.jpg,1544.5472,72,92,ok
day_2_3_23_2026_00.1,day_2_3_23_2026_00.1_face000001.jpg,1547.543424,1,95,ok
day_2_3_23_2026_00.1,day_2_3_23_2026_00.1_face000002.jpg,1604.641792,7,97,ok
day_2_3_23_2026_00.1,day_2_3_23_2026_00.1_face000003.jpg,1614.647424,93,90,ok
day_2_3_23_2026_00.1,day_2_3_23_2026_00.1_face000004.jpg,1635.65056,22,97,ok
day_2_3_23_2026_00.1,day_2_3_23_2026_00.1_face000005.jpg,1689.656064,7,92,ok
day_2_3_23_2026_00.1,day_2_3_23_2026_00.1_face000006.jpg,1812.84224,15,97,ok
day_2_3_23_2026_00.1,day_2_3_23_2026_00.1_face000007.jpg,1813.857024,1,99,ok
day_2_3_23_2026_00.1,day_2_3_23_2026_00.1_face000008.jpg,1822.849792,3,92,ok
day_2_3_23_2026_00.1,day_2_3_23_2026_00.1_face000009.jpg,1847.856,20,90,ok
day_2_3_23_2026_00.1,day_2_3_23_2026_00.1_face000010.jpg,1849.852288,1,91,error
day_2_3_23_2026_00.1,day_2_3_23_2026_00.1_face000011.jpg,1877.855872,5,97,error
day_2_3_23_2026_00.1,day_2_3_23_2026_00.1_face000012.jpg,1879.85856,2,94,error
day_2_3_23_2026_00.1,day_2_3_23_2026_00.1_face000013.jpg,1885.856256,1,96,error
day_2_3_23_2026_00.1,day_2_3_23_2026_00.1_face000014.jpg,1894.953856,1,91,error
day_2_3_23_2026_00.1,day_2_3_23_2026_00.1_face000015.jpg,1895.960704,1,93,error
day_2_3_23_2026_00.1,day_2_3_23_2026_00.1_face000016.jpg,1897.955456,77,90,error
day_2_3_23_2026_00.1,day_2_3_23_2026_00.1_face000017.jpg,1898.952192,1,90,error
day_2_3_23_2026_00.1,day_2_3_23_2026_00.1_face000018.jpg,1903.963392,2,95,error
day_2_3_23_2026_00.1,day_2_3_23_2026_00.1_face000019.jpg,1976.988032,1,91,error
day_2_3_23_2026_00.1,day_2_3_23_2026_00.1_face000020.jpg,2013.975296,51,94,error
day_2_3_23_2026_00.2,day_2_3_23_2026_00.2_face000000.jpg,124.097328,2,91,ok
day_2_3_23_2026_00.2,day_2_3_23_2026_00.2_face000001.jpg,144.202272,2,98,ok
day_2_3_23_2026_00.2,day_2_3_23_2026_00.2_face000002.jpg,173.189472,6,99,ok
day_2_3_23_2026_00.2,day_2_3_23_2026_00.2_face000003.jpg,208.196736,2,96,ok
day_2_3_23_2026_00.2,day_2_3_23_2026_00.2_face000004.jpg,216.21224,3,92,error
day_2_3_23_2026_00.2,day_2_3_23_2026_00.2_face000005.jpg,249.316864,1,91,error
day_2_3_23_2026_00.2,day_2_3_23_2026_00.2_face000006.jpg,267.320624,58,97,error
day_2_3_23_2026_00.2,day_2_3_23_2026_00.2_face000007.jpg,353.4072,32,95,error
day_2_3_23_2026_00.2,day_2_3_23_2026_00.2_face000008.jpg,388.427232,4,97,error
day_2_3_23_2026_00.2,day_2_3_23_2026_00.2_face000009.jpg,498.5256,1,95,error
day_2_3_23_2026_00.2,day_2_3_23_2026_00.2_face000010.jpg,506.511904,1,98,error
day_2_3_23_2026_00.2,day_2_3_23_2026_00.2_face000011.jpg,555.589248,1,98,error
day_2_3_23_2026_00.2,day_2_3_23_2026_00.2_face000012.jpg,622.655424,1,93,error
day_2_3_23_2026_00.2,day_2_3_23_2026_00.2_face000013.jpg,751.723456,5,96,error
day_2_3_23_2026_00.2,day_2_3_23_2026_00.2_face000014.jpg,756.82656,1,92,error
day_2_3_23_2026_00.2,day_2_3_23_2026_00.2_face000015.jpg,779.807168,1,92,error
day_2_3_23_2026_00.2,day_2_3_23_2026_00.2_face000016.jpg,796.802304,1,95,error
day_2_3_23_2026_00.2,day_2_3_23_2026_00.2_face000017.jpg,858.928768,4,96,error
day_2_3_23_2026_00.2,day_2_3_23_2026_00.2_face000018.jpg,883.900416,2,98,error
day_2_3_23_2026_00.2,day_2_3_23_2026_00.2_face000019.jpg,926.918656,6,95,error
day_2_3_23_2026_00.2,day_2_3_23_2026_00.2_face000020.jpg,950.98304,88,93,error
day_2_3_23_2026_00.2,day_2_3_23_2026_00.2_face000021.jpg,951.982912,7,94,error
day_2_3_23_2026_00.2,day_2_3_23_2026_00.2_face000022.jpg,963.992128,96,96,error
day_2_3_23_2026_00.2,day_2_3_23_2026_00.2_face000023.jpg,1020.999616,11,95,error
day_2_3_23_2026_00.2,day_2_3_23_2026_00.2_face000024.jpg,1021.999296,15,90,error
day_2_3_23_2026_00.2,day_2_3_23_2026_00.2_face000025.jpg,1027.012864,9,95,error
day_2_3_23_2026_00.2,day_2_3_23_2026_00.2_face000026.jpg,1038.008192,70,99,error
day_2_3_23_2026_00.2,day_2_3_23_2026_00.2_face000027.jpg,1042.033856,5,91,error
day_2_3_23_2026_00.2,day_2_3_23_2026_00.2_face000028.jpg,1082.122624,1,98,error
day_2_3_23_2026_00.2,day_2_3_23_2026_00.2_face000029.jpg,1157.229952,2,93,error
day_2_3_23_2026_00.2,day_2_3_23_2026_00.2_face000030.jpg,1169.210368,1,90,error
day_2_3_23_2026_00.2,day_2_3_23_2026_00.2_face000031.jpg,1203.2096,3,91,error
day_2_3_23_2026_00.2,day_2_3_23_2026_00.2_face000032.jpg,1204.217088,45,94,error
day_2_3_23_2026_00.2,day_2_3_23_2026_00.2_face000033.jpg,1224.198144,4,92,error
day_2_3_23_2026_00.2,day_2_3_23_2026_00.2_face000034.jpg,1240.30656,2,96,error
day_2_3_23_2026_00.2,day_2_3_23_2026_00.2_face000035.jpg,1267.314432,97,98,error
day_2_3_23_2026_00.2,day_2_3_23_2026_00.2_face000036.jpg,1272.315008,75,93,error
day_2_3_23_2026_00.2,day_2_3_23_2026_00.2_face000037.jpg,1315.330432,1,95,error
day_2_3_23_2026_00.2,day_2_3_23_2026_00.2_face000038.jpg,1329.327616,9,96,error
day_2_3_23_2026_00.2,day_2_3_23_2026_00.2_face000039.jpg,1348.412032,2,95,error
day_2_3_23_2026_00.2,day_2_3_23_2026_00.2_face000040.jpg,1363.362688,1,93,error
day_2_3_23_2026_00.2,day_2_3_23_2026_00.2_face000041.jpg,1380.413568,1,94,error
day_2_3_23_2026_00.2,day_2_3_23_2026_00.2_face000042.jpg,1401.420928,2,95,error
day_2_3_23_2026_00.2,day_2_3_23_2026_00.2_face000043.jpg,1406.43776,11,94,error
day_2_3_23_2026_00.2,day_2_3_23_2026_00.2_face000044.jpg,1417.432448,28,98,error
day_2_3_23_2026_00.2,day_2_3_23_2026_00.2_face000045.jpg,1419.438848,48,90,error
day_2_3_23_2026_00.2,day_2_3_23_2026_00.2_face000046.jpg,1434.419072,7,94,error
day_2_3_23_2026_00.2,day_2_3_23_2026_00.2_face000047.jpg,1446.42304,2,92,error
day_2_3_23_2026_00.2,day_2_3_23_2026_00.2_face000048.jpg,1473.449088,5,90,error
day_2_3_23_2026_00.2,day_2_3_23_2026_00.2_face000049.jpg,1518.539008,3,97,error
day_2_3_23_2026_00.2,day_2_3_23_2026_00.2_face000050.jpg,1519.538688,1,92,error
day_2_3_23_2026_Itinerary_19.1,day_2_3_23_2026_Itinerary_19.1_face000000.jpg,6.07574,1,90,ok
day_2_3_23_2026_Itinerary_19.1,day_2_3_23_2026_Itinerary_19.1_face000001.jpg,26.012536,3,93,ok
day_2_3_23_2026_Itinerary_19.1,day_2_3_23_2026_Itinerary_19.1_face000002.jpg,36.078468,17,90,ok
day_2_3_23_2026_Itinerary_19.1,day_2_3_23_2026_Itinerary_19.1_face000003.jpg,55.05872,1,98,ok
day_2_3_23_2026_Itinerary_19.1,day_2_3_23_2026_Itinerary_19.1_face000004.jpg,58.08544,92,93,error
day_2_3_23_2026_Itinerary_19.1,day_2_3_23_2026_Itinerary_19.1_face000005.jpg,113.181336,28,90,error
day_2_3_23_2026_Itinerary_19.1,day_2_3_23_2026_Itinerary_19.1_face000006.jpg,198.190976,8,93,error
day_2_3_23_2026_Itinerary_19.1,day_2_3_23_2026_Itinerary_19.1_face000007.jpg,234.26256,2,97,error
day_2_3_23_2026_Itinerary_19.1,day_2_3_23_2026_Itinerary_19.1_face000008.jpg,283.28224,87,98,error
day_2_3_23_2026_Itinerary_19.1,day_2_3_23_2026_Itinerary_19.1_face000009.jpg,290.272128,1,91,error
day_2_3_23_2026_Itinerary_19.1,day_2_3_23_2026_Itinerary_19.1_face000010.jpg,293.340608,24,99,error
day_2_3_23_2026_Itinerary_19.1,day_2_3_23_2026_Itinerary_19.1_face000011.jpg,296.344928,65,91,error
day_2_3_23_2026_Itinerary_19.1,day_2_3_23_2026_Itinerary_19.1_face000012.jpg,303.357984,3,96,error
day_2_3_23_2026_Itinerary_19.1,day_2_3_23_2026_Itinerary_19.1_face000013.jpg,335.368064,15,97,error
day_2_3_23_2026_Itinerary_19.1,day_2_3_23_2026_Itinerary_19.1_face000014.jpg,356.347904,3,90,error
day_2_3_23_2026_Itinerary_19.1,day_2_3_23_2026_Itinerary_19.1_face000015.jpg,381.37536,7,93,error
day_2_3_23_2026_Itinerary_19.1,day_2_3_23_2026_Itinerary_19.1_face000016.jpg,383.451936,3,94,error
day_2_3_23_2026_Itinerary_19.1,day_2_3_23_2026_Itinerary_19.1_face000017.jpg,412.43696,2,90,error
day_2_3_23_2026_Itinerary_19.1,day_2_3_23_2026_Itinerary_19.1_face000018.jpg,420.465024,97,97,error
day_2_3_23_2026_Itinerary_19.1,day_2_3_23_2026_Itinerary_19.1_face000019.jpg,421.457632,71,92,error
day_2_3_23_2026_Itinerary_19.1,day_2_3_23_2026_Itinerary_19.1_face000020.jpg,431.474304,1,92,error
day_2_3_23_2026_Itinerary_19.1,day_2_3_23_2026_Itinerary_19.1_face000021.jpg,459.470304,7,98,error
day_2_3_23_2026_Itinerary_19.1,day_2_3_23_2026_Itinerary_19.1_face000022.jpg,462.493824,18,94,error
day_2_3_23_2026_Itinerary_19.1,day_2_3_23_2026_Itinerary_19.1_face000023.jpg,476.479616,8,90,error
day_2_3_23_2026_Itinerary_19.1,day_2_3_23_2026_Itinerary_19.1_face000024.jpg,492.575328,24,95,error
day_2_3_23_2026_Itinerary_19.1,day_2_3_23_2026_Itinerary_19.1_face000025.jpg,501.488448,1,93,error
day_2_3_23_2026_Itinerary_19.1,day_2_3_23_2026_Itinerary_19.1_face000026.jpg,534.582912,1,98,error
day_2_3_23_2026_Itinerary_19.1,day_2_3_23_2026_Itinerary_19.1_face000027.jpg,550.544128,66,90,error
day_2_3_23_2026_Itinerary_19.1,day_2_3_23_2026_Itinerary_19.1_face000028.jpg,552.57312,28,99,error
day_2_3_23_2026_Itinerary_19.1,day_2_3_23_2026_Itinerary_19.1_face000029.jpg,602.584576,46,91,error
day_2_3_23_2026_Itinerary_19.1,day_2_3_23_2026_Itinerary_19.1_face000030.jpg,605.587264,10,97,error
day_2_3_23_2026_Itinerary_19.1,day_2_3_23_2026_Itinerary_19.1_face000031.jpg,607.663808,1,93,error
day_2_3_23_2026_Itinerary_19.1,day_2_3_23_2026_Itinerary_19.1_face000032.jpg,609.662336,1,90,error
day_2_3_23_2026_Itinerary_19.1,day_2_3_23_2026_Itinerary_19.1_face000033.jpg,616.662848,8,90,error
day_2_3_23_2026_Itinerary_19.1,day_2_3_23_2026_Itinerary_19.1_face000034.jpg,620.657216,1,95,error
day_2_3_23_2026_Itinerary_19.1,day_2_3_23_2026_Itinerary_19.1_face000035.jpg,624.692736,2,100,error
day_2_3_23_2026_Itinerary_19.1,day_2_3_23_2026_Itinerary_19.1_face000036.jpg,638.680384,1,91,error
day_2_3_23_2026_Itinerary_19.1,day_2_3_23_2026_Itinerary_19.1_face000037.jpg,640.689152,4,93,error
day_2_3_23_2026_Itinerary_19.1,day_2_3_23_2026_Itinerary_19.1_face000038.jpg,665.677696,7,97,error
day_2_3_23_2026_Itinerary_19.1,day_2_3_23_2026_Itinerary_19.1_face000039.jpg,668.689472,2,95,error
day_2_3_23_2026_Itinerary_19.1,day_2_3_23_2026_Itinerary_19.1_face000040.jpg,673.68288,1,97,error
day_2_3_23_2026_Itinerary_19.1,day_2_3_23_2026_Itinerary_19.1_face000041.jpg,674.68672,22,98,error
day_2_3_23_2026_Itinerary_19.1,day_2_3_23_2026_Itinerary_19.1_face000042.jpg,675.686656,3,90,error
day_2_3_23_2026_Itinerary_19.1,day_2_3_23_2026_Itinerary_19.1_face000043.jpg,685.698112,1,92,error
day_2_3_23_2026_Itinerary_19.1,day_2_3_23_2026_Itinerary_19.1_face000044.jpg,690.695424,1,93,error
day_2_3_23_2026_Itinerary_19.1,day_2_3_23_2026_Itinerary_19.1_face000045.jpg,691.693312,31,94,error
day_2_3_23_2026_Itinerary_19.1,day_2_3_23_2026_Itinerary_19.1_face000046.jpg,697.690688,9,90,error
day_2_3_23_2026_Itinerary_19.1,day_2_3_23_2026_Itinerary_19.1_face000047.jpg,699.69504,53,94,error
day_2_3_23_2026_Itinerary_19.1,day_2_3_23_2026_Itinerary_19.1_face000048.jpg,703.767808,1,96,error
day_2_3_23_2026_Itinerary_19.1,day_2_3_23_2026_Itinerary_19.1_face000049.jpg,710.686528,3,93,error
day_2_3_23_2026_Itinerary_19.1,day_2_3_23_2026_Itinerary_19.1_face000050.jpg,713.788416,1,91,error
day_2_3_23_2026_Itinerary_19.1,day_2_3_23_2026_Itinerary_19.1_face000051.jpg,731.756608,78,93,error
day_2_3_23_2026_Itinerary_19.1,day_2_3_23_2026_Itinerary_19.1_face000052.jpg,736.75072,1,92,error
day_2_3_23_2026_Itinerary_19.1,day_2_3_23_2026_Itinerary_19.1_face000053.jpg,753.792768,1,100,error
day_2_3_23_2026_Itinerary_19.1,day_2_3_23_2026_Itinerary_19.1_face000054.jpg,756.783296,6,94,error
day_2_3_23_2026_Itinerary_19.1,day_2_3_23_2026_Itinerary_19.1_face000055.jpg,761.763968,1,98,error
day_2_3_23_2026_Itinerary_19.1,day_2_3_23_2026_Itinerary_19.1_face000056.jpg,763.764352,12,96,error
day_2_3_23_2026_Itinerary_19.1,day_2_3_23_2026_Itinerary_19.1_face000057.jpg,774.78048,1,92,error
day_2_3_23_2026_Itinerary_19.1,day_2_3_23_2026_Itinerary_19.1_face000058.jpg,784.790592,92,99,error
day_2_3_23_2026_Itinerary_19.1,day_2_3_23_2026_Itinerary_19.1_face000059.jpg,853.884032,5,90,error
day_2_3_23_2026_Itinerary_19.1,day_2_3_23_2026_Itinerary_19.1_face000060.jpg,872.86144,2,94,error
day_2_3_23_2026_Itinerary_19.1,day_2_3_23_2026_Itinerary_19.1_face000061.jpg,941.955584,88,90,error
day_2_3_23_2026_Itinerary_19.1,day_2_3_23_2026_Itinerary_19.1_face000062.jpg,942.970176,77,93,error
day_2_3_23_2026_Itinerary_19.1,day_2_3_23_2026_Itinerary_19.1_face000063.jpg,948.962496,2,94,error
day_2_3_23_2026_Itinerary_19.1,day_2_3_23_2026_Itinerary_19.1_face000064.jpg,954.964736,1,92,error
day_2_3_23_2026_Itinerary_19.1,day_2_3_23_2026_Itinerary_19.1_face000065.jpg,961.982016,3,92,error
day_2_3_23_2026_Itinerary_19.1,day_2_3_23_2026_Itinerary_19.1_face000066.jpg,963.979968,4,99,error
day_2_3_23_2026_Itinerary_19.1,day_2_3_23_2026_Itinerary_19.1_face000067.jpg,969.988096,82,93,error
day_2_3_23_2026_Itinerary_19.1,day_2_3_23_2026_Itinerary_19.1_face000068.jpg,974.968576,31,94,error
day_2_3_23_2026_Itinerary_19.1,day_2_3_23_2026_Itinerary_19.1_face000069.jpg,976.993472,1,91,error
day_2_3_23_2026_Itinerary_19.1,day_2_3_23_2026_Itinerary_19.1_face000070.jpg,987.992064,6,95,error
day_2_3_23_2026_Itinerary_19.1,day_2_3_23_2026_Itinerary_19.1_face000071.jpg,997.995328,6,93,error
day_2_3_23_2026_Itinerary_19.1,day_2_3_23_2026_Itinerary_19.1_face000072.jpg,1096.10816,7,90,error
day_2_3_23_2026_Itinerary_19.1,day_2_3_23_2026_Itinerary_19.1_face000073.jpg,1103.11296,75,90,error
day_2_3_23_2026_Itinerary_19.1,day_2_3_23_2026_Itinerary_19.1_face000074.jpg,1107.111168,90,96,error
day_2_3_23_2026_Itinerary_19.1,day_2_3_23_2026_Itinerary_19.1_face000075.jpg,1112.112896,88,94,error
day_2_3_23_2026_Itinerary_19.1,day_2_3_23_2026_Itinerary_19.1_face000076.jpg,1129.11232,3,94,error
day_2_3_23_2026_Itinerary_19.1,day_2_3_23_2026_Itinerary_19.1_face000077.jpg,1151.204608,2,95,error
day_2_3_23_2026_Itinerary_19.1,day_2_3_23_2026_Itinerary_19.1_face000078.jpg,1154.21376,8,94,error
day_2_3_23_2026_Itinerary_19.1,day_2_3_23_2026_Itinerary_19.1_face000079.jpg,1157.215104,1,95,error
day_2_3_23_2026_Itinerary_19.1,day_2_3_23_2026_Itinerary_19.1_face000080.jpg,1165.188096,2,92,error
day_2_3_23_2026_Itinerary_19.1,day_2_3_23_2026_Itinerary_19.1_face000081.jpg,1173.181184,51,98,error
day_2_3_23_2026_Itinerary_19.1,day_2_3_23_2026_Itinerary_19.1_face000082.jpg,1191.20448,31,97,error
day_2_3_23_2026_Itinerary_19.1,day_2_3_23_2026_Itinerary_19.1_face000083.jpg,1220.202496,3,91,error
day_2_3_23_2026_Itinerary_19.1,day_2_3_23_2026_Itinerary_19.1_face000084.jpg,1221.204608,2,91,error
day_2_3_23_2026_Itinerary_19.1,day_2_3_23_2026_Itinerary_19.1_face000085.jpg,1243.308928,1,92,error
day_2_3_23_2026_Itinerary_19.1,day_2_3_23_2026_Itinerary_19.1_face000086.jpg,1244.312192,6,99,error
day_2_3_23_2026_Itinerary_19.1,day_2_3_23_2026_Itinerary_19.1_face000087.jpg,1253.30624,2,97,error
day_2_3_23_2026_Itinerary_19.1,day_2_3_23_2026_Itinerary_19.1_face000088.jpg,1290.301824,11,94,error
day_2_3_23_2026_Itinerary_19.2,day_2_3_23_2026_Itinerary_19.2_face000000.jpg,17.07307,65,97,ok
day_2_3_23_2026_Itinerary_19.2,day_2_3_23_2026_Itinerary_19.2_face000001.jpg,22.073786,62,91,ok
day_2_3_23_2026_Itinerary_19.2,day_2_3_23_2026_Itinerary_19.2_face000002.jpg,26.069656,2,98,ok
day_2_3_23_2026_Itinerary_19.2,day_2_3_23_2026_Itinerary_19.2_face000003.jpg,34.067112,6,94,ok
day_2_3_23_2026_Itinerary_19.2,day_2_3_23_2026_Itinerary_19.2_face000004.jpg,56.037716,5,92,error
day_2_3_23_2026_Itinerary_19.2,day_2_3_23_2026_Itinerary_19.2_face000005.jpg,62.044924,6,96,error
day_2_3_23_2026_Itinerary_19.2,day_2_3_23_2026_Itinerary_19.2_face000006.jpg,67.140552,11,91,error
day_2_3_23_2026_Itinerary_19.2,day_2_3_23_2026_Itinerary_19.2_face000007.jpg,99.072888,17,95,error
day_2_3_23_2026_Itinerary_19.2,day_2_3_23_2026_Itinerary_19.2_face000008.jpg,100.181464,8,90,error
day_2_3_23_2026_Itinerary_19.2,day_2_3_23_2026_Itinerary_19.2_face000009.jpg,103.152336,1,98,error
day_2_3_23_2026_Itinerary_19.2,day_2_3_23_2026_Itinerary_19.2_face000010.jpg,112.15416,1,94,error
day_2_3_23_2026_Itinerary_19.2,day_2_3_23_2026_Itinerary_19.2_face000011.jpg,113.161304,2,91,error
day_2_3_23_2026_Itinerary_19.2,day_2_3_23_2026_Itinerary_19.2_face000012.jpg,115.144176,9,97,error
day_2_3_23_2026_Itinerary_19.2,day_2_3_23_2026_Itinerary_19.2_face000013.jpg,118.140792,2,90,error
day_2_3_23_2026_Itinerary_19.2,day_2_3_23_2026_Itinerary_19.2_face000014.jpg,135.158576,93,95,error
day_2_3_23_2026_Itinerary_19.2,day_2_3_23_2026_Itinerary_19.2_face000015.jpg,136.16816,90,90,error
day_2_3_23_2026_Itinerary_19.2,day_2_3_23_2026_Itinerary_19.2_face000016.jpg,157.17,1,93,error
day_2_3_23_2026_Itinerary_19.2,day_2_3_23_2026_Itinerary_19.2_face000017.jpg,171.171296,2,95,error
day_2_3_23_2026_Itinerary_19.2,day_2_3_23_2026_Itinerary_19.2_face000018.jpg,175.168032,1,93,error
day_2_3_23_2026_Itinerary_19.2,day_2_3_23_2026_Itinerary_19.2_face000019.jpg,185.259344,4,91,error
day_2_3_23_2026_Itinerary_19.2,day_2_3_23_2026_Itinerary_19.2_face000020.jpg,188.177984,2,91,error
day_2_3_23_2026_Itinerary_19.2,day_2_3_23_2026_Itinerary_19.2_face000021.jpg,223.281824,96,94,error
day_2_3_23_2026_Itinerary_19.2,day_2_3_23_2026_Itinerary_19.2_face000022.jpg,224.289392,6,90,error
day_2_3_23_2026_Itinerary_19.2,day_2_3_23_2026_Itinerary_19.2_face000023.jpg,244.250688,99,96,error
day_2_3_23_2026_Itinerary_19.2,day_2_3_23_2026_Itinerary_19.2_face000024.jpg,245.252768,5,95,error
day_2_3_23_2026_Itinerary_19.2,day_2_3_23_2026_Itinerary_19.2_face000025.jpg,270.267168,1,95,error
day_2_3_23_2026_Itinerary_19.2,day_2_3_23_2026_Itinerary_19.2_face000026.jpg,278.244224,13,90,error
day_2_3_23_2026_Itinerary_19.2,day_2_3_23_2026_Itinerary_19.2_face000027.jpg,280.270944,2,97,error
day_2_3_23_2026_Itinerary_19.2,day_2_3_23_2026_Itinerary_19.2_face000028.jpg,283.337312,1,94,error
day_2_3_23_2026_Itinerary_19.2,day_2_3_23_2026_Itinerary_19.2_face000029.jpg,287.267328,2,96,error
day_2_3_23_2026_Itinerary_19.2,day_2_3_23_2026_Itinerary_19.2_face000030.jpg,294.28432,1,96,error
day_2_3_23_2026_Itinerary_19.2,day_2_3_23_2026_Itinerary_19.2_face000031.jpg,295.28496,11,93,error
day_2_3_23_2026_Itinerary_19.2,day_2_3_23_2026_Itinerary_19.2_face000032.jpg,296.2856,4,91,error
day_2_3_23_2026_Itinerary_19.2,day_2_3_23_2026_Itinerary_19.2_face000033.jpg,303.285376,13,95,error
day_2_3_23_2026_Itinerary_19.2,day_2_3_23_2026_Itinerary_19.2_face000034.jpg,309.29936,3,94,error
day_2_3_23_2026_Itinerary_19.2,day_2_3_23_2026_Itinerary_19.2_face000035.jpg,323.388192,2,91,error
day_2_3_23_2026_Itinerary_19.2,day_2_3_23_2026_Itinerary_19.2_face000036.jpg,329.359648,1,91,error
day_2_3_23_2026_Itinerary_19.2,day_2_3_23_2026_Itinerary_19.2_face000037.jpg,368.38224,8,97,error
day_2_3_23_2026_Itinerary_19.2,day_2_3_23_2026_Itinerary_19.2_face000038.jpg,374.37824,1,95,error
day_2_3_23_2026_Itinerary_19.2,day_2_3_23_2026_Itinerary_19.2_face000039.jpg,380.387616,1,94,error
day_2_3_23_2026_Itinerary_19.2,day_2_3_23_2026_Itinerary_19.2_face000040.jpg,408.453536,2,92,error
day_2_3_23_2026_Itinerary_19.2,day_2_3_23_2026_Itinerary_19.2_face000041.jpg,409.444736,1,92,error
day_2_3_23_2026_Itinerary_19.2,day_2_3_23_2026_Itinerary_19.2_face000042.jpg,420.462656,1,90,error
day_2_3_23_2026_Itinerary_19.2,day_2_3_23_2026_Itinerary_19.2_face000043.jpg,421.467808,71,96,error
day_2_3_23_2026_Itinerary_19.2,day_2_3_23_2026_Itinerary_19.2_face000044.jpg,470.466464,4,91,error
day_2_3_23_2026_Itinerary_19.2,day_2_3_23_2026_Itinerary_19.2_face000045.jpg,485.463136,1,91,error
day_2_3_23_2026_Itinerary_19.2,day_2_3_23_2026_Itinerary_19.2_face000046.jpg,492.469216,98,98,error
day_2_3_23_2026_Itinerary_19.2,day_2_3_23_2026_Itinerary_19.2_face000047.jpg,503.481856,81,90,error
day_2_3_23_2026_Itinerary_19.2,day_2_3_23_2026_Itinerary_19.2_face000048.jpg,505.487648,1,94,error
day_2_3_23_2026_Itinerary_19.2,day_2_3_23_2026_Itinerary_19.2_face000049.jpg,523.564704,1,97,error
day_2_3_23_2026_Itinerary_19.2,day_2_3_23_2026_Itinerary_19.2_face000050.jpg,531.574624,19,98,error
day_2_3_23_2026_Itinerary_19.2,day_2_3_23_2026_Itinerary_19.2_face000051.jpg,549.569472,99,92,error
day_2_3_23_2026_Itinerary_19.2,day_2_3_23_2026_Itinerary_19.2_face000052.jpg,556.563136,1,92,error
day_2_3_23_2026_Itinerary_19.2,day_2_3_23_2026_Itinerary_19.2_face000053.jpg,557.580096,1,90,error
day_2_3_23_2026_Itinerary_19.2,day_2_3_23_2026_Itinerary_19.2_face000054.jpg,559.590464,4,91,error
day_2_3_23_2026_Itinerary_19.2,day_2_3_23_2026_Itinerary_19.2_face000055.jpg,562.577024,15,91,error
day_2_3_23_2026_Itinerary_19.2,day_2_3_23_2026_Itinerary_19.2_face000056.jpg,584.592832,5,92,error
day_2_3_23_2026_Itinerary_19.2,day_2_3_23_2026_Itinerary_19.2_face000057.jpg,593.591744,2,93,error
day_2_3_23_2026_Itinerary_19.2,day_2_3_23_2026_Itinerary_19.2_face000058.jpg,596.591168,4,91,error
day_2_3_23_2026_Itinerary_19.2,day_2_3_23_2026_Itinerary_19.2_face000059.jpg,608.58816,51,97,error
day_2_3_23_2026_Itinerary_19.2,day_2_3_23_2026_Itinerary_19.2_face000060.jpg,611.59232,1,94,error
day_2_3_23_2026_Itinerary_19.2,day_2_3_23_2026_Itinerary_19.2_face000061.jpg,612.59552,6,95,error
day_2_3_23_2026_Itinerary_19.2,day_2_3_23_2026_Itinerary_19.2_face000062.jpg,614.586688,14,90,error
day_2_3_23_2026_Itinerary_19.2,day_2_3_23_2026_Itinerary_19.2_face000063.jpg,620.688256,99,94,error
day_2_3_23_2026_Itinerary_19.2,day_2_3_23_2026_Itinerary_19.2_face000064.jpg,626.686592,98,91,error
day_2_3_23_2026_Itinerary_19.2,day_2_3_23_2026_Itinerary_19.2_face000065.jpg,628.690496,43,94,error
day_2_3_23_2026_Itinerary_19.2,day_2_3_23_2026_Itinerary_19.2_face000066.jpg,636.689216,1,95,error
day_2_3_23_2026_Itinerary_19.2,day_2_3_23_2026_Itinerary_19.2_face000067.jpg,638.686336,1,93,error
day_2_3_23_2026_Itinerary_19.2,day_2_3_23_2026_Itinerary_19.2_face000068.jpg,642.69024,58,95,error
day_2_3_23_2026_Itinerary_19.2,day_2_3_23_2026_Itinerary_19.2_face000069.jpg,681.678272,4,94,error
day_2_3_23_2026_Itinerary_19.2,day_2_3_23_2026_Itinerary_19.2_face000070.jpg,699.672,1,93,error
day_2_3_23_2026_Itinerary_19.2,day_2_3_23_2026_Itinerary_19.2_face000071.jpg,704.77184,7,93,error
day_2_3_23_2026_Itinerary_19.2,day_2_3_23_2026_Itinerary_19.2_face000072.jpg,711.698048,99,90,error
day_2_3_23_2026_Itinerary_19.2,day_2_3_23_2026_Itinerary_19.2_face000073.jpg,718.685056,12,92,error
day_2_3_23_2026_Itinerary_19.2,day_2_3_23_2026_Itinerary_19.2_face000074.jpg,720.779136,36,92,error
day_2_3_23_2026_Itinerary_19.2,day_2_3_23_2026_Itinerary_19.2_face000075.jpg,723.783168,84,96,error
day_2_3_23_2026_Itinerary_19.2,day_2_3_23_2026_Itinerary_19.2_face000076.jpg,725.778112,2,90,error
day_2_3_23_2026_Itinerary_19.2,day_2_3_23_2026_Itinerary_19.2_face000077.jpg,729.777408,28,94,error
day_2_3_23_2026_Itinerary_19.2,day_2_3_23_2026_Itinerary_19.2_face000078.jpg,744.774848,1,90,error
day_2_3_23_2026_Itinerary_19.2,day_2_3_23_2026_Itinerary_19.2_face000079.jpg,754.762816,16,98,error
day_2_3_23_2026_Itinerary_19.2,day_2_3_23_2026_Itinerary_19.2_face000080.jpg,757.771136,9,99,error
day_2_3_23_2026_Itinerary_19.2,day_2_3_23_2026_Itinerary_19.2_face000081.jpg,762.79008,1,91,error
day_2_3_23_2026_Itinerary_19.2,day_2_3_23_2026_Itinerary_19.2_face000082.jpg,787.76128,13,91,error
day_2_3_23_2026_Itinerary_19.2,day_2_3_23_2026_Itinerary_19.2_face000083.jpg,793.847616,6,100,error
day_2_3_23_2026_Itinerary_19.2,day_2_3_23_2026_Itinerary_19.2_face000084.jpg,794.870208,1,96,error
day_2_3_23_2026_Itinerary_19.2,day_2_3_23_2026_Itinerary_19.2_face000085.jpg,826.859776,3,91,error
day_2_3_23_2026_Itinerary_19.2,day_2_3_23_2026_Itinerary_19.2_face000086.jpg,829.873472,9,99,error
day_2_3_23_2026_Itinerary_19.2,day_2_3_23_2026_Itinerary_19.2_face000087.jpg,840.894464,1,98,error
day_2_3_23_2026_Itinerary_19.2,day_2_3_23_2026_Itinerary_19.2_face000088.jpg,855.869568,42,94,error
day_2_3_23_2026_Itinerary_19.2,day_2_3_23_2026_Itinerary_19.2_face000089.jpg,858.859456,83,94,error
day_2_3_23_2026_Itinerary_19.2,day_2_3_23_2026_Itinerary_19.2_face000090.jpg,863.896896,17,90,error
day_2_3_23_2026_Itinerary_19.2,day_2_3_23_2026_Itinerary_19.2_face000091.jpg,872.896,98,90,error
day_2_3_23_2026_Itinerary_19.2,day_2_3_23_2026_Itinerary_19.2_face000092.jpg,877.9024,56,92,error
day_2_3_23_2026_Itinerary_19.2,day_2_3_23_2026_Itinerary_19.2_face000093.jpg,881.918464,2,95,error
day_2_3_23_2026_Itinerary_19.2,day_2_3_23_2026_Itinerary_19.2_face000094.jpg,882.925824,1,93,error
day_2_3_23_2026_Itinerary_19.2,day_2_3_23_2026_Itinerary_19.2_face000095.jpg,886.901632,97,97,error
day_2_3_23_2026_Itinerary_19.2,day_2_3_23_2026_Itinerary_19.2_face000096.jpg,898.96032,66,95,error
day_2_3_23_2026_Itinerary_19.2,day_2_3_23_2026_Itinerary_19.2_face000097.jpg,906.92,4,95,error
day_2_3_23_2026_Itinerary_19.2,day_2_3_23_2026_Itinerary_19.2_face000098.jpg,907.897984,10,94,error
day_2_3_23_2026_Itinerary_19.2,day_2_3_23_2026_Itinerary_19.2_face000099.jpg,919.904448,7,95,error
day_2_3_23_2026_Itinerary_19.2,day_2_3_23_2026_Itinerary_19.2_face000100.jpg,922.997376,2,95,error
day_2_3_23_2026_Itinerary_19.2,day_2_3_23_2026_Itinerary_19.2_face000101.jpg,923.895488,1,95,error
day_2_3_23_2026_Itinerary_19.2,day_2_3_23_2026_Itinerary_19.2_face000102.jpg,938.973888,11,90,error
day_2_3_23_2026_Itinerary_19.2,day_2_3_23_2026_Itinerary_19.2_face000103.jpg,963.981696,8,98,error
day_2_3_23_2026_Itinerary_19.2,day_2_3_23_2026_Itinerary_19.2_face000104.jpg,966.968832,40,95,error
day_2_3_23_2026_Itinerary_19.2,day_2_3_23_2026_Itinerary_19.2_face000105.jpg,970.982208,1,91,error
day_2_3_23_2026_Itinerary_19.2,day_2_3_23_2026_Itinerary_19.2_face000106.jpg,981.995648,90,96,error
day_2_3_23_2026_Itinerary_19.2,day_2_3_23_2026_Itinerary_19.2_face000107.jpg,1000.998272,2,96,error
day_2_3_23_2026_Itinerary_19.2,day_2_3_23_2026_Itinerary_19.2_face000108.jpg,1001.986368,29,92,error
day_2_3_23_2026_Itinerary_19.2,day_2_3_23_2026_Itinerary_19.2_face000109.jpg,1013.980608,3,95,error
day_2_3_23_2026_Itinerary_19.2,day_2_3_23_2026_Itinerary_19.2_face000110.jpg,1019.076544,1,90,error
day_2_3_23_2026_Itinerary_19.2,day_2_3_23_2026_Itinerary_19.2_face000111.jpg,1024.067392,5,95,error
day_2_3_23_2026_Itinerary_19.2,day_2_3_23_2026_Itinerary_19.2_face000112.jpg,1025.080448,2,92,error
day_2_3_23_2026_Itinerary_19.2,day_2_3_23_2026_Itinerary_19.2_face000113.jpg,1026.069312,3,95,error
day_2_3_23_2026_Itinerary_19.2,day_2_3_23_2026_Itinerary_19.2_face000114.jpg,1041.07776,1,93,error
day_2_3_23_2026_Itinerary_19.2,day_2_3_23_2026_Itinerary_19.2_face000115.jpg,1044.094016,1,94,error
day_2_3_23_2026_Itinerary_19.2,day_2_3_23_2026_Itinerary_19.2_face000116.jpg,1047.067904,1,92,error
day_2_3_23_2026_Itinerary_19.2,day_2_3_23_2026_Itinerary_19.2_face000117.jpg,1064.100224,6,98,error
day_2_3_23_2026_Itinerary_19.2,day_2_3_23_2026_Itinerary_19.2_face000118.jpg,1083.104896,16,98,error
day_2_3_23_2026_Itinerary_19.2,day_2_3_23_2026_Itinerary_19.2_face000119.jpg,1085.094656,90,93,error
day_2_3_23_2026_Itinerary_19.2,day_2_3_23_2026_Itinerary_19.2_face000120.jpg,1089.102336,15,98,error
day_2_3_23_2026_Itinerary_19.2,day_2_3_23_2026_Itinerary_19.2_face000121.jpg,1113.078016,1,91,error
day_2_3_23_2026_Itinerary_19.2,day_2_3_23_2026_Itinerary_19.2_face000122.jpg,1125.112704,65,93,error
day_2_3_23_2026_Itinerary_19.2,day_2_3_23_2026_Itinerary_19.2_face000123.jpg,1137.171456,7,91,error
day_2_3_23_2026_Itinerary_19.2,day_2_3_23_2026_Itinerary_19.2_face000124.jpg,1203.186304,5,96,error
day_2_3_23_2026_Itinerary_19.2,day_2_3_23_2026_Itinerary_19.2_face000125.jpg,1216.282368,11,93,error
day_2_3_23_2026_Itinerary_19.2,day_2_3_23_2026_Itinerary_19.2_face000126.jpg,1224.289792,56,91,error
day_2_3_23_2026_Itinerary_19.2,day_2_3_23_2026_Itinerary_19.2_face000127.jpg,1264.26816,3,90,error
day_2_3_23_2026_Itinerary_19.2,day_2_3_23_2026_Itinerary_19.2_face000128.jpg,1276.31168,5,90,error
day_2_3_23_2026_Itinerary_19.2,day_2_3_23_2026_Itinerary_19.2_face000129.jpg,1278.289408,3,97,error
day_2_3_23_2026_Itinerary_19.2,day_2_3_23_2026_Itinerary_19.2_face000130.jpg,1300.2944,49,91,error
day_2_3_23_2026_Itinerary_19.2,day_2_3_23_2026_Itinerary_19.2_face000131.jpg,1303.312896,1,92,error
day_2_3_23_2026_Itinerary_19.2,day_2_3_23_2026_Itinerary_19.2_face000132.jpg,1314.291072,6,97,error
day_2_3_23_2026_Itinerary_19.2,day_2_3_23_2026_Itinerary_19.2_face000133.jpg,1316.374656,8,90,error
day_2_3_23_2026_Itinerary_19.2,day_2_3_23_2026_Itinerary_19.2_face000134.jpg,1347.394816,1,92,error
day_2_3_23_2026_Itinerary_19.2,day_2_3_23_2026_Itinerary_19.2_face000135.jpg,1353.414528,1,96,error
day_2_3_23_2026_Itinerary_19.2,day_2_3_23_2026_Itinerary_19.2_face000136.jpg,1354.414464,41,94,error
day_2_3_23_2026_Itinerary_19.2,day_2_3_23_2026_Itinerary_19.2_face000137.jpg,1355.385728,88,92,error
day_2_3_23_2026_Itinerary_19.2,day_2_3_23_2026_Itinerary_19.2_face000138.jpg,1370.38336,2,91,error
day_2_3_23_2026_Itinerary_19.2,day_2_3_23_2026_Itinerary_19.2_face000139.jpg,1380.400128,1,90,error
day_2_3_23_2026_Itinerary_19.2,day_2_3_23_2026_Itinerary_19.2_face000140.jpg,1391.366528,23,96,error
day_2_3_23_2026_Itinerary_19.2,day_2_3_23_2026_Itinerary_19.2_face000141.jpg,1392.362752,14,95,error
day_2_3_23_2026_Itinerary_19.2,day_2_3_23_2026_Itinerary_19.2_face000142.jpg,1410.47936,1,98,error
day_2_3_23_2026_Itinerary_19.2,day_2_3_23_2026_Itinerary_19.2_face000143.jpg,1417.481472,7,90,error
day_2_3_23_2026_Itinerary_19.2,day_2_3_23_2026_Itinerary_19.2_face000144.jpg,1421.468544,1,98,error
day_2_3_23_2026_Itinerary_19.2,day_2_3_23_2026_Itinerary_19.2_face000145.jpg,1430.495872,1,90,error
day_2_3_23_2026_Itinerary_19.2,day_2_3_23_2026_Itinerary_19.2_face000146.jpg,1472.487808,4,92,error
day_2_3_23_2026_Itinerary_19.2,day_2_3_23_2026_Itinerary_19.2_face000147.jpg,1478.514304,99,96,error
day_2_3_23_2026_Itinerary_19.2,day_2_3_23_2026_Itinerary_19.2_face000148.jpg,1521.486592,16,96,error
day_2_3_23_2026_Itinerary_19.2,day_2_3_23_2026_Itinerary_19.2_face000149.jpg,1525.508224,15,99,error
day_2_3_23_2026_Itinerary_19.2,day_2_3_23_2026_Itinerary_19.2_face000150.jpg,1533.527936,34,95,error
