{
"type": "FeatureCollection",
"name": "itineraries",
"crs": { "type": "name", "properties": { "name": "urn:ogc:def:crs:OGC:1.3:CRS84" } },
"features": [
{ "type": "Feature", "properties": { "point_ids": [ 0, 421, 3375, 2577, 8306, 7813, 6831, 3262, 1684, 7169, 969, 772, 9760, 9869, 7074, 5189, 6713, 1842, 2702, 3141, 9805, 9263, 9184, 7611, 7569, 2149, 1440, 2236, 7307, 6042, 4747, 7122, 9526, 8794, 8345, 6681, 1614, 2074, 2407, 645, 3911, 6002, 7677, 9438, 9864, 9551, 1691, 539, 713, 4846, 6225, 8942, 1062, 3221, 5911, 2720, 776, 1026, 3084, 4140, 8543, 4229, 6751, 1857, 2567, 5624, 2808, 7240, 8082, 9774, 2887, 4090, 5456, 6489, 3193, 7248, 58, 6744, 8837, 9176, 791, 3553, 7380, 8020, 583, 7816, 889, 2443, 4645, 7371, 4934, 4027, 6524, 944, 7851, 3833, 2077, 3339, 7729, 1888, 4504, 3652, 9717, 5907, 9684, 8624, 8347, 6566, 5789, 4268, 3232, 2794, 2127, 1958, 1358, 1236, 558, 6959, 6682, 828, 4528, 4410, 8413, 7817, 3624, 2762, 8227, 9535, 8502, 7531, 3635, 434, 1666, 2602, 3523, 8080, 8095, 8771, 1471, 2033, 4908, 9860, 661, 7350, 7758, 8321, 8647, 198, 3957, 4110, 506, 4697, 6976, 5391, 5131, 6615, 9775, 7696, 4952, 4736, 1488, 590, 7769, 4637, 3970, 1173, 525, 4170, 651, 8039, 9739, 2330, 2672, 4203, 8185, 1965, 2385, 3767, 9015, 9964, 2573, 9258, 8309, 8885, 8587, 7435, 1905, 1573, 1399, 9098, 6653, 7218, 9673, 9619, 9121, 7264, 7203, 3407, 3340, 2936, 2772, 2194, 1831, 7212, 294, 4729, 1185, 1873, 3053, 3420, 7348, 8151, 936, 6357, 8374, 8761, 3260, 8176, 8003, 4089, 3662, 7730, 961, 5075, 5838, 7424, 9314, 9182, 4261, 5515, 2008, 2138, 3350, 5606, 9630, 8483, 1268, 7137, 1839, 2544, 3586, 4849, 7211, 7653, 849, 6624, 6919, 3002, 4272, 542, 1595, 71, 3875, 3052, 845, 2582, 8258, 7288, 7019, 3741, 1921, 6783, 5409, 5202, 5675, 5537, 2601, 1811, 8862, 177, 641, 2978, 4286, 1104, 7642, 9041, 5008, 3413, 4712 ], "length_m": 19954.15238810618, "travel_time_min": 40.841104501298808, "n_points": 279, "route_id": 1, "cluster_id": 18 }, "geometry": { "type": "MultiLineString", "coordinates": [ [ [ 73.0268106, 19.0697228 ], [ 73.0268181, 19.0707784 ] ], [ [ 73.0268181, 19.0707784 ], [ 73.0268203, 19.0708741 ] ], [ [ 73.0268203, 19.0708741 ], [ 73.0268181, 19.0707784 ] ], [ [ 73.0268181, 19.0707784 ], [ 73.0268106, 19.0697228 ] ], [ [ 73.0268106, 19.0697228 ], [ 73.0268518, 19.0696648 ], [ 73.0268418, 19.0692478 ], [ 73.0268642, 19.0667828 ], [ 73.0268773, 19.0662141 ], [ 73.0268936, 19.065993 ], [ 73.0269359, 19.0658587 ], [ 73.027018, 19.065739 ], [ 73.027053, 19.0657034 ] ], [ [ 73.027053, 19.0657034 ], [ 73.0270017, 19.0656705 ] ], [ [ 73.0270017, 19.0656705 ], [ 73.027053, 19.0657034 ], [ 73.027053, 19.0657034 ], [ 73.0271862, 19.065568 ], [ 73.0282324, 19.0644252 ], [ 73.0284306, 19.0641557 ], [ 73.0286863, 19.0638763 ], [ 73.0292798, 19.0632825 ], [ 73.0294621, 19.0631132 ], [ 73.0294621, 19.0631132 ], [ 73.0295608, 19.0630283 ], [ 73.0297521, 19.0628776 ], [ 73.0297521, 19.0628776 ], [ 73.030354, 19.0624238 ], [ 73.030354, 19.0624238 ], [ 73.0307172, 19.0621003 ], [ 73.0308757, 19.0618446 ], [ 73.0310447, 19.0612364 ], [ 73.0313497, 19.0596663 ], [ 73.031616, 19.0582983 ] ], [ [ 73.031616, 19.0582983 ], [ 73.0319599, 19.0565253 ], [ 73.0321008, 19.0558005 ], [ 73.0321008, 19.0558005 ], [ 73.0322182, 19.0551958 ], [ 73.0322182, 19.0551958 ], [ 73.0325812, 19.0553577 ], [ 73.0331635, 19.0556262 ], [ 73.0333811, 19.0556988 ], [ 73.0335076, 19.0557168 ], [ 73.0336252, 19.0557013 ], [ 73.0338962, 19.055631 ], [ 73.0340041, 19.0556273 ], [ 73.0344943, 19.0558098 ], [ 73.0346578, 19.0558129 ], [ 73.0349234, 19.0557419 ], [ 73.0351058, 19.0556937 ], [ 73.0351916, 19.0556912 ], [ 73.0352479, 19.0557166 ], [ 73.0352828, 19.0557571 ], [ 73.0353659, 19.0559891 ], [ 73.0354491, 19.0561197 ], [ 73.0355215, 19.0561957 ], [ 73.0355752, 19.0562705 ], [ 73.035602, 19.0563073 ], [ 73.0356328, 19.0563592 ], [ 73.0356623, 19.0564023 ], [ 73.0356932, 19.0564695 ], [ 73.035728, 19.0565329 ], [ 73.0357964, 19.0566444 ], [ 73.03583, 19.0566875 ], [ 73.0359238, 19.0567966 ], [ 73.0360284, 19.0569081 ], [ 73.0361009, 19.0569994 ], [ 73.036235, 19.0571477 ], [ 73.0363744, 19.0572823 ], [ 73.0364999, 19.0573772 ], [ 73.0365604, 19.0574087 ], [ 73.0370472, 19.057662 ], [ 73.0372983, 19.0577664 ], [ 73.0377102, 19.0578842 ], [ 73.0377602, 19.057923 ], [ 73.0377719, 19.0579906 ], [ 73.0377531, 19.0580616 ], [ 73.0376887, 19.0581504 ], [ 73.0375091, 19.0582789 ], [ 73.037391, 19.0583912 ], [ 73.0373508, 19.0584673 ], [ 73.0373481, 19.0585813 ], [ 73.0373722, 19.058736 ], [ 73.0373588, 19.0588247 ], [ 73.0373052, 19.0589413 ], [ 73.0372193, 19.0590605 ], [ 73.0371024, 19.0592613 ], [ 73.0370321, 19.0594559 ], [ 73.0369669, 19.059584 ], [ 73.0368867, 19.0596816 ], [ 73.0367929, 19.0597146 ], [ 73.0366534, 19.0596867 ], [ 73.0365354, 19.0596841 ], [ 73.0363584, 19.0596892 ], [ 73.0361867, 19.0597348 ], [ 73.0359802, 19.059854 ] ], [ [ 73.0359802, 19.059854 ], [ 73.0361867, 19.0597348 ], [ 73.0363584, 19.0596892 ], [ 73.0365354, 19.0596841 ], [ 73.0366534, 19.0596867 ], [ 73.0367929, 19.0597146 ], [ 73.0368867, 19.0596816 ], [ 73.0369669, 19.059584 ], [ 73.0370321, 19.0594559 ], [ 73.0371024, 19.0592613 ], [ 73.0372193, 19.0590605 ], [ 73.0373052, 19.0589413 ], [ 73.0373588, 19.0588247 ], [ 73.0373722, 19.058736 ], [ 73.0373481, 19.0585813 ], [ 73.0373508, 19.0584673 ], [ 73.037391, 19.0583912 ], [ 73.0375091, 19.0582789 ], [ 73.0376887, 19.0581504 ], [ 73.0377531, 19.0580616 ], [ 73.0377719, 19.0579906 ], [ 73.0377602, 19.057923 ], [ 73.0377102, 19.0578842 ], [ 73.0372983, 19.0577664 ], [ 73.0370472, 19.057662 ], [ 73.0365604, 19.0574087 ], [ 73.0364999, 19.0573772 ], [ 73.0363744, 19.0572823 ], [ 73.036235, 19.0571477 ], [ 73.0361009, 19.0569994 ], [ 73.0360284, 19.0569081 ], [ 73.0359238, 19.0567966 ], [ 73.03583, 19.0566875 ], [ 73.0357964, 19.0566444 ], [ 73.035728, 19.0565329 ], [ 73.0356932, 19.0564695 ], [ 73.0356623, 19.0564023 ], [ 73.0356328, 19.0563592 ], [ 73.035602, 19.0563073 ], [ 73.0355752, 19.0562705 ], [ 73.0355215, 19.0561957 ], [ 73.0354491, 19.0561197 ], [ 73.0353659, 19.0559891 ], [ 73.0352828, 19.0557571 ], [ 73.0352479, 19.0557166 ], [ 73.0351916, 19.0556912 ], [ 73.0351058, 19.0556937 ], [ 73.0349234, 19.0557419 ], [ 73.0346578, 19.0558129 ], [ 73.0344943, 19.0558098 ], [ 73.0340041, 19.0556273 ], [ 73.0338962, 19.055631 ], [ 73.0336252, 19.0557013 ], [ 73.0335076, 19.0557168 ], [ 73.0333811, 19.0556988 ], [ 73.0331635, 19.0556262 ], [ 73.0325812, 19.0553577 ], [ 73.0322182, 19.0551958 ], [ 73.0322182, 19.0551958 ], [ 73.0321502, 19.0551913 ], [ 73.0321502, 19.0551913 ], [ 73.0320879, 19.0555113 ], [ 73.0320318, 19.0557993 ], [ 73.0320318, 19.0557993 ], [ 73.0319595, 19.0561688 ], [ 73.0318899, 19.056524 ], [ 73.031766, 19.0571612 ], [ 73.0315729, 19.0581504 ], [ 73.0315457, 19.05829 ], [ 73.0315457, 19.05829 ], [ 73.0312773, 19.0596664 ], [ 73.0309737, 19.0612223 ], [ 73.0308093, 19.0618086 ], [ 73.0306542, 19.0620578 ], [ 73.0303129, 19.0623707 ] ], [ [ 73.0303129, 19.0623707 ], [ 73.0295628, 19.062944 ], [ 73.0295205, 19.0629735 ], [ 73.0293811, 19.0630824 ] ], [ [ 73.0293811, 19.0630824 ], [ 73.0294621, 19.0631132 ], [ 73.0294621, 19.0631132 ], [ 73.0295608, 19.0630283 ], [ 73.0297521, 19.0628776 ] ], [ [ 73.0297521, 19.0628776 ], [ 73.0301585, 19.0632539 ] ], [ [ 73.0301585, 19.0632539 ], [ 73.0303733, 19.0630771 ] ], [ [ 73.0303733, 19.0630771 ], [ 73.0309865, 19.0624837 ], [ 73.0310839, 19.0624469 ], [ 73.0312201, 19.0624699 ], [ 73.0317799, 19.0625619 ], [ 73.0319573, 19.0625859 ] ], [ [ 73.0319573, 19.0625859 ], [ 73.0318552, 19.0632095 ] ], [ [ 73.0318552, 19.0632095 ], [ 73.0322078, 19.0630651 ], [ 73.0325582, 19.0629823 ], [ 73.0327266, 19.0629266 ], [ 73.0328768, 19.0628797 ], [ 73.0329815, 19.0628645 ], [ 73.0331196, 19.0628683 ], [ 73.033357, 19.0628848 ], [ 73.0334857, 19.0628886 ], [ 73.0335434, 19.0628797 ], [ 73.0336265, 19.0628594 ], [ 73.0336265, 19.0628594 ], [ 73.0337995, 19.062815 ], [ 73.0340034, 19.062777 ] ], [ [ 73.0340034, 19.062777 ], [ 73.0337995, 19.062815 ], [ 73.0336265, 19.0628594 ] ], [ [ 73.0336265, 19.0628594 ], [ 73.0335434, 19.0628797 ], [ 73.0334857, 19.0628886 ], [ 73.033357, 19.0628848 ], [ 73.0331196, 19.0628683 ], [ 73.0329815, 19.0628645 ], [ 73.0328768, 19.0628797 ], [ 73.0327266, 19.0629266 ], [ 73.0325582, 19.0629823 ], [ 73.0322078, 19.0630651 ], [ 73.0318552, 19.0632095 ] ], [ [ 73.0318552, 19.0632095 ], [ 73.0317657, 19.063756 ] ], [ [ 73.0317657, 19.063756 ], [ 73.0316467, 19.0644828 ] ], [ [ 73.0316467, 19.0644828 ], [ 73.0309085, 19.0643605 ] ], [ [ 73.0309085, 19.0643605 ], [ 73.0301104, 19.0642593 ] ], [ [ 73.0301104, 19.0642593 ], [ 73.0299949, 19.0648715 ] ], [ [ 73.0299949, 19.0648715 ], [ 73.0299755, 19.0649772 ], [ 73.0299177, 19.0652926 ], [ 73.0298963, 19.0654094 ] ], [ [ 73.0298963, 19.0654094 ], [ 73.0297945, 19.0660316 ] ], [ [ 73.0297945, 19.0660316 ], [ 73.0304344, 19.066144 ] ], [ [ 73.0304344, 19.066144 ], [ 73.0303119, 19.066948 ] ], [ [ 73.0303119, 19.066948 ], [ 73.0302273, 19.0675438 ], [ 73.0301835, 19.0676588 ], [ 73.0301104, 19.0676864 ], [ 73.0295234, 19.0676017 ] ], [ [ 73.0295234, 19.0676017 ], [ 73.0301104, 19.0676864 ], [ 73.0301835, 19.0676588 ], [ 73.0302273, 19.0675438 ], [ 73.0303119, 19.066948 ], [ 73.0303119, 19.066948 ], [ 73.0312272, 19.0670596 ] ], [ [ 73.0312272, 19.0670596 ], [ 73.0310718, 19.0680236 ] ], [ [ 73.0310718, 19.0680236 ], [ 73.0323337, 19.0681455 ], [ 73.0323811, 19.0681501 ] ], [ [ 73.0323811, 19.0681501 ], [ 73.0323337, 19.0681455 ], [ 73.0310718, 19.0680236 ] ], [ [ 73.0310718, 19.0680236 ], [ 73.0310165, 19.0683662 ], [ 73.0309351, 19.0688709 ], [ 73.0308724, 19.0692601 ], [ 73.0307519, 19.0700067 ], [ 73.030641, 19.0706946 ], [ 73.030641, 19.0706946 ], [ 73.0306301, 19.0707625 ], [ 73.0305642, 19.0711711 ], [ 73.0305642, 19.0711711 ], [ 73.0304274, 19.0720188 ], [ 73.0304274, 19.0720188 ], [ 73.032518, 19.0723674 ] ], [ [ 73.032518, 19.0723674 ], [ 73.0304274, 19.0720188 ], [ 73.0304274, 19.0720188 ], [ 73.0303226, 19.0726688 ], [ 73.0301267, 19.0738837 ] ], [ [ 73.0301267, 19.0738837 ], [ 73.0300628, 19.0742798 ], [ 73.0300233, 19.0744908 ], [ 73.030013, 19.0745511 ], [ 73.0298785, 19.0753388 ] ], [ [ 73.0298785, 19.0753388 ], [ 73.0296604, 19.0765593 ] ], [ [ 73.0296604, 19.0765593 ], [ 73.0295378, 19.0772457 ] ], [ [ 73.0295378, 19.0772457 ], [ 73.0293128, 19.0772173 ], [ 73.0292106, 19.0772127 ], [ 73.0291254, 19.0772334 ], [ 73.0290864, 19.0772932 ], [ 73.0290329, 19.0773277 ], [ 73.0289915, 19.0773691 ], [ 73.0289331, 19.0774082 ], [ 73.0289453, 19.0774404 ], [ 73.0289283, 19.077468 ], [ 73.0287457, 19.077514 ], [ 73.0286995, 19.0775255 ], [ 73.0286606, 19.0775117 ], [ 73.028573, 19.0775117 ], [ 73.0285949, 19.0773369 ] ], [ [ 73.0285949, 19.0773369 ], [ 73.028573, 19.0775117 ], [ 73.0286606, 19.0775117 ], [ 73.0286995, 19.0775255 ], [ 73.0287457, 19.077514 ], [ 73.0289283, 19.077468 ], [ 73.0289453, 19.0774404 ], [ 73.0289331, 19.0774082 ], [ 73.0289915, 19.0773691 ], [ 73.0290329, 19.0773277 ], [ 73.0290864, 19.0772932 ], [ 73.0291254, 19.0772334 ], [ 73.0292106, 19.0772127 ], [ 73.0293128, 19.0772173 ], [ 73.0295378, 19.0772457 ] ], [ [ 73.0295378, 19.0772457 ], [ 73.0294953, 19.0775841 ], [ 73.0294953, 19.0775841 ], [ 73.0293472, 19.0776323 ], [ 73.0291712, 19.0776774 ], [ 73.0291054, 19.0777004 ], [ 73.0290908, 19.0777257 ], [ 73.0291079, 19.0777739 ], [ 73.029047, 19.07779 ], [ 73.0289229, 19.0778314 ], [ 73.0288329, 19.0778521 ], [ 73.0287867, 19.0778797 ], [ 73.0287112, 19.077882 ] ], [ [ 73.0287112, 19.077882 ], [ 73.0287867, 19.0778797 ], [ 73.0288329, 19.0778521 ], [ 73.0289229, 19.0778314 ], [ 73.029047, 19.07779 ], [ 73.0291079, 19.0777739 ], [ 73.0290908, 19.0777257 ], [ 73.0291054, 19.0777004 ], [ 73.0291712, 19.0776774 ], [ 73.0293472, 19.0776323 ], [ 73.0294953, 19.0775841 ], [ 73.0294953, 19.0775841 ], [ 73.0294668, 19.077859 ] ], [ [ 73.0294668, 19.077859 ], [ 73.0294953, 19.0775841 ] ], [ [ 73.0294953, 19.0775841 ], [ 73.0295378, 19.0772457 ], [ 73.0295378, 19.0772457 ], [ 73.0296604, 19.0765593 ], [ 73.0296604, 19.0765593 ], [ 73.0313381, 19.0767931 ] ], [ [ 73.0313381, 19.0767931 ], [ 73.0314646, 19.0758916 ], [ 73.031489, 19.0755926 ] ], [ [ 73.031489, 19.0755926 ], [ 73.0315855, 19.075145 ], [ 73.0316367, 19.0748964 ], [ 73.0316658, 19.0747141 ] ], [ [ 73.0316658, 19.0747141 ], [ 73.0329877, 19.0749316 ] ], [ [ 73.0329877, 19.0749316 ], [ 73.0337834, 19.0750516 ], [ 73.0338673, 19.0750605 ], [ 73.0339015, 19.0749984 ], [ 73.0339444, 19.074897 ], [ 73.0340114, 19.0746207 ], [ 73.0341133, 19.0743292 ], [ 73.0342528, 19.0741061 ], [ 73.0343816, 19.0740047 ], [ 73.0344567, 19.0739667 ], [ 73.0344567, 19.0739667 ], [ 73.0345015, 19.0739563 ], [ 73.0345666, 19.0739413 ], [ 73.0346793, 19.0739489 ], [ 73.034851, 19.0739768 ], [ 73.0349475, 19.07403 ], [ 73.0350199, 19.0741188 ], [ 73.0350977, 19.0742987 ], [ 73.0351809, 19.0746688 ], [ 73.0352533, 19.0748919 ], [ 73.0354089, 19.0753152 ], [ 73.0355635, 19.0756755 ] ], [ [ 73.0355635, 19.0756755 ], [ 73.0354089, 19.0753152 ], [ 73.0352533, 19.0748919 ], [ 73.0351809, 19.0746688 ], [ 73.0350977, 19.0742987 ], [ 73.0350199, 19.0741188 ], [ 73.0349475, 19.07403 ], [ 73.034851, 19.0739768 ], [ 73.0346793, 19.0739489 ], [ 73.0345666, 19.0739413 ], [ 73.0345015, 19.0739563 ], [ 73.0344567, 19.0739667 ] ], [ [ 73.0344567, 19.0739667 ], [ 73.0342687, 19.0739169 ], [ 73.0341379, 19.0739176 ], [ 73.0340795, 19.0739125 ], [ 73.0339213, 19.0739176 ], [ 73.033704, 19.073948 ], [ 73.0334921, 19.0739455 ], [ 73.0334064, 19.0739341 ] ], [ [ 73.0334064, 19.0739341 ], [ 73.0331933, 19.0738975 ], [ 73.0331933, 19.0738975 ], [ 73.0326217, 19.0737728 ] ], [ [ 73.0326217, 19.0737728 ], [ 73.0318408, 19.0736505 ], [ 73.0317634, 19.0740457 ], [ 73.0316972, 19.0741306 ] ], [ [ 73.0316972, 19.0741306 ], [ 73.0301267, 19.0738837 ] ], [ [ 73.0301267, 19.0738837 ], [ 73.0303226, 19.0726688 ], [ 73.0304274, 19.0720188 ] ], [ [ 73.0304274, 19.0720188 ], [ 73.0305642, 19.0711711 ] ], [ [ 73.0305642, 19.0711711 ], [ 73.0306301, 19.0707625 ], [ 73.030641, 19.0706946 ], [ 73.030641, 19.0706946 ], [ 73.0303098, 19.070737 ], [ 73.0301646, 19.0707474 ], [ 73.0291424, 19.0707594 ], [ 73.0287486, 19.070764 ], [ 73.0278385, 19.0707746 ], [ 73.0278385, 19.0707746 ], [ 73.027737, 19.0707754 ], [ 73.027737, 19.0707754 ], [ 73.0277371, 19.0708843 ] ], [ [ 73.0277371, 19.0708843 ], [ 73.0277374, 19.0712389 ], [ 73.0277374, 19.0712389 ], [ 73.0278375, 19.0712424 ] ], [ [ 73.0278375, 19.0712424 ], [ 73.0277374, 19.0712389 ], [ 73.0277374, 19.0712389 ], [ 73.0276961, 19.0720495 ], [ 73.0276961, 19.0720495 ], [ 73.0276854, 19.0721503 ] ], [ [ 73.0276854, 19.0721503 ], [ 73.0277841, 19.0721571 ] ], [ [ 73.0277841, 19.0721571 ], [ 73.0278858, 19.0721557 ] ], [ [ 73.0278858, 19.0721557 ], [ 73.0279822, 19.0721578 ], [ 73.0280785, 19.0721676 ], [ 73.0281336, 19.0721969 ], [ 73.028168, 19.0722977 ], [ 73.0282299, 19.0725579 ], [ 73.0283194, 19.072701 ], [ 73.0284433, 19.0727466 ], [ 73.0286154, 19.0727758 ], [ 73.0287221, 19.0727856 ], [ 73.0287737, 19.0727953 ], [ 73.0288012, 19.0729287 ], [ 73.028846, 19.0732019 ], [ 73.0288632, 19.0732735 ], [ 73.0288425, 19.0733418 ], [ 73.0288288, 19.0736508 ], [ 73.0287737, 19.0737419 ], [ 73.0287703, 19.0739338 ], [ 73.028784, 19.0741452 ], [ 73.0288322, 19.0742102 ], [ 73.028812, 19.074293 ] ], [ [ 73.028812, 19.074293 ], [ 73.0286934, 19.0742983 ], [ 73.0285764, 19.0742966 ], [ 73.0285265, 19.0742934 ], [ 73.0283888, 19.0743113 ], [ 73.0283131, 19.0743144 ] ], [ [ 73.0283131, 19.0743144 ], [ 73.0283888, 19.0743113 ], [ 73.0285265, 19.0742934 ], [ 73.0285764, 19.0742966 ], [ 73.0286934, 19.0742983 ], [ 73.028812, 19.074293 ] ], [ [ 73.028812, 19.074293 ], [ 73.0288322, 19.0742102 ], [ 73.028784, 19.0741452 ], [ 73.0287703, 19.0739338 ], [ 73.0287737, 19.0737419 ], [ 73.0288288, 19.0736508 ], [ 73.0288425, 19.0733418 ], [ 73.0288632, 19.0732735 ], [ 73.028846, 19.0732019 ], [ 73.0288012, 19.0729287 ], [ 73.0287737, 19.0727953 ], [ 73.0287221, 19.0727856 ], [ 73.0286154, 19.0727758 ], [ 73.0284433, 19.0727466 ], [ 73.0283194, 19.072701 ], [ 73.0282299, 19.0725579 ], [ 73.028168, 19.0722977 ], [ 73.0281336, 19.0721969 ], [ 73.0280785, 19.0721676 ], [ 73.0279822, 19.0721578 ], [ 73.0278858, 19.0721557 ] ], [ [ 73.0278858, 19.0721557 ], [ 73.0277841, 19.0721571 ], [ 73.0277841, 19.0721571 ], [ 73.0276854, 19.0721503 ] ], [ [ 73.0276854, 19.0721503 ], [ 73.0273242, 19.0755525 ], [ 73.027154, 19.0770416 ] ], [ [ 73.027154, 19.0770416 ], [ 73.0272601, 19.0770529 ] ], [ [ 73.0272601, 19.0770529 ], [ 73.027154, 19.0770416 ] ], [ [ 73.027154, 19.0770416 ], [ 73.0259837, 19.0769596 ], [ 73.0259127, 19.0769546 ], [ 73.0257619, 19.0769946 ], [ 73.0257035, 19.0771622 ] ], [ [ 73.0257035, 19.0771622 ], [ 73.0252748, 19.0770783 ], [ 73.0252748, 19.0770783 ], [ 73.0251984, 19.0767361 ], [ 73.0251689, 19.0766081 ], [ 73.0249798, 19.0763749 ], [ 73.0248886, 19.0761797 ], [ 73.0249047, 19.0758476 ], [ 73.0248564, 19.075044 ], [ 73.0247075, 19.0749705 ], [ 73.0246257, 19.0748438 ] ], [ [ 73.0246257, 19.0748438 ], [ 73.0247075, 19.0749705 ], [ 73.0248564, 19.075044 ], [ 73.0249047, 19.0758476 ], [ 73.0248886, 19.0761797 ], [ 73.0249798, 19.0763749 ], [ 73.0251689, 19.0766081 ], [ 73.0251984, 19.0767361 ], [ 73.0252748, 19.0770783 ], [ 73.0252748, 19.0770783 ], [ 73.0250991, 19.0771505 ], [ 73.0250991, 19.0771505 ], [ 73.0250147, 19.0772405 ] ], [ [ 73.0250147, 19.0772405 ], [ 73.0246453, 19.0780661 ] ], [ [ 73.0246453, 19.0780661 ], [ 73.0250147, 19.0772405 ] ], [ [ 73.0250147, 19.0772405 ], [ 73.0256009, 19.0774515 ], [ 73.0256009, 19.0774515 ], [ 73.0252315, 19.0784931 ] ], [ [ 73.0252315, 19.0784931 ], [ 73.0247448, 19.0798656 ], [ 73.0246842, 19.0800969 ], [ 73.0246932, 19.0802923 ], [ 73.0247645, 19.0804585 ], [ 73.0248593, 19.0806138 ] ], [ [ 73.0248593, 19.0806138 ], [ 73.0267711, 19.0807749 ] ], [ [ 73.0267711, 19.0807749 ], [ 73.0268852, 19.0807845 ] ], [ [ 73.0268852, 19.0807845 ], [ 73.0270276, 19.0807965 ], [ 73.0270276, 19.0807965 ], [ 73.0278027, 19.0808618 ], [ 73.0278027, 19.0808618 ], [ 73.0279918, 19.0795903 ], [ 73.0280287, 19.0793097 ], [ 73.0278959, 19.0792546 ], [ 73.0277888, 19.0792454 ] ], [ [ 73.0277888, 19.0792454 ], [ 73.0278959, 19.0792546 ], [ 73.0280287, 19.0793097 ], [ 73.0279918, 19.0795903 ], [ 73.0278027, 19.0808618 ] ], [ [ 73.0278027, 19.0808618 ], [ 73.0287609, 19.0809425 ], [ 73.0288813, 19.0809526 ] ], [ [ 73.0288813, 19.0809526 ], [ 73.0290104, 19.0810598 ], [ 73.0290351, 19.0811122 ], [ 73.0290505, 19.0811733 ], [ 73.0290597, 19.0812461 ], [ 73.0290597, 19.0814092 ], [ 73.0290351, 19.0815723 ], [ 73.0290131, 19.0817243 ] ], [ [ 73.0290131, 19.0817243 ], [ 73.0282306, 19.0816761 ] ], [ [ 73.0282306, 19.0816761 ], [ 73.0290131, 19.0817243 ] ], [ [ 73.0290131, 19.0817243 ], [ 73.0293901, 19.0817476 ], [ 73.0294679, 19.0817798 ], [ 73.0294679, 19.0817798 ], [ 73.029575, 19.0816924 ], [ 73.0297308, 19.0816786 ], [ 73.0298622, 19.081628 ], [ 73.0298914, 19.0815498 ], [ 73.0298816, 19.0813014 ], [ 73.0298622, 19.0811726 ] ], [ [ 73.0298622, 19.0811726 ], [ 73.0298816, 19.0813014 ], [ 73.0298914, 19.0815498 ], [ 73.0298622, 19.081628 ], [ 73.0297308, 19.0816786 ], [ 73.029575, 19.0816924 ], [ 73.0294679, 19.0817798 ] ], [ [ 73.0294679, 19.0817798 ], [ 73.0295166, 19.081881 ], [ 73.0296042, 19.0824697 ], [ 73.0296529, 19.0830401 ], [ 73.0296578, 19.0833252 ] ], [ [ 73.0296578, 19.0833252 ], [ 73.0282849, 19.0833727 ] ], [ [ 73.0282849, 19.0833727 ], [ 73.0274384, 19.0834034 ], [ 73.0272972, 19.0834264 ], [ 73.0272972, 19.0834264 ], [ 73.0271171, 19.0829113 ], [ 73.027078, 19.0826005 ] ], [ [ 73.027078, 19.0826005 ], [ 73.0270344, 19.0822535 ], [ 73.0269663, 19.081513 ] ], [ [ 73.0269663, 19.081513 ], [ 73.0269787, 19.0813675 ], [ 73.0270026, 19.0810863 ], [ 73.0270276, 19.0807965 ] ], [ [ 73.0270276, 19.0807965 ], [ 73.0268852, 19.0807845 ] ], [ [ 73.0268852, 19.0807845 ], [ 73.0272173, 19.0774789 ] ], [ [ 73.0272173, 19.0774789 ], [ 73.0273688, 19.0774885 ] ], [ [ 73.0273688, 19.0774885 ], [ 73.0273951, 19.0772609 ] ], [ [ 73.0273951, 19.0772609 ], [ 73.027619, 19.0772762 ], [ 73.0280368, 19.0773502 ], [ 73.0281517, 19.0773717 ], [ 73.0281842, 19.0771346 ], [ 73.0282155, 19.0768852 ], [ 73.0282506, 19.0765697 ], [ 73.028279, 19.0762196 ], [ 73.028279, 19.076146 ] ], [ [ 73.028279, 19.076146 ], [ 73.028279, 19.0762196 ], [ 73.0282506, 19.0765697 ], [ 73.0282155, 19.0768852 ], [ 73.0281842, 19.0771346 ], [ 73.0281517, 19.0773717 ], [ 73.0280368, 19.0773502 ], [ 73.027619, 19.0772762 ], [ 73.0273951, 19.0772609 ], [ 73.0273951, 19.0772609 ], [ 73.0273688, 19.0774885 ], [ 73.0273688, 19.0774885 ], [ 73.0272173, 19.0774789 ], [ 73.0272173, 19.0774789 ], [ 73.0272601, 19.0770529 ], [ 73.0272601, 19.0770529 ], [ 73.027154, 19.0770416 ] ], [ [ 73.027154, 19.0770416 ], [ 73.0259837, 19.0769596 ], [ 73.0259127, 19.0769546 ], [ 73.0257619, 19.0769946 ], [ 73.0257035, 19.0771622 ] ], [ [ 73.0257035, 19.0771622 ], [ 73.0252748, 19.0770783 ], [ 73.0252748, 19.0770783 ], [ 73.0250991, 19.0771505 ], [ 73.0250991, 19.0771505 ], [ 73.0241872, 19.0769756 ], [ 73.0239136, 19.0769389 ], [ 73.0237688, 19.0769845 ], [ 73.0236709, 19.0771163 ], [ 73.0236333, 19.0772038 ], [ 73.0235036, 19.0780284 ] ], [ [ 73.0235036, 19.0780284 ], [ 73.0234652, 19.0780625 ], [ 73.0233548, 19.0784912 ], [ 73.0232348, 19.0786137 ], [ 73.0228339, 19.0787294 ], [ 73.0224187, 19.0787793 ], [ 73.0223307, 19.078777 ], [ 73.0216388, 19.0787591 ], [ 73.0213829, 19.0787525 ], [ 73.0213829, 19.0787525 ], [ 73.0213766, 19.0786292 ], [ 73.0213862, 19.0784297 ] ], [ [ 73.0213862, 19.0784297 ], [ 73.0213766, 19.0786292 ], [ 73.0213829, 19.0787525 ] ], [ [ 73.0213829, 19.0787525 ], [ 73.0213891, 19.0788729 ], [ 73.0213915, 19.0791443 ], [ 73.0214597, 19.0795146 ], [ 73.0215229, 19.0797078 ], [ 73.021557, 19.0798274 ], [ 73.021557, 19.0799263 ], [ 73.0214086, 19.080177 ], [ 73.0213202, 19.0804319 ], [ 73.021306, 19.0804577 ] ], [ [ 73.021306, 19.0804577 ], [ 73.0211186, 19.0804157 ], [ 73.0207563, 19.0803545 ], [ 73.0207832, 19.0801931 ], [ 73.020861, 19.0799056 ], [ 73.0208829, 19.079809 ], [ 73.0205203, 19.0797538 ], [ 73.0203997, 19.0797193 ], [ 73.0203997, 19.0797193 ], [ 73.0203529, 19.0800023 ], [ 73.0203019, 19.080227 ], [ 73.0202298, 19.0804505 ] ], [ [ 73.0202298, 19.0804505 ], [ 73.0203019, 19.080227 ], [ 73.0203529, 19.0800023 ], [ 73.0203997, 19.0797193 ] ], [ [ 73.0203997, 19.0797193 ], [ 73.0202526, 19.0796825 ], [ 73.0197708, 19.0795836 ], [ 73.0196532, 19.079565 ] ], [ [ 73.0196532, 19.079565 ], [ 73.0196074, 19.0800233 ] ], [ [ 73.0196074, 19.0800233 ], [ 73.0196532, 19.079565 ] ], [ [ 73.0196532, 19.079565 ], [ 73.0196589, 19.0794699 ], [ 73.0196536, 19.0793365 ], [ 73.0195823, 19.0790196 ] ], [ [ 73.0195823, 19.0790196 ], [ 73.0196587, 19.0789201 ], [ 73.0197562, 19.0788109 ], [ 73.0199708, 19.0786516 ], [ 73.0201284, 19.0785659 ], [ 73.0202356, 19.0784659 ], [ 73.020367, 19.0783348 ], [ 73.0204595, 19.078275 ], [ 73.0205593, 19.078252 ], [ 73.0205593, 19.078252 ], [ 73.0207199, 19.0782474 ], [ 73.0208249, 19.0782895 ], [ 73.0208249, 19.0782895 ], [ 73.0207685, 19.0786545 ], [ 73.0207685, 19.0788431 ], [ 73.0207734, 19.0789281 ], [ 73.0207564, 19.0790454 ], [ 73.0207126, 19.0791489 ], [ 73.0206682, 19.0791296 ], [ 73.0206568, 19.0791264 ], [ 73.0206443, 19.0791245 ], [ 73.0205276, 19.0791167 ], [ 73.0204341, 19.0790846 ], [ 73.0203062, 19.0790523 ], [ 73.0201569, 19.0790168 ], [ 73.0200389, 19.0789967 ], [ 73.0199611, 19.078985 ] ] ] } },
{ "type": "Feature", "properties": { "point_ids": [ 8745, 9339, 5198, 6806, 769, 9930, 6981, 1180, 9382, 3406, 4384, 4474, 6531, 6954, 8428, 8997, 9566, 1039, 7164, 6879, 3824, 3580, 589, 1319, 5581, 7319, 2813, 6052, 503, 1665, 6444, 4853, 6401, 8457, 9670, 4003, 799, 4178, 8045, 9123, 9480, 1513, 3268, 4418, 4977, 6941, 7964, 3387, 5783, 1031, 1078, 4795 ], "length_m": 5392.5350125996338, "travel_time_min": 8.6375601763095293, "n_points": 52, "route_id": 2, "cluster_id": 18 }, "geometry": { "type": "MultiLineString", "coordinates": [ [ [ 73.0199611, 19.078985 ], [ 73.0200389, 19.0789967 ], [ 73.0201569, 19.0790168 ], [ 73.0203062, 19.0790523 ], [ 73.0204341, 19.0790846 ], [ 73.0205276, 19.0791167 ], [ 73.0206443, 19.0791245 ], [ 73.0206568, 19.0791264 ], [ 73.0206682, 19.0791296 ], [ 73.0207126, 19.0791489 ], [ 73.0207564, 19.0790454 ], [ 73.0207734, 19.0789281 ], [ 73.0207685, 19.0788431 ], [ 73.0207685, 19.0786545 ], [ 73.0208249, 19.0782895 ], [ 73.0208249, 19.0782895 ], [ 73.0207199, 19.0782474 ], [ 73.0205593, 19.078252 ] ], [ [ 73.0205593, 19.078252 ], [ 73.0206085, 19.0780145 ] ], [ [ 73.0206085, 19.0780145 ], [ 73.0206664, 19.0779027 ], [ 73.0207392, 19.0777589 ], [ 73.0208677, 19.077496 ], [ 73.0208994, 19.0774154 ], [ 73.0209267, 19.0773083 ], [ 73.0209447, 19.0772202 ] ], [ [ 73.0209447, 19.0772202 ], [ 73.0209428, 19.0770061 ], [ 73.020902, 19.0767437 ] ], [ [ 73.020902, 19.0767437 ], [ 73.0210079, 19.0767424 ], [ 73.0211855, 19.0767424 ], [ 73.0214605, 19.0768045 ], [ 73.0217063, 19.0769057 ], [ 73.0218085, 19.0769057 ], [ 73.0218912, 19.0768781 ], [ 73.0219691, 19.07677 ], [ 73.022018, 19.0767217 ] ], [ [ 73.022018, 19.0767217 ], [ 73.0219691, 19.07677 ], [ 73.0218912, 19.0768781 ], [ 73.0218085, 19.0769057 ], [ 73.0217063, 19.0769057 ], [ 73.0214605, 19.0768045 ], [ 73.0211855, 19.0767424 ], [ 73.0210079, 19.0767424 ], [ 73.020902, 19.0767437 ] ], [ [ 73.020902, 19.0767437 ], [ 73.0208229, 19.0767677 ], [ 73.0205139, 19.0767079 ], [ 73.0201561, 19.0767079 ], [ 73.0192922, 19.0766895 ], [ 73.0190099, 19.0766343 ], [ 73.0186357, 19.0765876 ] ], [ [ 73.0186357, 19.0765876 ], [ 73.0186407, 19.0767724 ], [ 73.01866, 19.0769372 ], [ 73.0187405, 19.0770658 ], [ 73.0187788, 19.0771767 ], [ 73.0188339, 19.0772773 ], [ 73.0189333, 19.0772927 ], [ 73.0190874, 19.0773205 ], [ 73.0192696, 19.077323 ], [ 73.019331, 19.0773171 ] ], [ [ 73.019331, 19.0773171 ], [ 73.0192696, 19.077323 ], [ 73.0190874, 19.0773205 ], [ 73.0189333, 19.0772927 ], [ 73.0188339, 19.0772773 ], [ 73.0187788, 19.0771767 ], [ 73.0187405, 19.0770658 ], [ 73.01866, 19.0769372 ], [ 73.0186407, 19.0767724 ], [ 73.0186357, 19.0765876 ], [ 73.0186357, 19.0765876 ], [ 73.0184315, 19.0765593 ] ], [ [ 73.0184315, 19.0765593 ], [ 73.018304, 19.0765417 ], [ 73.018304, 19.0765417 ], [ 73.0181859, 19.0773683 ], [ 73.0181141, 19.0778323 ], [ 73.0180873, 19.0779843 ], [ 73.0180873, 19.0779843 ], [ 73.018031, 19.0783036 ], [ 73.0179513, 19.0785714 ] ], [ [ 73.0179513, 19.0785714 ], [ 73.0178427, 19.0787518 ], [ 73.0176889, 19.0790152 ], [ 73.0175445, 19.0792659 ], [ 73.0174702, 19.0795031 ], [ 73.0173967, 19.0800692 ], [ 73.0172365, 19.0813767 ], [ 73.0171169, 19.0823641 ], [ 73.0170682, 19.0828274 ], [ 73.0170108, 19.0834415 ], [ 73.0170187, 19.0838695 ], [ 73.0170408, 19.0841942 ], [ 73.0171198, 19.0850057 ], [ 73.017152, 19.0853157 ], [ 73.017152, 19.0853157 ], [ 73.0171631, 19.0854222 ], [ 73.0171631, 19.0854222 ], [ 73.0173442, 19.0854001 ], [ 73.0173442, 19.0854001 ], [ 73.0173326, 19.085295 ], [ 73.0173326, 19.085295 ], [ 73.0173027, 19.0850219 ], [ 73.0172202, 19.0841823 ], [ 73.0171962, 19.0838718 ], [ 73.0171973, 19.0834502 ], [ 73.0172168, 19.0832226 ], [ 73.0172256, 19.0831208 ], [ 73.0172931, 19.0824306 ], [ 73.0172976, 19.0823844 ], [ 73.017326, 19.082102 ] ], [ [ 73.017326, 19.082102 ], [ 73.0174211, 19.0813798 ], [ 73.0174289, 19.0813318 ], [ 73.0174569, 19.0811551 ], [ 73.0174745, 19.0810534 ], [ 73.0176269, 19.0802178 ], [ 73.0175305, 19.0800814 ], [ 73.0175709, 19.0797605 ], [ 73.0176008, 19.0795286 ], [ 73.0176662, 19.0793255 ], [ 73.0177922, 19.0790732 ], [ 73.0180615, 19.0786344 ], [ 73.0180615, 19.0786344 ], [ 73.0181753, 19.0787033 ], [ 73.0182833, 19.0787509 ] ], [ [ 73.0182833, 19.0787509 ], [ 73.0181753, 19.0787033 ], [ 73.0180615, 19.0786344 ] ], [ [ 73.0180615, 19.0786344 ], [ 73.0181615, 19.0783274 ], [ 73.0182187, 19.0779893 ], [ 73.0182187, 19.0779893 ], [ 73.0182421, 19.0778514 ], [ 73.0183185, 19.0773953 ], [ 73.0184315, 19.0765593 ], [ 73.0184315, 19.0765593 ], [ 73.0186014, 19.0752853 ], [ 73.0186532, 19.074935 ], [ 73.0186973, 19.0746368 ], [ 73.0187973, 19.0740376 ], [ 73.0188255, 19.0738686 ], [ 73.018872, 19.0736578 ], [ 73.0189525, 19.0732932 ], [ 73.0189525, 19.0732932 ], [ 73.0190039, 19.0730602 ], [ 73.0191257, 19.0725083 ], [ 73.0192042, 19.0721524 ], [ 73.019221, 19.0720601 ], [ 73.0192424, 19.0719098 ], [ 73.0192753, 19.0716399 ], [ 73.0193182, 19.0709377 ], [ 73.0193307, 19.0706039 ], [ 73.0193307, 19.0706039 ], [ 73.0193355, 19.0704724 ], [ 73.0193355, 19.0704724 ], [ 73.0193426, 19.0704677 ], [ 73.0193925, 19.0704467 ], [ 73.0194444, 19.0704308 ], [ 73.0194858, 19.0704269 ], [ 73.0195269, 19.0704242 ], [ 73.0195269, 19.0704242 ], [ 73.020367, 19.0704357 ], [ 73.0208453, 19.0704422 ], [ 73.0208453, 19.0704422 ], [ 73.0208697, 19.0708035 ], [ 73.0208746, 19.0709668 ], [ 73.020916, 19.0711186 ], [ 73.0209992, 19.0712089 ], [ 73.0209992, 19.0712089 ], [ 73.0210668, 19.0711959 ], [ 73.0211715, 19.071212 ], [ 73.0213199, 19.0712488 ], [ 73.021501, 19.0712943 ], [ 73.0215429, 19.0713068 ], [ 73.021702, 19.0713477 ], [ 73.021792, 19.0714052 ] ], [ [ 73.021792, 19.0714052 ], [ 73.021702, 19.0713477 ], [ 73.0215429, 19.0713068 ], [ 73.021501, 19.0712943 ], [ 73.0213199, 19.0712488 ], [ 73.0211715, 19.071212 ], [ 73.0210668, 19.0711959 ], [ 73.0209992, 19.0712089 ], [ 73.0209992, 19.0712089 ], [ 73.0210427, 19.071425 ], [ 73.0211039, 19.0716098 ], [ 73.0211175, 19.0716765 ], [ 73.0211175, 19.0716765 ], [ 73.0211235, 19.071826 ] ], [ [ 73.0211235, 19.071826 ], [ 73.0211175, 19.0716765 ], [ 73.0211175, 19.0716765 ], [ 73.0211039, 19.0716098 ], [ 73.0210427, 19.071425 ], [ 73.0209992, 19.0712089 ], [ 73.0209992, 19.0712089 ], [ 73.020916, 19.0711186 ], [ 73.0208746, 19.0709668 ], [ 73.0208697, 19.0708035 ], [ 73.0208453, 19.0704422 ], [ 73.0208453, 19.0704422 ], [ 73.0215701, 19.070452 ], [ 73.0215701, 19.070452 ], [ 73.0215742, 19.070353 ] ], [ [ 73.0215742, 19.070353 ], [ 73.0215701, 19.070452 ] ], [ [ 73.0215701, 19.070452 ], [ 73.0222995, 19.0704619 ], [ 73.0223862, 19.0704634 ], [ 73.0225129, 19.0704833 ], [ 73.0233765, 19.0707203 ], [ 73.0240403, 19.0708925 ], [ 73.0258822, 19.0708884 ], [ 73.0268203, 19.0708741 ], [ 73.0268203, 19.0708741 ], [ 73.0268181, 19.0707784 ], [ 73.0268181, 19.0707784 ], [ 73.0268106, 19.0697228 ] ] ] } },
{ "type": "Feature", "properties": { "point_ids": [ 1, 7247, 6400, 5926, 5885, 4214, 4189, 387, 6804, 5834, 5669, 3712, 1449, 89, 3903, 2402, 2758, 7661, 7954, 7966, 8770, 6588, 6278, 4945, 4780, 7461, 4960, 3823, 2960, 2779, 921, 3078, 7923, 8141, 4877, 2901, 1166, 80, 39, 9278, 9500, 6838, 4212, 3708, 2943, 4014, 6366, 7306, 1945, 2162, 2471, 2625, 8243, 3133, 8822, 6542, 6086, 1594, 5534, 3505, 3028, 6727, 9333, 2115, 7385, 9436, 6183, 4693, 3889, 1339, 8194, 5142, 2915, 2081, 1562, 7304, 2682, 6161, 1103, 8812, 6147, 8582, 47, 6546, 7984, 8105, 453, 578, 3893, 7388, 9072, 5814, 4915, 4329, 2011, 6458, 5494, 2227, 7450, 4858, 409, 2233, 920, 9013, 7199, 7037, 4265, 2875, 2250, 2039, 1920, 1765, 1246, 9343, 9138, 8753, 6237, 3358, 2826, 2320, 9362, 6828, 4442, 3213, 8641, 8061, 2539, 9892, 8332, 7737, 5923, 5910, 5404, 5369, 4515, 4413, 3434, 1862, 1772, 7848, 6746, 892, 8692, 662, 904, 6061, 9376, 2487, 9895, 570, 7628, 125, 9479, 5570, 73, 931, 7528, 7812, 9547, 5844, 5544, 5005, 8673, 8072, 6635, 3474, 762, 6355, 4629, 1354, 784, 836, 8807, 8308, 5452, 7565, 7066, 5303, 2559, 3679, 6558, 8364, 1296, 922, 5127, 9661, 4464, 1412, 5438, 7010, 8066, 5376, 6512, 8331, 7601, 6686, 422, 924, 12, 8401, 6200, 7897, 7256, 6335, 4769, 4683, 3844, 2952, 6719, 3452, 9150, 5829, 2579, 1328, 333, 7141, 4062, 2454, 2110, 9440, 6793, 7146, 9700, 9393, 8876, 4322, 268, 9616, 1970, 2047, 6573 ], "length_m": 19892.59297122257, "travel_time_min": 30.516865313717343, "n_points": 231, "route_id": 3, "cluster_id": 16 }, "geometry": { "type": "MultiLineString", "coordinates": [ [ [ 73.0079806, 19.0661368 ], [ 73.008086, 19.0674466 ] ], [ [ 73.008086, 19.0674466 ], [ 73.008914, 19.0673933 ] ], [ [ 73.008914, 19.0673933 ], [ 73.0089259, 19.0675932 ], [ 73.0089259, 19.0675932 ], [ 73.0089459, 19.0679158 ], [ 73.0089459, 19.0679158 ], [ 73.0089552, 19.0680659 ], [ 73.0089552, 19.0680659 ], [ 73.0090168, 19.0690576 ], [ 73.0090168, 19.0690576 ], [ 73.0089975, 19.0690689 ], [ 73.0089809, 19.0690836 ], [ 73.0089809, 19.0690836 ], [ 73.0089611, 19.069114 ], [ 73.0089528, 19.0691489 ], [ 73.0089571, 19.0691844 ] ], [ [ 73.0089571, 19.0691844 ], [ 73.0089733, 19.0692167 ], [ 73.0089998, 19.0692422 ], [ 73.0089998, 19.0692422 ], [ 73.0090333, 19.069258 ], [ 73.0090704, 19.0692627 ], [ 73.0091072, 19.0692559 ], [ 73.0091396, 19.0692382 ], [ 73.0091396, 19.0692382 ], [ 73.0091642, 19.0692116 ], [ 73.0091785, 19.0691788 ], [ 73.0091807, 19.0691435 ], [ 73.0091708, 19.0691094 ], [ 73.0091497, 19.0690801 ], [ 73.0091497, 19.0690801 ], [ 73.0090862, 19.0680573 ], [ 73.0090862, 19.0680573 ], [ 73.0090769, 19.0679066 ], [ 73.0090769, 19.0679066 ], [ 73.0090569, 19.067584 ], [ 73.0090569, 19.067584 ], [ 73.0089259, 19.0675932 ], [ 73.0089259, 19.0675932 ], [ 73.0086348, 19.0676136 ], [ 73.0083918, 19.0676307 ] ], [ [ 73.0083918, 19.0676307 ], [ 73.0060013, 19.0677988 ], [ 73.0053936, 19.0678714 ], [ 73.0053144, 19.0678809 ] ], [ [ 73.0053144, 19.0678809 ], [ 73.0049821, 19.0679038 ] ], [ [ 73.0049821, 19.0679038 ], [ 73.002724, 19.068069 ] ], [ [ 73.002724, 19.068069 ], [ 73.0017838, 19.0681531 ], [ 73.0012161, 19.0682066 ] ], [ [ 73.0012161, 19.0682066 ], [ 73.0006111, 19.0682082 ] ], [ [ 73.0006111, 19.0682082 ], [ 72.9998694, 19.0682725 ] ], [ [ 72.9998694, 19.0682725 ], [ 72.9977002, 19.0684493 ], [ 72.9977002, 19.0684493 ], [ 72.9975707, 19.0684098 ], [ 72.9974688, 19.0683451 ], [ 72.9973927, 19.0682538 ], [ 72.9973323, 19.0681507 ], [ 72.9973323, 19.0681507 ], [ 72.9973458, 19.0679873 ], [ 72.9973786, 19.0678803 ], [ 72.9974401, 19.0677803 ], [ 72.9975863, 19.0676152 ], [ 72.9979024, 19.0673126 ] ], [ [ 72.9979024, 19.0673126 ], [ 72.998134, 19.0670783 ], [ 72.9982401, 19.0669093 ], [ 72.9982555, 19.0668813 ], [ 72.9982978, 19.0667966 ], [ 72.9983456, 19.0666988 ], [ 72.9983456, 19.0666988 ], [ 72.9983854, 19.0666172 ] ], [ [ 72.9983854, 19.0666172 ], [ 72.9985713, 19.0662371 ] ], [ [ 72.9985713, 19.0662371 ], [ 72.9986225, 19.0661325 ], [ 72.9987246, 19.0659223 ], [ 72.9989926, 19.0653733 ], [ 72.9993589, 19.0646228 ], [ 72.9994119, 19.0645135 ], [ 72.9994359, 19.0644751 ], [ 72.9994617, 19.0644454 ], [ 72.9995065, 19.0644178 ], [ 72.9995511, 19.0644058 ], [ 72.9995942, 19.0644077 ], [ 73.0002247, 19.0644603 ], [ 73.0006977, 19.0644998 ], [ 73.0008107, 19.0645093 ], [ 73.0008107, 19.0645093 ], [ 73.0008185, 19.0644368 ] ], [ [ 73.0008185, 19.0644368 ], [ 73.0008107, 19.0645093 ] ], [ [ 73.0008107, 19.0645093 ], [ 73.0011481, 19.0645423 ], [ 73.0014237, 19.0645842 ], [ 73.0019012, 19.0646796 ], [ 73.0024883, 19.0647969 ], [ 73.002699, 19.0648522 ], [ 73.0032563, 19.0649883 ], [ 73.0038589, 19.0651395 ], [ 73.0038589, 19.0651395 ], [ 73.0041255, 19.0652065 ], [ 73.0041255, 19.0652065 ], [ 73.0042027, 19.0652259 ], [ 73.0042027, 19.0652259 ], [ 73.0042181, 19.0651458 ] ], [ [ 73.0042181, 19.0651458 ], [ 73.0041601, 19.0651311 ], [ 73.0041415, 19.0651264 ], [ 73.0041415, 19.0651264 ], [ 73.0041255, 19.0652065 ], [ 73.0041255, 19.0652065 ], [ 73.0041843, 19.0658862 ], [ 73.0041708, 19.0659664 ], [ 73.0041412, 19.0660398 ], [ 73.0040917, 19.0661165 ], [ 73.0040146, 19.0661932 ], [ 73.0039459, 19.0662369 ], [ 73.0038241, 19.066264 ], [ 73.0038241, 19.066264 ], [ 73.0037088, 19.0662525 ], [ 73.0036137, 19.0662534 ] ], [ [ 73.0036137, 19.0662534 ], [ 73.0036175, 19.0663252 ] ], [ [ 73.0036175, 19.0663252 ], [ 73.0036137, 19.0662534 ], [ 73.0036137, 19.0662534 ], [ 73.0033909, 19.0662728 ], [ 73.0030052, 19.0663056 ], [ 73.0029335, 19.0663117 ], [ 73.0026764, 19.0663336 ], [ 73.0025473, 19.0663257 ], [ 73.0024317, 19.0663023 ], [ 73.0023354, 19.066262 ], [ 73.0022089, 19.0661827 ], [ 73.002125, 19.0660787 ], [ 73.0020713, 19.0659851 ], [ 73.002037, 19.0658447 ], [ 73.0019234, 19.0654757 ] ], [ [ 73.0019234, 19.0654757 ], [ 73.001568, 19.0615951 ], [ 73.0014836, 19.0607639 ] ], [ [ 73.0014836, 19.0607639 ], [ 73.0014488, 19.0604211 ], [ 73.001446, 19.0601445 ] ], [ [ 73.001446, 19.0601445 ], [ 73.0014448, 19.0593914 ] ], [ [ 73.0014448, 19.0593914 ], [ 73.002125, 19.0593254 ], [ 73.002125, 19.0593254 ], [ 73.0025732, 19.0593438 ], [ 73.0027319, 19.0593541 ], [ 73.0028924, 19.0593844 ], [ 73.0029666, 19.0594114 ], [ 73.0029666, 19.0594114 ], [ 73.0030959, 19.0595094 ], [ 73.0033722, 19.0598975 ] ], [ [ 73.0033722, 19.0598975 ], [ 73.0035225, 19.0602427 ], [ 73.0041779, 19.0611509 ] ], [ [ 73.0041779, 19.0611509 ], [ 73.0035093, 19.0611971 ], [ 73.0035093, 19.0611971 ], [ 73.0035517, 19.0617458 ] ], [ [ 73.0035517, 19.0617458 ], [ 73.0035093, 19.0611971 ], [ 73.0035093, 19.0611971 ], [ 73.0041779, 19.0611509 ] ], [ [ 73.0041779, 19.0611509 ], [ 73.0050981, 19.0624269 ], [ 73.0052304, 19.0625883 ], [ 73.0054035, 19.0627374 ] ], [ [ 73.0054035, 19.0627374 ], [ 73.0056359, 19.0628379 ], [ 73.0058797, 19.0628924 ] ], [ [ 73.0058797, 19.0628924 ], [ 73.0053356, 19.0628913 ] ], [ [ 73.0053356, 19.0628913 ], [ 73.0050554, 19.0628908 ] ], [ [ 73.0050554, 19.0628908 ], [ 73.0050407, 19.0633756 ], [ 73.0050407, 19.0633756 ], [ 73.0050322, 19.0636555 ] ], [ [ 73.0050322, 19.0636555 ], [ 73.0050407, 19.0633756 ] ], [ [ 73.0050407, 19.0633756 ], [ 73.0058518, 19.0633786 ], [ 73.0058874, 19.0633917 ], [ 73.0059207, 19.0634181 ], [ 73.0060822, 19.0636205 ] ], [ [ 73.0060822, 19.0636205 ], [ 73.0061953, 19.0634922 ], [ 73.0063048, 19.0633469 ], [ 73.0063674, 19.063242 ], [ 73.0064279, 19.0631123 ], [ 73.0064798, 19.0629087 ], [ 73.0064798, 19.0629087 ], [ 73.0064786, 19.062669 ] ], [ [ 73.0064786, 19.062669 ], [ 73.0065337, 19.0625991 ], [ 73.0065701, 19.0625375 ], [ 73.0065926, 19.0624583 ], [ 73.0066224, 19.0622925 ], [ 73.0066192, 19.0621725 ], [ 73.006599, 19.0620433 ], [ 73.006579, 19.0619265 ], [ 73.0062388, 19.0606846 ], [ 73.0060601, 19.0601525 ] ], [ [ 73.0060601, 19.0601525 ], [ 73.0044509, 19.0611044 ] ], [ [ 73.0044509, 19.0611044 ], [ 73.0037337, 19.0601102 ], [ 73.0034497, 19.0598455 ] ], [ [ 73.0034497, 19.0598455 ], [ 73.0031711, 19.0594545 ], [ 73.003035, 19.0593423 ], [ 73.003035, 19.0593423 ], [ 73.0037703, 19.0579862 ], [ 73.0039506, 19.0576537 ], [ 73.0040069, 19.0575919 ], [ 73.004082, 19.0575448 ], [ 73.004082, 19.0575448 ], [ 73.0041106, 19.0575358 ], [ 73.0041335, 19.0575192 ] ], [ [ 73.0041335, 19.0575192 ], [ 73.0041495, 19.0574966 ], [ 73.0041571, 19.0574704 ], [ 73.0041553, 19.0574432 ], [ 73.0041445, 19.057418 ], [ 73.0041256, 19.0573974 ], [ 73.0041008, 19.0573836 ], [ 73.0040725, 19.057378 ] ], [ [ 73.0040725, 19.057378 ], [ 73.0040437, 19.0573814 ], [ 73.0040183, 19.0573928 ] ], [ [ 73.0040183, 19.0573928 ], [ 73.0032313, 19.0565081 ] ], [ [ 73.0032313, 19.0565081 ], [ 73.0041812, 19.0556508 ], [ 73.0060136, 19.0540102 ] ], [ [ 73.0060136, 19.0540102 ], [ 73.0064476, 19.0536242 ] ], [ [ 73.0064476, 19.0536242 ], [ 73.0068111, 19.0540306 ] ], [ [ 73.0068111, 19.0540306 ], [ 73.0064476, 19.0536242 ], [ 73.0064476, 19.0536242 ], [ 73.0079682, 19.0522717 ], [ 73.0080047, 19.0522496 ], [ 73.0080356, 19.0522445 ], [ 73.0080671, 19.0522534 ], [ 73.008118, 19.0522851 ] ], [ [ 73.008118, 19.0522851 ], [ 73.0081245, 19.0523509 ], [ 73.0085649, 19.0528319 ], [ 73.0092306, 19.0535588 ] ], [ [ 73.0092306, 19.0535588 ], [ 73.0072172, 19.055296 ] ], [ [ 73.0072172, 19.055296 ], [ 73.0072646, 19.0553467 ] ], [ [ 73.0072646, 19.0553467 ], [ 73.0072172, 19.055296 ], [ 73.0072172, 19.055296 ], [ 73.0066395, 19.0557885 ], [ 73.0053131, 19.0569401 ], [ 73.0050333, 19.057175 ], [ 73.0049416, 19.0572377 ], [ 73.0048783, 19.0572684 ], [ 73.0047371, 19.0573098 ] ], [ [ 73.0047371, 19.0573098 ], [ 73.0047629, 19.0573805 ] ], [ [ 73.0047629, 19.0573805 ], [ 73.0047371, 19.0573098 ], [ 73.0047371, 19.0573098 ], [ 73.0044052, 19.0573746 ], [ 73.004298, 19.0573871 ], [ 73.0040725, 19.057378 ], [ 73.0040725, 19.057378 ], [ 73.0040437, 19.0573814 ], [ 73.0040183, 19.0573928 ], [ 73.0040183, 19.0573928 ], [ 73.003998, 19.0574113 ], [ 73.0039848, 19.0574348 ] ], [ [ 73.0039848, 19.0574348 ], [ 73.0038945, 19.0576274 ], [ 73.0037373, 19.0579033 ], [ 73.0036424, 19.0580698 ], [ 73.0036025, 19.0581399 ], [ 73.0032886, 19.0587318 ], [ 73.0029789, 19.059316 ] ], [ [ 73.0029789, 19.059316 ], [ 73.0029154, 19.0592989 ], [ 73.0027484, 19.0592677 ], [ 73.0021292, 19.059221 ], [ 73.0021292, 19.059221 ], [ 73.0020208, 19.0591492 ] ], [ [ 73.0020208, 19.0591492 ], [ 73.0019327, 19.0590909 ], [ 73.0018864, 19.0590538 ], [ 73.0018269, 19.0590062 ], [ 73.0017503, 19.0589185 ], [ 73.0016911, 19.0588146 ], [ 73.0016537, 19.0586954 ], [ 73.0016162, 19.0584468 ] ], [ [ 73.0016162, 19.0584468 ], [ 73.0017544, 19.0580511 ], [ 73.0018693, 19.0577757 ], [ 73.0021219, 19.0572933 ], [ 73.0022701, 19.0570787 ], [ 73.0024839, 19.056845 ], [ 73.002822, 19.0565111 ], [ 73.0072343, 19.0525553 ], [ 73.0075848, 19.0522162 ], [ 73.0078578, 19.0519082 ], [ 73.0080925, 19.0515674 ], [ 73.0082882, 19.0511947 ], [ 73.0084667, 19.0506991 ], [ 73.0085286, 19.0503882 ], [ 73.0085677, 19.0499814 ], [ 73.0085464, 19.0495747 ], [ 73.0083803, 19.0463988 ], [ 73.0082922, 19.0447153 ], [ 73.0082922, 19.0447153 ], [ 73.0082619, 19.0441355 ], [ 73.0082619, 19.0441355 ], [ 73.0082557, 19.0440169 ], [ 73.0082557, 19.0440169 ], [ 73.0080973, 19.0440249 ], [ 73.0080973, 19.0440249 ], [ 73.0081035, 19.0441432 ], [ 73.0081035, 19.0441432 ], [ 73.0082225, 19.0464078 ], [ 73.0083011, 19.0479024 ], [ 73.0083894, 19.0495777 ], [ 73.0084105, 19.0499784 ], [ 73.0083731, 19.0503677 ], [ 73.0083147, 19.0506614 ], [ 73.0081432, 19.0511376 ], [ 73.0079561, 19.0514938 ], [ 73.0077315, 19.0518198 ], [ 73.0074685, 19.0521166 ], [ 73.0071242, 19.0524497 ], [ 73.0058513, 19.0535899 ], [ 73.0027118, 19.0564056 ], [ 73.0023648, 19.0567431 ], [ 73.0021451, 19.056981 ], [ 73.0019753, 19.0572089 ], [ 73.0016554, 19.0576709 ], [ 73.0014873, 19.0579787 ], [ 73.0013108, 19.0583511 ], [ 73.0012249, 19.058605 ], [ 73.0011645, 19.0588777 ], [ 73.001124, 19.0592269 ], [ 73.001124, 19.0592269 ], [ 73.0011456, 19.0595358 ], [ 73.0012008, 19.0601476 ], [ 73.0012384, 19.0604384 ], [ 73.0013998, 19.0616089 ], [ 73.0017549, 19.065488 ] ], [ [ 73.0017549, 19.065488 ], [ 73.0018409, 19.06647 ], [ 73.0018931, 19.0670678 ] ], [ [ 73.0018931, 19.0670678 ], [ 73.0020927, 19.0693519 ] ], [ [ 73.0020927, 19.0693519 ], [ 73.0022748, 19.0714353 ], [ 73.0022785, 19.0714776 ], [ 73.0022785, 19.0714776 ], [ 73.0016067, 19.0715338 ] ], [ [ 73.0016067, 19.0715338 ], [ 73.0016009, 19.0715255 ], [ 73.0015775, 19.0715048 ], [ 73.0015496, 19.0714898 ], [ 73.0015344, 19.0714856 ] ], [ [ 73.0015344, 19.0714856 ], [ 73.0015188, 19.0714814 ], [ 73.0014867, 19.07148 ], [ 73.0014552, 19.0714858 ], [ 73.001426, 19.0714983 ], [ 73.0014144, 19.0715069 ], [ 73.0014144, 19.0715069 ], [ 73.0014007, 19.071517 ], [ 73.0013807, 19.0715407 ], [ 73.0013746, 19.0715532 ] ], [ [ 73.0013746, 19.0715532 ], [ 73.0013672, 19.0715682 ], [ 73.0013608, 19.0715979 ], [ 73.0013618, 19.0716274 ], [ 73.0013699, 19.0716558 ], [ 73.001378, 19.0716703 ] ], [ [ 73.001378, 19.0716703 ], [ 73.0013846, 19.0716818 ], [ 73.0014051, 19.071704 ], [ 73.0014346, 19.0717227 ], [ 73.0014346, 19.0717227 ], [ 73.0014593, 19.0717324 ], [ 73.00149, 19.0717372 ], [ 73.0015212, 19.0717353 ], [ 73.0015566, 19.0717236 ], [ 73.0015566, 19.0717236 ], [ 73.001578, 19.0717119 ], [ 73.0016007, 19.0716917 ], [ 73.001618, 19.0716672 ], [ 73.001625, 19.0716496 ], [ 73.001625, 19.0716496 ], [ 73.0016289, 19.0716396 ], [ 73.001633, 19.0716095 ], [ 73.0016294, 19.0715794 ], [ 73.0016186, 19.0715509 ], [ 73.0016067, 19.0715338 ], [ 73.0016067, 19.0715338 ], [ 73.0016009, 19.0715255 ], [ 73.0015775, 19.0715048 ], [ 73.0015496, 19.0714898 ], [ 73.0015344, 19.0714856 ], [ 73.0015344, 19.0714856 ], [ 73.0014248, 19.0703094 ], [ 73.0013498, 19.0695039 ], [ 73.0012535, 19.0693434 ], [ 73.0012535, 19.0693434 ], [ 73.0011777, 19.0694368 ] ], [ [ 73.0011777, 19.0694368 ], [ 73.0012535, 19.0693434 ], [ 73.0012535, 19.0693434 ], [ 73.0010786, 19.0692829 ], [ 73.0000613, 19.0693675 ], [ 73.0000613, 19.0693675 ], [ 73.0000715, 19.069485 ] ], [ [ 73.0000715, 19.069485 ], [ 73.0000613, 19.0693675 ], [ 73.0000613, 19.0693675 ], [ 73.0000579, 19.0692933 ] ], [ [ 73.0000579, 19.0692933 ], [ 73.0000868, 19.0692618 ], [ 73.0000484, 19.0687083 ], [ 72.9999956, 19.0680552 ], [ 72.9999541, 19.0680065 ] ], [ [ 72.9999541, 19.0680065 ], [ 72.9999614, 19.0679604 ], [ 72.9999723, 19.0679185 ], [ 72.9999885, 19.0678767 ], [ 73.0000012, 19.0678265 ], [ 73.0000046, 19.067774 ], [ 72.9999561, 19.0671298 ], [ 72.9999527, 19.0670604 ], [ 72.9999538, 19.0670065 ], [ 72.9999568, 19.0669569 ], [ 72.9999625, 19.0668952 ] ], [ [ 72.9999625, 19.0668952 ], [ 72.9999735, 19.0668246 ], [ 72.9999853, 19.0667531 ], [ 72.999992, 19.0666893 ], [ 72.999992, 19.066621 ] ], [ [ 72.999992, 19.066621 ], [ 72.9999908, 19.0665412 ], [ 72.9999908, 19.0665412 ], [ 72.9987791, 19.0666178 ] ], [ [ 72.9987791, 19.0666178 ], [ 72.9984832, 19.0666365 ], [ 72.9984333, 19.0666314 ], [ 72.9983854, 19.0666172 ], [ 72.9983854, 19.0666172 ], [ 72.9982988, 19.0665802 ] ], [ [ 72.9982988, 19.0665802 ], [ 72.9974598, 19.0662217 ], [ 72.9974598, 19.0662217 ], [ 72.9966016, 19.0658551 ], [ 72.9966016, 19.0658551 ], [ 72.9967726, 19.0654898 ], [ 72.9967726, 19.0654898 ], [ 72.997133, 19.064725 ] ], [ [ 72.997133, 19.064725 ], [ 72.9973806, 19.0641934 ], [ 72.9975771, 19.0637716 ], [ 72.9975771, 19.0637716 ], [ 72.9976107, 19.0636994 ], [ 72.9976256, 19.0636038 ], [ 72.9975868, 19.0634989 ], [ 72.9975254, 19.0634348 ], [ 72.9971525, 19.0631662 ], [ 72.9971109, 19.0631471 ], [ 72.9970814, 19.0631421 ], [ 72.9970814, 19.0631421 ], [ 72.9970935, 19.0632308 ] ], [ [ 72.9970935, 19.0632308 ], [ 72.9971351, 19.0632359 ], [ 72.9971694, 19.0632622 ], [ 72.997474, 19.0634881 ], [ 72.9974966, 19.0635117 ], [ 72.9975221, 19.0635384 ], [ 72.9975506, 19.0636 ], [ 72.9975371, 19.0636788 ], [ 72.9975074, 19.0637427 ] ], [ [ 72.9975074, 19.0637427 ], [ 72.9970618, 19.0646964 ] ], [ [ 72.9970618, 19.0646964 ], [ 72.9969866, 19.0648567 ], [ 72.996937, 19.0649624 ], [ 72.9967029, 19.0654618 ] ], [ [ 72.9967029, 19.0654618 ], [ 72.9965323, 19.0658255 ], [ 72.9965323, 19.0658255 ], [ 72.9964938, 19.0659077 ], [ 72.9964938, 19.0659077 ], [ 72.9965631, 19.0659373 ], [ 72.9965631, 19.0659373 ], [ 72.9974201, 19.0663037 ] ], [ [ 72.9974201, 19.0663037 ], [ 72.9982589, 19.0666618 ], [ 72.9982589, 19.0666618 ], [ 72.9982119, 19.0667582 ], [ 72.9981881, 19.0668047 ], [ 72.9981563, 19.0668667 ], [ 72.9980579, 19.0670236 ], [ 72.9978356, 19.0672488 ] ], [ [ 72.9978356, 19.0672488 ], [ 72.997532, 19.0675562 ], [ 72.997532, 19.0675562 ], [ 72.9974644, 19.0676246 ], [ 72.9974644, 19.0676246 ], [ 72.9973622, 19.0677282 ], [ 72.9972906, 19.0678447 ], [ 72.997252, 19.0679706 ], [ 72.9972314, 19.068153 ], [ 72.9972314, 19.068153 ], [ 72.9972535, 19.0684856 ], [ 72.9972535, 19.0684856 ], [ 72.9972814, 19.0688203 ], [ 72.9972814, 19.0688203 ], [ 72.9973905, 19.0688113 ], [ 72.9973905, 19.0688113 ], [ 72.9977316, 19.0687834 ], [ 72.9977316, 19.0687834 ], [ 72.9999006, 19.0686048 ] ], [ [ 72.9999006, 19.0686048 ], [ 73.000643, 19.0685437 ], [ 73.0012391, 19.0684247 ] ], [ [ 73.0012391, 19.0684247 ], [ 73.0018106, 19.0683708 ], [ 73.0027458, 19.0682872 ] ], [ [ 73.0027458, 19.0682872 ], [ 73.0038743, 19.0682108 ], [ 73.0040611, 19.0681981 ], [ 73.0053322, 19.068112 ] ], [ [ 73.0053322, 19.068112 ], [ 73.0060115, 19.068122 ], [ 73.0084172, 19.067953 ] ], [ [ 73.0084172, 19.067953 ], [ 73.0083918, 19.0676307 ], [ 73.0083918, 19.0676307 ], [ 73.0060013, 19.0677988 ], [ 73.0053936, 19.0678714 ], [ 73.0053144, 19.0678809 ] ], [ [ 73.0053144, 19.0678809 ], [ 73.0049821, 19.0679038 ] ], [ [ 73.0049821, 19.0679038 ], [ 73.002724, 19.068069 ] ], [ [ 73.002724, 19.068069 ], [ 73.0017838, 19.0681531 ], [ 73.0012161, 19.0682066 ], [ 73.0012161, 19.0682066 ], [ 73.0006111, 19.0682082 ], [ 73.0006111, 19.0682082 ], [ 73.0005091, 19.0681761 ], [ 73.0004133, 19.0681361 ], [ 73.0003389, 19.0680892 ], [ 73.0002856, 19.0680382 ], [ 73.0002544, 19.0679959 ], [ 73.000234, 19.0679527 ], [ 73.0002132, 19.067885 ], [ 73.0001651, 19.0673761 ], [ 73.0001651, 19.0673761 ], [ 73.0000894, 19.0673825 ] ], [ [ 73.0000894, 19.0673825 ], [ 73.0001651, 19.0673761 ], [ 73.0001651, 19.0673761 ], [ 73.0001435, 19.0671473 ], [ 73.0001444, 19.0670819 ], [ 73.0001526, 19.0669992 ], [ 73.0001676, 19.0669336 ], [ 73.0001916, 19.0668655 ], [ 73.0002273, 19.0667987 ], [ 73.0002724, 19.066745 ], [ 73.0003278, 19.0666957 ], [ 73.0003913, 19.0666504 ], [ 73.0004478, 19.0666166 ], [ 73.0005328, 19.0665759 ], [ 73.000642, 19.0665554 ], [ 73.0011113, 19.0665276 ], [ 73.0012541, 19.0665194 ], [ 73.0013833, 19.0665296 ], [ 73.0014912, 19.0665617 ], [ 73.0015629, 19.0665945 ], [ 73.0016214, 19.0666329 ], [ 73.001708, 19.0667226 ], [ 73.0017823, 19.0668253 ], [ 73.0018931, 19.0670678 ] ], [ [ 73.0018931, 19.0670678 ], [ 73.0020927, 19.0693519 ] ], [ [ 73.0020927, 19.0693519 ], [ 73.0022748, 19.0714353 ], [ 73.0022785, 19.0714776 ], [ 73.0022785, 19.0714776 ], [ 73.0022887, 19.0715941 ], [ 73.0022887, 19.0715941 ], [ 73.0024549, 19.0715802 ] ], [ [ 73.0024549, 19.0715802 ], [ 73.0024447, 19.0714637 ], [ 73.0024447, 19.0714637 ], [ 73.0023088, 19.0699056 ], [ 73.0022203, 19.0688902 ] ], [ [ 73.0022203, 19.0688902 ], [ 73.0020602, 19.0670544 ] ] ] } },
{ "type": "Feature", "properties": { "point_ids": [ 6980, 9646, 4936, 4861, 4553, 2824, 312, 8022, 3956, 5028, 9852, 5104, 793, 5898, 2453, 9304, 3680, 6928, 6285, 7556, 2608, 6320, 6620, 6639, 3307, 873, 8954, 2631, 7296, 172, 8300, 9351, 1736, 5921, 4843, 3725, 2524, 2057, 9982, 8489, 3786, 2774, 158, 9851, 9293, 9213, 8456, 8346, 7810, 3965, 2674, 1808, 1558, 1348, 6266, 3159, 46, 5713, 1401, 5077, 8340, 7703, 3962, 2225, 297, 5437, 1277, 2403, 2017, 764, 484, 8868, 6173, 5852, 1198, 6685, 8283, 9088, 9117, 5707, 5278, 6799, 2083, 3752, 5332, 5677, 437, 6108, 5780, 5461, 9155, 6305, 508, 6487, 4658, 3397, 3201, 3005, 2439, 2114, 758, 4764, 6377, 7936 ], "length_m": 12538.162802432349, "travel_time_min": 24.700538988127668, "n_points": 104, "route_id": 4, "cluster_id": 16 }, "geometry": { "type": "MultiLineString", "coordinates": [ [ [ 73.0020602, 19.0670544 ], [ 73.0020081, 19.0664566 ], [ 73.0019234, 19.0654757 ], [ 73.0019234, 19.0654757 ], [ 73.001568, 19.0615951 ], [ 73.0014836, 19.0607639 ], [ 73.0014836, 19.0607639 ], [ 73.0015809, 19.0607623 ], [ 73.0016335, 19.0607762 ], [ 73.0016685, 19.0608205 ], [ 73.0016823, 19.060888 ], [ 73.0016908, 19.0609555 ], [ 73.0017207, 19.0609993 ], [ 73.0017706, 19.0610492 ], [ 73.0017926, 19.0611412 ], [ 73.001953, 19.0629244 ], [ 73.0019737, 19.063154 ] ], [ [ 73.0019737, 19.063154 ], [ 73.001953, 19.0629244 ], [ 73.0017926, 19.0611412 ], [ 73.0017706, 19.0610492 ], [ 73.0017207, 19.0609993 ], [ 73.0016908, 19.0609555 ], [ 73.0016823, 19.060888 ], [ 73.0016685, 19.0608205 ], [ 73.0016335, 19.0607762 ], [ 73.0015809, 19.0607623 ], [ 73.0014836, 19.0607639 ], [ 73.0014836, 19.0607639 ], [ 73.0014488, 19.0604211 ], [ 73.001446, 19.0601445 ] ], [ [ 73.001446, 19.0601445 ], [ 73.0015084, 19.059899 ], [ 73.0015352, 19.0598128 ], [ 73.0015674, 19.0597317 ], [ 73.0016153, 19.0596527 ], [ 73.0016738, 19.059577 ], [ 73.0017565, 19.0595002 ], [ 73.0018464, 19.0594401 ], [ 73.0019804, 19.0593794 ], [ 73.002125, 19.0593254 ], [ 73.002125, 19.0593254 ], [ 73.0025732, 19.0593438 ], [ 73.0027319, 19.0593541 ], [ 73.0028924, 19.0593844 ], [ 73.0029666, 19.0594114 ], [ 73.0029666, 19.0594114 ], [ 73.0027849, 19.0598964 ], [ 73.0027625, 19.0599481 ], [ 73.0026163, 19.0602858 ], [ 73.002458, 19.0606511 ], [ 73.0024278, 19.0607549 ], [ 73.0024227, 19.0608565 ], [ 73.0024343, 19.0610071 ], [ 73.0024546, 19.0612699 ] ], [ [ 73.0024546, 19.0612699 ], [ 73.0025793, 19.0628859 ], [ 73.0034528, 19.0628876 ], [ 73.0034528, 19.0628876 ], [ 73.0034393, 19.063367 ] ], [ [ 73.0034393, 19.063367 ], [ 73.0034315, 19.0636484 ] ], [ [ 73.0034315, 19.0636484 ], [ 73.0034204, 19.0640423 ] ], [ [ 73.0034204, 19.0640423 ], [ 73.0033822, 19.0640444 ], [ 73.0033396, 19.0640458 ], [ 73.0032991, 19.0640437 ], [ 73.0032587, 19.0640371 ], [ 73.0027497, 19.0638261 ], [ 73.0021951, 19.0635962 ], [ 73.0020648, 19.0635612 ], [ 73.0019519, 19.0635539 ], [ 73.0018425, 19.0635599 ], [ 73.0014286, 19.0635921 ], [ 73.0012867, 19.0635812 ], [ 73.0011711, 19.0635415 ], [ 73.0001493, 19.0631296 ], [ 72.9995373, 19.0629126 ], [ 72.999074, 19.0627484 ], [ 72.9987451, 19.0625893 ], [ 72.9986438, 19.0625387 ], [ 72.9980898, 19.0621897 ] ], [ [ 72.9980898, 19.0621897 ], [ 72.9986438, 19.0625387 ], [ 72.9987451, 19.0625893 ], [ 72.999074, 19.0627484 ], [ 72.9995373, 19.0629126 ], [ 73.0001493, 19.0631296 ], [ 73.0011711, 19.0635415 ], [ 73.0012867, 19.0635812 ], [ 73.0014286, 19.0635921 ], [ 73.0018425, 19.0635599 ], [ 73.0019519, 19.0635539 ], [ 73.0020648, 19.0635612 ], [ 73.0021951, 19.0635962 ], [ 73.0027497, 19.0638261 ], [ 73.0032587, 19.0640371 ], [ 73.0032991, 19.0640437 ], [ 73.0033396, 19.0640458 ], [ 73.0033822, 19.0640444 ], [ 73.0034204, 19.0640423 ], [ 73.0034204, 19.0640423 ], [ 73.0034315, 19.0636484 ] ], [ [ 73.0034315, 19.0636484 ], [ 73.0034393, 19.063367 ], [ 73.0034393, 19.063367 ], [ 73.0034528, 19.0628876 ], [ 73.0034528, 19.0628876 ], [ 73.0025793, 19.0628859 ], [ 73.0024546, 19.0612699 ] ], [ [ 73.0024546, 19.0612699 ], [ 73.0024343, 19.0610071 ], [ 73.0024227, 19.0608565 ], [ 73.0024278, 19.0607549 ], [ 73.002458, 19.0606511 ], [ 73.0026163, 19.0602858 ], [ 73.0027625, 19.0599481 ], [ 73.0027849, 19.0598964 ], [ 73.0029666, 19.0594114 ], [ 73.0029666, 19.0594114 ], [ 73.003035, 19.0593423 ] ], [ [ 73.003035, 19.0593423 ], [ 73.0029789, 19.059316 ] ], [ [ 73.0029789, 19.059316 ], [ 73.0029154, 19.0592989 ], [ 73.0027484, 19.0592677 ], [ 73.0021292, 19.059221 ], [ 73.0021292, 19.059221 ], [ 73.0014669, 19.0591124 ] ], [ [ 73.0014669, 19.0591124 ], [ 73.0013948, 19.0591009 ], [ 73.0013307, 19.0590928 ], [ 73.001277, 19.0590954 ], [ 73.0012223, 19.0591073 ], [ 73.0011771, 19.0591351 ], [ 73.0011402, 19.0591791 ], [ 73.001124, 19.0592269 ] ], [ [ 73.001124, 19.0592269 ], [ 73.0011456, 19.0595358 ], [ 73.0012008, 19.0601476 ], [ 73.0012384, 19.0604384 ], [ 73.0013998, 19.0616089 ], [ 73.0017549, 19.065488 ], [ 73.0017549, 19.065488 ], [ 73.0016989, 19.0660335 ], [ 73.001662, 19.0661365 ], [ 73.0016153, 19.0662137 ], [ 73.0015589, 19.0662799 ], [ 73.0014889, 19.0663387 ], [ 73.0013753, 19.0663937 ], [ 73.0012346, 19.0664365 ], [ 73.0011064, 19.0664537 ], [ 73.0006371, 19.0664815 ], [ 73.0005105, 19.0665083 ] ], [ [ 73.0005105, 19.0665083 ], [ 73.0002175, 19.0665269 ] ], [ [ 73.0002175, 19.0665269 ], [ 72.9999908, 19.0665412 ], [ 72.9999908, 19.0665412 ], [ 72.9987791, 19.0666178 ], [ 72.9987791, 19.0666178 ], [ 72.9987053, 19.0665949 ], [ 72.9986461, 19.0665616 ], [ 72.9985979, 19.0665144 ], [ 72.9985702, 19.0664636 ], [ 72.9985553, 19.0664059 ], [ 72.9985553, 19.0663394 ], [ 72.9985713, 19.0662371 ], [ 72.9985713, 19.0662371 ], [ 72.9986225, 19.0661325 ], [ 72.9987246, 19.0659223 ], [ 72.9989926, 19.0653733 ], [ 72.9993589, 19.0646228 ], [ 72.9994119, 19.0645135 ], [ 72.9994359, 19.0644751 ], [ 72.9994617, 19.0644454 ], [ 72.9995065, 19.0644178 ], [ 72.9995511, 19.0644058 ], [ 72.9995942, 19.0644077 ], [ 73.0002247, 19.0644603 ], [ 73.0006977, 19.0644998 ], [ 73.0008107, 19.0645093 ] ], [ [ 73.0008107, 19.0645093 ], [ 73.0011481, 19.0645423 ], [ 73.0014237, 19.0645842 ], [ 73.0019012, 19.0646796 ], [ 73.0024883, 19.0647969 ], [ 73.002699, 19.0648522 ], [ 73.0032563, 19.0649883 ], [ 73.0038589, 19.0651395 ], [ 73.0038589, 19.0651395 ], [ 73.0041255, 19.0652065 ], [ 73.0041255, 19.0652065 ], [ 73.0042027, 19.0652259 ], [ 73.0042027, 19.0652259 ], [ 73.0057851, 19.0656236 ] ], [ [ 73.0057851, 19.0656236 ], [ 73.005867, 19.0656451 ], [ 73.005867, 19.0656451 ], [ 73.0067903, 19.0658777 ], [ 73.0078523, 19.0661452 ], [ 73.0079806, 19.0661368 ], [ 73.0079806, 19.0661368 ], [ 73.0088802, 19.0663536 ], [ 73.0088802, 19.0663536 ], [ 73.008982, 19.0663774 ], [ 73.008982, 19.0663774 ], [ 73.0097545, 19.0665579 ], [ 73.0098693, 19.0665863 ], [ 73.0099389, 19.0666035 ], [ 73.0099389, 19.0666035 ], [ 73.0099776, 19.0664645 ], [ 73.0101817, 19.0657305 ], [ 73.010215, 19.0656106 ], [ 73.0102396, 19.0655715 ], [ 73.0102721, 19.0655485 ], [ 73.0103131, 19.0655452 ], [ 73.010354, 19.0655549 ], [ 73.0108217, 19.0656606 ], [ 73.0108217, 19.0656606 ], [ 73.0108562, 19.0656684 ], [ 73.0108886, 19.0656757 ], [ 73.0108886, 19.0656757 ], [ 73.0108964, 19.0651167 ], [ 73.0108964, 19.0651167 ], [ 73.0109013, 19.0647688 ], [ 73.0109013, 19.0647688 ], [ 73.0109052, 19.0644884 ], [ 73.0109052, 19.0644884 ], [ 73.0109063, 19.0644114 ], [ 73.0109063, 19.0644114 ], [ 73.0108388, 19.0644116 ], [ 73.0108388, 19.0644116 ], [ 73.010487, 19.0644119 ] ], [ [ 73.010487, 19.0644119 ], [ 73.0105086, 19.0629604 ] ], [ [ 73.0105086, 19.0629604 ], [ 73.0106932, 19.0629625 ], [ 73.0108516, 19.0629386 ], [ 73.0108516, 19.0629386 ], [ 73.0108588, 19.0629439 ], [ 73.0108588, 19.0629439 ], [ 73.0108756, 19.0629509 ], [ 73.0108938, 19.0629523 ], [ 73.0109115, 19.062948 ], [ 73.0109267, 19.0629384 ], [ 73.0109267, 19.0629384 ], [ 73.0109361, 19.0629276 ], [ 73.010942, 19.0629148 ], [ 73.0109442, 19.062901 ], [ 73.0109423, 19.0628871 ], [ 73.0109367, 19.0628742 ], [ 73.0109276, 19.0628632 ], [ 73.0109276, 19.0628632 ], [ 73.0109126, 19.0628534 ], [ 73.0109126, 19.0628534 ], [ 73.0109253, 19.0621109 ] ], [ [ 73.0109253, 19.0621109 ], [ 73.0109336, 19.0616294 ], [ 73.0109336, 19.0616294 ], [ 73.010937, 19.0614274 ], [ 73.0109445, 19.060994 ], [ 73.0109506, 19.0606389 ], [ 73.0109506, 19.0606389 ], [ 73.0109606, 19.0600536 ], [ 73.0109606, 19.0600536 ], [ 73.0101219, 19.0591723 ] ], [ [ 73.0101219, 19.0591723 ], [ 73.0098116, 19.0594337 ] ], [ [ 73.0098116, 19.0594337 ], [ 73.0101409, 19.0597938 ] ], [ [ 73.0101409, 19.0597938 ], [ 73.0098116, 19.0594337 ], [ 73.0098116, 19.0594337 ], [ 73.0079684, 19.0609867 ] ], [ [ 73.0079684, 19.0609867 ], [ 73.0087273, 19.0617557 ] ], [ [ 73.0087273, 19.0617557 ], [ 73.0087154, 19.0626801 ] ], [ [ 73.0087154, 19.0626801 ], [ 73.0078894, 19.0626701 ] ], [ [ 73.0078894, 19.0626701 ], [ 73.0070698, 19.0626602 ] ], [ [ 73.0070698, 19.0626602 ], [ 73.0070181, 19.0629194 ] ], [ [ 73.0070181, 19.0629194 ], [ 73.0081023, 19.0629321 ] ], [ [ 73.0081023, 19.0629321 ], [ 73.0080727, 19.0642813 ], [ 73.0080727, 19.0642813 ], [ 73.0080675, 19.0645159 ] ], [ [ 73.0080675, 19.0645159 ], [ 73.0080623, 19.064681 ], [ 73.0080554, 19.0648035 ], [ 73.0080397, 19.0649232 ] ], [ [ 73.0080397, 19.0649232 ], [ 73.0081207, 19.0648292 ], [ 73.008193, 19.0647565 ], [ 73.008291, 19.0646658 ], [ 73.008291, 19.0646658 ], [ 73.0084031, 19.0645838 ], [ 73.0085304, 19.0645192 ] ], [ [ 73.0085304, 19.0645192 ], [ 73.0085633, 19.0644844 ], [ 73.0085731, 19.0644561 ], [ 73.0085651, 19.0644262 ], [ 73.0085302, 19.0643963 ], [ 73.0085302, 19.0643963 ], [ 73.0082434, 19.0643944 ], [ 73.0081809, 19.0643996 ] ], [ [ 73.0081809, 19.0643996 ], [ 73.008138, 19.0643857 ], [ 73.0081085, 19.0643644 ], [ 73.0080897, 19.0643347 ], [ 73.0080727, 19.0642813 ] ], [ [ 73.0080727, 19.0642813 ], [ 73.0081023, 19.0629321 ], [ 73.0081023, 19.0629321 ], [ 73.0105086, 19.0629604 ], [ 73.0105086, 19.0629604 ], [ 73.0106932, 19.0629625 ], [ 73.0108516, 19.0629386 ], [ 73.0108516, 19.0629386 ], [ 73.0108588, 19.0629439 ], [ 73.0108588, 19.0629439 ], [ 73.0108756, 19.0629509 ], [ 73.0108938, 19.0629523 ], [ 73.0109115, 19.062948 ], [ 73.0109267, 19.0629384 ], [ 73.0109267, 19.0629384 ], [ 73.0109361, 19.0629276 ], [ 73.010942, 19.0629148 ], [ 73.0109442, 19.062901 ], [ 73.0109423, 19.0628871 ], [ 73.0109367, 19.0628742 ], [ 73.0109276, 19.0628632 ], [ 73.0109276, 19.0628632 ], [ 73.0109126, 19.0628534 ], [ 73.0109126, 19.0628534 ], [ 73.0108931, 19.0628486 ], [ 73.0108931, 19.0628486 ], [ 73.0106972, 19.0627041 ], [ 73.009662, 19.0626916 ] ], [ [ 73.009662, 19.0626916 ], [ 73.0096594, 19.0618197 ], [ 73.0096699, 19.0617472 ], [ 73.0096995, 19.0616865 ], [ 73.0097413, 19.0616403 ], [ 73.0098042, 19.0616273 ], [ 73.0103542, 19.0616296 ], [ 73.0109336, 19.0616294 ], [ 73.0109336, 19.0616294 ], [ 73.010937, 19.0614274 ], [ 73.0109445, 19.060994 ], [ 73.0109506, 19.0606389 ] ], [ [ 73.0109506, 19.0606389 ], [ 73.0109606, 19.0600536 ] ], [ [ 73.0109606, 19.0600536 ], [ 73.0114452, 19.0600611 ], [ 73.0124235, 19.0600761 ], [ 73.0124235, 19.0600761 ], [ 73.0124234, 19.0590767 ], [ 73.0124234, 19.0590308 ] ], [ [ 73.0124234, 19.0590308 ], [ 73.0129418, 19.0585766 ] ], [ [ 73.0129418, 19.0585766 ], [ 73.0124234, 19.0590308 ] ], [ [ 73.0124234, 19.0590308 ], [ 73.0124234, 19.0590767 ], [ 73.0124235, 19.0600761 ], [ 73.0124235, 19.0600761 ], [ 73.0114452, 19.0600611 ], [ 73.0109606, 19.0600536 ] ], [ [ 73.0109606, 19.0600536 ], [ 73.0109506, 19.0606389 ] ], [ [ 73.0109506, 19.0606389 ], [ 73.0109445, 19.060994 ], [ 73.010937, 19.0614274 ], [ 73.0109336, 19.0616294 ] ], [ [ 73.0109336, 19.0616294 ], [ 73.0109253, 19.0621109 ] ], [ [ 73.0109253, 19.0621109 ], [ 73.0109126, 19.0628534 ], [ 73.0109126, 19.0628534 ], [ 73.0108931, 19.0628486 ], [ 73.0108931, 19.0628486 ], [ 73.0108767, 19.0628497 ], [ 73.0108767, 19.0628497 ], [ 73.0108598, 19.0628564 ], [ 73.0108462, 19.0628678 ], [ 73.0108373, 19.0628829 ], [ 73.010834, 19.0628999 ], [ 73.0108369, 19.0629169 ], [ 73.0108454, 19.0629322 ], [ 73.0108454, 19.0629322 ], [ 73.0108516, 19.0629386 ], [ 73.0108516, 19.0629386 ], [ 73.0108588, 19.0629439 ], [ 73.0108588, 19.0629439 ], [ 73.0108497, 19.0636114 ], [ 73.0108497, 19.0636114 ], [ 73.0108388, 19.0644116 ], [ 73.0108388, 19.0644116 ], [ 73.0108377, 19.0644886 ], [ 73.0108377, 19.0644886 ], [ 73.0108339, 19.0647679 ], [ 73.0108339, 19.0647679 ], [ 73.0108291, 19.0651161 ], [ 73.0108291, 19.0651161 ], [ 73.0108217, 19.0656606 ], [ 73.0108217, 19.0656606 ], [ 73.010354, 19.0655549 ], [ 73.0103131, 19.0655452 ], [ 73.0102721, 19.0655485 ], [ 73.0102396, 19.0655715 ], [ 73.010215, 19.0656106 ], [ 73.0101817, 19.0657305 ], [ 73.0099776, 19.0664645 ], [ 73.0099389, 19.0666035 ], [ 73.0099389, 19.0666035 ], [ 73.0098693, 19.0665863 ], [ 73.0097545, 19.0665579 ], [ 73.008982, 19.0663774 ], [ 73.008982, 19.0663774 ], [ 73.0088802, 19.0663536 ], [ 73.0088802, 19.0663536 ], [ 73.0088549, 19.0664499 ], [ 73.0088823, 19.0668921 ], [ 73.008914, 19.0673933 ], [ 73.008914, 19.0673933 ], [ 73.008086, 19.0674466 ], [ 73.008086, 19.0674466 ], [ 73.0079094, 19.0673814 ], [ 73.0074588, 19.0672358 ], [ 73.0072335, 19.0671887 ], [ 73.0060611, 19.0672641 ], [ 73.0060215, 19.0672316 ], [ 73.0059688, 19.0666844 ] ], [ [ 73.0059688, 19.0666844 ], [ 73.0062627, 19.0666726 ], [ 73.0063122, 19.0666435 ], [ 73.0063249, 19.0665421 ], [ 73.006314, 19.066114 ], [ 73.0064956, 19.0661172 ], [ 73.0065514, 19.0664055 ], [ 73.0068177, 19.0663805 ] ], [ [ 73.0068177, 19.0663805 ], [ 73.0065514, 19.0664055 ], [ 73.0064956, 19.0661172 ], [ 73.006314, 19.066114 ], [ 73.0063249, 19.0665421 ], [ 73.0063122, 19.0666435 ], [ 73.0062627, 19.0666726 ], [ 73.0059688, 19.0666844 ] ] ] } },
{ "type": "Feature", "properties": { "point_ids": [ 3, 9826, 3537, 6997, 1194, 876, 1784, 9746, 9593, 7930, 7117, 2761, 7770, 8714, 3095, 1244, 5657, 5635, 2611, 5512, 895, 779, 8394, 5025, 4197, 4099, 10, 7060, 6856, 5476, 2392, 953, 451, 9711, 8973, 8916, 8135, 6655, 6098, 5995, 5481, 4204, 2483, 1094, 557, 8165, 2061, 1583, 220, 9685, 8312, 8208, 7782, 6294, 4732, 4149, 3577, 1609, 7358, 1508, 7171, 2312, 488, 3756, 2134, 2038, 347, 5601, 2223, 5287, 2738, 7865, 3027, 4672, 8288, 340, 6545, 9870, 5334, 3998, 3636, 3507, 2815, 547, 319, 2514, 9695, 9053, 8946, 8444, 3144, 8699, 5271, 4016, 7052, 2990, 7094, 1116, 8435, 3390, 6021, 6478, 4236, 1813, 1304, 3979, 470, 1593, 2253, 2048, 6030, 8861, 6568, 9974, 5235, 5052, 3312, 1704, 5752, 5178, 1308, 3094, 8305, 8036, 7577, 5086, 4250, 2894, 1848, 6122, 1315, 8125, 3744, 2953, 6815, 8404, 5432, 3368, 5066, 1767, 5290, 9174, 36, 6110, 4601, 2478, 1795, 8155, 5132, 4961, 584, 6597, 783, 4947, 9522, 9172, 5513, 1388, 1098, 9937, 6448, 1453, 3229, 7878, 349, 116, 9437, 7070, 5170, 3508, 2673, 1563, 1187, 7372, 2975, 672, 8183, 7969, 588, 342, 8192, 6898, 6315, 907, 9766, 3522, 1427, 9298, 6884, 5735, 3043, 447, 8540, 6808, 5522, 4216, 261, 6349, 3681, 2873, 824, 8354, 6687, 5869, 3881, 2045, 3140, 718, 8644, 378, 7575, 9105, 8096, 7768, 7679, 5353, 2821, 2548, 3948, 7883, 5400, 3567, 902, 139, 7318, 5418, 2545, 9694, 9669, 9501, 8200, 7982, 6434, 4177, 3588, 1702, 7494, 1437, 2183, 4950, 3989, 9589, 7856, 5371, 571, 4811, 8893, 8708, 7902, 9528, 183, 4630, 7346, 1701, 341, 9021, 3842, 7950, 5076, 4068, 3808, 9984, 4306, 8791, 8153, 6491, 4121, 2031, 5711, 4164, 3278, 4592, 8218, 927, 3845, 5307, 2966, 6078, 135, 2554, 591, 6654, 4299, 1566, 8593, 4186, 9489, 2291, 9626, 4508, 3526, 2666, 2317, 8601, 7213, 3656, 8850, 3468, 1313, 6813, 3121, 4657, 5966, 4222, 2600, 2444, 9581, 2433, 9443, 1779, 4595, 3288, 5813, 4404, 4207, 5523, 3519, 2210, 9103, 8683, 8026, 7929, 4975, 4279, 3087, 7148, 3298, 623, 9040, 6956, 2586, 33, 7188, 1659, 9954, 6805, 1425, 9810, 3064, 7176, 4984, 3079, 2490, 1849, 5809, 3285, 9574, 8586, 4963, 1057, 8938, 2405, 6739, 5607, 2715, 9220, 6107, 6013, 2214, 560, 7434, 6292, 4179, 476, 53, 7080, 5098, 1829, 4890, 7359, 8846, 974, 7616, 8131, 6855, 2518, 7715, 6133, 4598, 3443, 9641, 5362, 4741, 8490, 6454, 3484, 3346, 3503, 3246, 1212, 287, 3651, 4409, 3971, 8392, 8028 ], "length_m": 19692.302667017055, "travel_time_min": 44.893797594238364, "n_points": 396, "route_id": 5, "cluster_id": 15 }, "geometry": { "type": "MultiLineString", "coordinates": [ [ [ 73.0039916, 19.1201149 ], [ 73.0038026, 19.1207235 ] ], [ [ 73.0038026, 19.1207235 ], [ 73.0026983, 19.1204173 ] ], [ [ 73.0026983, 19.1204173 ], [ 73.0027007, 19.1203497 ], [ 73.0027169, 19.119887 ] ], [ [ 73.0027169, 19.119887 ], [ 73.0027007, 19.1203497 ], [ 73.0026983, 19.1204173 ], [ 73.0026983, 19.1204173 ], [ 73.0026934, 19.1205583 ], [ 73.0026934, 19.1205583 ], [ 73.0026862, 19.1207643 ], [ 73.0026791, 19.1209664 ], [ 73.0026713, 19.121189 ], [ 73.00266, 19.1215145 ] ], [ [ 73.00266, 19.1215145 ], [ 73.0026475, 19.1218711 ] ], [ [ 73.0026475, 19.1218711 ], [ 73.001998, 19.1218409 ] ], [ [ 73.001998, 19.1218409 ], [ 73.0026475, 19.1218711 ], [ 73.0026475, 19.1218711 ], [ 73.0026167, 19.1227493 ] ], [ [ 73.0026167, 19.1227493 ], [ 73.0030485, 19.1228138 ], [ 73.0031135, 19.1228062 ], [ 73.0031612, 19.1227762 ], [ 73.0032169, 19.1226972 ], [ 73.0034931, 19.1217665 ], [ 73.0034931, 19.1217665 ], [ 73.0040134, 19.1219198 ] ], [ [ 73.0040134, 19.1219198 ], [ 73.0041405, 19.1219573 ] ], [ [ 73.0041405, 19.1219573 ], [ 73.0040134, 19.1219198 ], [ 73.0040134, 19.1219198 ], [ 73.0034273, 19.1238804 ], [ 73.0034067, 19.1239151 ], [ 73.0033767, 19.1239348 ], [ 73.0033363, 19.123952 ], [ 73.0033363, 19.123952 ], [ 73.0032282, 19.1240867 ] ], [ [ 73.0032282, 19.1240867 ], [ 73.0033002, 19.1240866 ], [ 73.0033767, 19.1240727 ], [ 73.0034425, 19.1240448 ], [ 73.0034425, 19.1240448 ], [ 73.0035868, 19.1241207 ], [ 73.0039301, 19.1241866 ], [ 73.0044397, 19.1243336 ], [ 73.0045394, 19.1243588 ] ], [ [ 73.0045394, 19.1243588 ], [ 73.0044397, 19.1243336 ], [ 73.0039301, 19.1241866 ], [ 73.0035868, 19.1241207 ], [ 73.0034425, 19.1240448 ], [ 73.0034425, 19.1240448 ], [ 73.003508, 19.1240018 ], [ 73.0035511, 19.1239288 ], [ 73.0041405, 19.1219573 ], [ 73.0041405, 19.1219573 ], [ 73.0040134, 19.1219198 ], [ 73.0040134, 19.1219198 ], [ 73.0034273, 19.1238804 ], [ 73.0034067, 19.1239151 ], [ 73.0033767, 19.1239348 ], [ 73.0033363, 19.123952 ], [ 73.0033363, 19.123952 ], [ 73.0032282, 19.1240867 ], [ 73.0032282, 19.1240867 ], [ 73.0031647, 19.1241143 ], [ 73.0031172, 19.1241512 ], [ 73.0030314, 19.1242834 ], [ 73.0029251, 19.1244629 ], [ 73.0028545, 19.1245953 ], [ 73.0028107, 19.124748 ], [ 73.0027975, 19.12488 ], [ 73.0028058, 19.125017 ], [ 73.0028167, 19.1252101 ], [ 73.0028215, 19.1253837 ], [ 73.0028101, 19.1255573 ], [ 73.0027812, 19.125716 ], [ 73.0027335, 19.1258565 ], [ 73.0026966, 19.1260122 ] ], [ [ 73.0026966, 19.1260122 ], [ 73.0028863, 19.1260223 ], [ 73.0030707, 19.1260085 ], [ 73.0038763, 19.1258974 ] ], [ [ 73.0038763, 19.1258974 ], [ 73.0039496, 19.125925 ], [ 73.0040772, 19.1259273 ], [ 73.0041755, 19.1259573 ], [ 73.0042369, 19.1259972 ], [ 73.0042709, 19.1260317 ], [ 73.0042997, 19.1260959 ], [ 73.0042477, 19.1264125 ], [ 73.0042432, 19.1265166 ], [ 73.004268, 19.1265783 ], [ 73.0043174, 19.1266165 ], [ 73.0043741, 19.1266427 ] ], [ [ 73.0043741, 19.1266427 ], [ 73.0045636, 19.1266673 ], [ 73.0045636, 19.1266673 ], [ 73.0048384, 19.1254157 ] ], [ [ 73.0048384, 19.1254157 ], [ 73.0046621, 19.1253845 ] ], [ [ 73.0046621, 19.1253845 ], [ 73.0046098, 19.1253756 ], [ 73.0045423, 19.125382 ], [ 73.0044771, 19.1254054 ], [ 73.0044366, 19.12545 ], [ 73.0043531, 19.1258197 ], [ 73.0043028, 19.1258688 ], [ 73.0042598, 19.1258867 ], [ 73.0041939, 19.1258817 ], [ 73.0040784, 19.1258672 ], [ 73.0039509, 19.1258648 ], [ 73.0038763, 19.1258974 ], [ 73.0038763, 19.1258974 ], [ 73.0030707, 19.1260085 ], [ 73.0028863, 19.1260223 ], [ 73.0026966, 19.1260122 ], [ 73.0026966, 19.1260122 ], [ 73.0025517, 19.1259914 ], [ 73.0024526, 19.1259772 ], [ 73.0018197, 19.1258021 ], [ 73.0016509, 19.1257667 ], [ 73.001257, 19.1257206 ], [ 73.001139, 19.1257143 ] ], [ [ 73.001139, 19.1257143 ], [ 73.0011085, 19.1255124 ], [ 73.0011005, 19.1253257 ], [ 73.0011151, 19.1251465 ] ], [ [ 73.0011151, 19.1251465 ], [ 73.001197, 19.1246059 ] ], [ [ 73.001197, 19.1246059 ], [ 73.0012299, 19.1243884 ] ], [ [ 73.0012299, 19.1243884 ], [ 73.0009526, 19.1243559 ], [ 73.0007697, 19.1243268 ], [ 73.0005881, 19.1243259 ] ], [ [ 73.0005881, 19.1243259 ], [ 73.0007697, 19.1243268 ], [ 73.0009526, 19.1243559 ], [ 73.0012299, 19.1243884 ] ], [ [ 73.0012299, 19.1243884 ], [ 73.0012424, 19.1243056 ], [ 73.0012703, 19.1239308 ], [ 73.0012637, 19.1238419 ], [ 73.001253, 19.1237754 ], [ 73.0012, 19.1237178 ], [ 73.0011429, 19.1236789 ], [ 73.000669, 19.1235405 ] ], [ [ 73.000669, 19.1235405 ], [ 73.0001388, 19.1233857 ] ], [ [ 73.0001388, 19.1233857 ], [ 73.0000194, 19.1233355 ], [ 72.9999929, 19.123313 ], [ 72.9999929, 19.1232691 ], [ 73.0000083, 19.1231775 ], [ 73.0000083, 19.1231775 ], [ 72.9998697, 19.1230999 ], [ 72.9998697, 19.1230999 ], [ 72.9997738, 19.1230162 ], [ 72.9996875, 19.122924 ], [ 72.9996875, 19.122924 ], [ 72.9995817, 19.1227416 ] ], [ [ 72.9995817, 19.1227416 ], [ 72.9995714, 19.1225765 ], [ 72.9991078, 19.1215141 ] ], [ [ 72.9991078, 19.1215141 ], [ 72.9992248, 19.1213468 ] ], [ [ 72.9992248, 19.1213468 ], [ 72.9990393, 19.1213571 ], [ 72.9990393, 19.1213571 ], [ 72.9989336, 19.1213978 ] ], [ [ 72.9989336, 19.1213978 ], [ 72.9990393, 19.1213571 ], [ 72.9990393, 19.1213571 ], [ 72.9989246, 19.1210944 ] ], [ [ 72.9989246, 19.1210944 ], [ 72.9987811, 19.1207501 ] ], [ [ 72.9987811, 19.1207501 ], [ 72.9992817, 19.1205415 ] ], [ [ 72.9992817, 19.1205415 ], [ 72.9994375, 19.1209118 ] ], [ [ 72.9994375, 19.1209118 ], [ 72.9995621, 19.121208 ] ], [ [ 72.9995621, 19.121208 ], [ 72.9997816, 19.1217295 ], [ 72.9997816, 19.1217295 ], [ 72.9999277, 19.1219078 ], [ 72.9999277, 19.1219078 ], [ 73.0007648, 19.1216399 ] ], [ [ 73.0007648, 19.1216399 ], [ 73.000977, 19.1215733 ], [ 73.000977, 19.1215733 ], [ 73.0009907, 19.1213307 ] ], [ [ 73.0009907, 19.1213307 ], [ 73.0010165, 19.1212426 ], [ 73.0010165, 19.1212426 ], [ 73.0006096, 19.1200433 ] ], [ [ 73.0006096, 19.1200433 ], [ 73.0002405, 19.1201605 ], [ 73.0002405, 19.1201605 ], [ 73.0001706, 19.1199518 ], [ 72.9998346, 19.1189408 ], [ 72.9997519, 19.1186906 ], [ 72.9997519, 19.1186906 ], [ 72.99986, 19.1186602 ] ], [ [ 72.99986, 19.1186602 ], [ 72.9998468, 19.1186258 ] ], [ [ 72.9998468, 19.1186258 ], [ 72.9993908, 19.1187475 ] ], [ [ 72.9993908, 19.1187475 ], [ 72.9994086, 19.1187947 ] ], [ [ 72.9994086, 19.1187947 ], [ 72.9993908, 19.1187475 ], [ 72.9993908, 19.1187475 ], [ 72.9992463, 19.1183173 ] ], [ [ 72.9992463, 19.1183173 ], [ 72.9990985, 19.1179163 ] ], [ [ 72.9990985, 19.1179163 ], [ 72.9995233, 19.1177968 ] ], [ [ 72.9995233, 19.1177968 ], [ 72.9996758, 19.1181785 ] ], [ [ 72.9996758, 19.1181785 ], [ 73.0004174, 19.1179583 ] ], [ [ 73.0004174, 19.1179583 ], [ 73.0003485, 19.1177563 ] ], [ [ 73.0003485, 19.1177563 ], [ 73.0004174, 19.1179583 ], [ 73.0004174, 19.1179583 ], [ 73.0005691, 19.1184027 ], [ 73.0005691, 19.1184027 ], [ 73.0005832, 19.1184393 ] ], [ [ 73.0005832, 19.1184393 ], [ 73.000806, 19.1183712 ], [ 73.0011529, 19.1182661 ], [ 73.001894, 19.1180605 ], [ 73.0024187, 19.1178969 ] ], [ [ 73.0024187, 19.1178969 ], [ 73.0033695, 19.1181407 ] ], [ [ 73.0033695, 19.1181407 ], [ 73.004043, 19.1183165 ] ], [ [ 73.004043, 19.1183165 ], [ 73.0044455, 19.1184215 ], [ 73.0044455, 19.1184215 ], [ 73.0048415, 19.118527 ] ], [ [ 73.0048415, 19.118527 ], [ 73.0044455, 19.1184215 ], [ 73.0044455, 19.1184215 ], [ 73.0042545, 19.1190951 ] ], [ [ 73.0042545, 19.1190951 ], [ 73.0041229, 19.1195593 ] ], [ [ 73.0041229, 19.1195593 ], [ 73.0042545, 19.1190951 ], [ 73.0042545, 19.1190951 ], [ 73.0044455, 19.1184215 ], [ 73.0044455, 19.1184215 ], [ 73.004043, 19.1183165 ], [ 73.004043, 19.1183165 ], [ 73.0033695, 19.1181407 ], [ 73.0033695, 19.1181407 ], [ 73.003654, 19.1171676 ] ], [ [ 73.003654, 19.1171676 ], [ 73.003924, 19.1162442 ], [ 73.003924, 19.1162442 ], [ 73.0029829, 19.1159922 ], [ 73.0029829, 19.1159922 ], [ 73.002717, 19.115921 ], [ 73.0026734, 19.1159094 ], [ 73.002447, 19.1158488 ], [ 73.0022203, 19.1157881 ], [ 73.0020343, 19.1157383 ], [ 73.0020022, 19.115736 ], [ 73.0018923, 19.115752 ], [ 73.0018923, 19.115752 ], [ 73.0018818, 19.1157309 ], [ 73.0018674, 19.1157119 ], [ 73.0018496, 19.1156956 ], [ 73.001829, 19.1156827 ], [ 73.0018062, 19.1156735 ], [ 73.0017745, 19.1156665 ], [ 73.0017745, 19.1156665 ], [ 73.0017606, 19.1156674 ], [ 73.0017393, 19.1156696 ], [ 73.0017185, 19.1156749 ], [ 73.001699, 19.1156832 ], [ 73.0016781, 19.1156952 ], [ 73.0016781, 19.1156952 ], [ 73.0016619, 19.1157114 ], [ 73.0016467, 19.1157316 ], [ 73.0016358, 19.1157541 ], [ 73.0016298, 19.1157782 ], [ 73.0016287, 19.115803 ], [ 73.0016287, 19.115803 ], [ 73.0011083, 19.1159542 ], [ 73.0002902, 19.1161946 ], [ 73.00015, 19.1162385 ], [ 73.00015, 19.1162385 ], [ 72.999444, 19.1164594 ] ], [ [ 72.999444, 19.1164594 ], [ 72.9992008, 19.1165342 ] ], [ [ 72.9992008, 19.1165342 ], [ 72.999444, 19.1164594 ], [ 72.999444, 19.1164594 ], [ 72.9994941, 19.1166142 ], [ 72.9996238, 19.1169839 ] ], [ [ 72.9996238, 19.1169839 ], [ 73.0001888, 19.1168043 ] ], [ [ 73.0001888, 19.1168043 ], [ 72.9996238, 19.1169839 ], [ 72.9996238, 19.1169839 ], [ 72.9994941, 19.1166142 ], [ 72.999444, 19.1164594 ], [ 72.999444, 19.1164594 ], [ 72.9992008, 19.1165342 ], [ 72.9992008, 19.1165342 ], [ 72.9988102, 19.1166506 ], [ 72.9981853, 19.1168274 ] ], [ [ 72.9981853, 19.1168274 ], [ 72.9980752, 19.1168599 ], [ 72.9980752, 19.1168599 ], [ 72.9972517, 19.1171033 ] ], [ [ 72.9972517, 19.1171033 ], [ 72.9970318, 19.1171667 ] ], [ [ 72.9970318, 19.1171667 ], [ 72.9966932, 19.1172516 ], [ 72.9966932, 19.1172516 ], [ 72.996685, 19.1172231 ], [ 72.9966717, 19.1171964 ], [ 72.9966537, 19.1171722 ], [ 72.9966316, 19.1171514 ], [ 72.9966059, 19.1171346 ], [ 72.9965775, 19.1171222 ], [ 72.9965473, 19.1171146 ], [ 72.9965162, 19.1171121 ] ], [ [ 72.9965162, 19.1171121 ], [ 72.996485, 19.1171148 ], [ 72.9964549, 19.1171225 ], [ 72.9964266, 19.1171351 ], [ 72.996401, 19.1171521 ], [ 72.996379, 19.117173 ], [ 72.9963611, 19.1171973 ] ], [ [ 72.9963611, 19.1171973 ], [ 72.996348, 19.1172241 ], [ 72.99634, 19.1172526 ], [ 72.9963374, 19.1172821 ], [ 72.9963402, 19.1173115 ], [ 72.9963484, 19.11734 ] ], [ [ 72.9963484, 19.11734 ], [ 72.9963617, 19.1173667 ], [ 72.9963797, 19.1173908 ], [ 72.9964019, 19.1174117 ], [ 72.9964275, 19.1174285 ], [ 72.9964559, 19.1174409 ], [ 72.9964861, 19.1174485 ], [ 72.9965172, 19.117451 ], [ 72.9965484, 19.1174483 ], [ 72.9965484, 19.1174483 ], [ 72.9965785, 19.1174406 ], [ 72.9966068, 19.117428 ], [ 72.9966324, 19.117411 ], [ 72.9966544, 19.1173901 ], [ 72.9966723, 19.1173658 ], [ 72.9966854, 19.117339 ] ], [ [ 72.9966854, 19.117339 ], [ 72.9966934, 19.1173105 ], [ 72.996696, 19.117281 ], [ 72.9966932, 19.1172516 ], [ 72.9966932, 19.1172516 ], [ 72.9970318, 19.1171667 ], [ 72.9970318, 19.1171667 ], [ 72.9973552, 19.1175136 ], [ 72.9975071, 19.1177413 ], [ 72.9975071, 19.1177413 ], [ 72.9975643, 19.1177015 ] ], [ [ 72.9975643, 19.1177015 ], [ 72.9975071, 19.1177413 ], [ 72.9975071, 19.1177413 ], [ 72.9972008, 19.1179853 ] ], [ [ 72.9972008, 19.1179853 ], [ 72.9975071, 19.1177413 ], [ 72.9975071, 19.1177413 ], [ 72.9979625, 19.1182362 ] ], [ [ 72.9979625, 19.1182362 ], [ 72.9975071, 19.1177413 ], [ 72.9975071, 19.1177413 ], [ 72.9975643, 19.1177015 ], [ 72.9975643, 19.1177015 ], [ 72.9974252, 19.1174717 ], [ 72.9972517, 19.1171033 ], [ 72.9972517, 19.1171033 ], [ 72.9980752, 19.1168599 ], [ 72.9980752, 19.1168599 ], [ 72.9979163, 19.1163454 ], [ 72.9979163, 19.1163454 ], [ 72.9980259, 19.1163022 ], [ 72.9981857, 19.116255 ], [ 72.9981857, 19.116255 ], [ 72.9981128, 19.1159971 ] ], [ [ 72.9981128, 19.1159971 ], [ 72.9978108, 19.1160639 ], [ 72.9978108, 19.1160639 ], [ 72.9976509, 19.1156062 ] ], [ [ 72.9976509, 19.1156062 ], [ 72.9970152, 19.1158011 ] ], [ [ 72.9970152, 19.1158011 ], [ 72.9967426, 19.115868 ], [ 72.9967248, 19.1159151 ], [ 72.9967353, 19.1159621 ], [ 72.9968625, 19.1163601 ] ], [ [ 72.9968625, 19.1163601 ], [ 72.9969479, 19.1166206 ], [ 72.9969479, 19.1166206 ], [ 72.9972524, 19.1165331 ], [ 72.9972524, 19.1165331 ], [ 72.9979163, 19.1163454 ], [ 72.9979163, 19.1163454 ], [ 72.9980752, 19.1168599 ], [ 72.9980752, 19.1168599 ], [ 72.9972517, 19.1171033 ], [ 72.9972517, 19.1171033 ], [ 72.9970318, 19.1171667 ], [ 72.9970318, 19.1171667 ], [ 72.9966932, 19.1172516 ], [ 72.9966932, 19.1172516 ], [ 72.996685, 19.1172231 ], [ 72.9966717, 19.1171964 ], [ 72.9966537, 19.1171722 ], [ 72.9966316, 19.1171514 ], [ 72.9966059, 19.1171346 ], [ 72.9965775, 19.1171222 ], [ 72.9965473, 19.1171146 ], [ 72.9965162, 19.1171121 ], [ 72.9965162, 19.1171121 ], [ 72.996485, 19.1171148 ], [ 72.9964549, 19.1171225 ], [ 72.9964266, 19.1171351 ], [ 72.996401, 19.1171521 ], [ 72.996379, 19.117173 ], [ 72.9963611, 19.1171973 ], [ 72.9963611, 19.1171973 ], [ 72.996348, 19.1172241 ], [ 72.99634, 19.1172526 ], [ 72.9963374, 19.1172821 ], [ 72.9963402, 19.1173115 ], [ 72.9963484, 19.11734 ], [ 72.9963484, 19.11734 ], [ 72.9961885, 19.1174056 ], [ 72.99589, 19.1175305 ], [ 72.9957051, 19.1176227 ], [ 72.9956014, 19.1176745 ], [ 72.995324, 19.117837 ], [ 72.9950591, 19.1180172 ], [ 72.994808, 19.1182143 ], [ 72.9947849, 19.1182351 ] ], [ [ 72.9947849, 19.1182351 ], [ 72.9946185, 19.118032 ], [ 72.9944387, 19.1178394 ], [ 72.9942462, 19.1176581 ], [ 72.9940712, 19.1175133 ], [ 72.9940418, 19.1174889 ], [ 72.9938263, 19.1173323 ], [ 72.9936727, 19.1172291 ] ], [ [ 72.9936727, 19.1172291 ], [ 72.9936007, 19.1171891 ], [ 72.9935103, 19.1171394 ], [ 72.9933658, 19.1170599 ], [ 72.9931226, 19.1169452 ], [ 72.9930036, 19.1168978 ] ], [ [ 72.9930036, 19.1168978 ], [ 72.9931226, 19.1169452 ], [ 72.9933658, 19.1170599 ], [ 72.9935103, 19.1171394 ], [ 72.9936007, 19.1171891 ], [ 72.9936727, 19.1172291 ], [ 72.9936727, 19.1172291 ], [ 72.9931735, 19.1176863 ], [ 72.9931048, 19.1177964 ], [ 72.9929866, 19.1178335 ], [ 72.9928494, 19.1178494 ] ], [ [ 72.9928494, 19.1178494 ], [ 72.9929866, 19.1178335 ], [ 72.9931048, 19.1177964 ], [ 72.9931735, 19.1176863 ], [ 72.9936727, 19.1172291 ], [ 72.9936727, 19.1172291 ], [ 72.9938263, 19.1173323 ], [ 72.9940418, 19.1174889 ], [ 72.9940712, 19.1175133 ], [ 72.9942462, 19.1176581 ], [ 72.9944387, 19.1178394 ], [ 72.9946185, 19.118032 ], [ 72.9947849, 19.1182351 ], [ 72.9947849, 19.1182351 ], [ 72.9947015, 19.1183104 ], [ 72.9945719, 19.1184273 ], [ 72.9943519, 19.1186551 ], [ 72.9941491, 19.1188968 ], [ 72.9940374, 19.1190507 ], [ 72.9939645, 19.1191511 ], [ 72.9937988, 19.1194169 ], [ 72.9936672, 19.1197164 ] ], [ [ 72.9936672, 19.1197164 ], [ 72.9935426, 19.1199776 ], [ 72.9934184, 19.1202653 ] ], [ [ 72.9934184, 19.1202653 ], [ 72.993107, 19.1213187 ], [ 72.993107, 19.1213187 ], [ 72.9930766, 19.1214227 ] ], [ [ 72.9930766, 19.1214227 ], [ 72.9934643, 19.1215372 ] ], [ [ 72.9934643, 19.1215372 ], [ 72.9936184, 19.1215827 ] ], [ [ 72.9936184, 19.1215827 ], [ 72.9937246, 19.1217917 ], [ 72.9938865, 19.1220368 ] ], [ [ 72.9938865, 19.1220368 ], [ 72.9938491, 19.1221629 ] ], [ [ 72.9938491, 19.1221629 ], [ 72.9934669, 19.1221789 ] ], [ [ 72.9934669, 19.1221789 ], [ 72.9938491, 19.1221629 ], [ 72.9938491, 19.1221629 ], [ 72.993735, 19.1225472 ] ], [ [ 72.993735, 19.1225472 ], [ 72.993371, 19.1225399 ] ], [ [ 72.993371, 19.1225399 ], [ 72.993735, 19.1225472 ], [ 72.993735, 19.1225472 ], [ 72.9936498, 19.1228344 ], [ 72.9936456, 19.1229179 ] ], [ [ 72.9936456, 19.1229179 ], [ 72.9936447, 19.1229361 ], [ 72.9936672, 19.122965 ], [ 72.9938135, 19.123073 ], [ 72.9938453, 19.1231222 ], [ 72.9938285, 19.1231856 ], [ 72.9937706, 19.123399 ] ], [ [ 72.9937706, 19.123399 ], [ 72.9936026, 19.124037 ] ], [ [ 72.9936026, 19.124037 ], [ 72.9936701, 19.1240901 ], [ 72.9937137, 19.1241851 ] ], [ [ 72.9937137, 19.1241851 ], [ 72.9939338, 19.1242068 ], [ 72.9939431, 19.1242779 ], [ 72.9940165, 19.1242912 ], [ 72.9941033, 19.1242964 ], [ 72.9941211, 19.1243725 ], [ 72.9942803, 19.1243907 ], [ 72.9943005, 19.1244421 ], [ 72.9944314, 19.1244703 ], [ 72.9945659, 19.1245053 ], [ 72.9946584, 19.1245437 ] ], [ [ 72.9946584, 19.1245437 ], [ 72.9946116, 19.1246357 ] ], [ [ 72.9946116, 19.1246357 ], [ 72.9946584, 19.1245437 ], [ 72.9946584, 19.1245437 ], [ 72.9946777, 19.1245078 ], [ 72.9947587, 19.1243512 ] ], [ [ 72.9947587, 19.1243512 ], [ 72.9946777, 19.1245078 ], [ 72.9946584, 19.1245437 ], [ 72.9946584, 19.1245437 ], [ 72.9946116, 19.1246357 ], [ 72.9946116, 19.1246357 ], [ 72.9947575, 19.1246816 ], [ 72.9950336, 19.1247993 ] ], [ [ 72.9950336, 19.1247993 ], [ 72.9951065, 19.1248304 ], [ 72.9954404, 19.1248978 ], [ 72.9957593, 19.1249049 ], [ 72.9960031, 19.1248872 ] ], [ [ 72.9960031, 19.1248872 ], [ 72.9960544, 19.1247547 ], [ 72.9961567, 19.124618 ], [ 72.9962895, 19.1244444 ] ], [ [ 72.9962895, 19.1244444 ], [ 72.9963266, 19.1243513 ], [ 72.9963498, 19.1242306 ], [ 72.9964314, 19.1240116 ], [ 72.9965476, 19.1238713 ], [ 72.9966939, 19.1237353 ], [ 72.9968021, 19.1236819 ], [ 72.9968915, 19.1236478 ], [ 72.9969782, 19.1236442 ], [ 72.997246, 19.1236624 ] ], [ [ 72.997246, 19.1236624 ], [ 72.9977387, 19.1236484 ], [ 72.9977387, 19.1236484 ], [ 72.9978716, 19.1236345 ] ], [ [ 72.9978716, 19.1236345 ], [ 72.9978643, 19.1237503 ] ], [ [ 72.9978643, 19.1237503 ], [ 72.9978716, 19.1236345 ], [ 72.9978716, 19.1236345 ], [ 72.9980242, 19.1234706 ] ], [ [ 72.9980242, 19.1234706 ], [ 72.9980408, 19.1230106 ] ], [ [ 72.9980408, 19.1230106 ], [ 72.9980242, 19.1234706 ], [ 72.9980242, 19.1234706 ], [ 72.9978716, 19.1236345 ], [ 72.9978716, 19.1236345 ], [ 72.9977387, 19.1236484 ], [ 72.9977387, 19.1236484 ], [ 72.9976977, 19.1232997 ] ], [ [ 72.9976977, 19.1232997 ], [ 72.9977387, 19.1236484 ], [ 72.9977387, 19.1236484 ], [ 72.9978716, 19.1236345 ], [ 72.9978716, 19.1236345 ], [ 72.9980242, 19.1234706 ], [ 72.9980242, 19.1234706 ], [ 72.9982345, 19.1234821 ] ], [ [ 72.9982345, 19.1234821 ], [ 72.9983132, 19.1226871 ] ], [ [ 72.9983132, 19.1226871 ], [ 72.9980408, 19.1226153 ], [ 72.9971871, 19.1223855 ] ], [ [ 72.9971871, 19.1223855 ], [ 72.99693, 19.1223163 ] ], [ [ 72.99693, 19.1223163 ], [ 72.9971871, 19.1223855 ], [ 72.9971871, 19.1223855 ], [ 72.9972864, 19.1219458 ] ], [ [ 72.9972864, 19.1219458 ], [ 72.9971871, 19.1223855 ], [ 72.9971871, 19.1223855 ], [ 72.99693, 19.1223163 ], [ 72.99693, 19.1223163 ], [ 72.9965126, 19.1222067 ], [ 72.9959507, 19.1220667 ] ], [ [ 72.9959507, 19.1220667 ], [ 72.9957542, 19.1221699 ], [ 72.9956482, 19.1223239 ] ], [ [ 72.9956482, 19.1223239 ], [ 72.9953958, 19.1226908 ], [ 72.9952836, 19.122895 ], [ 72.9951874, 19.1230466 ], [ 72.9950437, 19.1232266 ] ], [ [ 72.9950437, 19.1232266 ], [ 72.9949077, 19.1232121 ], [ 72.9947936, 19.123152 ], [ 72.9946102, 19.1230663 ], [ 72.9945166, 19.1230035 ] ], [ [ 72.9945166, 19.1230035 ], [ 72.9946102, 19.1230663 ], [ 72.9947936, 19.123152 ], [ 72.9949077, 19.1232121 ], [ 72.9950437, 19.1232266 ], [ 72.9950437, 19.1232266 ], [ 72.9951874, 19.1230466 ], [ 72.9952836, 19.122895 ], [ 72.9953958, 19.1226908 ], [ 72.9956482, 19.1223239 ], [ 72.9956482, 19.1223239 ], [ 72.9957542, 19.1221699 ], [ 72.9959507, 19.1220667 ] ], [ [ 72.9959507, 19.1220667 ], [ 72.9958724, 19.1220122 ], [ 72.9958724, 19.1220122 ], [ 72.9957819, 19.121394 ] ], [ [ 72.9957819, 19.121394 ], [ 72.996585, 19.1212152 ] ], [ [ 72.996585, 19.1212152 ], [ 72.9966535, 19.1212077 ], [ 72.9968105, 19.1212253 ], [ 72.9971978, 19.1213377 ] ], [ [ 72.9971978, 19.1213377 ], [ 72.9968105, 19.1212253 ], [ 72.9966535, 19.1212077 ], [ 72.996585, 19.1212152 ] ], [ [ 72.996585, 19.1212152 ], [ 72.9967193, 19.1215016 ], [ 72.9967193, 19.1218031 ] ], [ [ 72.9967193, 19.1218031 ], [ 72.9967193, 19.1215016 ], [ 72.996585, 19.1212152 ], [ 72.996585, 19.1212152 ], [ 72.9957819, 19.121394 ], [ 72.9957819, 19.121394 ], [ 72.9956881, 19.1214164 ], [ 72.9954667, 19.1214892 ], [ 72.995201, 19.1216482 ], [ 72.9950275, 19.1218284 ] ], [ [ 72.9950275, 19.1218284 ], [ 72.9958724, 19.1220122 ], [ 72.9958724, 19.1220122 ], [ 72.9959507, 19.1220667 ], [ 72.9959507, 19.1220667 ], [ 72.9960492, 19.1224265 ], [ 72.9960897, 19.1225504 ], [ 72.9962218, 19.1227813 ], [ 72.9963224, 19.1230183 ], [ 72.9963211, 19.1231098 ], [ 72.9962907, 19.1231926 ], [ 72.9962017, 19.1232768 ], [ 72.9961218, 19.1233252 ], [ 72.9960024, 19.1233508 ], [ 72.9958322, 19.1233733 ], [ 72.9957609, 19.1233831 ], [ 72.9956889, 19.1234191 ] ], [ [ 72.9956889, 19.1234191 ], [ 72.9957609, 19.1233831 ], [ 72.9958322, 19.1233733 ], [ 72.9960024, 19.1233508 ], [ 72.9961218, 19.1233252 ], [ 72.9962017, 19.1232768 ], [ 72.9962907, 19.1231926 ], [ 72.9963211, 19.1231098 ], [ 72.9963224, 19.1230183 ], [ 72.9962218, 19.1227813 ], [ 72.9960897, 19.1225504 ], [ 72.9960492, 19.1224265 ], [ 72.9959507, 19.1220667 ], [ 72.9959507, 19.1220667 ], [ 72.9957542, 19.1221699 ], [ 72.9956482, 19.1223239 ], [ 72.9956482, 19.1223239 ], [ 72.9953958, 19.1226908 ], [ 72.9952836, 19.122895 ], [ 72.9951874, 19.1230466 ], [ 72.9950437, 19.1232266 ], [ 72.9950437, 19.1232266 ], [ 72.9950191, 19.1233576 ], [ 72.9950449, 19.1234969 ], [ 72.9951396, 19.1236539 ], [ 72.9951972, 19.1237579 ], [ 72.9951636, 19.1238832 ], [ 72.995022, 19.1241364 ], [ 72.9948707, 19.1242931 ], [ 72.9947587, 19.1243512 ], [ 72.9947587, 19.1243512 ], [ 72.9946777, 19.1245078 ], [ 72.9946584, 19.1245437 ], [ 72.9946584, 19.1245437 ], [ 72.9946116, 19.1246357 ], [ 72.9946116, 19.1246357 ], [ 72.9947575, 19.1246816 ], [ 72.9950336, 19.1247993 ], [ 72.9950336, 19.1247993 ], [ 72.9947519, 19.125351 ], [ 72.9947175, 19.1254029 ], [ 72.9947232, 19.1254425 ], [ 72.9947906, 19.1255322 ], [ 72.9947906, 19.1255322 ], [ 72.9948375, 19.1255916 ], [ 72.9949746, 19.1256614 ], [ 72.9950979, 19.1256563 ], [ 72.9952911, 19.1256766 ], [ 72.9953153, 19.1257163 ] ], [ [ 72.9953153, 19.1257163 ], [ 72.9953769, 19.125716 ], [ 72.9954788, 19.125717 ], [ 72.9955542, 19.125733 ], [ 72.9956783, 19.1257694 ], [ 72.9958194, 19.1258388 ] ], [ [ 72.9958194, 19.1258388 ], [ 72.995932, 19.125861 ] ], [ [ 72.995932, 19.125861 ], [ 72.9959415, 19.1259136 ], [ 72.9959609, 19.1259497 ], [ 72.9959951, 19.1260035 ], [ 72.9960743, 19.1260942 ], [ 72.9961252, 19.1261828 ], [ 72.9961534, 19.1262348 ], [ 72.9961936, 19.1262797 ], [ 72.9962587, 19.1263127 ], [ 72.996325, 19.1263292 ], [ 72.9964303, 19.1264438 ], [ 72.996551, 19.126639 ], [ 72.9966314, 19.1268468 ] ], [ [ 72.9966314, 19.1268468 ], [ 72.996897, 19.1268062 ], [ 72.997133, 19.1267935 ], [ 72.9973188, 19.1268487 ], [ 72.9973649, 19.1268554 ] ], [ [ 72.9973649, 19.1268554 ], [ 72.9973161, 19.1265345 ] ], [ [ 72.9973161, 19.1265345 ], [ 72.9972748, 19.1263606 ], [ 72.9972748, 19.1263606 ], [ 72.9974725, 19.126319 ], [ 72.9975597, 19.1262956 ] ], [ [ 72.9975597, 19.1262956 ], [ 72.9975257, 19.1259549 ] ], [ [ 72.9975257, 19.1259549 ], [ 72.9971597, 19.1260388 ] ], [ [ 72.9971597, 19.1260388 ], [ 72.9972748, 19.1263606 ], [ 72.9972748, 19.1263606 ], [ 72.9974725, 19.126319 ], [ 72.9975597, 19.1262956 ], [ 72.9975597, 19.1262956 ], [ 72.9977646, 19.126343 ], [ 72.997853, 19.126373 ], [ 72.9979115, 19.1264359 ], [ 72.9979238, 19.1264839 ] ], [ [ 72.9979238, 19.1264839 ], [ 72.9979568, 19.1266134 ], [ 72.9979728, 19.126681 ], [ 72.997995, 19.1267033 ], [ 72.9980511, 19.1267365 ], [ 72.9981158, 19.1267978 ], [ 72.9981158, 19.1267978 ], [ 72.9987537, 19.1267511 ], [ 72.9988294, 19.1267234 ], [ 72.9989123, 19.1266634 ] ], [ [ 72.9989123, 19.1266634 ], [ 72.9990915, 19.1267435 ], [ 72.9991568, 19.1272431 ] ], [ [ 72.9991568, 19.1272431 ], [ 72.9992594, 19.127391 ], [ 72.9994713, 19.1273086 ] ], [ [ 72.9994713, 19.1273086 ], [ 72.9992594, 19.127391 ], [ 72.9991568, 19.1272431 ] ], [ [ 72.9991568, 19.1272431 ], [ 72.9986894, 19.127282 ] ], [ [ 72.9986894, 19.127282 ], [ 72.9991568, 19.1272431 ], [ 72.9991568, 19.1272431 ], [ 72.999202, 19.1271932 ], [ 72.9999839, 19.1269425 ], [ 73.0003012, 19.1268502 ] ], [ [ 73.0003012, 19.1268502 ], [ 73.000332, 19.1267684 ], [ 73.000332, 19.1267684 ], [ 73.0003782, 19.1266458 ], [ 73.0003868, 19.1264467 ], [ 73.0003491, 19.1262521 ], [ 73.0003464, 19.1262294 ] ], [ [ 73.0003464, 19.1262294 ], [ 73.0005817, 19.1262358 ] ], [ [ 73.0005817, 19.1262358 ], [ 73.0003464, 19.1262294 ], [ 73.0003464, 19.1262294 ], [ 73.0003185, 19.1259929 ], [ 73.0003185, 19.1258762 ], [ 73.0003134, 19.1257348 ] ], [ [ 73.0003134, 19.1257348 ], [ 73.0000433, 19.1257472 ], [ 72.9998538, 19.1257348 ], [ 72.9995343, 19.125677 ] ], [ [ 72.9995343, 19.125677 ], [ 72.999529, 19.1253243 ], [ 72.9995557, 19.1250551 ] ], [ [ 72.9995557, 19.1250551 ], [ 72.999529, 19.1253243 ], [ 72.9995343, 19.125677 ], [ 72.9995343, 19.125677 ], [ 72.9991485, 19.1256072 ], [ 72.9991485, 19.1256072 ], [ 72.9985876, 19.1254884 ] ], [ [ 72.9985876, 19.1254884 ], [ 72.9984431, 19.125414 ], [ 72.9983493, 19.125352 ], [ 72.9982687, 19.1252598 ], [ 72.9981617, 19.1251889 ], [ 72.998068, 19.1251535 ], [ 72.9977783, 19.1250685 ] ], [ [ 72.9977783, 19.1250685 ], [ 72.9975864, 19.1250028 ] ], [ [ 72.9975864, 19.1250028 ], [ 72.9977783, 19.1250685 ], [ 72.9977783, 19.1250685 ], [ 72.998068, 19.1251535 ], [ 72.9981617, 19.1251889 ], [ 72.9982687, 19.1252598 ], [ 72.9983493, 19.125352 ], [ 72.9984431, 19.125414 ], [ 72.9985876, 19.1254884 ], [ 72.9985876, 19.1254884 ], [ 72.9991485, 19.1256072 ], [ 72.9991485, 19.1256072 ], [ 72.9995343, 19.125677 ], [ 72.9995343, 19.125677 ], [ 72.9998538, 19.1257348 ], [ 73.0000433, 19.1257472 ], [ 73.0003134, 19.1257348 ], [ 73.0003134, 19.1257348 ], [ 73.0004729, 19.1257302 ], [ 73.0004729, 19.1257302 ], [ 73.0004815, 19.1250811 ] ], [ [ 73.0004815, 19.1250811 ], [ 73.0011151, 19.1251465 ], [ 73.0011151, 19.1251465 ], [ 73.0011005, 19.1253257 ], [ 73.0011085, 19.1255124 ], [ 73.001139, 19.1257143 ], [ 73.001139, 19.1257143 ], [ 73.0011626, 19.1257672 ], [ 73.0011952, 19.1258504 ], [ 73.0012091, 19.125889 ], [ 73.0012381, 19.1261171 ], [ 73.0012546, 19.1263154 ], [ 73.0013442, 19.1265494 ], [ 73.0014008, 19.1266854 ], [ 73.001437, 19.1267773 ], [ 73.0014512, 19.1268474 ], [ 73.0014622, 19.1269484 ], [ 73.0014945, 19.1270803 ], [ 73.0015158, 19.1271371 ] ], [ [ 73.0015158, 19.1271371 ], [ 73.0012289, 19.1271726 ], [ 73.0012036, 19.1273926 ], [ 73.0012103, 19.1274587 ], [ 73.0012095, 19.1275991 ], [ 73.0012099, 19.1277347 ], [ 73.0012153, 19.1278757 ], [ 73.0012159, 19.1279092 ], [ 73.0012169, 19.1279176 ], [ 73.0012204, 19.1279298 ], [ 73.0012206, 19.127946 ], [ 73.0012228, 19.128102 ], [ 73.0012134, 19.1281822 ], [ 73.0012024, 19.1282029 ], [ 73.0011805, 19.1282139 ], [ 73.0011521, 19.1282167 ], [ 73.0011337, 19.1282159 ], [ 73.0010501, 19.1282214 ], [ 73.0008803, 19.1282348 ], [ 73.0007293, 19.1282281 ], [ 73.0005713, 19.1282281 ], [ 73.0004321, 19.1282081 ], [ 73.0003379, 19.1281918 ] ], [ [ 73.0003379, 19.1281918 ], [ 73.0002959, 19.128305 ], [ 73.0002823, 19.1283415 ], [ 73.0002515, 19.1285738 ], [ 73.0002534, 19.1287736 ], [ 73.000283, 19.128966 ], [ 73.0002999, 19.1290434 ] ], [ [ 73.0002999, 19.1290434 ], [ 73.000309, 19.1291578 ], [ 73.0003076, 19.1292299 ], [ 73.0003076, 19.1292299 ], [ 73.0004811, 19.1292364 ], [ 73.00075, 19.1292543 ] ], [ [ 73.00075, 19.1292543 ], [ 73.001245, 19.1292776 ] ], [ [ 73.001245, 19.1292776 ], [ 73.0013004, 19.129751 ] ], [ [ 73.0013004, 19.129751 ], [ 73.0013326, 19.1300679 ], [ 73.0013326, 19.1300679 ], [ 73.0014172, 19.1303666 ] ], [ [ 73.0014172, 19.1303666 ], [ 73.0019735, 19.1302232 ] ], [ [ 73.0019735, 19.1302232 ], [ 73.0023538, 19.1301251 ], [ 73.0022765, 19.1298182 ] ], [ [ 73.0022765, 19.1298182 ], [ 73.0022464, 19.1294841 ] ], [ [ 73.0022464, 19.1294841 ], [ 73.0021386, 19.1291076 ], [ 73.002067, 19.1290858 ], [ 73.0020047, 19.1290945 ], [ 73.0019507, 19.1290994 ] ], [ [ 73.0019507, 19.1290994 ], [ 73.0020047, 19.1290945 ], [ 73.002067, 19.1290858 ], [ 73.0021386, 19.1291076 ], [ 73.0022464, 19.1294841 ], [ 73.0022464, 19.1294841 ], [ 73.002462, 19.1294411 ], [ 73.0025423, 19.1294546 ], [ 73.0026067, 19.1296139 ], [ 73.0026528, 19.129864 ] ], [ [ 73.0026528, 19.129864 ], [ 73.0026067, 19.1296139 ], [ 73.0025423, 19.1294546 ], [ 73.002462, 19.1294411 ], [ 73.0022464, 19.1294841 ], [ 73.0022464, 19.1294841 ], [ 73.0013004, 19.129751 ], [ 73.0013004, 19.129751 ], [ 73.0003197, 19.1299968 ] ], [ [ 73.0003197, 19.1299968 ], [ 73.0004069, 19.1303128 ] ], [ [ 73.0004069, 19.1303128 ], [ 73.0004878, 19.1306062 ], [ 73.0004878, 19.1306062 ], [ 73.0001777, 19.1306861 ], [ 73.0001777, 19.1306861 ], [ 73.0002962, 19.131122 ] ], [ [ 73.0002962, 19.131122 ], [ 73.0001777, 19.1306861 ], [ 73.0001777, 19.1306861 ], [ 73.0001523, 19.1305928 ], [ 73.0001523, 19.1305928 ], [ 73.0000337, 19.1301562 ] ], [ [ 73.0000337, 19.1301562 ], [ 72.9998846, 19.1296076 ] ], [ [ 72.9998846, 19.1296076 ], [ 72.9998206, 19.1294807 ] ], [ [ 72.9998206, 19.1294807 ], [ 72.9996483, 19.1289348 ] ], [ [ 72.9996483, 19.1289348 ], [ 72.9998206, 19.1294807 ], [ 72.9998206, 19.1294807 ], [ 72.9998846, 19.1296076 ], [ 72.9998846, 19.1296076 ], [ 73.0000337, 19.1301562 ] ], [ [ 73.0000337, 19.1301562 ], [ 73.0001523, 19.1305928 ], [ 73.0001523, 19.1305928 ], [ 72.9997189, 19.1306683 ], [ 72.9995506, 19.1307053 ] ], [ [ 72.9995506, 19.1307053 ], [ 72.9997189, 19.1306683 ], [ 73.0001523, 19.1305928 ], [ 73.0001523, 19.1305928 ], [ 73.0001777, 19.1306861 ], [ 73.0001777, 19.1306861 ], [ 73.0002962, 19.131122 ], [ 73.0002962, 19.131122 ], [ 73.0004802, 19.1317077 ], [ 73.0004802, 19.1317077 ], [ 73.0004652, 19.1317892 ], [ 73.0004652, 19.1317892 ], [ 73.0003655, 19.1318463 ], [ 73.0003655, 19.1318463 ], [ 73.000065, 19.1319104 ], [ 72.999975, 19.1319363 ], [ 72.9998848, 19.1319671 ] ], [ [ 72.9998848, 19.1319671 ], [ 72.9997636, 19.1320217 ], [ 72.999651, 19.1320855 ], [ 72.9995084, 19.132167 ], [ 72.9993959, 19.1322202 ], [ 72.9993227, 19.1322273 ], [ 72.9992158, 19.1322167 ], [ 72.9989319, 19.132118 ] ], [ [ 72.9989319, 19.132118 ], [ 72.9985729, 19.1320854 ], [ 72.9980585, 19.1320747 ], [ 72.9979104, 19.1320643 ], [ 72.9977747, 19.1320912 ], [ 72.9976415, 19.1321061 ] ], [ [ 72.9976415, 19.1321061 ], [ 72.9974627, 19.1315248 ] ], [ [ 72.9974627, 19.1315248 ], [ 72.9976415, 19.1321061 ], [ 72.9976415, 19.1321061 ], [ 72.9975648, 19.1321165 ], [ 72.9973574, 19.1321603 ], [ 72.9970718, 19.132248 ], [ 72.9968497, 19.1323402 ], [ 72.9967423, 19.1323563 ], [ 72.9966276, 19.132354 ], [ 72.9964909, 19.1323218 ], [ 72.9961357, 19.1321796 ], [ 72.9959565, 19.1321315 ], [ 72.9955511, 19.1320289 ], [ 72.9954375, 19.1319946 ] ], [ [ 72.9954375, 19.1319946 ], [ 72.9950736, 19.1318599 ], [ 72.9948213, 19.1317337 ], [ 72.9947622, 19.1316442 ] ], [ [ 72.9947622, 19.1316442 ], [ 72.9940783, 19.1314833 ] ], [ [ 72.9940783, 19.1314833 ], [ 72.9938261, 19.1318356 ], [ 72.9937457, 19.1320915 ], [ 72.9938794, 19.1326232 ], [ 72.9938959, 19.1327555 ] ] ] } },
{ "type": "Feature", "properties": { "point_ids": [ 3013, 9899, 1623, 9573, 9542, 3899, 2341, 4429, 9354, 7676, 392, 8459, 4057, 2292, 344, 9961, 6049, 8962, 8847, 4688, 2942, 8630, 7119, 7116, 5313, 2670, 1677, 946, 7206, 5736, 4252, 1716, 4368, 3763, 9950, 8286, 6999, 5589, 244, 242, 7907, 7544, 4460, 278, 8226, 7687, 5765, 2382, 7181, 5435, 4581, 3719, 1119, 817, 635, 8840, 9283, 9247, 2616, 6978, 6706, 93, 8432, 958, 480, 3197, 6124, 5429, 2980, 5609, 2731, 266, 9429, 4260, 7508, 6771, 4040, 3728, 9496, 5082, 3599, 1474, 8655, 9005, 8437, 7413, 7259, 5378, 2532, 814, 678, 3134, 37, 2916, 1416, 1035, 880, 339, 128, 9395, 2151, 616, 6707, 6026, 4449, 5152, 8882, 8749, 4958, 2866, 2276, 5568, 1681, 9260, 8114, 5165, 608, 7537, 2367, 4997, 26, 6908, 3362, 265, 735, 4557, 6534, 2361, 9431, 9287, 2814, 1156, 647, 8669, 8621, 5734, 1854, 1391, 6072, 4056, 1133, 1072, 4874, 4566, 3890, 3401, 3967, 3654, 4647, 5822, 1633, 4120, 7451, 6769, 6632, 5464, 3408, 2185, 1139, 9373, 5825, 4377, 3953, 6322, 6311, 5820, 9486, 8628, 2052, 693, 8337, 8845, 4488, 9576, 8815, 7952, 4150, 3825, 4981, 8015, 5799, 229, 9564, 3950, 5832, 7041, 3341, 5842, 5484, 4632, 3411, 1569, 2967, 9850, 5016, 4511, 2257, 9311, 5697, 7239, 1949, 5516, 3454, 8583, 7478, 639, 9868, 8844, 6988, 6800, 5231, 5116, 4525, 4371, 3456, 280, 258, 6207, 5019 ], "length_m": 18693.573850484994, "travel_time_min": 41.285146231314101, "n_points": 219, "route_id": 6, "cluster_id": 15 }, "geometry": { "type": "MultiLineString", "coordinates": [ [ [ 72.9938959, 19.1327555 ], [ 72.9938794, 19.1326232 ], [ 72.9937457, 19.1320915 ], [ 72.9938261, 19.1318356 ], [ 72.9940783, 19.1314833 ], [ 72.9940783, 19.1314833 ], [ 72.9947622, 19.1316442 ], [ 72.9947622, 19.1316442 ], [ 72.9947352, 19.1316033 ], [ 72.9944568, 19.1311965 ], [ 72.9942691, 19.1307276 ], [ 72.9942591, 19.1305628 ], [ 72.9943188, 19.13043 ], [ 72.9944937, 19.1303188 ], [ 72.9945063, 19.1303047 ] ], [ [ 72.9945063, 19.1303047 ], [ 72.9945613, 19.1302436 ], [ 72.9945897, 19.1301365 ], [ 72.9946214, 19.1297428 ], [ 72.9945662, 19.1292357 ] ], [ [ 72.9945662, 19.1292357 ], [ 72.9947127, 19.1291818 ], [ 72.9949005, 19.129088 ], [ 72.9951093, 19.1288979 ] ], [ [ 72.9951093, 19.1288979 ], [ 72.9951577, 19.1289367 ], [ 72.9951577, 19.1289367 ], [ 72.9955535, 19.128469 ] ], [ [ 72.9955535, 19.128469 ], [ 72.9958833, 19.1287278 ], [ 72.9958833, 19.1287278 ], [ 72.9962056, 19.1289821 ] ], [ [ 72.9962056, 19.1289821 ], [ 72.9967101, 19.1285009 ] ], [ [ 72.9967101, 19.1285009 ], [ 72.9967834, 19.1286875 ], [ 72.9967834, 19.128711 ] ], [ [ 72.9967834, 19.128711 ], [ 72.9967834, 19.1288367 ], [ 72.9968062, 19.1290209 ] ], [ [ 72.9968062, 19.1290209 ], [ 72.9971027, 19.129412 ] ], [ [ 72.9971027, 19.129412 ], [ 72.9971865, 19.1293746 ], [ 72.9973794, 19.1293697 ] ], [ [ 72.9973794, 19.1293697 ], [ 72.997295, 19.1294788 ], [ 72.9972216, 19.1297912 ] ], [ [ 72.9972216, 19.1297912 ], [ 72.9971652, 19.1299025 ], [ 72.9968592, 19.1303199 ] ], [ [ 72.9968592, 19.1303199 ], [ 72.9967624, 19.1304548 ], [ 72.9967215, 19.1304859 ], [ 72.9966871, 19.1304926 ], [ 72.9966017, 19.1305112 ], [ 72.9965208, 19.1305379 ] ], [ [ 72.9965208, 19.1305379 ], [ 72.9966017, 19.1305112 ], [ 72.9966871, 19.1304926 ], [ 72.9967215, 19.1304859 ], [ 72.9967624, 19.1304548 ], [ 72.9968592, 19.1303199 ], [ 72.9968592, 19.1303199 ], [ 72.9964876, 19.1300501 ], [ 72.9964566, 19.1300255 ] ], [ [ 72.9964566, 19.1300255 ], [ 72.9964876, 19.1300501 ], [ 72.9968592, 19.1303199 ], [ 72.9968592, 19.1303199 ], [ 72.9975341, 19.1308097 ] ], [ [ 72.9975341, 19.1308097 ], [ 72.9977985, 19.1305355 ], [ 72.9979272, 19.1303581 ] ], [ [ 72.9979272, 19.1303581 ], [ 72.9977985, 19.1305355 ], [ 72.9975341, 19.1308097 ], [ 72.9975341, 19.1308097 ], [ 72.9968592, 19.1303199 ], [ 72.9968592, 19.1303199 ], [ 72.9967624, 19.1304548 ], [ 72.9967215, 19.1304859 ], [ 72.9966871, 19.1304926 ], [ 72.9966017, 19.1305112 ], [ 72.9965208, 19.1305379 ], [ 72.9965208, 19.1305379 ], [ 72.996344, 19.1305816 ], [ 72.9954906, 19.1308187 ] ], [ [ 72.9954906, 19.1308187 ], [ 72.996344, 19.1305816 ], [ 72.9965208, 19.1305379 ], [ 72.9965208, 19.1305379 ], [ 72.9966017, 19.1305112 ], [ 72.9966871, 19.1304926 ], [ 72.9967215, 19.1304859 ], [ 72.9967624, 19.1304548 ], [ 72.9968592, 19.1303199 ], [ 72.9968592, 19.1303199 ], [ 72.9971652, 19.1299025 ], [ 72.9972216, 19.1297912 ], [ 72.9972216, 19.1297912 ], [ 72.997295, 19.1294788 ], [ 72.9973794, 19.1293697 ], [ 72.9973794, 19.1293697 ], [ 72.99752, 19.1292725 ], [ 72.9979127, 19.1291638 ], [ 72.9979127, 19.1291638 ], [ 72.9979621, 19.1288076 ], [ 72.9980148, 19.1282186 ] ], [ [ 72.9980148, 19.1282186 ], [ 72.9979621, 19.1288076 ], [ 72.9979127, 19.1291638 ], [ 72.9979127, 19.1291638 ], [ 72.99752, 19.1292725 ], [ 72.9973794, 19.1293697 ], [ 72.9973794, 19.1293697 ], [ 72.9971865, 19.1293746 ], [ 72.9971027, 19.129412 ], [ 72.9971027, 19.129412 ], [ 72.9968062, 19.1290209 ], [ 72.9968062, 19.1290209 ], [ 72.9967834, 19.1288367 ], [ 72.9967834, 19.128711 ], [ 72.9967834, 19.128711 ], [ 72.9967834, 19.1286875 ], [ 72.9967101, 19.1285009 ], [ 72.9967101, 19.1285009 ], [ 72.9967529, 19.1283877 ], [ 72.9967548, 19.1282843 ], [ 72.9967168, 19.1282094 ], [ 72.996603, 19.128116 ], [ 72.996446, 19.1280893 ] ], [ [ 72.996446, 19.1280893 ], [ 72.9961346, 19.1279981 ], [ 72.9960079, 19.1279539 ], [ 72.9959266, 19.1279888 ], [ 72.9955535, 19.128469 ], [ 72.9955535, 19.128469 ], [ 72.9951577, 19.1289367 ], [ 72.9951577, 19.1289367 ], [ 72.9951093, 19.1288979 ], [ 72.9951093, 19.1288979 ], [ 72.9944994, 19.1284089 ], [ 72.9944018, 19.1283433 ], [ 72.9943062, 19.1282919 ], [ 72.9942232, 19.1282377 ] ], [ [ 72.9942232, 19.1282377 ], [ 72.9941636, 19.128079 ], [ 72.9941041, 19.1279203 ] ], [ [ 72.9941041, 19.1279203 ], [ 72.9941775, 19.127926 ], [ 72.9946737, 19.1278303 ], [ 72.9948172, 19.1277898 ], [ 72.9948172, 19.1277898 ], [ 72.9948655, 19.1276606 ], [ 72.994895, 19.1275668 ], [ 72.9949352, 19.1274794 ], [ 72.9949728, 19.1273945 ] ], [ [ 72.9949728, 19.1273945 ], [ 72.9950391, 19.1273134 ], [ 72.99508, 19.1272285 ], [ 72.9951055, 19.1271373 ] ], [ [ 72.9951055, 19.1271373 ], [ 72.99508, 19.1272285 ], [ 72.9950391, 19.1273134 ], [ 72.9949728, 19.1273945 ], [ 72.9949728, 19.1273945 ], [ 72.9949352, 19.1274794 ], [ 72.994895, 19.1275668 ], [ 72.9948655, 19.1276606 ], [ 72.9948172, 19.1277898 ], [ 72.9948172, 19.1277898 ], [ 72.9949902, 19.1277746 ], [ 72.9951136, 19.1277867 ], [ 72.9951136, 19.1277867 ], [ 72.9952215, 19.127557 ], [ 72.9953374, 19.127308 ], [ 72.9953374, 19.127308 ], [ 72.9955837, 19.1273568 ], [ 72.9958263, 19.1273808 ] ], [ [ 72.9958263, 19.1273808 ], [ 72.9955837, 19.1273568 ], [ 72.9953374, 19.127308 ], [ 72.9953374, 19.127308 ], [ 72.9952215, 19.127557 ], [ 72.9951136, 19.1277867 ], [ 72.9951136, 19.1277867 ], [ 72.9949902, 19.1277746 ], [ 72.9948172, 19.1277898 ], [ 72.9948172, 19.1277898 ], [ 72.9946737, 19.1278303 ], [ 72.9941775, 19.127926 ], [ 72.9941041, 19.1279203 ], [ 72.9941041, 19.1279203 ], [ 72.9939957, 19.1272265 ], [ 72.9939662, 19.1268254 ], [ 72.9939635, 19.1267311 ], [ 72.9939774, 19.1266605 ], [ 72.9939774, 19.1266605 ], [ 72.9938297, 19.1265281 ] ], [ [ 72.9938297, 19.1265281 ], [ 72.9939774, 19.1266605 ], [ 72.9939774, 19.1266605 ], [ 72.9940553, 19.1265791 ], [ 72.9941758, 19.1265365 ], [ 72.9942461, 19.1264956 ] ], [ [ 72.9942461, 19.1264956 ], [ 72.9941758, 19.1265365 ], [ 72.9940553, 19.1265791 ], [ 72.9939774, 19.1266605 ], [ 72.9939774, 19.1266605 ], [ 72.9938297, 19.1265281 ], [ 72.9938297, 19.1265281 ], [ 72.9934614, 19.1265475 ], [ 72.9934443, 19.1261964 ], [ 72.992582, 19.1261907 ], [ 72.9921372, 19.1261859 ] ], [ [ 72.9921372, 19.1261859 ], [ 72.9921411, 19.1260205 ], [ 72.9921598, 19.1257047 ] ], [ [ 72.9921598, 19.1257047 ], [ 72.9920469, 19.1256678 ], [ 72.9917146, 19.1256582 ] ], [ [ 72.9917146, 19.1256582 ], [ 72.9911245, 19.1254875 ] ], [ [ 72.9911245, 19.1254875 ], [ 72.9910464, 19.125763 ], [ 72.9909223, 19.1261595 ] ], [ [ 72.9909223, 19.1261595 ], [ 72.9915322, 19.1263425 ] ], [ [ 72.9915322, 19.1263425 ], [ 72.9919972, 19.1266432 ] ], [ [ 72.9919972, 19.1266432 ], [ 72.9915322, 19.1263425 ], [ 72.9915322, 19.1263425 ], [ 72.9909223, 19.1261595 ], [ 72.9909223, 19.1261595 ], [ 72.9900948, 19.1259288 ] ], [ [ 72.9900948, 19.1259288 ], [ 72.990276, 19.1252588 ] ], [ [ 72.990276, 19.1252588 ], [ 72.9900948, 19.1259288 ], [ 72.9900948, 19.1259288 ], [ 72.9897763, 19.1258435 ], [ 72.9892111, 19.1257062 ] ], [ [ 72.9892111, 19.1257062 ], [ 72.9890829, 19.125675 ] ], [ [ 72.9890829, 19.125675 ], [ 72.9886941, 19.1270344 ], [ 72.9886941, 19.1270344 ], [ 72.9888211, 19.1270693 ] ], [ [ 72.9888211, 19.1270693 ], [ 72.989195, 19.1257624 ], [ 72.9892111, 19.1257062 ], [ 72.9892111, 19.1257062 ], [ 72.9897089, 19.1239367 ] ], [ [ 72.9897089, 19.1239367 ], [ 72.991432, 19.1243728 ] ], [ [ 72.991432, 19.1243728 ], [ 72.9922451, 19.1245785 ] ], [ [ 72.9922451, 19.1245785 ], [ 72.9923109, 19.1244327 ] ], [ [ 72.9923109, 19.1244327 ], [ 72.9926461, 19.1244513 ] ], [ [ 72.9926461, 19.1244513 ], [ 72.9923109, 19.1244327 ], [ 72.9923109, 19.1244327 ], [ 72.9924406, 19.1238561 ], [ 72.9924913, 19.1236762 ] ], [ [ 72.9924913, 19.1236762 ], [ 72.9924406, 19.1238561 ], [ 72.9923109, 19.1244327 ], [ 72.9923109, 19.1244327 ], [ 72.9922451, 19.1245785 ], [ 72.9922451, 19.1245785 ], [ 72.9921828, 19.1247147 ], [ 72.9920962, 19.1248775 ], [ 72.9920436, 19.1249764 ], [ 72.9919229, 19.1252284 ], [ 72.9917146, 19.1256582 ], [ 72.9917146, 19.1256582 ], [ 72.9920469, 19.1256678 ], [ 72.9921598, 19.1257047 ], [ 72.9921598, 19.1257047 ], [ 72.9924479, 19.125484 ], [ 72.9925262, 19.1254128 ], [ 72.9927118, 19.1254075 ], [ 72.9928752, 19.1254504 ], [ 72.9929757, 19.1255142 ], [ 72.9930767, 19.125547 ], [ 72.9932476, 19.1256141 ] ], [ [ 72.9932476, 19.1256141 ], [ 72.9930767, 19.125547 ], [ 72.9929757, 19.1255142 ], [ 72.9928752, 19.1254504 ], [ 72.9927118, 19.1254075 ], [ 72.9925262, 19.1254128 ], [ 72.9924479, 19.125484 ], [ 72.9921598, 19.1257047 ], [ 72.9921598, 19.1257047 ], [ 72.9920469, 19.1256678 ], [ 72.9917146, 19.1256582 ], [ 72.9917146, 19.1256582 ], [ 72.9911245, 19.1254875 ], [ 72.9911245, 19.1254875 ], [ 72.991432, 19.1243728 ], [ 72.991432, 19.1243728 ], [ 72.9897089, 19.1239367 ], [ 72.9897089, 19.1239367 ], [ 72.9898617, 19.1234109 ], [ 72.9902512, 19.1220708 ], [ 72.9904049, 19.1215334 ], [ 72.990533, 19.1210852 ], [ 72.9905683, 19.1210083 ], [ 72.9906236, 19.1209368 ] ], [ [ 72.9906236, 19.1209368 ], [ 72.9906642, 19.1209254 ], [ 72.9906642, 19.1209254 ], [ 72.9907501, 19.1210086 ] ], [ [ 72.9907501, 19.1210086 ], [ 72.9906642, 19.1209254 ], [ 72.9906642, 19.1209254 ], [ 72.9907021, 19.1209075 ], [ 72.9907361, 19.1208837 ], [ 72.9907653, 19.1208547 ] ], [ [ 72.9907653, 19.1208547 ], [ 72.9907887, 19.1208213 ], [ 72.9908056, 19.1207846 ], [ 72.9908155, 19.1207456 ], [ 72.990818, 19.1207057 ], [ 72.9908132, 19.1206659 ], [ 72.9908132, 19.1206659 ], [ 72.9908012, 19.1206275 ], [ 72.9907823, 19.1205917 ] ], [ [ 72.9907823, 19.1205917 ], [ 72.9907571, 19.1205596 ], [ 72.9907263, 19.120532 ], [ 72.990691, 19.1205099 ], [ 72.9906521, 19.120494 ], [ 72.990611, 19.1204846 ], [ 72.9905687, 19.1204822 ], [ 72.9905266, 19.1204867 ] ], [ [ 72.9905266, 19.1204867 ], [ 72.990486, 19.1204981 ], [ 72.990448, 19.120516 ], [ 72.990414, 19.1205398 ], [ 72.9903848, 19.1205689 ], [ 72.9903848, 19.1205689 ], [ 72.9903614, 19.1206023 ], [ 72.9903446, 19.120639 ], [ 72.9903347, 19.1206779 ], [ 72.9903321, 19.1207178 ], [ 72.9903321, 19.1207178 ], [ 72.9903369, 19.1207576 ], [ 72.990349, 19.1207959 ], [ 72.9903679, 19.1208318 ], [ 72.9903931, 19.1208639 ], [ 72.9904238, 19.1208915 ] ], [ [ 72.9904238, 19.1208915 ], [ 72.9904591, 19.1209136 ], [ 72.990498, 19.1209295 ], [ 72.9905392, 19.1209389 ], [ 72.9905815, 19.1209413 ], [ 72.9906236, 19.1209368 ], [ 72.9906236, 19.1209368 ], [ 72.9906642, 19.1209254 ], [ 72.9906642, 19.1209254 ], [ 72.9907021, 19.1209075 ], [ 72.9907361, 19.1208837 ], [ 72.9907653, 19.1208547 ], [ 72.9907653, 19.1208547 ], [ 72.9907887, 19.1208213 ], [ 72.9908056, 19.1207846 ], [ 72.9908155, 19.1207456 ], [ 72.990818, 19.1207057 ], [ 72.9908132, 19.1206659 ], [ 72.9908132, 19.1206659 ], [ 72.9908012, 19.1206275 ], [ 72.9907823, 19.1205917 ], [ 72.9907823, 19.1205917 ], [ 72.9907756, 19.1204875 ], [ 72.9907949, 19.1203751 ], [ 72.9910865, 19.1196877 ], [ 72.9911431, 19.1195544 ], [ 72.9913497, 19.1191376 ], [ 72.9916017, 19.1186949 ], [ 72.9916676, 19.118586 ], [ 72.9917029, 19.1185277 ], [ 72.9918384, 19.1183039 ], [ 72.9922198, 19.1177588 ], [ 72.9923586, 19.1175604 ], [ 72.9925573, 19.1173328 ], [ 72.9928724, 19.1170262 ], [ 72.9930036, 19.1168978 ], [ 72.9930036, 19.1168978 ], [ 72.9931329, 19.1167712 ], [ 72.993487, 19.1164349 ], [ 72.9938798, 19.1161202 ], [ 72.9939771, 19.1160423 ], [ 72.9943663, 19.115759 ], [ 72.9946495, 19.1155777 ], [ 72.9951401, 19.1152692 ], [ 72.9952352, 19.1152205 ] ], [ [ 72.9952352, 19.1152205 ], [ 72.9953355, 19.1151691 ] ], [ [ 72.9953355, 19.1151691 ], [ 72.9952708, 19.1150591 ] ], [ [ 72.9952708, 19.1150591 ], [ 72.9951705, 19.1151105 ] ], [ [ 72.9951705, 19.1151105 ], [ 72.9952352, 19.1152205 ], [ 72.9952352, 19.1152205 ], [ 72.9959962, 19.1165134 ], [ 72.9962554, 19.1169535 ], [ 72.9963372, 19.1170925 ], [ 72.9963611, 19.1171973 ], [ 72.9963611, 19.1171973 ], [ 72.996348, 19.1172241 ], [ 72.99634, 19.1172526 ], [ 72.9963374, 19.1172821 ], [ 72.9963402, 19.1173115 ], [ 72.9963484, 19.11734 ], [ 72.9963484, 19.11734 ], [ 72.9963617, 19.1173667 ], [ 72.9963797, 19.1173908 ], [ 72.9964019, 19.1174117 ], [ 72.9964275, 19.1174285 ], [ 72.9964559, 19.1174409 ], [ 72.9964861, 19.1174485 ], [ 72.9965172, 19.117451 ], [ 72.9965484, 19.1174483 ], [ 72.9965484, 19.1174483 ], [ 72.9967075, 19.1175963 ], [ 72.9968652, 19.1177916 ], [ 72.9975336, 19.1186193 ], [ 72.9980308, 19.119235 ], [ 72.9980308, 19.119235 ], [ 72.9981312, 19.1191817 ], [ 72.9981312, 19.1191817 ], [ 72.9994086, 19.1187947 ], [ 72.9994086, 19.1187947 ], [ 72.9993908, 19.1187475 ], [ 72.9993908, 19.1187475 ], [ 72.9986592, 19.11898 ], [ 72.9984997, 19.1185597 ] ], [ [ 72.9984997, 19.1185597 ], [ 72.9986592, 19.11898 ], [ 72.9993908, 19.1187475 ], [ 72.9993908, 19.1187475 ], [ 72.9994086, 19.1187947 ], [ 72.9994086, 19.1187947 ], [ 72.9997519, 19.1186906 ], [ 72.9997519, 19.1186906 ], [ 72.9998346, 19.1189408 ], [ 73.0001706, 19.1199518 ], [ 73.0002405, 19.1201605 ], [ 73.0002405, 19.1201605 ], [ 73.0006096, 19.1200433 ], [ 73.0006096, 19.1200433 ], [ 73.0010165, 19.1212426 ], [ 73.0010165, 19.1212426 ], [ 73.0009907, 19.1213307 ], [ 73.0009907, 19.1213307 ], [ 73.000977, 19.1215733 ], [ 73.000977, 19.1215733 ], [ 73.0007648, 19.1216399 ], [ 73.0007648, 19.1216399 ], [ 73.0002812, 19.1227525 ] ], [ [ 73.0002812, 19.1227525 ], [ 73.0001084, 19.1226551 ], [ 73.0000667, 19.1226103 ], [ 73.0000573, 19.1225694 ], [ 73.0000734, 19.1225201 ], [ 73.0001272, 19.122481 ], [ 73.0001532, 19.1224232 ], [ 73.0001595, 19.1223688 ], [ 72.9999277, 19.1219078 ], [ 72.9999277, 19.1219078 ], [ 72.9997816, 19.1217295 ], [ 72.9997816, 19.1217295 ], [ 72.9995621, 19.121208 ], [ 72.9995621, 19.121208 ], [ 72.9992248, 19.1213468 ], [ 72.9992248, 19.1213468 ], [ 72.9990393, 19.1213571 ], [ 72.9990393, 19.1213571 ], [ 72.9989336, 19.1213978 ], [ 72.9989336, 19.1213978 ], [ 72.9990027, 19.1215562 ], [ 72.999054, 19.1216737 ], [ 72.9992093, 19.1220296 ], [ 72.9994659, 19.1226176 ], [ 72.9995817, 19.1227416 ], [ 72.9995817, 19.1227416 ], [ 72.9996875, 19.122924 ], [ 72.9996875, 19.122924 ], [ 72.9997738, 19.1230162 ], [ 72.9998697, 19.1230999 ], [ 72.9998697, 19.1230999 ], [ 73.0000083, 19.1231775 ], [ 73.0000083, 19.1231775 ], [ 72.9999929, 19.1232691 ], [ 72.9999929, 19.123313 ], [ 73.0000194, 19.1233355 ], [ 73.0001388, 19.1233857 ], [ 73.0001388, 19.1233857 ], [ 73.0001593, 19.12352 ], [ 73.0001539, 19.1236721 ], [ 73.0001217, 19.1238039 ], [ 73.0000868, 19.1240243 ], [ 72.9998762, 19.1242522 ], [ 72.9998622, 19.1242838 ], [ 72.9998159, 19.1244425 ], [ 72.9997757, 19.1245641 ], [ 72.9997227, 19.1248536 ], [ 72.9996496, 19.124962 ], [ 72.9995557, 19.1250551 ], [ 72.9995557, 19.1250551 ], [ 72.999529, 19.1253243 ], [ 72.9995343, 19.125677 ], [ 72.9995343, 19.125677 ], [ 72.9998538, 19.1257348 ], [ 73.0000433, 19.1257472 ], [ 73.0003134, 19.1257348 ], [ 73.0003134, 19.1257348 ], [ 73.0003185, 19.1258762 ], [ 73.0003185, 19.1259929 ], [ 73.0003464, 19.1262294 ], [ 73.0003464, 19.1262294 ], [ 73.0003491, 19.1262521 ], [ 73.0003868, 19.1264467 ], [ 73.0003782, 19.1266458 ], [ 73.000332, 19.1267684 ], [ 73.000332, 19.1267684 ], [ 73.0003012, 19.1268502 ], [ 73.0003012, 19.1268502 ], [ 73.000289, 19.1268822 ], [ 73.0002424, 19.1271157 ], [ 73.0002267, 19.1272051 ], [ 73.0002229, 19.1273109 ], [ 73.0002685, 19.1276086 ], [ 73.0003532, 19.1276863 ], [ 73.0004156, 19.1277318 ], [ 73.0004624, 19.1278026 ], [ 73.0004661, 19.1278642 ], [ 73.0003379, 19.1281918 ], [ 73.0003379, 19.1281918 ], [ 73.0002959, 19.128305 ], [ 73.0002823, 19.1283415 ], [ 73.0002515, 19.1285738 ], [ 73.0002534, 19.1287736 ], [ 73.000283, 19.128966 ], [ 73.0002999, 19.1290434 ], [ 73.0002999, 19.1290434 ], [ 73.000309, 19.1291578 ], [ 73.0003076, 19.1292299 ], [ 73.0003076, 19.1292299 ], [ 73.0003318, 19.1294928 ], [ 73.0003318, 19.1294928 ], [ 73.0001917, 19.1295327 ], [ 73.0001917, 19.1295327 ], [ 73.0003197, 19.1299968 ], [ 73.0003197, 19.1299968 ], [ 73.0004069, 19.1303128 ], [ 73.0004069, 19.1303128 ], [ 73.0004878, 19.1306062 ], [ 73.0004878, 19.1306062 ], [ 73.0001777, 19.1306861 ], [ 73.0001777, 19.1306861 ], [ 73.0002962, 19.131122 ], [ 73.0002962, 19.131122 ], [ 73.0004802, 19.1317077 ], [ 73.0004802, 19.1317077 ], [ 73.0004652, 19.1317892 ], [ 73.0004652, 19.1317892 ], [ 73.0004702, 19.1318567 ], [ 73.0004702, 19.1318567 ], [ 73.0005401, 19.131852 ], [ 73.0005401, 19.131852 ], [ 73.0010374, 19.1318039 ] ], [ [ 73.0010374, 19.1318039 ], [ 73.0012155, 19.1317835 ], [ 73.0013819, 19.1317582 ], [ 73.0016396, 19.131708 ], [ 73.0024257, 19.131575 ], [ 73.0025075, 19.1315592 ], [ 73.0025075, 19.1315592 ], [ 73.0024945, 19.1314829 ] ], [ [ 73.0024945, 19.1314829 ], [ 73.0025075, 19.1315592 ], [ 73.0025075, 19.1315592 ], [ 73.0025089, 19.1315836 ], [ 73.0024861, 19.1316888 ], [ 73.0024744, 19.1318327 ] ], [ [ 73.0024744, 19.1318327 ], [ 73.0024861, 19.1316888 ], [ 73.0025089, 19.1315836 ], [ 73.0025075, 19.1315592 ], [ 73.0025075, 19.1315592 ], [ 73.0030672, 19.1314514 ], [ 73.0034041, 19.1313494 ] ], [ [ 73.0034041, 19.1313494 ], [ 73.0035827, 19.1313112 ], [ 73.0035827, 19.1313112 ], [ 73.0035803, 19.1312498 ] ], [ [ 73.0035803, 19.1312498 ], [ 73.0034017, 19.1312844 ] ], [ [ 73.0034017, 19.1312844 ], [ 73.0030371, 19.1313868 ], [ 73.0024945, 19.1314829 ], [ 73.0024945, 19.1314829 ], [ 73.0025075, 19.1315592 ], [ 73.0025075, 19.1315592 ], [ 73.0025089, 19.1315836 ], [ 73.0024861, 19.1316888 ], [ 73.0024744, 19.1318327 ], [ 73.0024744, 19.1318327 ], [ 73.0023732, 19.1319006 ], [ 73.0022269, 19.1320209 ], [ 73.002142, 19.1320855 ], [ 73.0020759, 19.1321257 ], [ 73.0020358, 19.1321858 ], [ 73.0020524, 19.1322794 ], [ 73.0020524, 19.1323686 ], [ 73.0020382, 19.1324934 ], [ 73.0020123, 19.132587 ], [ 73.0020075, 19.1326628 ], [ 73.0019887, 19.1327541 ], [ 73.001991, 19.1328767 ], [ 73.0020017, 19.1329798 ] ], [ [ 73.0020017, 19.1329798 ], [ 73.0019426, 19.1330029 ], [ 73.0018558, 19.1330754 ] ], [ [ 73.0018558, 19.1330754 ], [ 73.0018058, 19.1332204 ], [ 73.0017791, 19.1332614 ], [ 73.0017025, 19.1334669 ], [ 73.0016223, 19.1336837 ], [ 73.0016123, 19.1337341 ], [ 73.0015789, 19.1337971 ], [ 73.0015331, 19.1338233 ] ], [ [ 73.0015331, 19.1338233 ], [ 73.0014564, 19.1338671 ], [ 73.0014564, 19.1338671 ], [ 73.0016262, 19.1339785 ], [ 73.0017866, 19.1340499 ], [ 73.0017866, 19.1340499 ], [ 73.0018591, 19.1341039 ] ], [ [ 73.0018591, 19.1341039 ], [ 73.0020005, 19.1341166 ], [ 73.0021662, 19.1340964 ], [ 73.0023095, 19.1341023 ], [ 73.0023829, 19.1341117 ], [ 73.0024196, 19.1341401 ], [ 73.002513, 19.1341779 ], [ 73.0025597, 19.1341968 ] ], [ [ 73.0025597, 19.1341968 ], [ 73.002513, 19.1341779 ], [ 73.0024196, 19.1341401 ], [ 73.0023829, 19.1341117 ], [ 73.0023095, 19.1341023 ], [ 73.0021662, 19.1340964 ], [ 73.0020005, 19.1341166 ], [ 73.0018591, 19.1341039 ], [ 73.0018591, 19.1341039 ], [ 73.0019142, 19.1344733 ], [ 73.0018668, 19.1346471 ], [ 73.001881, 19.1347229 ], [ 73.0019801, 19.1347764 ], [ 73.0022207, 19.1347897 ] ], [ [ 73.0022207, 19.1347897 ], [ 73.0019801, 19.1347764 ], [ 73.001881, 19.1347229 ], [ 73.0018668, 19.1346471 ], [ 73.0019142, 19.1344733 ], [ 73.0018591, 19.1341039 ], [ 73.0018591, 19.1341039 ], [ 73.0017866, 19.1340499 ], [ 73.0017866, 19.1340499 ], [ 73.0016262, 19.1339785 ], [ 73.0014564, 19.1338671 ], [ 73.0014564, 19.1338671 ], [ 73.0012299, 19.1336398 ], [ 73.000979, 19.1334776 ] ], [ [ 73.000979, 19.1334776 ], [ 73.0009067, 19.1335007 ] ], [ [ 73.0009067, 19.1335007 ], [ 73.0009951, 19.1338521 ] ], [ [ 73.0009951, 19.1338521 ], [ 73.0010736, 19.1338171 ] ], [ [ 73.0010736, 19.1338171 ], [ 73.0009951, 19.1338521 ], [ 73.0009951, 19.1338521 ], [ 73.0011333, 19.1341893 ] ], [ [ 73.0011333, 19.1341893 ], [ 73.001048, 19.1342377 ], [ 73.0009688, 19.1342758 ], [ 73.0008964, 19.1343125 ], [ 73.0007972, 19.1343252 ], [ 73.0006845, 19.1342998 ], [ 73.000596, 19.1342783 ], [ 73.0005048, 19.1343036 ], [ 73.0004203, 19.1343568 ], [ 73.0003519, 19.1344506 ], [ 73.0002956, 19.1345355 ], [ 73.0002406, 19.1345659 ], [ 73.0001186, 19.1346343 ] ], [ [ 73.0001186, 19.1346343 ], [ 73.000014, 19.1345646 ], [ 72.999845, 19.1345152 ], [ 72.9996746, 19.1344968 ], [ 72.9996746, 19.1344968 ], [ 72.9996933, 19.1343164 ] ], [ [ 72.9996933, 19.1343164 ], [ 72.9996746, 19.1344968 ], [ 72.9996746, 19.1344968 ], [ 72.9996389, 19.1347334 ], [ 72.9995531, 19.1347892 ], [ 72.9993179, 19.1347582 ], [ 72.9992146, 19.134819 ] ], [ [ 72.9992146, 19.134819 ], [ 72.9993179, 19.1347582 ], [ 72.9995531, 19.1347892 ], [ 72.9996389, 19.1347334 ], [ 72.9996746, 19.1344968 ], [ 72.9996746, 19.1344968 ], [ 72.999845, 19.1345152 ], [ 73.000014, 19.1345646 ], [ 73.0001186, 19.1346343 ], [ 73.0001186, 19.1346343 ], [ 73.0000569, 19.1346622 ], [ 73.0000381, 19.1348852 ], [ 73.0000287, 19.1349878 ], [ 73.0000046, 19.1351753 ], [ 72.9999912, 19.1352995 ], [ 72.9999872, 19.135449 ], [ 73.0000663, 19.1354566 ] ], [ [ 73.0000663, 19.1354566 ], [ 73.0000234, 19.1354819 ], [ 73.0000059, 19.1354991 ], [ 72.9999677, 19.1355187 ], [ 72.9999228, 19.1355086 ], [ 72.9998738, 19.135487 ], [ 72.9998356, 19.1354699 ], [ 72.9997806, 19.1354452 ], [ 72.9997531, 19.1354325 ], [ 72.9997209, 19.1354414 ], [ 72.9997035, 19.1354756 ] ], [ [ 72.9997035, 19.1354756 ], [ 72.9997209, 19.1354414 ], [ 72.9997531, 19.1354325 ], [ 72.9997806, 19.1354452 ], [ 72.9998356, 19.1354699 ], [ 72.9998738, 19.135487 ], [ 72.9999228, 19.1355086 ], [ 72.9999677, 19.1355187 ], [ 73.0000059, 19.1354991 ], [ 73.0000234, 19.1354819 ], [ 73.0000663, 19.1354566 ], [ 73.0000663, 19.1354566 ], [ 72.9999872, 19.135449 ], [ 72.9999912, 19.1352995 ], [ 73.0000046, 19.1351753 ], [ 73.0000287, 19.1349878 ], [ 73.0000381, 19.1348852 ], [ 73.0000569, 19.1346622 ], [ 73.0001186, 19.1346343 ], [ 73.0001186, 19.1346343 ], [ 73.000014, 19.1345646 ], [ 72.999845, 19.1345152 ], [ 72.9996746, 19.1344968 ], [ 72.9996746, 19.1344968 ], [ 72.9996933, 19.1343164 ], [ 72.9996933, 19.1343164 ], [ 73.0009951, 19.1338521 ], [ 73.0009951, 19.1338521 ], [ 73.0010736, 19.1338171 ], [ 73.0010736, 19.1338171 ], [ 73.000979, 19.1334776 ], [ 73.000979, 19.1334776 ], [ 73.0006994, 19.1324498 ] ], [ [ 73.0006994, 19.1324498 ], [ 73.0008871, 19.1324533 ], [ 73.0009413, 19.1325848 ], [ 73.0009667, 19.1326722 ], [ 73.0009849, 19.132751 ], [ 73.0010075, 19.1328119 ], [ 73.0010187, 19.1328617 ], [ 73.0010428, 19.1328633 ], [ 73.001064, 19.1329302 ], [ 73.0011088, 19.1330572 ], [ 73.0011375, 19.1330569 ], [ 73.0011999, 19.1331839 ], [ 73.0012322, 19.1333149 ], [ 73.0011984, 19.133396 ], [ 73.0011866, 19.1334338 ], [ 73.000979, 19.1334776 ], [ 73.000979, 19.1334776 ], [ 73.0012299, 19.1336398 ], [ 73.0014564, 19.1338671 ], [ 73.0014564, 19.1338671 ], [ 73.0015331, 19.1338233 ], [ 73.0015331, 19.1338233 ], [ 73.0015789, 19.1337971 ], [ 73.0016123, 19.1337341 ], [ 73.0016223, 19.1336837 ], [ 73.0017025, 19.1334669 ], [ 73.0017791, 19.1332614 ], [ 73.0018058, 19.1332204 ], [ 73.0018558, 19.1330754 ], [ 73.0018558, 19.1330754 ], [ 73.0019863, 19.133037 ], [ 73.0021019, 19.1330414 ], [ 73.0021821, 19.1330459 ], [ 73.0023165, 19.1330281 ], [ 73.0024054, 19.1329761 ], [ 73.0024849, 19.132972 ], [ 73.0024982, 19.1330615 ], [ 73.002576, 19.1330526 ], [ 73.0027034, 19.1330125 ], [ 73.0028025, 19.1329723 ], [ 73.0029275, 19.1329567 ], [ 73.0030266, 19.1329478 ] ], [ [ 73.0030266, 19.1329478 ], [ 73.0029275, 19.1329567 ], [ 73.0028025, 19.1329723 ], [ 73.0027034, 19.1330125 ], [ 73.002576, 19.1330526 ], [ 73.0024982, 19.1330615 ], [ 73.0024849, 19.132972 ], [ 73.0024054, 19.1329761 ], [ 73.0023165, 19.1330281 ], [ 73.0021821, 19.1330459 ], [ 73.0021019, 19.1330414 ], [ 73.0019863, 19.133037 ], [ 73.0018558, 19.1330754 ], [ 73.0018558, 19.1330754 ], [ 73.0018058, 19.1332204 ], [ 73.0017791, 19.1332614 ], [ 73.0017025, 19.1334669 ], [ 73.0016223, 19.1336837 ], [ 73.0016123, 19.1337341 ], [ 73.0015789, 19.1337971 ], [ 73.0015331, 19.1338233 ], [ 73.0015331, 19.1338233 ], [ 73.0014564, 19.1338671 ], [ 73.0014564, 19.1338671 ], [ 73.0012299, 19.1336398 ], [ 73.000979, 19.1334776 ], [ 73.000979, 19.1334776 ], [ 73.0009067, 19.1335007 ], [ 73.0009067, 19.1335007 ], [ 73.0009951, 19.1338521 ], [ 73.0009951, 19.1338521 ], [ 72.9996933, 19.1343164 ], [ 72.9996933, 19.1343164 ], [ 72.9996746, 19.1344968 ], [ 72.9996746, 19.1344968 ], [ 72.9996389, 19.1347334 ], [ 72.9995531, 19.1347892 ], [ 72.9993179, 19.1347582 ], [ 72.9992146, 19.134819 ], [ 72.9992146, 19.134819 ], [ 72.9987614, 19.1345504 ], [ 72.9986623, 19.1345756 ], [ 72.9986623, 19.1345756 ], [ 72.9974995, 19.134871 ], [ 72.9976203, 19.135453 ] ], [ [ 72.9976203, 19.135453 ], [ 72.9977346, 19.1359413 ] ], [ [ 72.9977346, 19.1359413 ], [ 72.997594, 19.1359752 ] ], [ [ 72.997594, 19.1359752 ], [ 72.997645, 19.1361675 ], [ 72.9976369, 19.1362972 ], [ 72.9976369, 19.1362972 ], [ 72.9976587, 19.1363269 ], [ 72.9977279, 19.1363432 ], [ 72.9978676, 19.1363345 ] ], [ [ 72.9978676, 19.1363345 ], [ 72.9982118, 19.1362715 ] ], [ [ 72.9982118, 19.1362715 ], [ 72.9982186, 19.1363103 ], [ 72.9982186, 19.1363103 ], [ 72.9982904, 19.1367232 ], [ 72.9982904, 19.1367232 ], [ 72.9984614, 19.1367121 ], [ 72.9984791, 19.136747 ], [ 72.9985152, 19.1367633 ], [ 72.9985701, 19.136767 ], [ 72.9989242, 19.1367556 ] ], [ [ 72.9989242, 19.1367556 ], [ 72.9989277, 19.1365703 ], [ 72.9989223, 19.1363917 ], [ 72.9989549, 19.1361966 ] ], [ [ 72.9989549, 19.1361966 ], [ 72.9989223, 19.1363917 ], [ 72.9989277, 19.1365703 ], [ 72.9989242, 19.1367556 ], [ 72.9989242, 19.1367556 ], [ 72.9985701, 19.136767 ], [ 72.9985152, 19.1367633 ], [ 72.9984791, 19.136747 ], [ 72.9984614, 19.1367121 ], [ 72.9982904, 19.1367232 ], [ 72.9982904, 19.1367232 ], [ 72.9982186, 19.1363103 ], [ 72.9982186, 19.1363103 ], [ 72.9982118, 19.1362715 ], [ 72.9982118, 19.1362715 ], [ 72.998126, 19.1358603 ], [ 72.998126, 19.1358603 ], [ 72.9977346, 19.1359413 ], [ 72.9977346, 19.1359413 ], [ 72.9976203, 19.135453 ], [ 72.9976203, 19.135453 ], [ 72.998579, 19.1352485 ], [ 72.9986474, 19.135526 ] ], [ [ 72.9986474, 19.135526 ], [ 72.998579, 19.1352485 ], [ 72.9976203, 19.135453 ], [ 72.9976203, 19.135453 ], [ 72.9974995, 19.134871 ], [ 72.9986623, 19.1345756 ], [ 72.9986623, 19.1345756 ], [ 72.9987614, 19.1345504 ], [ 72.9992146, 19.134819 ], [ 72.9992146, 19.134819 ], [ 72.9993179, 19.1347582 ], [ 72.9995531, 19.1347892 ], [ 72.9996389, 19.1347334 ], [ 72.9996746, 19.1344968 ], [ 72.9996746, 19.1344968 ], [ 72.9996933, 19.1343164 ], [ 72.9996933, 19.1343164 ], [ 72.999823, 19.1328434 ], [ 72.9998852, 19.1320668 ], [ 72.9998848, 19.1319671 ], [ 72.9998848, 19.1319671 ], [ 72.999975, 19.1319363 ], [ 73.000065, 19.1319104 ], [ 73.0003655, 19.1318463 ], [ 73.0003655, 19.1318463 ], [ 73.0004702, 19.1318567 ], [ 73.0004702, 19.1318567 ], [ 73.0005401, 19.131852 ], [ 73.0005401, 19.131852 ], [ 73.0010374, 19.1318039 ], [ 73.0010374, 19.1318039 ], [ 73.0012155, 19.1317835 ], [ 73.0013819, 19.1317582 ], [ 73.0016396, 19.131708 ], [ 73.0024257, 19.131575 ], [ 73.0025075, 19.1315592 ], [ 73.0025075, 19.1315592 ], [ 73.0030672, 19.1314514 ], [ 73.0034041, 19.1313494 ], [ 73.0034041, 19.1313494 ], [ 73.0035827, 19.1313112 ], [ 73.0035827, 19.1313112 ], [ 73.0035803, 19.1312498 ], [ 73.0035803, 19.1312498 ], [ 73.0035807, 19.1310808 ], [ 73.0035828, 19.1307826 ], [ 73.003607, 19.1305376 ], [ 73.003639, 19.1302665 ], [ 73.0036869, 19.1300134 ], [ 73.0037036, 19.1299312 ], [ 73.0037155, 19.1298731 ], [ 73.0037359, 19.1297727 ], [ 73.003811, 19.1294672 ], [ 73.0045059, 19.1268819 ], [ 73.0045636, 19.1266673 ], [ 73.0045636, 19.1266673 ], [ 73.0048384, 19.1254157 ], [ 73.0048384, 19.1254157 ], [ 73.0050766, 19.1243613 ], [ 73.0051298, 19.1241372 ], [ 73.0053232, 19.1233641 ], [ 73.0054779, 19.1228434 ], [ 73.0056688, 19.1222646 ], [ 73.0059819, 19.1212927 ], [ 73.0060114, 19.1210888 ] ], [ [ 73.0060114, 19.1210888 ], [ 73.0066204, 19.1192144 ], [ 73.0066628, 19.119074 ] ] ] } },
{ "type": "Feature", "properties": { "point_ids": [ 4363, 7198, 354 ], "length_m": 1840.4936818163485, "travel_time_min": 2.3733225809579253, "n_points": 3, "route_id": 7, "cluster_id": 15 }, "geometry": { "type": "MultiLineString", "coordinates": [ [ [ 73.0066628, 19.119074 ], [ 73.0069023, 19.1186905 ], [ 73.0071264, 19.1182486 ], [ 73.0072081, 19.1180922 ], [ 73.0072805, 19.1179341 ], [ 73.0073345, 19.1178235 ], [ 73.0074949, 19.1174691 ], [ 73.0075625, 19.1173094 ], [ 73.0077378, 19.116912 ], [ 73.0080141, 19.1162861 ], [ 73.0081588, 19.1159701 ], [ 73.0082546, 19.115722 ], [ 73.008338, 19.1154665 ], [ 73.0084256, 19.1152289 ], [ 73.0084997, 19.1150105 ], [ 73.0085493, 19.1148647 ], [ 73.0085641, 19.1146329 ], [ 73.0085641, 19.1146329 ], [ 73.0087476, 19.1144208 ], [ 73.0092786, 19.1127302 ], [ 73.0092786, 19.1127302 ], [ 73.0093617, 19.1124588 ], [ 73.0093617, 19.1124588 ], [ 73.0091415, 19.1123987 ], [ 73.0091415, 19.1123987 ], [ 73.0090585, 19.1126701 ], [ 73.0090585, 19.1126701 ], [ 73.0088468, 19.1133492 ], [ 73.0088468, 19.1133492 ], [ 73.0085344, 19.1143617 ], [ 73.0084577, 19.1146035 ], [ 73.0084577, 19.1146035 ], [ 73.0083231, 19.1147959 ], [ 73.0082746, 19.1149383 ], [ 73.0082002, 19.1151576 ], [ 73.0081122, 19.1153965 ], [ 73.0080293, 19.1156504 ], [ 73.0079901, 19.1157519 ], [ 73.0079379, 19.1158869 ], [ 73.0077954, 19.1161983 ], [ 73.0076127, 19.1166012 ], [ 73.0075117, 19.116824 ], [ 73.0073425, 19.1172244 ], [ 73.0072753, 19.1173832 ], [ 73.0071173, 19.1177323 ], [ 73.0070634, 19.1178425 ], [ 73.0070204, 19.1179363 ], [ 73.0069923, 19.1179979 ], [ 73.0069127, 19.1181503 ], [ 73.0068513, 19.118271 ], [ 73.0066861, 19.1185957 ], [ 73.0065513, 19.1190351 ] ], [ [ 73.0065513, 19.1190351 ], [ 73.0065059, 19.1191715 ], [ 73.0058819, 19.1210489 ] ] ] } },
{ "type": "Feature", "properties": { "point_ids": [ 4, 19, 2143, 127, 3237, 4221, 4550, 9571, 5636, 6106, 6508, 7298, 9049, 3180, 3724, 17, 7941, 5017, 6395, 3602, 3010, 2329, 7925, 7668, 7100, 4776, 4161, 3026, 1804, 1539, 1652, 605, 593, 9726, 3783, 5632, 5013, 2968, 2652, 9488, 9022, 617, 6118, 5994, 5109, 3520, 1253, 516, 7536, 7084, 6767, 6585, 3322, 1172, 74, 7920, 6348, 5804, 2622, 9846, 5183, 2563, 2476, 7971, 4500, 326, 8460, 1128, 8162, 237, 5119, 2869, 4871, 3498, 2502, 1538, 9614, 9924, 3782, 766, 7711, 9338, 5001, 9391, 6362, 7951, 4948, 3124, 3088, 2756, 983, 3101, 8539, 9941, 6737, 7797, 3750, 1112, 3709, 4129, 7571, 1347, 8958, 6883, 6670, 6618, 425, 834, 8616, 4503, 3693, 8642, 8104, 7260, 857, 6464, 6048, 5184, 723, 9425, 3977, 3441, 3351, 2810, 5947, 3701, 4469, 5018, 5946, 3154, 343, 4939, 9613, 7743, 2255, 4692, 2884, 1915, 1537, 5471, 3189, 1087, 4000, 4899, 7432, 2947, 8231, 4208, 4171, 3371, 8148, 8010, 8182, 6867, 6861, 2300, 9212, 5023, 5937, 5422, 4587, 7417, 6064, 3462, 2009, 8821, 8210, 4863, 3410, 2807, 194, 4315, 4783, 3924, 6600, 2961, 2543, 1822, 221, 7618, 8888, 1667, 3317, 5557, 7774, 9274, 9919, 3888, 3645, 2116, 5370, 2271, 7208, 6370, 1380, 938, 9742, 3737, 4505, 3195, 225, 8609, 5457, 4193, 2043, 1201, 4771, 1605, 7986, 8017, 7710, 5073, 5053, 2626, 7880, 5890, 9652, 4350, 524, 7928, 9191, 4589, 1324, 8554, 5129, 9883, 4162, 9813, 8939, 7873, 911, 3220, 3901, 8049, 8372, 18, 3293, 4838, 4924, 1911, 2624, 4002, 4760, 6155, 9935, 1120, 1754, 5903, 3667, 7588, 8991, 8971, 4905, 1077, 9904, 4902, 2712, 1890, 9394, 7862, 1398, 4986, 7698, 3653, 3810, 2949, 8615, 5541, 8291, 283, 9827, 8901, 2603, 5679, 5893, 1334, 4134, 5616, 1335, 5427, 2359, 7781, 1379, 2506, 6664, 6145, 5896, 6074, 7598, 8058, 1647, 4305, 8924, 227, 6797, 104, 2583, 2614, 4285, 741, 3361, 3444, 3050, 4868, 5340, 3688, 2275, 8453, 7896, 4112, 3109, 9645, 4803, 403, 7596, 3627, 1495, 9820, 2489, 4773, 4957, 5325, 5768, 5948, 6502, 7636, 3261, 4814, 1289, 4292, 5479, 6708, 8485, 2277, 2663, 4833, 8614, 6556, 1783, 6134, 6752, 9328, 7464, 3575, 3008, 3191, 6014, 6436, 8726, 1712, 3648, 3858, 5954, 6835, 7718, 1901, 493, 2976, 4943, 8442, 2722, 580, 3461, 9471, 8676, 6974, 6415, 2588, 3802, 6923, 4703, 6944, 9419, 8281, 3834, 6537, 6344, 2208, 4586, 7649, 2680, 5922, 7940, 9110, 609, 1130, 795, 9167, 9476, 4128, 7242, 535, 87, 809, 702, 1438, 2467, 5055, 2347, 1957, 9515, 6665, 987, 2342, 1270, 1590, 4217, 9639, 806, 8873, 8863, 8680, 7045, 6121, 2325, 1944, 2705, 4585, 9604, 601, 2928, 6019, 3228, 4321, 4555, 6293, 756, 2461, 7195, 9692, 9163, 8817, 5930, 1016, 7604, 6353 ], "length_m": 19937.538924280001, "travel_time_min": 44.766498477654153, "n_points": 436, "route_id": 8, "cluster_id": 2 }, "geometry": { "type": "MultiLineString", "coordinates": [ [ [ 73.0045681, 19.1510923 ], [ 73.0045125, 19.1508655 ], [ 73.0044478, 19.1505214 ], [ 73.0044478, 19.1505214 ], [ 73.0043767, 19.1505223 ] ], [ [ 73.0043767, 19.1505223 ], [ 73.0042912, 19.1505158 ], [ 73.0042469, 19.1504981 ], [ 73.0041893, 19.1504588 ], [ 73.0041088, 19.1503524 ], [ 73.0036072, 19.149591 ], [ 73.003482, 19.1494492 ], [ 73.0025492, 19.1485428 ] ], [ [ 73.0025492, 19.1485428 ], [ 73.0027376, 19.1484341 ], [ 73.0029469, 19.1483332 ], [ 73.003091, 19.1482873 ], [ 73.0031857, 19.1482697 ], [ 73.0032605, 19.1482816 ], [ 73.0034046, 19.1483119 ], [ 73.0034948, 19.1483321 ], [ 73.0035627, 19.1483334 ], [ 73.0036035, 19.1483239 ] ], [ [ 73.0036035, 19.1483239 ], [ 73.0035752, 19.1482682 ], [ 73.0035658, 19.1482281 ], [ 73.0035634, 19.1481702 ], [ 73.0035729, 19.1481122 ], [ 73.0035374, 19.1480318 ] ], [ [ 73.0035374, 19.1480318 ], [ 73.0034262, 19.1480384 ], [ 73.0033437, 19.1480226 ], [ 73.0032638, 19.1479895 ], [ 73.003048, 19.1478857 ], [ 73.0028153, 19.1477774 ], [ 73.0027664, 19.1477546 ], [ 73.0026738, 19.1477128 ], [ 73.0025873, 19.14769 ], [ 73.002423, 19.1476678 ] ], [ [ 73.002423, 19.1476678 ], [ 73.0024041, 19.1479931 ], [ 73.0024041, 19.1479931 ], [ 73.0023986, 19.148088 ], [ 73.0024113, 19.1484089 ], [ 73.0024113, 19.1484089 ], [ 73.0022246, 19.1484091 ] ], [ [ 73.0022246, 19.1484091 ], [ 73.0014586, 19.1484119 ], [ 73.0006916, 19.1484147 ] ], [ [ 73.0006916, 19.1484147 ], [ 73.0006805, 19.1469831 ], [ 73.0006824, 19.1468688 ], [ 73.0006872, 19.1468004 ], [ 73.0007108, 19.1465495 ], [ 73.0007541, 19.1463351 ] ], [ [ 73.0007541, 19.1463351 ], [ 73.000758, 19.1463253 ], [ 73.0008837, 19.1460085 ], [ 73.0009727, 19.1457954 ], [ 73.0010321, 19.1456531 ], [ 73.0010981, 19.1455242 ], [ 73.001202, 19.1453086 ], [ 73.0012324, 19.1452467 ], [ 73.0015933, 19.1445114 ] ], [ [ 73.0015933, 19.1445114 ], [ 73.0024552, 19.1448831 ], [ 73.0024847, 19.1449211 ], [ 73.0024955, 19.1449832 ], [ 73.002474, 19.145063 ], [ 73.0022299, 19.1456572 ], [ 73.0022138, 19.1458371 ], [ 73.0022796, 19.1465643 ] ], [ [ 73.0022796, 19.1465643 ], [ 73.0022461, 19.1479885 ], [ 73.0024041, 19.1479931 ], [ 73.0024041, 19.1479931 ], [ 73.0023986, 19.148088 ], [ 73.0024113, 19.1484089 ], [ 73.0024113, 19.1484089 ], [ 73.0022241, 19.1482918 ] ], [ [ 73.0022241, 19.1482918 ], [ 73.0008147, 19.148268 ], [ 73.0007201, 19.1482361 ], [ 73.0006532, 19.148196 ], [ 73.0005984, 19.1481237 ], [ 73.0005984, 19.1481237 ], [ 73.000605, 19.1480092 ], [ 73.0006058, 19.14796 ], [ 73.0006058, 19.14796 ], [ 73.0004249, 19.1479609 ] ], [ [ 73.0004249, 19.1479609 ], [ 72.9995516, 19.1479866 ], [ 72.9995516, 19.1479866 ], [ 72.9995412, 19.147416 ] ], [ [ 72.9995412, 19.147416 ], [ 72.9995424, 19.1463578 ], [ 72.9995665, 19.146273 ], [ 72.9995665, 19.146273 ], [ 72.9994914, 19.1462007 ], [ 72.9993908, 19.1461627 ], [ 72.9992674, 19.1461425 ], [ 72.9984869, 19.1461742 ] ], [ [ 72.9984869, 19.1461742 ], [ 72.9984357, 19.1456438 ] ], [ [ 72.9984357, 19.1456438 ], [ 72.9979327, 19.1456627 ], [ 72.9976366, 19.1456724 ] ], [ [ 72.9976366, 19.1456724 ], [ 72.9976351, 19.1457364 ], [ 72.9975352, 19.1460163 ], [ 72.9974187, 19.1463425 ] ], [ [ 72.9974187, 19.1463425 ], [ 72.9971445, 19.1462932 ], [ 72.9969091, 19.1462774 ], [ 72.9966143, 19.1462787 ] ], [ [ 72.9966143, 19.1462787 ], [ 72.996604, 19.1458682 ], [ 72.996596, 19.1455502 ] ], [ [ 72.996596, 19.1455502 ], [ 72.9965662, 19.1445321 ] ], [ [ 72.9965662, 19.1445321 ], [ 72.9970171, 19.1445184 ] ], [ [ 72.9970171, 19.1445184 ], [ 72.9970037, 19.1438458 ], [ 72.9970009, 19.1437041 ], [ 72.9969993, 19.1436252 ] ], [ [ 72.9969993, 19.1436252 ], [ 72.996951, 19.1429561 ] ], [ [ 72.996951, 19.1429561 ], [ 72.9959437, 19.1430049 ] ], [ [ 72.9959437, 19.1430049 ], [ 72.9959804, 19.1435518 ], [ 72.9959841, 19.1436754 ] ], [ [ 72.9959841, 19.1436754 ], [ 72.9959804, 19.1435518 ], [ 72.9959437, 19.1430049 ] ], [ [ 72.9959437, 19.1430049 ], [ 72.9950396, 19.1430391 ] ], [ [ 72.9950396, 19.1430391 ], [ 72.9949667, 19.1430465 ] ], [ [ 72.9949667, 19.1430465 ], [ 72.9942669, 19.1428645 ] ], [ [ 72.9942669, 19.1428645 ], [ 72.994031, 19.1428163 ] ], [ [ 72.994031, 19.1428163 ], [ 72.9937865, 19.1427652 ], [ 72.9937865, 19.1427652 ], [ 72.9937969, 19.1422525 ] ], [ [ 72.9937969, 19.1422525 ], [ 72.9932117, 19.1422071 ] ], [ [ 72.9932117, 19.1422071 ], [ 72.9932274, 19.1426583 ] ], [ [ 72.9932274, 19.1426583 ], [ 72.993263, 19.1434007 ] ], [ [ 72.993263, 19.1434007 ], [ 72.9925739, 19.1434143 ], [ 72.9925739, 19.1434143 ], [ 72.992507, 19.1433794 ], [ 72.9924525, 19.1433747 ] ], [ [ 72.9924525, 19.1433747 ], [ 72.9924102, 19.143371 ], [ 72.9923866, 19.1433657 ], [ 72.9918274, 19.1433758 ], [ 72.9916223, 19.143396 ] ], [ [ 72.9916223, 19.143396 ], [ 72.9915314, 19.143405 ], [ 72.9912946, 19.1434704 ], [ 72.991022, 19.1435756 ], [ 72.9904463, 19.1438456 ], [ 72.9904463, 19.1438456 ], [ 72.990515, 19.1439718 ], [ 72.990515, 19.1439718 ], [ 72.9906482, 19.1442288 ], [ 72.9906482, 19.1442288 ], [ 72.9907628, 19.1444289 ], [ 72.990799, 19.1445252 ] ], [ [ 72.990799, 19.1445252 ], [ 72.9907628, 19.1444289 ], [ 72.9906482, 19.1442288 ] ], [ [ 72.9906482, 19.1442288 ], [ 72.990515, 19.1439718 ] ], [ [ 72.990515, 19.1439718 ], [ 72.9904463, 19.1438456 ] ], [ [ 72.9904463, 19.1438456 ], [ 72.990153, 19.1439831 ] ], [ [ 72.990153, 19.1439831 ], [ 72.9895803, 19.1442515 ], [ 72.9889826, 19.1445564 ], [ 72.9884109, 19.1448573 ], [ 72.9880981, 19.1450314 ], [ 72.9880981, 19.1450314 ], [ 72.9880399, 19.1450679 ], [ 72.987988, 19.1451005 ], [ 72.987988, 19.1451005 ], [ 72.9880289, 19.1451599 ] ], [ [ 72.9880289, 19.1451599 ], [ 72.9881387, 19.1450909 ] ], [ [ 72.9881387, 19.1450909 ], [ 72.9880981, 19.1450314 ], [ 72.9880981, 19.1450314 ], [ 72.9880399, 19.1450679 ], [ 72.987988, 19.1451005 ], [ 72.987988, 19.1451005 ], [ 72.9874872, 19.1454215 ] ], [ [ 72.9874872, 19.1454215 ], [ 72.9875305, 19.1454786 ], [ 72.9875305, 19.1454786 ], [ 72.9875685, 19.1455233 ], [ 72.9876084, 19.1455741 ] ], [ [ 72.9876084, 19.1455741 ], [ 72.9875685, 19.1455233 ], [ 72.9875305, 19.1454786 ], [ 72.9875305, 19.1454786 ], [ 72.9874872, 19.1454215 ], [ 72.9874872, 19.1454215 ], [ 72.986606, 19.1459676 ], [ 72.986606, 19.1459676 ], [ 72.9866485, 19.1460264 ] ], [ [ 72.9866485, 19.1460264 ], [ 72.9866882, 19.1460813 ], [ 72.9867737, 19.1461995 ], [ 72.9869634, 19.1464618 ], [ 72.9870749, 19.146616 ] ], [ [ 72.9870749, 19.146616 ], [ 72.9871469, 19.1467155 ], [ 72.9873758, 19.147032 ], [ 72.9875373, 19.1472553 ] ], [ [ 72.9875373, 19.1472553 ], [ 72.9868849, 19.1476641 ] ], [ [ 72.9868849, 19.1476641 ], [ 72.9868265, 19.1477022 ], [ 72.9868265, 19.1477022 ], [ 72.9869184, 19.1478402 ], [ 72.9869482, 19.1478965 ], [ 72.9869687, 19.1479472 ], [ 72.9869882, 19.1480295 ], [ 72.9870002, 19.14844 ] ], [ [ 72.9870002, 19.14844 ], [ 72.9870864, 19.1484345 ] ], [ [ 72.9870864, 19.1484345 ], [ 72.9896052, 19.1484013 ] ], [ [ 72.9896052, 19.1484013 ], [ 72.9896368, 19.1489045 ], [ 72.9896473, 19.1490855 ] ], [ [ 72.9896473, 19.1490855 ], [ 72.9893259, 19.149124 ], [ 72.9868489, 19.1495566 ], [ 72.9863941, 19.149636 ], [ 72.9860056, 19.1497039 ] ], [ [ 72.9860056, 19.1497039 ], [ 72.9860296, 19.1498383 ] ], [ [ 72.9860296, 19.1498383 ], [ 72.9863956, 19.1497726 ], [ 72.9868712, 19.149686 ], [ 72.9893504, 19.1492427 ], [ 72.9897737, 19.1491939 ], [ 72.9900796, 19.1491587 ], [ 72.9901097, 19.1491552 ], [ 72.990122, 19.1491547 ], [ 72.9906005, 19.1491334 ], [ 72.9914595, 19.1491058 ], [ 72.9917048, 19.1490472 ], [ 72.9917447, 19.1490349 ] ], [ [ 72.9917447, 19.1490349 ], [ 72.9920199, 19.14895 ], [ 72.9923596, 19.1488906 ], [ 72.9925803, 19.1488233 ] ], [ [ 72.9925803, 19.1488233 ], [ 72.9926229, 19.1488152 ], [ 72.9926603, 19.1487944 ], [ 72.9926885, 19.1487633 ], [ 72.9927044, 19.1487251 ] ], [ [ 72.9927044, 19.1487251 ], [ 72.9927063, 19.1486841 ], [ 72.992694, 19.1486448 ], [ 72.9926687, 19.1486114 ], [ 72.9926336, 19.1485878 ], [ 72.9925924, 19.1485762 ], [ 72.9925493, 19.1485779 ] ], [ [ 72.9925493, 19.1485779 ], [ 72.9925092, 19.1485925 ], [ 72.9924762, 19.1486187 ], [ 72.9924762, 19.1486187 ], [ 72.9924188, 19.1486379 ], [ 72.9924188, 19.1486379 ], [ 72.9923251, 19.1485549 ] ], [ [ 72.9923251, 19.1485549 ], [ 72.9922444, 19.1484748 ], [ 72.9922444, 19.1484748 ], [ 72.99221, 19.1481685 ] ], [ [ 72.99221, 19.1481685 ], [ 72.9922444, 19.1484748 ], [ 72.9922444, 19.1484748 ], [ 72.9918858, 19.1483937 ] ], [ [ 72.9918858, 19.1483937 ], [ 72.9918417, 19.1484964 ], [ 72.9917787, 19.1485496 ], [ 72.9917215, 19.1485643 ], [ 72.9912134, 19.1485527 ], [ 72.9911252, 19.1485601 ], [ 72.9911013, 19.1485617 ] ], [ [ 72.9911013, 19.1485617 ], [ 72.9906429, 19.1485933 ] ], [ [ 72.9906429, 19.1485933 ], [ 72.9906349, 19.1482619 ], [ 72.9906349, 19.1482619 ], [ 72.9907416, 19.1482577 ] ], [ [ 72.9907416, 19.1482577 ], [ 72.9906349, 19.1482619 ], [ 72.9906349, 19.1482619 ], [ 72.9903991, 19.1482711 ] ], [ [ 72.9903991, 19.1482711 ], [ 72.9903584, 19.1477926 ], [ 72.9903256, 19.1475258 ] ], [ [ 72.9903256, 19.1475258 ], [ 72.9904295, 19.1474639 ], [ 72.9904778, 19.1473954 ], [ 72.9904778, 19.1473954 ], [ 72.9906804, 19.1474679 ] ], [ [ 72.9906804, 19.1474679 ], [ 72.9908393, 19.1475202 ], [ 72.9909405, 19.1475424 ], [ 72.991029, 19.14755 ], [ 72.9913025, 19.1475294 ], [ 72.9914206, 19.1475253 ], [ 72.9915339, 19.1475323 ], [ 72.9916418, 19.1475477 ] ], [ [ 72.9916418, 19.1475477 ], [ 72.99178, 19.147562 ], [ 72.9918792, 19.1475723 ] ], [ [ 72.9918792, 19.1475723 ], [ 72.992456, 19.1476319 ] ], [ [ 72.992456, 19.1476319 ], [ 72.9918792, 19.1475723 ], [ 72.9918792, 19.1475723 ], [ 72.99178, 19.147562 ], [ 72.9916418, 19.1475477 ], [ 72.9916418, 19.1475477 ], [ 72.9916044, 19.1473757 ], [ 72.9914535, 19.1472069 ], [ 72.9913025, 19.1469944 ], [ 72.991019, 19.1470322 ], [ 72.9909821, 19.1467091 ], [ 72.9909968, 19.1464763 ] ], [ [ 72.9909968, 19.1464763 ], [ 72.9910048, 19.1462356 ], [ 72.9909914, 19.1460151 ], [ 72.9909539, 19.1458631 ], [ 72.9908624, 19.1457439 ] ], [ [ 72.9908624, 19.1457439 ], [ 72.9905033, 19.145706 ], [ 72.9904328, 19.1457031 ] ], [ [ 72.9904328, 19.1457031 ], [ 72.9900641, 19.1456822 ] ], [ [ 72.9900641, 19.1456822 ], [ 72.9900343, 19.1453334 ] ], [ [ 72.9900343, 19.1453334 ], [ 72.9908753, 19.1453172 ], [ 72.9908753, 19.1453172 ], [ 72.9908681, 19.1450187 ] ], [ [ 72.9908681, 19.1450187 ], [ 72.9908753, 19.1453172 ] ], [ [ 72.9908753, 19.1453172 ], [ 72.9914292, 19.1452977 ] ], [ [ 72.9914292, 19.1452977 ], [ 72.9914555, 19.1452965 ], [ 72.9916711, 19.1452867 ] ], [ [ 72.9916711, 19.1452867 ], [ 72.9916473, 19.1449921 ], [ 72.9916446, 19.1449135 ], [ 72.9916687, 19.1448413 ], [ 72.9917036, 19.1448109 ], [ 72.9917492, 19.1447894 ], [ 72.9917893, 19.1447848 ] ], [ [ 72.9917893, 19.1447848 ], [ 72.9922037, 19.1447559 ] ], [ [ 72.9922037, 19.1447559 ], [ 72.9926167, 19.1447585 ], [ 72.9926167, 19.1447585 ], [ 72.9926411, 19.1446934 ] ], [ [ 72.9926411, 19.1446934 ], [ 72.9927175, 19.144617 ] ], [ [ 72.9927175, 19.144617 ], [ 72.9926895, 19.1441018 ] ], [ [ 72.9926895, 19.1441018 ], [ 72.9927466, 19.1441003 ], [ 72.9932215, 19.1440878 ] ], [ [ 72.9932215, 19.1440878 ], [ 72.9927466, 19.1441003 ], [ 72.9926895, 19.1441018 ], [ 72.9926895, 19.1441018 ], [ 72.9926609, 19.143678 ], [ 72.9926599, 19.1436607 ], [ 72.9926506, 19.1435079 ], [ 72.9925739, 19.1434143 ], [ 72.9925739, 19.1434143 ], [ 72.9925438, 19.1425257 ], [ 72.9925324, 19.1421883 ] ], [ [ 72.9925324, 19.1421883 ], [ 72.992413, 19.1421808 ], [ 72.9924525, 19.1433747 ], [ 72.9924525, 19.1433747 ], [ 72.9924902, 19.1434965 ], [ 72.9924902, 19.1434965 ], [ 72.9925359, 19.1435171 ], [ 72.9925359, 19.1435171 ], [ 72.9926127, 19.1446163 ], [ 72.9926196, 19.1446627 ], [ 72.9926411, 19.1446934 ] ], [ [ 72.9926411, 19.1446934 ], [ 72.9926167, 19.1447585 ], [ 72.9926167, 19.1447585 ], [ 72.992649, 19.1452138 ] ], [ [ 72.992649, 19.1452138 ], [ 72.9926667, 19.1454382 ], [ 72.9926967, 19.1459673 ], [ 72.9926967, 19.1459673 ], [ 72.9923889, 19.1459756 ] ], [ [ 72.9923889, 19.1459756 ], [ 72.9923774, 19.1457993 ], [ 72.992363, 19.1457502 ], [ 72.9923338, 19.1456206 ] ], [ [ 72.9923338, 19.1456206 ], [ 72.992363, 19.1457502 ], [ 72.9923774, 19.1457993 ], [ 72.9923889, 19.1459756 ] ], [ [ 72.9923889, 19.1459756 ], [ 72.9926967, 19.1459673 ] ], [ [ 72.9926967, 19.1459673 ], [ 72.9927129, 19.1463694 ], [ 72.9927423, 19.1464206 ], [ 72.9927684, 19.1464446 ], [ 72.9928147, 19.1464535 ], [ 72.9929335, 19.1464475 ], [ 72.9931898, 19.1464344 ], [ 72.9931898, 19.1464344 ], [ 72.9931936, 19.1467018 ], [ 72.9931962, 19.1468386 ] ], [ [ 72.9931962, 19.1468386 ], [ 72.9933665, 19.1468728 ], [ 72.9935449, 19.1469159 ], [ 72.9937286, 19.1469843 ], [ 72.9938171, 19.1471262 ], [ 72.9938563, 19.1473363 ] ], [ [ 72.9938563, 19.1473363 ], [ 72.9940521, 19.1473036 ], [ 72.9941551, 19.1473017 ], [ 72.9942544, 19.1473042 ], [ 72.9942544, 19.1473042 ], [ 72.9944059, 19.1473549 ], [ 72.9945105, 19.1474297 ], [ 72.9945749, 19.1475259 ], [ 72.9946098, 19.1475753 ] ], [ [ 72.9946098, 19.1475753 ], [ 72.9946985, 19.1475724 ], [ 72.9947186, 19.1475718 ], [ 72.9949589, 19.147564 ], [ 72.9951006, 19.1475594 ], [ 72.9951006, 19.1475594 ], [ 72.9951297, 19.1481171 ] ], [ [ 72.9951297, 19.1481171 ], [ 72.9951958, 19.1482272 ], [ 72.9951958, 19.1482272 ], [ 72.9952114, 19.1484998 ], [ 72.995225, 19.14881 ] ], [ [ 72.995225, 19.14881 ], [ 72.9959022, 19.1487804 ] ], [ [ 72.9959022, 19.1487804 ], [ 72.995225, 19.14881 ], [ 72.995225, 19.14881 ], [ 72.9952774, 19.1498515 ], [ 72.9952774, 19.1498515 ], [ 72.9959559, 19.14983 ], [ 72.9972996, 19.1497873 ], [ 72.9972996, 19.1497873 ], [ 72.9972527, 19.1487229 ] ], [ [ 72.9972527, 19.1487229 ], [ 72.9970817, 19.1487281 ], [ 72.9969376, 19.1487324 ], [ 72.9968638, 19.1487354 ], [ 72.9966155, 19.1487454 ] ], [ [ 72.9966155, 19.1487454 ], [ 72.9968638, 19.1487354 ], [ 72.9969376, 19.1487324 ], [ 72.9970817, 19.1487281 ], [ 72.9972527, 19.1487229 ] ], [ [ 72.9972527, 19.1487229 ], [ 72.9972996, 19.1497873 ] ], [ [ 72.9972996, 19.1497873 ], [ 72.9973534, 19.1497856 ], [ 72.9973534, 19.1497856 ], [ 72.9973717, 19.1503083 ] ], [ [ 72.9973717, 19.1503083 ], [ 72.9983652, 19.1502792 ], [ 72.9983553, 19.1497538 ] ], [ [ 72.9983553, 19.1497538 ], [ 72.9990662, 19.1497312 ] ], [ [ 72.9990662, 19.1497312 ], [ 72.9995825, 19.1497148 ] ], [ [ 72.9995825, 19.1497148 ], [ 72.9995881, 19.1500262 ], [ 72.9995919, 19.1502418 ], [ 72.999604, 19.1503467 ] ], [ [ 72.999604, 19.1503467 ], [ 72.9997081, 19.151248 ] ], [ [ 72.9997081, 19.151248 ], [ 72.9991877, 19.1512632 ], [ 72.9991877, 19.1512632 ], [ 72.9987942, 19.1512624 ], [ 72.9987942, 19.1512624 ], [ 72.9985706, 19.151262 ] ], [ [ 72.9985706, 19.151262 ], [ 72.9983809, 19.1512616 ] ], [ [ 72.9983809, 19.1512616 ], [ 72.9985706, 19.151262 ], [ 72.9985706, 19.151262 ], [ 72.9987942, 19.1512624 ] ], [ [ 72.9987942, 19.1512624 ], [ 72.9987981, 19.151528 ], [ 72.9987981, 19.151528 ], [ 72.9988736, 19.1515292 ] ], [ [ 72.9988736, 19.1515292 ], [ 72.9987981, 19.151528 ], [ 72.9987981, 19.151528 ], [ 72.9986118, 19.151536 ] ], [ [ 72.9986118, 19.151536 ], [ 72.9985631, 19.1515405 ] ], [ [ 72.9985631, 19.1515405 ], [ 72.9983566, 19.1515492 ] ], [ [ 72.9983566, 19.1515492 ], [ 72.997987, 19.1515526 ], [ 72.9975106, 19.1515534 ] ], [ [ 72.9975106, 19.1515534 ], [ 72.9975218, 19.1512731 ] ], [ [ 72.9975218, 19.1512731 ], [ 72.9971498, 19.1512557 ], [ 72.9971498, 19.1512557 ], [ 72.9968384, 19.151267 ], [ 72.9966812, 19.151285 ] ], [ [ 72.9966812, 19.151285 ], [ 72.9966024, 19.1515379 ] ], [ [ 72.9966024, 19.1515379 ], [ 72.9975106, 19.1515534 ] ], [ [ 72.9975106, 19.1515534 ], [ 72.9975177, 19.1516243 ], [ 72.997514, 19.1521464 ] ], [ [ 72.997514, 19.1521464 ], [ 72.997514, 19.1521621 ], [ 72.997514, 19.1521621 ], [ 72.9975147, 19.1525618 ] ], [ [ 72.9975147, 19.1525618 ], [ 72.9975151, 19.1527982 ], [ 72.9975151, 19.1527982 ], [ 72.9977486, 19.1528057 ], [ 72.9977922, 19.1528234 ] ], [ [ 72.9977922, 19.1528234 ], [ 72.9978096, 19.1528513 ], [ 72.9978177, 19.1529007 ], [ 72.9978222, 19.1533988 ] ], [ [ 72.9978222, 19.1533988 ], [ 72.9978298, 19.1539826 ], [ 72.9978231, 19.154001 ], [ 72.9978137, 19.1540108 ], [ 72.9977989, 19.1540168 ], [ 72.9976139, 19.1540169 ], [ 72.9975887, 19.1540164 ], [ 72.9975021, 19.1540146 ] ], [ [ 72.9975021, 19.1540146 ], [ 72.997497, 19.1546448 ], [ 72.9974975, 19.1546598 ] ], [ [ 72.9974975, 19.1546598 ], [ 72.9977244, 19.1546657 ] ], [ [ 72.9977244, 19.1546657 ], [ 72.997999, 19.1546667 ], [ 72.997999, 19.1546667 ], [ 72.9982821, 19.1546708 ] ], [ [ 72.9982821, 19.1546708 ], [ 72.998341, 19.1546704 ] ], [ [ 72.998341, 19.1546704 ], [ 72.9983485, 19.1540326 ], [ 72.9986076, 19.1540293 ] ], [ [ 72.9986076, 19.1540293 ], [ 72.9985887, 19.153668 ], [ 72.9985887, 19.153668 ], [ 72.9985891, 19.1534078 ], [ 72.9985891, 19.1534078 ], [ 72.9985943, 19.1531425 ], [ 72.9985943, 19.1531425 ], [ 72.9985943, 19.1531148 ], [ 72.9985943, 19.1531148 ], [ 72.9985102, 19.1531062 ], [ 72.9983185, 19.1531067 ] ], [ [ 72.9983185, 19.1531067 ], [ 72.9985102, 19.1531062 ], [ 72.9985943, 19.1531148 ] ], [ [ 72.9985943, 19.1531148 ], [ 72.9985948, 19.1527949 ] ], [ [ 72.9985948, 19.1527949 ], [ 72.9983328, 19.1527898 ] ], [ [ 72.9983328, 19.1527898 ], [ 72.9983615, 19.1525698 ], [ 72.9983627, 19.1523877 ], [ 72.9983643, 19.1521385 ] ], [ [ 72.9983643, 19.1521385 ], [ 72.9983579, 19.1518295 ], [ 72.9983579, 19.1518295 ], [ 72.998595, 19.15183 ] ], [ [ 72.998595, 19.15183 ], [ 72.9985954, 19.1523272 ], [ 72.9985954, 19.1523272 ], [ 72.9988835, 19.1523244 ] ], [ [ 72.9988835, 19.1523244 ], [ 72.9991836, 19.1523093 ] ], [ [ 72.9991836, 19.1523093 ], [ 72.9988835, 19.1523244 ], [ 72.9988835, 19.1523244 ], [ 72.9988811, 19.1531503 ] ], [ [ 72.9988811, 19.1531503 ], [ 72.9991674, 19.1531581 ], [ 72.9991674, 19.1531581 ], [ 72.9991989, 19.153415 ] ], [ [ 72.9991989, 19.153415 ], [ 72.9995828, 19.1534195 ] ], [ [ 72.9995828, 19.1534195 ], [ 72.9995207, 19.1536705 ], [ 72.9995207, 19.1536705 ], [ 72.999169, 19.1536671 ] ], [ [ 72.999169, 19.1536671 ], [ 72.9988769, 19.1536661 ] ], [ [ 72.9988769, 19.1536661 ], [ 72.9988783, 19.1542061 ] ], [ [ 72.9988783, 19.1542061 ], [ 72.9988765, 19.154677 ] ], [ [ 72.9988765, 19.154677 ], [ 72.9986001, 19.1546793 ] ], [ [ 72.9986001, 19.1546793 ], [ 72.9985876, 19.1552938 ] ], [ [ 72.9985876, 19.1552938 ], [ 72.9985938, 19.1555439 ], [ 72.9985938, 19.1555439 ], [ 72.9990569, 19.155546 ] ], [ [ 72.9990569, 19.155546 ], [ 72.9985938, 19.1555439 ], [ 72.9985938, 19.1555439 ], [ 72.9985876, 19.1552938 ], [ 72.9985876, 19.1552938 ], [ 72.9982827, 19.1552925 ] ], [ [ 72.9982827, 19.1552925 ], [ 72.9979916, 19.1552912 ] ], [ [ 72.9979916, 19.1552912 ], [ 72.9977233, 19.1552901 ], [ 72.9977233, 19.1552901 ], [ 72.9975103, 19.1552891 ] ], [ [ 72.9975103, 19.1552891 ], [ 72.9975206, 19.1555571 ] ], [ [ 72.9975206, 19.1555571 ], [ 72.9970787, 19.1555617 ], [ 72.9964024, 19.1555687 ] ], [ [ 72.9964024, 19.1555687 ], [ 72.9962622, 19.1555658 ], [ 72.9962622, 19.1555658 ], [ 72.9962646, 19.1552838 ] ], [ [ 72.9962646, 19.1552838 ], [ 72.9962622, 19.1555658 ] ], [ [ 72.9962622, 19.1555658 ], [ 72.9955996, 19.1555743 ] ], [ [ 72.9955996, 19.1555743 ], [ 72.9956478, 19.1552805 ], [ 72.9956478, 19.1552805 ], [ 72.9957421, 19.1546294 ] ], [ [ 72.9957421, 19.1546294 ], [ 72.9958298, 19.1540245 ], [ 72.9958298, 19.1540245 ], [ 72.9962754, 19.1540188 ] ], [ [ 72.9962754, 19.1540188 ], [ 72.9962808, 19.1533853 ] ], [ [ 72.9962808, 19.1533853 ], [ 72.9962862, 19.1527572 ] ], [ [ 72.9962862, 19.1527572 ], [ 72.9959911, 19.1527473 ] ], [ [ 72.9959911, 19.1527473 ], [ 72.9961416, 19.1523835 ] ], [ [ 72.9961416, 19.1523835 ], [ 72.9958836, 19.152095 ], [ 72.9958602, 19.1520735 ], [ 72.9958301, 19.1520602 ], [ 72.9957911, 19.1520518 ], [ 72.9952622, 19.1520253 ] ], [ [ 72.9952622, 19.1520253 ], [ 72.995354, 19.1513719 ] ], [ [ 72.995354, 19.1513719 ], [ 72.995321, 19.1507165 ], [ 72.9952774, 19.1498515 ] ], [ [ 72.9952774, 19.1498515 ], [ 72.994458, 19.1498803 ] ], [ [ 72.994458, 19.1498803 ], [ 72.9944388, 19.149285 ], [ 72.9944502, 19.1492534 ], [ 72.994479, 19.1492344 ], [ 72.9945498, 19.1492138 ], [ 72.9945756, 19.1492103 ], [ 72.9945868, 19.1491883 ], [ 72.994589, 19.1491742 ], [ 72.9945757, 19.1488286 ] ], [ [ 72.9945757, 19.1488286 ], [ 72.995225, 19.14881 ], [ 72.995225, 19.14881 ], [ 72.9952114, 19.1484998 ], [ 72.9951958, 19.1482272 ] ], [ [ 72.9951958, 19.1482272 ], [ 72.9952429, 19.1481138 ] ], [ [ 72.9952429, 19.1481138 ], [ 72.9952241, 19.1477837 ], [ 72.9952111, 19.1475559 ] ], [ [ 72.9952111, 19.1475559 ], [ 72.9951379, 19.1463673 ] ], [ [ 72.9951379, 19.1463673 ], [ 72.9950424, 19.1463727 ] ], [ [ 72.9950424, 19.1463727 ], [ 72.9942424, 19.146406 ] ], [ [ 72.9942424, 19.146406 ], [ 72.9940584, 19.1464028 ], [ 72.9940584, 19.1464028 ], [ 72.9940455, 19.146072 ] ], [ [ 72.9940455, 19.146072 ], [ 72.9940265, 19.145615 ], [ 72.9940097, 19.1452097 ], [ 72.9940028, 19.1450423 ], [ 72.9939989, 19.1449488 ], [ 72.9939875, 19.144673 ], [ 72.9939875, 19.144673 ], [ 72.9939875, 19.1445712 ] ], [ [ 72.9939875, 19.1445712 ], [ 72.9939875, 19.144673 ] ], [ [ 72.9939875, 19.144673 ], [ 72.994858, 19.1446237 ], [ 72.9949888, 19.1446163 ], [ 72.9949888, 19.1446163 ], [ 72.9950927, 19.1446116 ] ], [ [ 72.9950927, 19.1446116 ], [ 72.9951234, 19.1446063 ], [ 72.9951623, 19.1445936 ], [ 72.9952047, 19.1445648 ], [ 72.9952047, 19.1445648 ], [ 72.9965662, 19.1445321 ] ], [ [ 72.9965662, 19.1445321 ], [ 72.9970171, 19.1445184 ], [ 72.9970171, 19.1445184 ], [ 72.9975746, 19.1445015 ], [ 72.9978552, 19.144493 ], [ 72.9983252, 19.1444788 ] ], [ [ 72.9983252, 19.1444788 ], [ 72.9998099, 19.144437 ] ], [ [ 72.9998099, 19.144437 ], [ 73.0007624, 19.1444049 ] ], [ [ 73.0007624, 19.1444049 ], [ 73.001226, 19.143519 ], [ 73.0012941, 19.143346 ], [ 73.001423, 19.1428851 ] ], [ [ 73.001423, 19.1428851 ], [ 73.0011858, 19.1427845 ] ], [ [ 73.0011858, 19.1427845 ], [ 73.001423, 19.1428851 ] ], [ [ 73.001423, 19.1428851 ], [ 73.0015017, 19.1427272 ] ], [ [ 73.0015017, 19.1427272 ], [ 73.0015353, 19.1426651 ] ], [ [ 73.0015353, 19.1426651 ], [ 73.0014066, 19.1425102 ], [ 73.0013434, 19.1424094 ], [ 73.0006011, 19.14172 ] ], [ [ 73.0006011, 19.14172 ], [ 73.0002511, 19.1413949 ], [ 73.0002511, 19.1413949 ], [ 73.0001393, 19.1413663 ], [ 73.0001393, 19.1413663 ], [ 72.999993, 19.1416157 ], [ 72.9999527, 19.1417221 ], [ 72.9999433, 19.1419071 ], [ 72.9999658, 19.1420452 ] ], [ [ 72.9999658, 19.1420452 ], [ 72.9999433, 19.1419071 ], [ 72.9999527, 19.1417221 ], [ 72.999993, 19.1416157 ], [ 73.0001393, 19.1413663 ] ], [ [ 73.0001393, 19.1413663 ], [ 72.9999319, 19.1412579 ], [ 72.9999117, 19.1412067 ] ], [ [ 72.9999117, 19.1412067 ], [ 72.9999605, 19.1410265 ], [ 73.0000015, 19.1407756 ], [ 73.0000203, 19.1403809 ], [ 73.0000203, 19.1403809 ], [ 73.0001031, 19.1403626 ] ], [ [ 73.0001031, 19.1403626 ], [ 73.0000203, 19.1403809 ], [ 73.0000203, 19.1403809 ], [ 72.9998159, 19.140426 ], [ 72.9996643, 19.1404631 ], [ 72.9995981, 19.1404814 ], [ 72.9995981, 19.1404814 ], [ 72.9995001, 19.1401156 ], [ 72.9997415, 19.1400586 ] ], [ [ 72.9997415, 19.1400586 ], [ 72.9995001, 19.1401156 ], [ 72.9995981, 19.1404814 ] ], [ [ 72.9995981, 19.1404814 ], [ 72.9995142, 19.1405248 ], [ 72.9994222, 19.140611 ], [ 72.9992601, 19.1407652 ] ], [ [ 72.9992601, 19.1407652 ], [ 72.9992634, 19.1409391 ], [ 72.9992634, 19.1411013 ], [ 72.9992849, 19.1412483 ], [ 72.9992849, 19.1412483 ], [ 72.9987706, 19.1412315 ] ], [ [ 72.9987706, 19.1412315 ], [ 72.9985557, 19.1412356 ], [ 72.9984555, 19.1412384 ] ], [ [ 72.9984555, 19.1412384 ], [ 72.9977426, 19.1412584 ], [ 72.9977426, 19.1412584 ], [ 72.9977453, 19.1410886 ], [ 72.9977801, 19.1409695 ], [ 72.9978713, 19.1408099 ], [ 72.9979116, 19.1407035 ], [ 72.9979169, 19.1405565 ], [ 72.9978928, 19.1404298 ], [ 72.9978552, 19.1402905 ], [ 72.9979861, 19.1400739 ], [ 72.9979861, 19.1400739 ], [ 72.9983946, 19.1402318 ], [ 72.9986974, 19.1403878 ] ], [ [ 72.9986974, 19.1403878 ], [ 72.9983946, 19.1402318 ], [ 72.9979861, 19.1400739 ] ], [ [ 72.9979861, 19.1400739 ], [ 72.9978552, 19.1402905 ], [ 72.9978928, 19.1404298 ], [ 72.9979169, 19.1405565 ], [ 72.9979116, 19.1407035 ], [ 72.9978713, 19.1408099 ], [ 72.9977801, 19.1409695 ], [ 72.9977453, 19.1410886 ], [ 72.9977426, 19.1412584 ], [ 72.9977426, 19.1412584 ], [ 72.9975402, 19.1412652 ], [ 72.9974381, 19.1412686 ], [ 72.9973872, 19.1412703 ], [ 72.9973577, 19.1412673 ], [ 72.9971708, 19.1412725 ], [ 72.9969461, 19.1412625 ], [ 72.9969461, 19.1412625 ], [ 72.9967367, 19.1412425 ], [ 72.9965614, 19.1412281 ], [ 72.9963685, 19.1411936 ], [ 72.9962297, 19.1411603 ], [ 72.9960206, 19.1411368 ], [ 72.9960206, 19.1411368 ], [ 72.9960836, 19.1396933 ], [ 72.9960858, 19.13953 ], [ 72.9960892, 19.1394295 ], [ 72.9960895, 19.1394034 ] ], [ [ 72.9960895, 19.1394034 ], [ 72.9960875, 19.1393114 ], [ 72.9960917, 19.139233 ], [ 72.9960906, 19.1391062 ], [ 72.9960894, 19.1385801 ] ], [ [ 72.9960894, 19.1385801 ], [ 72.9960906, 19.1391062 ], [ 72.9960917, 19.139233 ], [ 72.9960875, 19.1393114 ], [ 72.9960895, 19.1394034 ] ], [ [ 72.9960895, 19.1394034 ], [ 72.9960892, 19.1394295 ], [ 72.9960858, 19.13953 ], [ 72.9960836, 19.1396933 ], [ 72.9960206, 19.1411368 ], [ 72.9960206, 19.1411368 ], [ 72.9960059, 19.1416651 ], [ 72.995969, 19.1420509 ] ], [ [ 72.995969, 19.1420509 ], [ 72.9960059, 19.1416651 ], [ 72.9960206, 19.1411368 ] ], [ [ 72.9960206, 19.1411368 ], [ 72.9962297, 19.1411603 ], [ 72.9963685, 19.1411936 ], [ 72.9965614, 19.1412281 ], [ 72.9967367, 19.1412425 ], [ 72.9969461, 19.1412625 ], [ 72.9969461, 19.1412625 ], [ 72.9969648, 19.1410443 ], [ 72.9969537, 19.140794 ], [ 72.9969537, 19.140794 ], [ 72.9973117, 19.1407896 ] ], [ [ 72.9973117, 19.1407896 ], [ 72.9969537, 19.140794 ], [ 72.9969537, 19.140794 ], [ 72.9969513, 19.1407396 ], [ 72.9969472, 19.1406131 ], [ 72.9969472, 19.1406131 ], [ 72.9964247, 19.1406324 ], [ 72.9964302, 19.1408363 ] ], [ [ 72.9964302, 19.1408363 ], [ 72.9964247, 19.1406324 ], [ 72.9969472, 19.1406131 ] ], [ [ 72.9969472, 19.1406131 ], [ 72.9969446, 19.140535 ] ], [ [ 72.9969446, 19.140535 ], [ 72.9975146, 19.1405764 ] ], [ [ 72.9975146, 19.1405764 ], [ 72.9969446, 19.140535 ], [ 72.9969446, 19.140535 ], [ 72.9969243, 19.1402067 ], [ 72.9966759, 19.1401861 ], [ 72.9967797, 19.1398731 ] ], [ [ 72.9967797, 19.1398731 ], [ 72.9966759, 19.1401861 ], [ 72.9969243, 19.1402067 ], [ 72.9969446, 19.140535 ], [ 72.9969446, 19.140535 ], [ 72.9969472, 19.1406131 ], [ 72.9969472, 19.1406131 ], [ 72.9969513, 19.1407396 ], [ 72.9969537, 19.140794 ] ], [ [ 72.9969537, 19.140794 ], [ 72.9969648, 19.1410443 ], [ 72.9969461, 19.1412625 ] ], [ [ 72.9969461, 19.1412625 ], [ 72.9971708, 19.1412725 ], [ 72.9973577, 19.1412673 ], [ 72.9973872, 19.1412703 ], [ 72.9974381, 19.1412686 ], [ 72.9975402, 19.1412652 ], [ 72.9977426, 19.1412584 ] ] ] } },
{ "type": "Feature", "properties": { "point_ids": [ 8549, 2571, 1037, 4246, 4883, 8327, 5785, 2180, 6507, 4452, 6306, 6755, 3992, 1149, 794, 8471, 7503, 2465, 4628, 8904, 7927, 406, 5771, 3160, 9456, 9888, 6891, 1554, 8063, 7919, 7853, 5686, 2727, 404, 2874, 7275, 8591, 9936, 4552, 9823, 2435, 2171, 8399, 7421, 6700, 9909, 3466, 3777, 4745, 6475, 3244, 8304, 5583, 2598, 7608, 6317, 6148, 9448, 3051, 2935, 770, 8117, 6439, 6297, 6055, 3790, 3430, 707, 7800, 9288, 6786, 4549, 4444, 4351, 7394, 4674, 3063, 3746, 3850, 1806, 7705, 6671, 6398, 7438, 7360, 5567, 9698, 1868, 9215, 1697, 1570, 8239, 3658, 2857, 9672, 3629, 5355, 2667, 427, 5608, 9019, 4523, 8555, 8341, 6264, 5335, 5965, 7091, 7513, 8488, 9189, 7728, 2593, 4356, 7891, 9872, 1855, 2152, 2575, 4597, 6097, 7681, 2374, 5072, 6220, 8088, 724, 4109, 4574, 7167, 9676, 9701, 8716, 8388, 7970, 2958, 5951, 4307, 1560, 9447, 4101, 9227, 8322, 7102, 3568, 458, 850, 5906, 2449, 2266, 7419, 7854, 548, 3573, 6827, 8136, 2451, 2395, 1744, 4457, 243, 704, 540, 1618, 467, 3607, 1833, 4311, 3181, 1176, 5710, 3041, 6816, 5973, 3673, 3218, 8222, 5416, 9873, 8838, 5140, 4870, 5859, 4132, 3359, 3734, 8600, 8623 ], "length_m": 19994.994347174415, "travel_time_min": 38.649573284071344, "n_points": 188, "route_id": 9, "cluster_id": 2 }, "geometry": { "type": "MultiLineString", "coordinates": [ [ [ 72.9977426, 19.1412584 ], [ 72.9984555, 19.1412384 ], [ 72.9984555, 19.1412384 ], [ 72.9984673, 19.1408997 ] ], [ [ 72.9984673, 19.1408997 ], [ 72.9984555, 19.1412384 ], [ 72.9984555, 19.1412384 ], [ 72.9985557, 19.1412356 ], [ 72.9987706, 19.1412315 ], [ 72.9987706, 19.1412315 ], [ 72.9987247, 19.1413387 ], [ 72.9986946, 19.1414086 ], [ 72.9986427, 19.1414969 ], [ 72.9985565, 19.1416263 ], [ 72.9985565, 19.1416263 ], [ 72.9979482, 19.1415738 ], [ 72.9979165, 19.1415859 ], [ 72.9979037, 19.1416238 ], [ 72.9978973, 19.141789 ] ], [ [ 72.9978973, 19.141789 ], [ 72.9979037, 19.1416238 ], [ 72.9979165, 19.1415859 ], [ 72.9979482, 19.1415738 ], [ 72.9985565, 19.1416263 ] ], [ [ 72.9985565, 19.1416263 ], [ 72.9984807, 19.1417401 ] ], [ [ 72.9984807, 19.1417401 ], [ 72.9983783, 19.1419223 ], [ 72.9983541, 19.1419768 ], [ 72.9982924, 19.1421275 ] ], [ [ 72.9982924, 19.1421275 ], [ 72.9982817, 19.1423771 ], [ 72.9982512, 19.1425004 ], [ 72.9982475, 19.1425779 ], [ 72.9982475, 19.1425779 ], [ 72.9982737, 19.1429181 ], [ 72.9982737, 19.1429181 ], [ 72.9975876, 19.1429606 ], [ 72.9975876, 19.1429606 ], [ 72.9976121, 19.143456 ] ], [ [ 72.9976121, 19.143456 ], [ 72.9976138, 19.1436948 ], [ 72.9976179, 19.1437606 ], [ 72.9976407, 19.143805 ], [ 72.9976809, 19.1438265 ], [ 72.9977426, 19.1438341 ], [ 72.9980472, 19.1438205 ], [ 72.998338, 19.1438075 ] ], [ [ 72.998338, 19.1438075 ], [ 72.9983333, 19.1434824 ], [ 72.9983327, 19.1434401 ], [ 72.9983327, 19.1434401 ], [ 72.9983157, 19.143224 ], [ 72.9983112, 19.1431664 ], [ 72.9982737, 19.1429181 ] ], [ [ 72.9982737, 19.1429181 ], [ 72.9982475, 19.1425779 ] ], [ [ 72.9982475, 19.1425779 ], [ 72.9982512, 19.1425004 ], [ 72.9982817, 19.1423771 ], [ 72.9982924, 19.1421275 ] ], [ [ 72.9982924, 19.1421275 ], [ 72.9983541, 19.1419768 ], [ 72.9983783, 19.1419223 ], [ 72.9984807, 19.1417401 ], [ 72.9984807, 19.1417401 ], [ 72.9987851, 19.141888 ], [ 72.9988661, 19.1418935 ], [ 72.9990891, 19.141902 ], [ 72.999335, 19.1418993 ], [ 72.999335, 19.1418993 ], [ 72.9993409, 19.1421533 ], [ 72.9993338, 19.1422593 ], [ 72.9993338, 19.1422593 ], [ 73.000054, 19.142245 ], [ 73.0000739, 19.1422564 ], [ 73.0000982, 19.1422622 ], [ 73.0003463, 19.1422523 ], [ 73.0006635, 19.1422315 ], [ 73.0007495, 19.1422298 ] ], [ [ 73.0007495, 19.1422298 ], [ 73.0006635, 19.1422315 ], [ 73.0003463, 19.1422523 ], [ 73.0000982, 19.1422622 ], [ 73.0000739, 19.1422564 ], [ 73.000054, 19.142245 ], [ 72.9993338, 19.1422593 ], [ 72.9993338, 19.1422593 ], [ 72.9993251, 19.1423904 ], [ 72.999301, 19.1425976 ], [ 72.9993063, 19.1426863 ], [ 72.9993573, 19.142761 ], [ 72.999427, 19.1427851 ], [ 72.9995316, 19.1427838 ], [ 72.9998159, 19.1427483 ] ], [ [ 72.9998159, 19.1427483 ], [ 72.9995316, 19.1427838 ], [ 72.999427, 19.1427851 ], [ 72.9993573, 19.142761 ], [ 72.9993063, 19.1426863 ], [ 72.999301, 19.1425976 ], [ 72.9993251, 19.1423904 ], [ 72.9993338, 19.1422593 ] ], [ [ 72.9993338, 19.1422593 ], [ 72.9993409, 19.1421533 ], [ 72.999335, 19.1418993 ] ], [ [ 72.999335, 19.1418993 ], [ 72.9993157, 19.1415004 ], [ 72.9992849, 19.1412483 ], [ 72.9992849, 19.1412483 ], [ 72.9992634, 19.1411013 ], [ 72.9992634, 19.1409391 ], [ 72.9992601, 19.1407652 ], [ 72.9992601, 19.1407652 ], [ 72.9991258, 19.1405967 ], [ 72.9990954, 19.1404379 ], [ 72.9991421, 19.1402438 ], [ 72.9991392, 19.1397637 ], [ 72.9990995, 19.1395938 ], [ 72.9989442, 19.1392536 ], [ 72.9989442, 19.1392536 ], [ 72.9987764, 19.1391583 ], [ 72.9986038, 19.1389912 ], [ 72.9986038, 19.1389912 ], [ 72.9984952, 19.1388545 ], [ 72.9982868, 19.1384549 ], [ 72.9982868, 19.1384549 ], [ 72.9982545, 19.1383502 ], [ 72.9982585, 19.1381684 ] ], [ [ 72.9982585, 19.1381684 ], [ 72.9982637, 19.1379296 ], [ 72.9982986, 19.1377373 ], [ 72.9981517, 19.1376616 ], [ 72.9980432, 19.1376238 ], [ 72.9976823, 19.1375836 ], [ 72.9974157, 19.1375435 ], [ 72.9972749, 19.1374988 ], [ 72.9971243, 19.1374743 ], [ 72.9970312, 19.1374767 ], [ 72.9969676, 19.13749 ], [ 72.9969173, 19.1374666 ], [ 72.9967909, 19.1374204 ], [ 72.9967167, 19.137389 ] ], [ [ 72.9967167, 19.137389 ], [ 72.9967909, 19.1374204 ], [ 72.9969173, 19.1374666 ], [ 72.9969676, 19.13749 ], [ 72.9970312, 19.1374767 ], [ 72.9971243, 19.1374743 ], [ 72.9972749, 19.1374988 ], [ 72.9974157, 19.1375435 ], [ 72.9976823, 19.1375836 ], [ 72.9980432, 19.1376238 ], [ 72.9981517, 19.1376616 ], [ 72.9982986, 19.1377373 ], [ 72.9982637, 19.1379296 ], [ 72.9982585, 19.1381684 ] ], [ [ 72.9982585, 19.1381684 ], [ 72.9982545, 19.1383502 ], [ 72.9982868, 19.1384549 ] ], [ [ 72.9982868, 19.1384549 ], [ 72.9984952, 19.1388545 ], [ 72.9986038, 19.1389912 ], [ 72.9986038, 19.1389912 ], [ 72.998336, 19.1390463 ], [ 72.9980007, 19.1389943 ] ], [ [ 72.9980007, 19.1389943 ], [ 72.998336, 19.1390463 ], [ 72.9986038, 19.1389912 ], [ 72.9986038, 19.1389912 ], [ 72.9987764, 19.1391583 ], [ 72.9989442, 19.1392536 ], [ 72.9989442, 19.1392536 ], [ 72.9992643, 19.1392413 ], [ 72.9995061, 19.1392339 ], [ 72.9995061, 19.1392339 ], [ 72.9995614, 19.1392863 ], [ 72.9997586, 19.1393501 ], [ 72.9999253, 19.1393671 ], [ 73.0000831, 19.1393721 ], [ 73.0001587, 19.1393782 ] ], [ [ 73.0001587, 19.1393782 ], [ 73.0000831, 19.1393721 ], [ 72.9999253, 19.1393671 ], [ 72.9997586, 19.1393501 ], [ 72.9995614, 19.1392863 ], [ 72.9995061, 19.1392339 ] ], [ [ 72.9995061, 19.1392339 ], [ 72.9996126, 19.1391296 ], [ 72.9996126, 19.1391296 ], [ 72.9998246, 19.139135 ], [ 73.0001785, 19.1391694 ], [ 73.0003856, 19.1392129 ] ], [ [ 73.0003856, 19.1392129 ], [ 73.0001785, 19.1391694 ], [ 72.9998246, 19.139135 ], [ 72.9996126, 19.1391296 ] ], [ [ 72.9996126, 19.1391296 ], [ 72.9998657, 19.1388277 ], [ 73.000064, 19.1386199 ], [ 73.000064, 19.1386199 ], [ 73.0001728, 19.1385085 ], [ 73.0001728, 19.1385085 ], [ 72.9999923, 19.138282 ], [ 72.9999923, 19.138282 ], [ 72.9999799, 19.1382665 ], [ 72.9998465, 19.1380697 ], [ 72.9998026, 19.1380217 ], [ 72.9997409, 19.1379902 ], [ 72.9997356, 19.1379374 ], [ 72.9997746, 19.1377634 ], [ 72.9998132, 19.1376109 ], [ 72.999902, 19.1374325 ] ], [ [ 72.999902, 19.1374325 ], [ 72.9998132, 19.1376109 ], [ 72.9997746, 19.1377634 ], [ 72.9997356, 19.1379374 ], [ 72.9997409, 19.1379902 ], [ 72.9998026, 19.1380217 ], [ 72.9998465, 19.1380697 ], [ 72.9999799, 19.1382665 ], [ 72.9999923, 19.138282 ], [ 72.9999923, 19.138282 ], [ 72.9995855, 19.1386051 ], [ 72.999454, 19.1385007 ], [ 72.9993546, 19.1384746 ], [ 72.9993199, 19.1384517 ], [ 72.9991886, 19.138411 ], [ 72.9990562, 19.1383928 ], [ 72.9988743, 19.1384074 ] ], [ [ 72.9988743, 19.1384074 ], [ 72.9990562, 19.1383928 ], [ 72.9991886, 19.138411 ], [ 72.9993199, 19.1384517 ], [ 72.9993546, 19.1384746 ], [ 72.999454, 19.1385007 ], [ 72.9995855, 19.1386051 ], [ 72.9999923, 19.138282 ] ], [ [ 72.9999923, 19.138282 ], [ 73.0001728, 19.1385085 ], [ 73.0001728, 19.1385085 ], [ 73.000443, 19.1383242 ], [ 73.0005603, 19.1382068 ], [ 73.0006158, 19.1380772 ], [ 73.0006865, 19.1378956 ], [ 73.0006865, 19.1378956 ], [ 72.9997149, 19.1369649 ] ], [ [ 72.9997149, 19.1369649 ], [ 72.9994169, 19.1368557 ] ], [ [ 72.9994169, 19.1368557 ], [ 72.9997149, 19.1369649 ], [ 72.9997149, 19.1369649 ], [ 73.0006865, 19.1378956 ], [ 73.0006865, 19.1378956 ], [ 73.001245, 19.1379987 ], [ 73.001245, 19.1379987 ], [ 73.0014456, 19.1380032 ], [ 73.0014456, 19.1380032 ], [ 73.0015194, 19.1380694 ], [ 73.0015194, 19.1380694 ], [ 73.0016051, 19.1385076 ], [ 73.0016051, 19.1385076 ], [ 73.0015234, 19.1385275 ], [ 73.0014727, 19.1385488 ], [ 73.0014149, 19.1385828 ], [ 73.0014149, 19.1385828 ], [ 73.0013934, 19.1386503 ], [ 73.0012119, 19.1392425 ], [ 73.0012119, 19.1392425 ], [ 73.0011895, 19.1393859 ], [ 73.0011895, 19.1393859 ], [ 73.0011488, 19.1396469 ], [ 73.0011488, 19.1396469 ], [ 73.0010533, 19.1398822 ] ], [ [ 73.0010533, 19.1398822 ], [ 73.0012248, 19.1399319 ], [ 73.0012912, 19.1399433 ], [ 73.0013837, 19.1399496 ], [ 73.001434, 19.1399452 ], [ 73.0014876, 19.1399294 ], [ 73.001544, 19.1398958 ], [ 73.0015969, 19.1398704 ], [ 73.001664, 19.1398565 ], [ 73.0020294, 19.1398337 ], [ 73.0020294, 19.1398337 ], [ 73.0020592, 19.139935 ], [ 73.0020921, 19.140265 ], [ 73.0020851, 19.140674 ], [ 73.0020902, 19.1413485 ], [ 73.0020902, 19.1413485 ], [ 73.0020929, 19.141704 ], [ 73.0020763, 19.1417983 ], [ 73.0020763, 19.1417983 ], [ 73.0019255, 19.1418188 ], [ 73.0017744, 19.1418373 ], [ 73.0015744, 19.1418035 ], [ 73.0014314, 19.1418219 ], [ 73.0012916, 19.1418096 ] ], [ [ 73.0012916, 19.1418096 ], [ 73.0014314, 19.1418219 ], [ 73.0015744, 19.1418035 ], [ 73.0017744, 19.1418373 ], [ 73.0019255, 19.1418188 ], [ 73.0020763, 19.1417983 ], [ 73.0020763, 19.1417983 ], [ 73.0019947, 19.1419712 ], [ 73.0016943, 19.1423707 ], [ 73.0015353, 19.1426651 ] ], [ [ 73.0015353, 19.1426651 ], [ 73.0015017, 19.1427272 ], [ 73.0015017, 19.1427272 ], [ 73.001423, 19.1428851 ], [ 73.001423, 19.1428851 ], [ 73.0012941, 19.143346 ], [ 73.001226, 19.143519 ], [ 73.0007624, 19.1444049 ], [ 73.0007624, 19.1444049 ], [ 73.0001485, 19.1458523 ], [ 73.0000386, 19.1460373 ], [ 72.9999569, 19.1461261 ], [ 72.9999112, 19.1461843 ], [ 72.9998401, 19.1462147 ], [ 72.9997207, 19.1462273 ], [ 72.9996376, 19.14624 ], [ 72.9995665, 19.146273 ] ], [ [ 72.9995665, 19.146273 ], [ 72.9995424, 19.1463578 ], [ 72.9995412, 19.147416 ], [ 72.9995412, 19.147416 ], [ 72.9984455, 19.1474514 ] ], [ [ 72.9984455, 19.1474514 ], [ 72.9983411, 19.1474548 ], [ 72.9970032, 19.147498 ] ], [ [ 72.9970032, 19.147498 ], [ 72.9966788, 19.1475085 ], [ 72.9960393, 19.1475292 ], [ 72.9952111, 19.1475559 ], [ 72.9952111, 19.1475559 ], [ 72.9951006, 19.1475594 ], [ 72.9951006, 19.1475594 ], [ 72.9949589, 19.147564 ], [ 72.9947186, 19.1475718 ], [ 72.9946985, 19.1475724 ], [ 72.9946098, 19.1475753 ] ], [ [ 72.9946098, 19.1475753 ], [ 72.994469, 19.1476772 ], [ 72.9943232, 19.1477156 ], [ 72.9941018, 19.1477508 ], [ 72.9939065, 19.147772 ], [ 72.9937741, 19.1477951 ], [ 72.9936893, 19.1478388 ], [ 72.9935717, 19.1480348 ], [ 72.9932001, 19.1480628 ], [ 72.9931108, 19.1480695 ] ], [ [ 72.9931108, 19.1480695 ], [ 72.992697, 19.1482426 ] ], [ [ 72.992697, 19.1482426 ], [ 72.9926352, 19.1482948 ], [ 72.9923251, 19.1485549 ], [ 72.9923251, 19.1485549 ], [ 72.9924188, 19.1486379 ], [ 72.9924188, 19.1486379 ], [ 72.9922501, 19.1486945 ], [ 72.9919579, 19.1488248 ], [ 72.991699, 19.148916 ], [ 72.9914399, 19.1489528 ], [ 72.990116, 19.1490314 ], [ 72.9901095, 19.1490322 ], [ 72.9900739, 19.1490362 ], [ 72.9897724, 19.1490704 ], [ 72.9897724, 19.1490704 ], [ 72.9897605, 19.1489015 ] ], [ [ 72.9897605, 19.1489015 ], [ 72.9897283, 19.1483957 ] ], [ [ 72.9897283, 19.1483957 ], [ 72.9896818, 19.1476658 ], [ 72.9896654, 19.1475907 ], [ 72.9896654, 19.1475907 ], [ 72.9896366, 19.1474583 ], [ 72.9895598, 19.1472405 ], [ 72.9894767, 19.1470414 ], [ 72.9893922, 19.1468921 ], [ 72.9890997, 19.1464983 ], [ 72.9890997, 19.1464983 ], [ 72.9889965, 19.1465626 ], [ 72.9889965, 19.1465626 ], [ 72.9886861, 19.146755 ], [ 72.9883275, 19.1469799 ] ], [ [ 72.9883275, 19.1469799 ], [ 72.9886861, 19.146755 ], [ 72.9889965, 19.1465626 ], [ 72.9889965, 19.1465626 ], [ 72.9890997, 19.1464983 ] ], [ [ 72.9890997, 19.1464983 ], [ 72.9893764, 19.1463257 ] ], [ [ 72.9893764, 19.1463257 ], [ 72.9899492, 19.146515 ] ], [ [ 72.9899492, 19.146515 ], [ 72.9900194, 19.1462156 ] ], [ [ 72.9900194, 19.1462156 ], [ 72.9899492, 19.146515 ] ], [ [ 72.9899492, 19.146515 ], [ 72.9893764, 19.1463257 ] ], [ [ 72.9893764, 19.1463257 ], [ 72.9890457, 19.1457358 ] ], [ [ 72.9890457, 19.1457358 ], [ 72.9888443, 19.1454488 ], [ 72.9886901, 19.1452011 ], [ 72.9886831, 19.1451733 ], [ 72.9886824, 19.1451505 ], [ 72.9886843, 19.1451402 ], [ 72.988693, 19.1451251 ], [ 72.9887183, 19.1451036 ], [ 72.9896391, 19.1447051 ], [ 72.989867, 19.1445975 ], [ 72.9906482, 19.1442288 ], [ 72.9906482, 19.1442288 ], [ 72.9914421, 19.1438962 ], [ 72.9916003, 19.1438468 ], [ 72.9917732, 19.1438248 ] ], [ [ 72.9917732, 19.1438248 ], [ 72.9917893, 19.1447848 ], [ 72.9917893, 19.1447848 ], [ 72.9917492, 19.1447894 ], [ 72.9917036, 19.1448109 ], [ 72.9916687, 19.1448413 ], [ 72.9916446, 19.1449135 ], [ 72.9916473, 19.1449921 ], [ 72.9916711, 19.1452867 ], [ 72.9916711, 19.1452867 ], [ 72.9914555, 19.1452965 ], [ 72.9914292, 19.1452977 ], [ 72.9914292, 19.1452977 ], [ 72.9914382, 19.1457972 ], [ 72.9914394, 19.1458625 ], [ 72.9914454, 19.1459087 ], [ 72.9914676, 19.1459436 ], [ 72.9915011, 19.1459638 ], [ 72.9915413, 19.1459714 ], [ 72.9916941, 19.1459779 ], [ 72.9916941, 19.1459779 ], [ 72.9920177, 19.1459768 ] ], [ [ 72.9920177, 19.1459768 ], [ 72.9916941, 19.1459779 ] ], [ [ 72.9916941, 19.1459779 ], [ 72.9920177, 19.1459768 ], [ 72.9920177, 19.1459768 ], [ 72.9923889, 19.1459756 ], [ 72.9923889, 19.1459756 ], [ 72.9926967, 19.1459673 ], [ 72.9926967, 19.1459673 ], [ 72.9927129, 19.1463694 ], [ 72.9927423, 19.1464206 ], [ 72.9927684, 19.1464446 ], [ 72.9928147, 19.1464535 ], [ 72.9929335, 19.1464475 ], [ 72.9931898, 19.1464344 ] ], [ [ 72.9931898, 19.1464344 ], [ 72.9931936, 19.1467018 ], [ 72.9931962, 19.1468386 ], [ 72.9931962, 19.1468386 ], [ 72.9932244, 19.1470768 ], [ 72.9932324, 19.1472111 ], [ 72.9932358, 19.1473343 ] ], [ [ 72.9932358, 19.1473343 ], [ 72.9928724, 19.1472827 ], [ 72.9926263, 19.1472307 ], [ 72.9924774, 19.1472003 ], [ 72.9923165, 19.1471775 ], [ 72.9922042, 19.1471556 ] ], [ [ 72.9922042, 19.1471556 ], [ 72.9923165, 19.1471775 ], [ 72.9924774, 19.1472003 ], [ 72.9926263, 19.1472307 ], [ 72.9928724, 19.1472827 ], [ 72.9932358, 19.1473343 ], [ 72.9932358, 19.1473343 ], [ 72.9932811, 19.147342 ], [ 72.9934672, 19.1473739 ], [ 72.9936026, 19.1473904 ], [ 72.9937367, 19.1473726 ], [ 72.9938563, 19.1473363 ], [ 72.9938563, 19.1473363 ], [ 72.9940521, 19.1473036 ], [ 72.9941551, 19.1473017 ], [ 72.9942544, 19.1473042 ] ], [ [ 72.9942544, 19.1473042 ], [ 72.9944059, 19.1473549 ], [ 72.9945105, 19.1474297 ], [ 72.9945749, 19.1475259 ], [ 72.9946098, 19.1475753 ], [ 72.9946098, 19.1475753 ], [ 72.9946985, 19.1475724 ], [ 72.9947186, 19.1475718 ], [ 72.9949589, 19.147564 ], [ 72.9951006, 19.1475594 ], [ 72.9951006, 19.1475594 ], [ 72.9951297, 19.1481171 ], [ 72.9951297, 19.1481171 ], [ 72.993512, 19.1481648 ], [ 72.9933492, 19.1481741 ], [ 72.9932214, 19.1481944 ], [ 72.9931981, 19.1481981 ], [ 72.9930731, 19.1482376 ], [ 72.9929697, 19.1482959 ], [ 72.9929332, 19.1483205 ], [ 72.9927977, 19.1484081 ], [ 72.9925493, 19.1485779 ], [ 72.9925493, 19.1485779 ], [ 72.9925092, 19.1485925 ], [ 72.9924762, 19.1486187 ], [ 72.9924762, 19.1486187 ], [ 72.992454, 19.1486535 ], [ 72.9924449, 19.1486932 ], [ 72.9924498, 19.1487336 ], [ 72.9924684, 19.1487703 ], [ 72.9924985, 19.1487994 ], [ 72.9925372, 19.1488178 ], [ 72.9925803, 19.1488233 ], [ 72.9925803, 19.1488233 ], [ 72.9927122, 19.1490646 ], [ 72.9927316, 19.1497182 ], [ 72.9927384, 19.1499455 ], [ 72.9927384, 19.1499455 ], [ 72.9927443, 19.1501427 ], [ 72.9927535, 19.1504549 ], [ 72.9927535, 19.1504549 ], [ 72.9927804, 19.1513567 ], [ 72.9927831, 19.1514486 ], [ 72.9927831, 19.1514486 ], [ 72.992575, 19.1514567 ], [ 72.9923648, 19.1514597 ], [ 72.9922906, 19.1514614 ], [ 72.9920333, 19.1514674 ] ], [ [ 72.9920333, 19.1514674 ], [ 72.9920207, 19.1511703 ], [ 72.9920207, 19.1511703 ], [ 72.99264, 19.1511484 ] ], [ [ 72.99264, 19.1511484 ], [ 72.9920207, 19.1511703 ], [ 72.9920207, 19.1511703 ], [ 72.9920113, 19.1509477 ] ], [ [ 72.9920113, 19.1509477 ], [ 72.9920028, 19.1507447 ], [ 72.9919914, 19.1504748 ], [ 72.9919914, 19.1504748 ], [ 72.9919781, 19.1501606 ], [ 72.9919721, 19.1500191 ], [ 72.9919721, 19.1500191 ], [ 72.9919601, 19.1497345 ], [ 72.9919508, 19.1495156 ], [ 72.9919421, 19.1493078 ], [ 72.9919412, 19.1492865 ], [ 72.9919382, 19.1492166 ] ], [ [ 72.9919382, 19.1492166 ], [ 72.9919412, 19.1492865 ], [ 72.9919421, 19.1493078 ], [ 72.9919508, 19.1495156 ], [ 72.9919601, 19.1497345 ], [ 72.9919721, 19.1500191 ] ], [ [ 72.9919721, 19.1500191 ], [ 72.9919781, 19.1501606 ], [ 72.9919914, 19.1504748 ], [ 72.9919914, 19.1504748 ], [ 72.9922097, 19.1504673 ], [ 72.9923109, 19.1504638 ], [ 72.9924127, 19.1504613 ], [ 72.9925099, 19.150459 ], [ 72.9927535, 19.1504549 ] ], [ [ 72.9927535, 19.1504549 ], [ 72.9928677, 19.150444 ], [ 72.9928677, 19.150444 ], [ 72.9928498, 19.149942 ] ], [ [ 72.9928498, 19.149942 ], [ 72.9938318, 19.1499064 ] ], [ [ 72.9938318, 19.1499064 ], [ 72.993851, 19.1504506 ], [ 72.993847, 19.1504822 ], [ 72.9938242, 19.1505101 ], [ 72.9937954, 19.1505253 ], [ 72.9937153, 19.1505418 ], [ 72.9936851, 19.1505551 ], [ 72.9936703, 19.1505709 ], [ 72.9936609, 19.1506058 ], [ 72.9936735, 19.150921 ] ], [ [ 72.9936735, 19.150921 ], [ 72.9941755, 19.1509092 ] ], [ [ 72.9941755, 19.1509092 ], [ 72.9941934, 19.1514216 ] ], [ [ 72.9941934, 19.1514216 ], [ 72.9942179, 19.1520845 ] ], [ [ 72.9942179, 19.1520845 ], [ 72.9938194, 19.1521028 ], [ 72.9937484, 19.152112 ], [ 72.9937226, 19.1521486 ], [ 72.9937194, 19.1521973 ], [ 72.9937291, 19.1523345 ], [ 72.993742, 19.1523833 ], [ 72.9937807, 19.1524016 ], [ 72.9938388, 19.1524046 ], [ 72.9939969, 19.1523924 ], [ 72.9940388, 19.1523985 ], [ 72.9940582, 19.152432 ], [ 72.9940776, 19.1532337 ], [ 72.9940858, 19.1532794 ], [ 72.9941122, 19.1533076 ], [ 72.9941538, 19.1533104 ], [ 72.9942631, 19.1533049 ] ], [ [ 72.9942631, 19.1533049 ], [ 72.9942701, 19.1537842 ] ], [ [ 72.9942701, 19.1537842 ], [ 72.9941865, 19.1537859 ] ], [ [ 72.9941865, 19.1537859 ], [ 72.9930012, 19.1538233 ] ], [ [ 72.9930012, 19.1538233 ], [ 72.9928726, 19.1538248 ] ], [ [ 72.9928726, 19.1538248 ], [ 72.9928846, 19.1540001 ], [ 72.9930867, 19.1553407 ], [ 72.9930867, 19.1553407 ], [ 72.9930946, 19.1553929 ], [ 72.9931246, 19.1556205 ], [ 72.99315, 19.155814 ], [ 72.9931659, 19.1559497 ] ], [ [ 72.9931659, 19.1559497 ], [ 72.9932947, 19.1559469 ], [ 72.9932947, 19.1559469 ], [ 72.9932807, 19.1558269 ] ], [ [ 72.9932807, 19.1558269 ], [ 72.9932776, 19.1557999 ], [ 72.9932674, 19.155722 ], [ 72.9932541, 19.155621 ], [ 72.993224, 19.1553926 ], [ 72.993215, 19.155333 ] ], [ [ 72.993215, 19.155333 ], [ 72.9945757, 19.1555829 ], [ 72.9947618, 19.1555851 ] ], [ [ 72.9947618, 19.1555851 ], [ 72.9950158, 19.1537779 ] ], [ [ 72.9950158, 19.1537779 ], [ 72.9950298, 19.1536782 ] ], [ [ 72.9950298, 19.1536782 ], [ 72.9958676, 19.1537048 ], [ 72.9958676, 19.1537048 ], [ 72.9958995, 19.1534352 ], [ 72.9959064, 19.1533832 ], [ 72.9959064, 19.1533832 ], [ 72.9962808, 19.1533853 ] ], [ [ 72.9962808, 19.1533853 ], [ 72.9970048, 19.1533945 ] ], [ [ 72.9970048, 19.1533945 ], [ 72.9970325, 19.1527677 ] ], [ [ 72.9970325, 19.1527677 ], [ 72.9970441, 19.1525698 ], [ 72.9975147, 19.1525618 ], [ 72.9975147, 19.1525618 ], [ 72.997514, 19.1521621 ], [ 72.997514, 19.1521621 ], [ 72.997514, 19.1521464 ], [ 72.997514, 19.1521464 ], [ 72.9975177, 19.1516243 ], [ 72.9975106, 19.1515534 ], [ 72.9975106, 19.1515534 ], [ 72.9975218, 19.1512731 ], [ 72.9975218, 19.1512731 ], [ 72.9975952, 19.1510313 ], [ 72.9977239, 19.1509857 ], [ 72.9977952, 19.1510168 ], [ 72.9983651, 19.1510109 ] ], [ [ 72.9983651, 19.1510109 ], [ 72.9988979, 19.1510054 ], [ 72.9988979, 19.1510054 ], [ 72.9991944, 19.1510024 ], [ 72.9991944, 19.1510024 ], [ 72.9991996, 19.1506346 ] ], [ [ 72.9991996, 19.1506346 ], [ 72.9991944, 19.1510024 ], [ 72.9991944, 19.1510024 ], [ 72.9991877, 19.1512632 ], [ 72.9991877, 19.1512632 ], [ 72.9997081, 19.151248 ] ], [ [ 72.9997081, 19.151248 ], [ 72.999604, 19.1503467 ] ], [ [ 72.999604, 19.1503467 ], [ 72.9995919, 19.1502418 ], [ 72.9995881, 19.1500262 ], [ 72.9995825, 19.1497148 ], [ 72.9995825, 19.1497148 ], [ 72.9995735, 19.1492115 ], [ 72.9995691, 19.1489622 ], [ 72.9995536, 19.1480958 ] ], [ [ 72.9995536, 19.1480958 ], [ 73.0004258, 19.1480696 ] ], [ [ 73.0004258, 19.1480696 ], [ 73.0004275, 19.1482994 ], [ 73.0004351, 19.1492806 ], [ 73.0004433, 19.1494173 ], [ 73.0004644, 19.1495478 ], [ 73.0004884, 19.1496474 ], [ 73.0005247, 19.1498388 ], [ 73.000573, 19.1501515 ] ], [ [ 73.000573, 19.1501515 ], [ 73.000598, 19.1519561 ], [ 73.0005932, 19.1520992 ], [ 73.0005505, 19.1525557 ], [ 73.0004994, 19.1530951 ], [ 73.0002318, 19.1553741 ], [ 73.0002018, 19.1556067 ], [ 73.0002018, 19.1556067 ], [ 73.0003236, 19.1556129 ], [ 73.0003236, 19.1556129 ], [ 73.0003694, 19.1553622 ], [ 73.0003896, 19.1550753 ], [ 73.0005983, 19.1532746 ], [ 73.0006177, 19.1531062 ], [ 73.0006852, 19.152579 ], [ 73.0007362, 19.1521063 ], [ 73.0007488, 19.1519575 ], [ 73.0007254, 19.1502718 ], [ 73.0007238, 19.1501529 ] ], [ [ 73.0007238, 19.1501529 ], [ 73.0007608, 19.1498217 ], [ 73.0007434, 19.1496292 ], [ 73.0007265, 19.1495263 ], [ 73.0007063, 19.1494088 ], [ 73.0006982, 19.149282 ], [ 73.0006916, 19.1484147 ] ], [ [ 73.0006916, 19.1484147 ], [ 73.0014586, 19.1484119 ], [ 73.0022246, 19.1484091 ], [ 73.0022246, 19.1484091 ], [ 73.0024113, 19.1484089 ], [ 73.0024113, 19.1484089 ], [ 73.0025492, 19.1485428 ], [ 73.0025492, 19.1485428 ], [ 73.003482, 19.1494492 ], [ 73.0036072, 19.149591 ], [ 73.0041088, 19.1503524 ], [ 73.0041893, 19.1504588 ], [ 73.0042469, 19.1504981 ], [ 73.0042912, 19.1505158 ], [ 73.0043767, 19.1505223 ], [ 73.0043767, 19.1505223 ], [ 73.0045608, 19.1514039 ], [ 73.0049685, 19.153175 ], [ 73.0051012, 19.1539478 ], [ 73.0054191, 19.155506 ], [ 73.005519, 19.1561986 ] ], [ [ 73.005519, 19.1561986 ], [ 73.0055221, 19.1562204 ], [ 73.005542, 19.1566928 ], [ 73.0054738, 19.1574539 ], [ 73.0053971, 19.1582683 ], [ 73.0053594, 19.1586693 ], [ 73.0052613, 19.1597655 ], [ 73.0051306, 19.1609124 ], [ 73.0049741, 19.1624387 ], [ 73.0048924, 19.163118 ], [ 73.004792, 19.1635878 ], [ 73.0046005, 19.1642973 ], [ 73.0046005, 19.1642973 ], [ 73.0046897, 19.1642963 ], [ 73.0046897, 19.1642963 ], [ 73.0047314, 19.164124 ], [ 73.0048933, 19.1635058 ], [ 73.0049876, 19.1629374 ], [ 73.0053035, 19.1601474 ], [ 73.0054639, 19.1585641 ], [ 73.0055524, 19.1575701 ], [ 73.0056378, 19.1567016 ], [ 73.0056233, 19.1562386 ], [ 73.0055921, 19.1559165 ], [ 73.0052662, 19.1543506 ], [ 73.0050623, 19.1532269 ], [ 73.0047908, 19.1520487 ], [ 73.0045681, 19.1510923 ] ], [ [ 73.0045681, 19.1510923 ], [ 73.0047672, 19.1509401 ], [ 73.0048691, 19.150707 ], [ 73.0049228, 19.150707 ], [ 73.0051803, 19.1509908 ], [ 73.0053305, 19.1512949 ] ], [ [ 73.0053305, 19.1512949 ], [ 73.0051803, 19.1509908 ], [ 73.0049228, 19.150707 ], [ 73.0048691, 19.150707 ], [ 73.0047672, 19.1509401 ], [ 73.0045681, 19.1510923 ] ], [ [ 73.0045681, 19.1510923 ], [ 73.0045125, 19.1508655 ], [ 73.0044478, 19.1505214 ], [ 73.0044478, 19.1505214 ], [ 73.0043767, 19.1505223 ], [ 73.0043767, 19.1505223 ], [ 73.0042912, 19.1505158 ], [ 73.0042469, 19.1504981 ], [ 73.0041893, 19.1504588 ], [ 73.0041088, 19.1503524 ], [ 73.0036072, 19.149591 ], [ 73.003482, 19.1494492 ], [ 73.0025492, 19.1485428 ] ], [ [ 73.0025492, 19.1485428 ], [ 73.0024113, 19.1484089 ], [ 73.0024113, 19.1484089 ], [ 73.0023986, 19.148088 ], [ 73.0024041, 19.1479931 ], [ 73.0024041, 19.1479931 ], [ 73.0022461, 19.1479885 ], [ 73.0022796, 19.1465643 ] ], [ [ 73.0022796, 19.1465643 ], [ 73.0022138, 19.1458371 ], [ 73.0022299, 19.1456572 ], [ 73.002474, 19.145063 ], [ 73.0024955, 19.1449832 ], [ 73.0024847, 19.1449211 ], [ 73.0024552, 19.1448831 ], [ 73.0015933, 19.1445114 ] ] ] } },
{ "type": "Feature", "properties": { "point_ids": [ 7933, 8660, 7849, 6819, 6101, 3305, 2240, 7368, 4569, 3660, 3637, 114, 9239, 3525, 2994, 6384, 5769, 9232, 8980, 8596, 6738, 4646, 7375, 2950, 7622, 4610, 4603, 3818, 1079, 9874, 7806, 5575, 3394, 272, 9540, 8324, 6412, 5839, 3329, 2173, 2132, 1280, 816, 8110, 1095, 2856, 6773, 3678, 2574, 171, 5428, 2247, 5676 ], "length_m": 5951.9136884461204, "travel_time_min": 10.651472869921772, "n_points": 53, "route_id": 10, "cluster_id": 2 }, "geometry": { "type": "MultiLineString", "coordinates": [ [ [ 73.0015933, 19.1445114 ], [ 73.0017508, 19.1442183 ], [ 73.0020449, 19.1436709 ], [ 73.0021726, 19.1433863 ], [ 73.0022358, 19.1431977 ], [ 73.0023117, 19.1429204 ], [ 73.0023311, 19.1428589 ], [ 73.0024016, 19.1426355 ], [ 73.0024578, 19.142372 ], [ 73.0024781, 19.1422509 ], [ 73.0025275, 19.1418281 ], [ 73.0025275, 19.1418281 ], [ 73.0025348, 19.1417586 ], [ 73.0025348, 19.1417586 ], [ 73.002417, 19.1417435 ], [ 73.002417, 19.1417435 ], [ 73.0024095, 19.1418144 ], [ 73.0024095, 19.1418144 ], [ 73.00236, 19.1422373 ], [ 73.0023408, 19.1423522 ], [ 73.0022862, 19.1426083 ], [ 73.0021972, 19.1428903 ], [ 73.0021279, 19.1431433 ], [ 73.0021279, 19.1431433 ], [ 73.0021215, 19.1431667 ], [ 73.002061, 19.1433474 ], [ 73.0019371, 19.1436235 ], [ 73.0014868, 19.1444615 ], [ 73.0009131, 19.1455963 ], [ 73.0007496, 19.1459599 ], [ 73.0006119, 19.1462878 ] ], [ [ 73.0006119, 19.1462878 ], [ 73.0005085, 19.1465025 ], [ 73.000464, 19.1466531 ], [ 73.0004346, 19.146781 ], [ 73.0004235, 19.1468571 ], [ 73.0004174, 19.1469816 ], [ 73.0004249, 19.1479609 ], [ 73.0004249, 19.1479609 ], [ 72.9995516, 19.1479866 ], [ 72.9995516, 19.1479866 ], [ 72.9984727, 19.1480185 ], [ 72.9968012, 19.1480678 ], [ 72.9964698, 19.1480776 ], [ 72.9958918, 19.1480946 ], [ 72.9952429, 19.1481138 ], [ 72.9952429, 19.1481138 ], [ 72.9951297, 19.1481171 ], [ 72.9951297, 19.1481171 ], [ 72.993512, 19.1481648 ], [ 72.9933492, 19.1481741 ], [ 72.9932214, 19.1481944 ], [ 72.9931981, 19.1481981 ], [ 72.9930731, 19.1482376 ], [ 72.9929697, 19.1482959 ], [ 72.9929332, 19.1483205 ], [ 72.9927977, 19.1484081 ], [ 72.9925493, 19.1485779 ], [ 72.9925493, 19.1485779 ], [ 72.9925092, 19.1485925 ], [ 72.9924762, 19.1486187 ], [ 72.9924762, 19.1486187 ], [ 72.992454, 19.1486535 ], [ 72.9924449, 19.1486932 ], [ 72.9924498, 19.1487336 ], [ 72.9924684, 19.1487703 ], [ 72.9924985, 19.1487994 ], [ 72.9925372, 19.1488178 ], [ 72.9925803, 19.1488233 ], [ 72.9925803, 19.1488233 ], [ 72.9927122, 19.1490646 ], [ 72.9927316, 19.1497182 ], [ 72.9927384, 19.1499455 ], [ 72.9927384, 19.1499455 ], [ 72.9927443, 19.1501427 ], [ 72.9927535, 19.1504549 ], [ 72.9927535, 19.1504549 ], [ 72.9925099, 19.150459 ], [ 72.9924127, 19.1504613 ], [ 72.9923109, 19.1504638 ], [ 72.9922097, 19.1504673 ], [ 72.9919914, 19.1504748 ], [ 72.9919914, 19.1504748 ], [ 72.9920028, 19.1507447 ], [ 72.9920113, 19.1509477 ], [ 72.9920113, 19.1509477 ], [ 72.9902834, 19.1509732 ], [ 72.9901902, 19.1509485 ], [ 72.9900983, 19.1508376 ], [ 72.990117, 19.1504253 ] ], [ [ 72.990117, 19.1504253 ], [ 72.9896799, 19.1504364 ], [ 72.9893066, 19.1504459 ] ], [ [ 72.9893066, 19.1504459 ], [ 72.989314, 19.1506734 ], [ 72.9893183, 19.1509647 ], [ 72.9893218, 19.1511695 ], [ 72.9893218, 19.1513254 ], [ 72.9893205, 19.1514597 ], [ 72.989354, 19.1515521 ] ], [ [ 72.989354, 19.1515521 ], [ 72.98938, 19.151622 ] ], [ [ 72.98938, 19.151622 ], [ 72.989354, 19.1515521 ], [ 72.989354, 19.1515521 ], [ 72.9892916, 19.1515908 ], [ 72.989242, 19.1516256 ], [ 72.9892081, 19.1516697 ], [ 72.9889458, 19.1521039 ] ], [ [ 72.9889458, 19.1521039 ], [ 72.9890109, 19.1521411 ] ], [ [ 72.9890109, 19.1521411 ], [ 72.9889458, 19.1521039 ], [ 72.9889458, 19.1521039 ], [ 72.9886505, 19.1525973 ], [ 72.9882854, 19.1531851 ], [ 72.9881578, 19.1534085 ], [ 72.9881291, 19.1534561 ], [ 72.9877837, 19.1540279 ] ], [ [ 72.9877837, 19.1540279 ], [ 72.9878493, 19.1540642 ] ], [ [ 72.9878493, 19.1540642 ], [ 72.9877837, 19.1540279 ], [ 72.9877837, 19.1540279 ], [ 72.9876373, 19.1542702 ], [ 72.9875241, 19.1544576 ], [ 72.9874461, 19.1545612 ], [ 72.9873225, 19.1546436 ] ], [ [ 72.9873225, 19.1546436 ], [ 72.9872281, 19.1546668 ], [ 72.9870528, 19.1546815 ], [ 72.9869405, 19.1546383 ], [ 72.9869, 19.154616 ], [ 72.9859311, 19.1541185 ], [ 72.9851673, 19.1536633 ], [ 72.9851124, 19.1536052 ], [ 72.9850927, 19.1535461 ], [ 72.985101, 19.1534958 ], [ 72.9851519, 19.1534197 ], [ 72.9861469, 19.15179 ] ], [ [ 72.9861469, 19.15179 ], [ 72.9868044, 19.1507541 ] ], [ [ 72.9868044, 19.1507541 ], [ 72.9867236, 19.1507014 ] ], [ [ 72.9867236, 19.1507014 ], [ 72.9868044, 19.1507541 ] ], [ [ 72.9868044, 19.1507541 ], [ 72.9871111, 19.1507142 ], [ 72.9873283, 19.1506859 ], [ 72.9878734, 19.1506149 ], [ 72.9890528, 19.1504613 ], [ 72.9893066, 19.1504459 ], [ 72.9893066, 19.1504459 ], [ 72.9893426, 19.1497716 ], [ 72.9893594, 19.1495621 ], [ 72.9893607, 19.1495454 ], [ 72.9894157, 19.1494402 ], [ 72.9895055, 19.1493832 ], [ 72.9896584, 19.1493351 ], [ 72.9897912, 19.149311 ], [ 72.9900873, 19.1492863 ] ], [ [ 72.9900873, 19.1492863 ], [ 72.9904707, 19.1492763 ], [ 72.9909722, 19.1492622 ], [ 72.9913063, 19.1492505 ], [ 72.9915524, 19.1492225 ], [ 72.9916893, 19.1491297 ], [ 72.9917447, 19.1490349 ] ], [ [ 72.9917447, 19.1490349 ], [ 72.9920199, 19.14895 ], [ 72.9923596, 19.1488906 ], [ 72.9925803, 19.1488233 ], [ 72.9925803, 19.1488233 ], [ 72.9926229, 19.1488152 ], [ 72.9926603, 19.1487944 ], [ 72.9926885, 19.1487633 ], [ 72.9927044, 19.1487251 ], [ 72.9927044, 19.1487251 ], [ 72.9930192, 19.1484013 ], [ 72.9931424, 19.1483349 ], [ 72.9932397, 19.1482966 ], [ 72.993353, 19.1482818 ], [ 72.9935138, 19.1482779 ], [ 72.9950589, 19.1482313 ], [ 72.9951958, 19.1482272 ], [ 72.9951958, 19.1482272 ], [ 72.9993368, 19.1481023 ], [ 72.9995536, 19.1480958 ], [ 72.9995536, 19.1480958 ], [ 73.0004258, 19.1480696 ], [ 73.0004258, 19.1480696 ], [ 73.0005984, 19.1481237 ], [ 73.0005984, 19.1481237 ], [ 73.0006532, 19.148196 ], [ 73.0007201, 19.1482361 ], [ 73.0008147, 19.148268 ], [ 73.0022241, 19.1482918 ], [ 73.0022241, 19.1482918 ], [ 73.0024113, 19.1484089 ], [ 73.0024113, 19.1484089 ], [ 73.0025492, 19.1485428 ] ], [ [ 73.0025492, 19.1485428 ], [ 73.003482, 19.1494492 ], [ 73.0036072, 19.149591 ], [ 73.0041088, 19.1503524 ], [ 73.0041893, 19.1504588 ], [ 73.0042469, 19.1504981 ], [ 73.0042912, 19.1505158 ], [ 73.0043767, 19.1505223 ] ] ] } },
{ "type": "Feature", "properties": { "point_ids": [ 5, 1628, 789, 7867, 3851, 3353, 1932, 9399, 8677, 1481, 3576, 1143, 8818, 5164, 1960, 8482, 1703, 8930, 9767, 4097, 2056, 8278, 7655, 1557, 5356, 5732, 8516, 3727, 7026, 7299, 6619, 5365, 9469, 5250, 6690, 5692, 1568, 5887, 9747, 8928, 7024, 3829, 5408, 2840, 2196, 4815, 7011, 7457, 5551, 6569, 9913, 1774, 1597, 6036, 4194, 8891, 5399, 703, 1309, 1489, 212, 5851, 6054, 7252, 8700, 330, 3521, 6833, 596, 1285, 3373, 6649, 9599, 573, 1656, 2380, 5787, 8955, 1154, 1071, 694, 7656, 8835, 8140, 3609, 3257, 1661, 8993, 8250, 5458, 1878, 7734, 5788, 4210, 2737, 1651, 1586, 65, 699, 9269, 4922, 9335, 8661, 3768, 6193, 6465, 915, 802, 9316, 4085, 9389, 8625, 3309, 5083, 1118, 374, 6511, 8579, 7607, 4740, 2985, 9284, 9058, 7760, 4830, 4462, 4184, 3978, 2550, 360, 117, 8384, 6575, 6396, 4411, 3592, 3545, 2416, 1740, 1612, 1376, 375, 7103, 5374, 4928, 1686, 3250, 2925, 2613, 917, 976, 1126, 4788, 4249, 1838, 293, 9321, 4280, 5996, 743, 4892, 3114, 7731, 7285, 9, 1825, 3902, 5879, 2835, 2013, 6536, 1617, 1536, 1141, 8889, 6887, 9052, 418, 8584, 7414, 4075, 40, 5595, 1321, 1728, 4768, 6238, 5862, 5186, 5099, 4642, 7767, 9299, 5114, 5012, 2111, 138, 9761, 5901, 5837, 4398, 4077, 4018, 3929, 9732, 9689, 6115, 3952, 6455, 9631, 9075, 3715, 256, 156, 9989, 9271, 7480, 5004, 2754, 1480, 8491, 7058, 7644, 8512, 745, 5529, 7023, 7120, 9822, 9336, 7071, 4302, 4282, 2040, 199, 8988, 7423, 6461, 4966, 1872, 1596, 257, 5022, 7914, 9981, 3282, 2592, 4473, 9001, 8465, 260, 4064, 4043, 9379, 9081, 5882, 3870, 2752, 6430, 1363, 1293, 327, 8099, 3167, 4492, 4400, 8169, 6581, 9788, 123, 1059, 984, 8530, 1735, 2959, 3425, 3985, 5826, 7429, 8295, 6413, 3585, 4175, 246, 2831, 3031, 1092, 3866, 9745, 3301, 56, 9421, 9686, 5821, 4792, 2519, 3108, 7540, 9983, 9946, 215, 9818, 8232, 236, 306, 729, 9161, 2283, 1417, 435, 909, 9415, 5936, 4430, 3596, 3370, 1953, 5631, 8910, 8744, 6402, 4355, 3683, 6789, 2763, 1385, 3306, 9401, 9011, 4152, 2119, 8936, 2944, 1323, 8684, 8248, 6538, 2429, 7374, 7015, 6994, 6964, 4716, 2229, 1441, 9853, 7994, 7243, 1671, 9606, 6420, 5034, 3531, 97, 5445, 2366, 2456, 9720, 6470, 7647, 7193, 5716, 615, 5573, 7723, 6372, 7183, 7398, 4625, 1140, 7265, 874, 7648, 3256, 9344, 7777, 8909, 5618, 3045, 2248, 1940, 714, 143, 9128, 4622, 4029, 3714, 1514, 773, 28, 6125, 666, 2404, 6972, 5665, 269, 8380, 7022, 6333, 3233, 2578, 2512, 2345, 6288, 5319, 3440, 2890, 1670 ], "length_m": 19990.130310573808, "travel_time_min": 43.019590086119734, "n_points": 408, "route_id": 11, "cluster_id": 12 }, "geometry": { "type": "MultiLineString", "coordinates": [ [ [ 73.0096675, 19.040695 ], [ 73.0096332, 19.0399425 ] ], [ [ 73.0096332, 19.0399425 ], [ 73.0100358, 19.0399252 ] ], [ [ 73.0100358, 19.0399252 ], [ 73.0103292, 19.0399126 ] ], [ [ 73.0103292, 19.0399126 ], [ 73.0105819, 19.0399017 ], [ 73.0105819, 19.0399017 ], [ 73.0108323, 19.0398909 ] ], [ [ 73.0108323, 19.0398909 ], [ 73.0110857, 19.03988 ] ], [ [ 73.0110857, 19.03988 ], [ 73.0113248, 19.0398697 ] ], [ [ 73.0113248, 19.0398697 ], [ 73.0116227, 19.0398569 ] ], [ [ 73.0116227, 19.0398569 ], [ 73.0119258, 19.0398439 ] ], [ [ 73.0119258, 19.0398439 ], [ 73.0122596, 19.0398295 ] ], [ [ 73.0122596, 19.0398295 ], [ 73.0125755, 19.039816 ] ], [ [ 73.0125755, 19.039816 ], [ 73.0126412, 19.0398131 ] ], [ [ 73.0126412, 19.0398131 ], [ 73.0125755, 19.039816 ] ], [ [ 73.0125755, 19.039816 ], [ 73.0126057, 19.0403955 ], [ 73.0126279, 19.0404807 ], [ 73.0126882, 19.0405593 ] ], [ [ 73.0126882, 19.0405593 ], [ 73.01269, 19.0409374 ] ], [ [ 73.01269, 19.0409374 ], [ 73.0126937, 19.0413035 ] ], [ [ 73.0126937, 19.0413035 ], [ 73.0128886, 19.0412963 ], [ 73.0128886, 19.0412963 ], [ 73.01285, 19.0417019 ], [ 73.0128465, 19.0417387 ], [ 73.0128482, 19.0417671 ], [ 73.0128842, 19.0418469 ], [ 73.0129808, 19.0420231 ] ], [ [ 73.0129808, 19.0420231 ], [ 73.0128842, 19.0418469 ], [ 73.0128482, 19.0417671 ], [ 73.0128465, 19.0417387 ], [ 73.01285, 19.0417019 ], [ 73.0128886, 19.0412963 ], [ 73.0128886, 19.0412963 ], [ 73.0129048, 19.0412957 ] ], [ [ 73.0129048, 19.0412957 ], [ 73.013124, 19.0412877 ], [ 73.0131466, 19.0412761 ], [ 73.0131548, 19.0412524 ], [ 73.0131556, 19.040733 ] ], [ [ 73.0131556, 19.040733 ], [ 73.0133648, 19.0407354 ], [ 73.0136678, 19.0406975 ], [ 73.0139059, 19.0406707 ], [ 73.0141326, 19.0406561 ], [ 73.0141326, 19.0406561 ], [ 73.014148, 19.0411949 ] ], [ [ 73.014148, 19.0411949 ], [ 73.0141326, 19.0406561 ], [ 73.0141326, 19.0406561 ], [ 73.0146589, 19.0406222 ] ], [ [ 73.0146589, 19.0406222 ], [ 73.0147303, 19.0405854 ], [ 73.0147303, 19.0405854 ], [ 73.0147122, 19.0400974 ], [ 73.014682, 19.0392959 ] ], [ [ 73.014682, 19.0392959 ], [ 73.0146349, 19.0380427 ], [ 73.0146349, 19.0380427 ], [ 73.0145584, 19.0380468 ], [ 73.0145584, 19.0380468 ], [ 73.0146389, 19.0401003 ], [ 73.0146564, 19.0405571 ], [ 73.0146564, 19.0405571 ], [ 73.0146589, 19.0406222 ], [ 73.0146589, 19.0406222 ], [ 73.0147303, 19.0405854 ] ], [ [ 73.0147303, 19.0405854 ], [ 73.0147873, 19.0405778 ], [ 73.0148861, 19.0405638 ], [ 73.0150088, 19.0405356 ], [ 73.0152855, 19.0404766 ], [ 73.0155882, 19.0404231 ] ], [ [ 73.0155882, 19.0404231 ], [ 73.0155444, 19.0397399 ], [ 73.0155108, 19.0392151 ] ], [ [ 73.0155108, 19.0392151 ], [ 73.0154191, 19.0392254 ], [ 73.0151728, 19.0392532 ] ], [ [ 73.0151728, 19.0392532 ], [ 73.0154191, 19.0392254 ], [ 73.0155108, 19.0392151 ], [ 73.0155108, 19.0392151 ], [ 73.0154605, 19.03843 ], [ 73.0154605, 19.03843 ], [ 73.0160567, 19.0384285 ], [ 73.016158, 19.0384283 ], [ 73.016158, 19.0384283 ], [ 73.0165268, 19.0384273 ] ], [ [ 73.0165268, 19.0384273 ], [ 73.016158, 19.0384283 ], [ 73.016158, 19.0384283 ], [ 73.0161207, 19.0379603 ] ], [ [ 73.0161207, 19.0379603 ], [ 73.0154329, 19.0379997 ] ], [ [ 73.0154329, 19.0379997 ], [ 73.0153507, 19.0367164 ], [ 73.0153507, 19.0367164 ], [ 73.0153464, 19.036649 ] ], [ [ 73.0153464, 19.036649 ], [ 73.0152638, 19.0366565 ] ], [ [ 73.0152638, 19.0366565 ], [ 73.0152275, 19.0366598 ], [ 73.0150844, 19.0366833 ], [ 73.0148403, 19.0367384 ], [ 73.0144644, 19.0369515 ] ], [ [ 73.0144644, 19.0369515 ], [ 73.0137907, 19.0369847 ], [ 73.0137907, 19.0369847 ], [ 73.0137988, 19.0365722 ] ], [ [ 73.0137988, 19.0365722 ], [ 73.0137964, 19.0362963 ], [ 73.0138004, 19.0361681 ], [ 73.013817, 19.0359845 ], [ 73.0138229, 19.035881 ], [ 73.013849, 19.0356696 ], [ 73.0138735, 19.0355819 ], [ 73.013884, 19.0355262 ], [ 73.0138931, 19.0354651 ], [ 73.0138776, 19.035374 ], [ 73.0138695, 19.0353335 ], [ 73.0138454, 19.0353021 ], [ 73.0138216, 19.0352802 ], [ 73.0137916, 19.0352758 ], [ 73.0137916, 19.0352758 ], [ 73.0137633, 19.0347859 ] ], [ [ 73.0137633, 19.0347859 ], [ 73.0137916, 19.0352758 ] ], [ [ 73.0137916, 19.0352758 ], [ 73.0132002, 19.0354045 ], [ 73.0129215, 19.0355175 ] ], [ [ 73.0129215, 19.0355175 ], [ 73.0128861, 19.0355118 ], [ 73.0126432, 19.0355254 ], [ 73.0124266, 19.0354805 ], [ 73.0124266, 19.0354805 ], [ 73.0124023, 19.0349878 ] ], [ [ 73.0124023, 19.0349878 ], [ 73.0123804, 19.0345448 ] ], [ [ 73.0123804, 19.0345448 ], [ 73.012354, 19.0340252 ], [ 73.012354, 19.0340252 ], [ 73.012599, 19.034011 ], [ 73.0127901, 19.034 ] ], [ [ 73.0127901, 19.034 ], [ 73.012599, 19.034011 ], [ 73.012354, 19.0340252 ], [ 73.012354, 19.0340252 ], [ 73.0122945, 19.0340287 ] ], [ [ 73.0122945, 19.0340287 ], [ 73.012354, 19.0340252 ], [ 73.012354, 19.0340252 ], [ 73.0123074, 19.03309 ] ], [ [ 73.0123074, 19.03309 ], [ 73.0125618, 19.0330772 ], [ 73.0127386, 19.0330719 ], [ 73.0127386, 19.0330719 ], [ 73.0127457, 19.033457 ] ], [ [ 73.0127457, 19.033457 ], [ 73.0127386, 19.0330719 ] ], [ [ 73.0127386, 19.0330719 ], [ 73.0129592, 19.0330626 ] ], [ [ 73.0129592, 19.0330626 ], [ 73.0132181, 19.0330517 ], [ 73.0131649, 19.0319193 ] ], [ [ 73.0131649, 19.0319193 ], [ 73.0131418, 19.0314279 ], [ 73.0131396, 19.0314143 ], [ 73.0131327, 19.0313995 ], [ 73.0131224, 19.0313888 ], [ 73.0131078, 19.0313821 ], [ 73.0130909, 19.0313798 ], [ 73.0126582, 19.0313883 ], [ 73.0126582, 19.0313883 ], [ 73.0122253, 19.0313968 ], [ 73.0122253, 19.0313968 ], [ 73.0121645, 19.031398 ], [ 73.0121645, 19.031398 ], [ 73.0121857, 19.0318484 ], [ 73.0121857, 19.0318484 ], [ 73.0115626, 19.0318783 ] ], [ [ 73.0115626, 19.0318783 ], [ 73.0115697, 19.0319711 ], [ 73.0115697, 19.0319711 ], [ 73.0115828, 19.0324644 ], [ 73.0115774, 19.0325125 ], [ 73.0115506, 19.0325404 ], [ 73.0114983, 19.0325607 ], [ 73.0111255, 19.032574 ], [ 73.0110421, 19.0325657 ] ], [ [ 73.0110421, 19.0325657 ], [ 73.0110893, 19.0331648 ] ], [ [ 73.0110893, 19.0331648 ], [ 73.0111052, 19.0334617 ], [ 73.0111391, 19.0340955 ] ], [ [ 73.0111391, 19.0340955 ], [ 73.0111494, 19.0342896 ], [ 73.0111831, 19.0349192 ], [ 73.0111831, 19.0349192 ], [ 73.0112039, 19.0355413 ], [ 73.0112039, 19.0355413 ], [ 73.0110136, 19.0355509 ] ], [ [ 73.0110136, 19.0355509 ], [ 73.0112039, 19.0355413 ] ], [ [ 73.0112039, 19.0355413 ], [ 73.0118078, 19.0355108 ] ], [ [ 73.0118078, 19.0355108 ], [ 73.0123668, 19.0354826 ] ], [ [ 73.0123668, 19.0354826 ], [ 73.012424, 19.0366329 ] ], [ [ 73.012424, 19.0366329 ], [ 73.0124448, 19.0370509 ], [ 73.0124448, 19.0370509 ], [ 73.0124481, 19.0371093 ] ], [ [ 73.0124481, 19.0371093 ], [ 73.0124731, 19.0376381 ], [ 73.0124731, 19.0376381 ], [ 73.0124944, 19.0380911 ] ], [ [ 73.0124944, 19.0380911 ], [ 73.0125314, 19.0388795 ], [ 73.0125314, 19.0388795 ], [ 73.0121631, 19.0388984 ] ], [ [ 73.0121631, 19.0388984 ], [ 73.011883, 19.0389127 ] ], [ [ 73.011883, 19.0389127 ], [ 73.0115697, 19.0389287 ] ], [ [ 73.0115697, 19.0389287 ], [ 73.0112708, 19.038944 ], [ 73.0112708, 19.038944 ], [ 73.0110358, 19.038956 ] ], [ [ 73.0110358, 19.038956 ], [ 73.0107782, 19.0389692 ], [ 73.0107782, 19.0389692 ], [ 73.0105299, 19.0389819 ], [ 73.0105299, 19.0389819 ], [ 73.0102848, 19.0389944 ] ], [ [ 73.0102848, 19.0389944 ], [ 73.009993, 19.0390093 ] ], [ [ 73.009993, 19.0390093 ], [ 73.0095916, 19.0390298 ] ], [ [ 73.0095916, 19.0390298 ], [ 73.0095866, 19.0389196 ], [ 73.0095542, 19.0382084 ] ], [ [ 73.0095542, 19.0382084 ], [ 73.0099547, 19.0381924 ] ], [ [ 73.0099547, 19.0381924 ], [ 73.0095542, 19.0382084 ], [ 73.0095542, 19.0382084 ], [ 73.0082314, 19.0382611 ] ], [ [ 73.0082314, 19.0382611 ], [ 73.0082673, 19.0389286 ], [ 73.0082921, 19.0393911 ], [ 73.0083652, 19.0407535 ] ], [ [ 73.0083652, 19.0407535 ], [ 73.0084669, 19.0426407 ] ], [ [ 73.0084669, 19.0426407 ], [ 73.0090764, 19.0426134 ], [ 73.0097536, 19.0425831 ] ], [ [ 73.0097536, 19.0425831 ], [ 73.0097374, 19.0422274 ] ], [ [ 73.0097374, 19.0422274 ], [ 73.0097075, 19.0414836 ] ], [ [ 73.0097075, 19.0414836 ], [ 73.0100051, 19.0414624 ] ], [ [ 73.0100051, 19.0414624 ], [ 73.010255, 19.0414593 ] ], [ [ 73.010255, 19.0414593 ], [ 73.0105493, 19.0414413 ], [ 73.0108745, 19.0414239 ], [ 73.0108745, 19.0414239 ], [ 73.0110606, 19.041401 ] ], [ [ 73.0110606, 19.041401 ], [ 73.0116069, 19.0413767 ] ], [ [ 73.0116069, 19.0413767 ], [ 73.0118875, 19.0413642 ] ], [ [ 73.0118875, 19.0413642 ], [ 73.0118607, 19.0409291 ] ], [ [ 73.0118607, 19.0409291 ], [ 73.0115877, 19.0409308 ] ], [ [ 73.0115877, 19.0409308 ], [ 73.0118607, 19.0409291 ] ], [ [ 73.0118607, 19.0409291 ], [ 73.0118512, 19.0406043 ] ], [ [ 73.0118512, 19.0406043 ], [ 73.0108674, 19.0406486 ] ], [ [ 73.0108674, 19.0406486 ], [ 73.0108665, 19.0405374 ] ], [ [ 73.0108665, 19.0405374 ], [ 73.0111212, 19.0405262 ] ], [ [ 73.0111212, 19.0405262 ], [ 73.0113687, 19.0405153 ] ], [ [ 73.0113687, 19.0405153 ], [ 73.0116586, 19.0405026 ] ], [ [ 73.0116586, 19.0405026 ], [ 73.0119624, 19.0404892 ] ], [ [ 73.0119624, 19.0404892 ], [ 73.0116586, 19.0405026 ], [ 73.0116586, 19.0405026 ], [ 73.0113687, 19.0405153 ], [ 73.0113687, 19.0405153 ], [ 73.0111212, 19.0405262 ], [ 73.0111212, 19.0405262 ], [ 73.0108665, 19.0405374 ], [ 73.0108665, 19.0405374 ], [ 73.010619, 19.0405482 ], [ 73.010619, 19.0405482 ], [ 73.0103612, 19.0405595 ] ], [ [ 73.0103612, 19.0405595 ], [ 73.0103292, 19.0399126 ], [ 73.0103292, 19.0399126 ], [ 73.0102848, 19.0389944 ], [ 73.0102848, 19.0389944 ], [ 73.0105299, 19.0389819 ], [ 73.0105299, 19.0389819 ], [ 73.010492, 19.0382716 ] ], [ [ 73.010492, 19.0382716 ], [ 73.0107429, 19.0382621 ] ], [ [ 73.0107429, 19.0382621 ], [ 73.0110022, 19.0382523 ], [ 73.0110022, 19.0382523 ], [ 73.0112386, 19.0382434 ] ], [ [ 73.0112386, 19.0382434 ], [ 73.0115299, 19.0382324 ] ], [ [ 73.0115299, 19.0382324 ], [ 73.0118415, 19.0382206 ], [ 73.0118415, 19.0382206 ], [ 73.0120834, 19.0382114 ], [ 73.012107, 19.0382188 ], [ 73.0121248, 19.0382393 ], [ 73.0121631, 19.0388984 ], [ 73.0121631, 19.0388984 ], [ 73.0125314, 19.0388795 ], [ 73.0125314, 19.0388795 ], [ 73.0125949, 19.0388763 ] ], [ [ 73.0125949, 19.0388763 ], [ 73.0125559, 19.0380887 ] ], [ [ 73.0125559, 19.0380887 ], [ 73.0125335, 19.037635 ] ], [ [ 73.0125335, 19.037635 ], [ 73.0124731, 19.0376381 ] ], [ [ 73.0124731, 19.0376381 ], [ 73.0119206, 19.0376661 ] ], [ [ 73.0119206, 19.0376661 ], [ 73.011156, 19.0377049 ] ], [ [ 73.011156, 19.0377049 ], [ 73.0110983, 19.0375937 ], [ 73.0110967, 19.0375388 ], [ 73.011095, 19.0374683 ], [ 73.011101, 19.0374204 ] ], [ [ 73.011101, 19.0374204 ], [ 73.0111536, 19.0373275 ], [ 73.0111975, 19.0371827 ], [ 73.011204, 19.0368999 ] ], [ [ 73.011204, 19.0368999 ], [ 73.0111975, 19.0371827 ], [ 73.0111536, 19.0373275 ], [ 73.011101, 19.0374204 ], [ 73.011101, 19.0374204 ], [ 73.0102496, 19.0374649 ] ], [ [ 73.0102496, 19.0374649 ], [ 73.0102271, 19.0370269 ] ], [ [ 73.0102271, 19.0370269 ], [ 73.010202, 19.0366058 ] ], [ [ 73.010202, 19.0366058 ], [ 73.0101797, 19.0362309 ] ], [ [ 73.0101797, 19.0362309 ], [ 73.0101436, 19.0355948 ] ], [ [ 73.0101436, 19.0355948 ], [ 73.0087739, 19.035664 ] ], [ [ 73.0087739, 19.035664 ], [ 73.0088662, 19.0361815 ] ], [ [ 73.0088662, 19.0361815 ], [ 73.0087739, 19.035664 ] ], [ [ 73.0087739, 19.035664 ], [ 73.0081002, 19.035698 ] ], [ [ 73.0081002, 19.035698 ], [ 73.0087739, 19.035664 ], [ 73.0087739, 19.035664 ], [ 73.0087299, 19.0348654 ], [ 73.0086951, 19.0342953 ] ], [ [ 73.0086951, 19.0342953 ], [ 73.0093769, 19.0342596 ] ], [ [ 73.0093769, 19.0342596 ], [ 73.0097085, 19.0342422 ] ], [ [ 73.0097085, 19.0342422 ], [ 73.0097418, 19.0348088 ], [ 73.0097418, 19.0348088 ], [ 73.0095792, 19.0348174 ] ], [ [ 73.0095792, 19.0348174 ], [ 73.0097418, 19.0348088 ], [ 73.0097418, 19.0348088 ], [ 73.0099045, 19.0348003 ] ], [ [ 73.0099045, 19.0348003 ], [ 73.0097418, 19.0348088 ], [ 73.0097418, 19.0348088 ], [ 73.0097085, 19.0342422 ], [ 73.0097085, 19.0342422 ], [ 73.0093769, 19.0342596 ], [ 73.0093769, 19.0342596 ], [ 73.0092949, 19.0328604 ] ], [ [ 73.0092949, 19.0328604 ], [ 73.0088916, 19.0328877 ] ], [ [ 73.0088916, 19.0328877 ], [ 73.0092949, 19.0328604 ] ], [ [ 73.0092949, 19.0328604 ], [ 73.0092734, 19.032493 ], [ 73.0092495, 19.0320855 ], [ 73.0092495, 19.0320855 ], [ 73.0092439, 19.0319898 ], [ 73.0092439, 19.0319898 ], [ 73.0085731, 19.032022 ] ], [ [ 73.0085731, 19.032022 ], [ 73.007803, 19.0320589 ], [ 73.007803, 19.0320589 ], [ 73.0076767, 19.032065 ], [ 73.0075937, 19.032069 ] ], [ [ 73.0075937, 19.032069 ], [ 73.0075713, 19.0317593 ] ], [ [ 73.0075713, 19.0317593 ], [ 73.0074836, 19.0311383 ], [ 73.0070257, 19.0273352 ], [ 73.006985, 19.0268682 ], [ 73.0069823, 19.0264683 ], [ 73.0070226, 19.0260442 ], [ 73.007119, 19.0256239 ], [ 73.0072972, 19.0251568 ], [ 73.0081716, 19.0231944 ], [ 73.0083008, 19.0228436 ], [ 73.0083642, 19.0225946 ], [ 73.008409, 19.0222746 ], [ 73.0084271, 19.0218478 ], [ 73.0084271, 19.0218478 ], [ 73.0084546, 19.0216975 ], [ 73.0084854, 19.0215664 ], [ 73.0085162, 19.0214762 ], [ 73.0085501, 19.0214092 ], [ 73.0085975, 19.0213587 ], [ 73.0086843, 19.0212969 ], [ 73.0086843, 19.0212969 ], [ 73.0087868, 19.0212873 ], [ 73.0088894, 19.0212777 ], [ 73.0090944, 19.0212585 ], [ 73.0097057, 19.0212012 ], [ 73.0097057, 19.0212012 ], [ 73.0107511, 19.0211031 ], [ 73.0111951, 19.0211071 ], [ 73.0119262, 19.0212179 ], [ 73.0126405, 19.0213717 ], [ 73.0127342, 19.0214098 ], [ 73.0127342, 19.0214098 ], [ 73.0127538, 19.0214257 ], [ 73.012778, 19.0214344 ], [ 73.0127904, 19.0214347 ], [ 73.0128038, 19.0214349 ], [ 73.0128038, 19.0214349 ], [ 73.013065, 19.021542 ], [ 73.0143415, 19.0222308 ], [ 73.0145071, 19.0223446 ], [ 73.0146605, 19.0224599 ], [ 73.0148138, 19.0226135 ], [ 73.0152826, 19.0231621 ], [ 73.0152826, 19.0231621 ], [ 73.0148998, 19.02351 ], [ 73.0138748, 19.0244416 ], [ 73.0138748, 19.0244416 ], [ 73.0123382, 19.0258256 ], [ 73.0122149, 19.0259367 ], [ 73.0121189, 19.0260414 ], [ 73.0120224, 19.0261711 ], [ 73.0119666, 19.0262836 ] ], [ [ 73.0119666, 19.0262836 ], [ 73.0119354, 19.0264414 ], [ 73.0119697, 19.0272488 ], [ 73.0120585, 19.0293394 ], [ 73.0120656, 19.0295052 ], [ 73.0120656, 19.0295052 ], [ 73.0121215, 19.0295022 ] ], [ [ 73.0121215, 19.0295022 ], [ 73.0130124, 19.0294534 ], [ 73.0130124, 19.0294534 ], [ 73.0131713, 19.0292769 ], [ 73.0131713, 19.0292769 ], [ 73.0138607, 19.0297996 ] ], [ [ 73.0138607, 19.0297996 ], [ 73.0145885, 19.0289615 ], [ 73.0145885, 19.0289615 ], [ 73.0147273, 19.0290571 ], [ 73.0148047, 19.0291512 ], [ 73.0148352, 19.0292117 ], [ 73.0148495, 19.0292761 ], [ 73.0148485, 19.0293456 ], [ 73.0148455, 19.0293986 ], [ 73.0148384, 19.0294478 ], [ 73.0148193, 19.0295165 ], [ 73.0147927, 19.0295755 ], [ 73.0147489, 19.0296327 ], [ 73.0147029, 19.0296817 ], [ 73.0146552, 19.029724 ], [ 73.0146175, 19.0297757 ], [ 73.014598, 19.0298379 ], [ 73.014591, 19.0299126 ], [ 73.0145666, 19.0309286 ] ], [ [ 73.0145666, 19.0309286 ], [ 73.0140399, 19.0309265 ] ], [ [ 73.0140399, 19.0309265 ], [ 73.0145666, 19.0309286 ], [ 73.0145666, 19.0309286 ], [ 73.0145654, 19.0312969 ], [ 73.0145526, 19.0323809 ], [ 73.0145497, 19.0326278 ] ], [ [ 73.0145497, 19.0326278 ], [ 73.0140852, 19.0326197 ], [ 73.0140567, 19.0326595 ], [ 73.0140449, 19.0334295 ], [ 73.0140449, 19.0334295 ], [ 73.0143348, 19.03343 ], [ 73.0143643, 19.0337188 ] ], [ [ 73.0143643, 19.0337188 ], [ 73.0143348, 19.03343 ], [ 73.0140449, 19.0334295 ], [ 73.0140449, 19.0334295 ], [ 73.0138641, 19.0335022 ], [ 73.0139134, 19.0336582 ] ], [ [ 73.0139134, 19.0336582 ], [ 73.0138641, 19.0335022 ], [ 73.0140449, 19.0334295 ] ], [ [ 73.0140449, 19.0334295 ], [ 73.0140567, 19.0326595 ], [ 73.0140852, 19.0326197 ], [ 73.0145497, 19.0326278 ] ], [ [ 73.0145497, 19.0326278 ], [ 73.0145439, 19.0330691 ], [ 73.0145533, 19.0331242 ], [ 73.0145862, 19.0331591 ], [ 73.0146392, 19.0331788 ], [ 73.0146901, 19.0331762 ], [ 73.0147357, 19.0331591 ], [ 73.0147591, 19.0331442 ], [ 73.015332, 19.03278 ], [ 73.015376, 19.0327618 ], [ 73.0154288, 19.0327563 ], [ 73.0154866, 19.0327766 ], [ 73.0155296, 19.032817 ], [ 73.0155596, 19.0328646 ], [ 73.0155861, 19.0329157 ] ], [ [ 73.0155861, 19.0329157 ], [ 73.0156302, 19.0328954 ], [ 73.0156584, 19.0328662 ], [ 73.0156745, 19.0328219 ], [ 73.0156998, 19.0326102 ] ], [ [ 73.0156998, 19.0326102 ], [ 73.0157831, 19.0321094 ], [ 73.0158488, 19.0320054 ], [ 73.0159146, 19.0319839 ], [ 73.0159846, 19.0319754 ], [ 73.0159846, 19.0319754 ], [ 73.0160683, 19.0319653 ], [ 73.0161358, 19.0319572 ], [ 73.0165391, 19.0319235 ], [ 73.0169813, 19.0318895 ], [ 73.0169813, 19.0318895 ], [ 73.017025, 19.0325978 ] ], [ [ 73.017025, 19.0325978 ], [ 73.0165127, 19.0326344 ] ], [ [ 73.0165127, 19.0326344 ], [ 73.0161769, 19.0326583 ], [ 73.0161235, 19.0326621 ] ], [ [ 73.0161235, 19.0326621 ], [ 73.0161769, 19.0326583 ], [ 73.0165127, 19.0326344 ], [ 73.0165127, 19.0326344 ], [ 73.0165896, 19.033611 ] ], [ [ 73.0165896, 19.033611 ], [ 73.0170855, 19.0335805 ] ], [ [ 73.0170855, 19.0335805 ], [ 73.0171566, 19.033576 ] ], [ [ 73.0171566, 19.033576 ], [ 73.0170855, 19.0335805 ], [ 73.0170855, 19.0335805 ], [ 73.0165896, 19.033611 ], [ 73.0165896, 19.033611 ], [ 73.0158973, 19.033671 ], [ 73.0159011, 19.0337088 ] ], [ [ 73.0159011, 19.0337088 ], [ 73.0159198, 19.0338972 ] ], [ [ 73.0159198, 19.0338972 ], [ 73.016612, 19.0338592 ], [ 73.016612, 19.0338592 ], [ 73.0166369, 19.0341277 ] ], [ [ 73.0166369, 19.0341277 ], [ 73.0166775, 19.0346534 ], [ 73.0166483, 19.034801 ], [ 73.0166304, 19.0348919 ] ], [ [ 73.0166304, 19.0348919 ], [ 73.0167741, 19.034926 ] ], [ [ 73.0167741, 19.034926 ], [ 73.0171716, 19.0349767 ] ], [ [ 73.0171716, 19.0349767 ], [ 73.0167741, 19.034926 ], [ 73.0167741, 19.034926 ], [ 73.0166304, 19.0348919 ], [ 73.0166304, 19.0348919 ], [ 73.0161167, 19.0347985 ], [ 73.0161167, 19.0347985 ], [ 73.0158407, 19.034788 ], [ 73.0154314, 19.0349072 ] ], [ [ 73.0154314, 19.0349072 ], [ 73.0152774, 19.0347142 ], [ 73.0152115, 19.0346895 ], [ 73.015002, 19.034611 ], [ 73.0148876, 19.0345536 ], [ 73.014673, 19.0344902 ], [ 73.0144153, 19.0344747 ], [ 73.0140975, 19.0345586 ] ], [ [ 73.0140975, 19.0345586 ], [ 73.0144153, 19.0344747 ], [ 73.014673, 19.0344902 ], [ 73.0148876, 19.0345536 ], [ 73.015002, 19.034611 ], [ 73.0152115, 19.0346895 ], [ 73.0152774, 19.0347142 ], [ 73.0154314, 19.0349072 ] ], [ [ 73.0154314, 19.0349072 ], [ 73.0150583, 19.0350106 ] ], [ [ 73.0150583, 19.0350106 ], [ 73.0150727, 19.0351627 ], [ 73.0150428, 19.0354715 ], [ 73.0150519, 19.0355557 ], [ 73.0150965, 19.0356718 ], [ 73.0151638, 19.035791 ], [ 73.0151638, 19.035791 ], [ 73.0151709, 19.0358035 ], [ 73.0152081, 19.035876 ], [ 73.0152278, 19.0360565 ] ], [ [ 73.0152278, 19.0360565 ], [ 73.0152399, 19.0362922 ], [ 73.0152399, 19.0362922 ], [ 73.0151883, 19.0362956 ], [ 73.0147166, 19.0363486 ] ], [ [ 73.0147166, 19.0363486 ], [ 73.0143891, 19.0357537 ] ], [ [ 73.0143891, 19.0357537 ], [ 73.0147166, 19.0363486 ], [ 73.0147166, 19.0363486 ], [ 73.0151883, 19.0362956 ], [ 73.0152399, 19.0362922 ], [ 73.0152399, 19.0362922 ], [ 73.0156327, 19.036198 ], [ 73.0156327, 19.036198 ], [ 73.0162857, 19.0361345 ] ], [ [ 73.0162857, 19.0361345 ], [ 73.0163663, 19.036567 ] ], [ [ 73.0163663, 19.036567 ], [ 73.0162857, 19.0361345 ] ], [ [ 73.0162857, 19.0361345 ], [ 73.0168278, 19.0360729 ] ], [ [ 73.0168278, 19.0360729 ], [ 73.0168685, 19.0365562 ] ], [ [ 73.0168685, 19.0365562 ], [ 73.0163663, 19.036567 ] ], [ [ 73.0163663, 19.036567 ], [ 73.0163722, 19.0366359 ] ], [ [ 73.0163722, 19.0366359 ], [ 73.0168731, 19.0366206 ], [ 73.0172208, 19.0366145 ], [ 73.0172872, 19.0365933 ], [ 73.0172872, 19.0365933 ], [ 73.017325, 19.036562 ] ], [ [ 73.017325, 19.036562 ], [ 73.017239, 19.0365241 ] ], [ [ 73.017239, 19.0365241 ], [ 73.0172872, 19.0365933 ], [ 73.0172872, 19.0365933 ], [ 73.0173171, 19.0366137 ] ], [ [ 73.0173171, 19.0366137 ], [ 73.0174292, 19.0378855 ] ], [ [ 73.0174292, 19.0378855 ], [ 73.0174624, 19.0383538 ], [ 73.0174624, 19.0383538 ], [ 73.0168975, 19.0383819 ] ], [ [ 73.0168975, 19.0383819 ], [ 73.0174624, 19.0383538 ], [ 73.0174624, 19.0383538 ], [ 73.017465, 19.03839 ], [ 73.0175324, 19.0393386 ], [ 73.0175467, 19.0396543 ], [ 73.0175788, 19.0403596 ] ], [ [ 73.0175788, 19.0403596 ], [ 73.0183739, 19.0403342 ] ], [ [ 73.0183739, 19.0403342 ], [ 73.0175788, 19.0403596 ], [ 73.0175788, 19.0403596 ], [ 73.017626, 19.0414067 ] ], [ [ 73.017626, 19.0414067 ], [ 73.0173406, 19.0414138 ], [ 73.0171337, 19.04141 ], [ 73.0168331, 19.041412 ], [ 73.01676, 19.0414227 ], [ 73.0166928, 19.0414446 ], [ 73.016575, 19.0415045 ], [ 73.0164029, 19.0416635 ] ], [ [ 73.0164029, 19.0416635 ], [ 73.0158671, 19.0411451 ], [ 73.0158273, 19.0411309 ], [ 73.0157847, 19.0411449 ], [ 73.0149865, 19.0419638 ] ], [ [ 73.0149865, 19.0419638 ], [ 73.0148835, 19.041866 ], [ 73.0148728, 19.041859 ], [ 73.0148589, 19.0418572 ], [ 73.0147639, 19.0418594 ], [ 73.0147639, 19.0418594 ], [ 73.014688, 19.0418611 ] ], [ [ 73.014688, 19.0418611 ], [ 73.014695, 19.0421735 ] ], [ [ 73.014695, 19.0421735 ], [ 73.0143595, 19.0421803 ] ], [ [ 73.0143595, 19.0421803 ], [ 73.0139262, 19.0421891 ] ], [ [ 73.0139262, 19.0421891 ], [ 73.0143595, 19.0421803 ], [ 73.0143595, 19.0421803 ], [ 73.014695, 19.0421735 ] ], [ [ 73.014695, 19.0421735 ], [ 73.0147189, 19.0432347 ], [ 73.0147199, 19.0432798 ] ], [ [ 73.0147199, 19.0432798 ], [ 73.0138165, 19.0433274 ] ], [ [ 73.0138165, 19.0433274 ], [ 73.0137617, 19.0433337 ] ], [ [ 73.0137617, 19.0433337 ], [ 73.0137996, 19.0437292 ] ], [ [ 73.0137996, 19.0437292 ], [ 73.0124357, 19.0438045 ], [ 73.0124357, 19.0438045 ], [ 73.0119815, 19.0438276 ] ], [ [ 73.0119815, 19.0438276 ], [ 73.0117045, 19.0438417 ] ], [ [ 73.0117045, 19.0438417 ], [ 73.0117114, 19.0439688 ], [ 73.0117114, 19.0439688 ], [ 73.011734, 19.0443862 ], [ 73.0117526, 19.0447298 ] ], [ [ 73.0117526, 19.0447298 ], [ 73.0117684, 19.0450212 ], [ 73.0113976, 19.0450417 ] ], [ [ 73.0113976, 19.0450417 ], [ 73.0114454, 19.0459971 ] ], [ [ 73.0114454, 19.0459971 ], [ 73.0121025, 19.045967 ], [ 73.0121383, 19.0459746 ], [ 73.0121547, 19.0460055 ], [ 73.0121682, 19.0464547 ], [ 73.0121744, 19.0466613 ] ], [ [ 73.0121744, 19.0466613 ], [ 73.0121842, 19.0469865 ] ], [ [ 73.0121842, 19.0469865 ], [ 73.0100285, 19.0470613 ] ], [ [ 73.0100285, 19.0470613 ], [ 73.0100031, 19.046671 ], [ 73.009982, 19.0463257 ], [ 73.0099661, 19.0460649 ] ], [ [ 73.0099661, 19.0460649 ], [ 73.0098959, 19.0460681 ] ], [ [ 73.0098959, 19.0460681 ], [ 73.0099661, 19.0460649 ], [ 73.0099661, 19.0460649 ], [ 73.0099476, 19.0457616 ], [ 73.0099307, 19.0454849 ], [ 73.0099288, 19.0454537 ], [ 73.0099288, 19.0454537 ], [ 73.0099087, 19.0451239 ] ], [ [ 73.0099087, 19.0451239 ], [ 73.0098879, 19.044783 ], [ 73.0098439, 19.0440591 ] ], [ [ 73.0098439, 19.0440591 ], [ 73.0098051, 19.0439381 ] ], [ [ 73.0098051, 19.0439381 ], [ 73.0092405, 19.0439668 ], [ 73.0086346, 19.0439976 ] ], [ [ 73.0086346, 19.0439976 ], [ 73.0085515, 19.0440018 ] ], [ [ 73.0085515, 19.0440018 ], [ 73.0084325, 19.043942 ], [ 73.0083607, 19.0438742 ], [ 73.0083209, 19.0437988 ], [ 73.0082742, 19.043664 ], [ 73.0082249, 19.0434483 ] ] ] } },
{ "type": "Feature", "properties": { "point_ids": [ 417, 7660, 7016, 1925, 7659, 3736, 4866, 3046, 3129, 9097, 8652, 9521, 5955, 5571, 5167, 5264, 9237, 9317, 4025, 8481, 4665, 5793, 9472, 2549, 8605, 5093, 4551, 3781, 5322, 2924, 6164, 9928, 178, 7463, 6328, 2590, 8984, 8633, 5364, 2919, 9925, 7466, 5060, 719, 4009, 5223, 1386, 1526, 9921, 4570, 3793, 9765, 6084, 5977, 4211, 1637, 155, 9914, 7998, 5305, 1361, 8273, 2861, 5472, 3467, 8325, 9534, 84, 8207, 4994, 3395, 3563, 3702, 3921, 8758, 696, 1910, 2485, 6375, 402, 9837, 9857, 7108, 7125, 8120, 778, 8547, 6530, 6605, 7044, 8245, 1689, 1864, 8436, 9272, 8081, 445, 5803, 7427, 6995, 5329, 1330, 2339, 2460, 9463, 7820, 6526, 6212, 3323, 2556, 3739, 5372, 8353, 6168, 9845, 6010, 4807, 3374, 4369, 9452, 7301, 5108, 1434, 1134, 4937, 6633, 2272, 1070, 7161, 7455, 6661, 549, 900, 5729, 5899, 6660, 316, 7834, 8544, 6246, 1613, 8296, 6677, 7518, 2095, 6156, 5388, 8612, 9483, 5688, 1709 ], "length_m": 17928.488139286441, "travel_time_min": 31.613369752623516, "n_points": 151, "route_id": 12, "cluster_id": 12 }, "geometry": { "type": "MultiLineString", "coordinates": [ [ [ 73.0082249, 19.0434483 ], [ 73.0076588, 19.0328431 ], [ 73.0076401, 19.0325789 ] ], [ [ 73.0076401, 19.0325789 ], [ 73.0076679, 19.0324663 ], [ 73.0076791, 19.0323923 ], [ 73.0076897, 19.0323231 ], [ 73.0077106, 19.0322626 ], [ 73.0077476, 19.0322093 ], [ 73.0078006, 19.0321569 ], [ 73.0078006, 19.0321569 ], [ 73.0078985, 19.032152 ] ], [ [ 73.0078985, 19.032152 ], [ 73.0085784, 19.0321185 ] ], [ [ 73.0085784, 19.0321185 ], [ 73.0092495, 19.0320855 ], [ 73.0092495, 19.0320855 ], [ 73.0096592, 19.0320653 ], [ 73.0115697, 19.0319711 ], [ 73.0115697, 19.0319711 ], [ 73.0121908, 19.0319405 ], [ 73.0121908, 19.0319405 ], [ 73.01225, 19.0319376 ] ], [ [ 73.01225, 19.0319376 ], [ 73.0122452, 19.0318455 ], [ 73.0122452, 19.0318455 ], [ 73.0121857, 19.0318484 ] ], [ [ 73.0121857, 19.0318484 ], [ 73.0121908, 19.0319405 ], [ 73.0121908, 19.0319405 ], [ 73.01225, 19.0319376 ], [ 73.01225, 19.0319376 ], [ 73.0122452, 19.0318455 ], [ 73.0122452, 19.0318455 ], [ 73.0122253, 19.0313968 ], [ 73.0122253, 19.0313968 ], [ 73.0126582, 19.0313883 ] ], [ [ 73.0126582, 19.0313883 ], [ 73.0122253, 19.0313968 ], [ 73.0122253, 19.0313968 ], [ 73.0121916, 19.030747 ], [ 73.0121916, 19.030747 ], [ 73.0126848, 19.0307248 ] ], [ [ 73.0126848, 19.0307248 ], [ 73.0121916, 19.030747 ] ], [ [ 73.0121916, 19.030747 ], [ 73.0121215, 19.0295022 ], [ 73.0121215, 19.0295022 ], [ 73.0120245, 19.0272455 ] ], [ [ 73.0120245, 19.0272455 ], [ 73.0127232, 19.0272025 ], [ 73.0127948, 19.0272098 ], [ 73.0128568, 19.027222 ], [ 73.012907, 19.0272392 ], [ 73.0129541, 19.0272692 ], [ 73.0129987, 19.027311 ], [ 73.013059, 19.0273749 ], [ 73.013994, 19.0283633 ], [ 73.013994, 19.0283633 ], [ 73.0131713, 19.0292769 ] ], [ [ 73.0131713, 19.0292769 ], [ 73.0130124, 19.0294534 ] ], [ [ 73.0130124, 19.0294534 ], [ 73.0130389, 19.029992 ] ], [ [ 73.0130389, 19.029992 ], [ 73.0130679, 19.0307076 ] ], [ [ 73.0130679, 19.0307076 ], [ 73.0129889, 19.0307111 ], [ 73.0129889, 19.0307111 ], [ 73.0127373, 19.0307224 ] ], [ [ 73.0127373, 19.0307224 ], [ 73.0126848, 19.0307248 ], [ 73.0126848, 19.0307248 ], [ 73.0121916, 19.030747 ] ], [ [ 73.0121916, 19.030747 ], [ 73.0121305, 19.0307497 ] ], [ [ 73.0121305, 19.0307497 ], [ 73.0121622, 19.0313488 ] ], [ [ 73.0121622, 19.0313488 ], [ 73.0121645, 19.031398 ], [ 73.0121645, 19.031398 ], [ 73.0121857, 19.0318484 ] ], [ [ 73.0121857, 19.0318484 ], [ 73.0121908, 19.0319405 ], [ 73.0121908, 19.0319405 ], [ 73.012248, 19.0330925 ] ], [ [ 73.012248, 19.0330925 ], [ 73.0119856, 19.0331089 ] ], [ [ 73.0119856, 19.0331089 ], [ 73.012248, 19.0330925 ], [ 73.012248, 19.0330925 ], [ 73.0122945, 19.0340287 ], [ 73.0122945, 19.0340287 ], [ 73.0123204, 19.0345498 ], [ 73.0123204, 19.0345498 ], [ 73.0123424, 19.034993 ], [ 73.0123424, 19.034993 ], [ 73.0123668, 19.0354826 ], [ 73.0123668, 19.0354826 ], [ 73.012424, 19.0366329 ], [ 73.012424, 19.0366329 ], [ 73.0124448, 19.0370509 ], [ 73.0124448, 19.0370509 ], [ 73.0124481, 19.0371093 ], [ 73.0124481, 19.0371093 ], [ 73.0125072, 19.0371064 ], [ 73.0125072, 19.0371064 ], [ 73.0125048, 19.0370479 ] ], [ [ 73.0125048, 19.0370479 ], [ 73.0124448, 19.0370509 ], [ 73.0124448, 19.0370509 ], [ 73.0124481, 19.0371093 ], [ 73.0124481, 19.0371093 ], [ 73.0125072, 19.0371064 ], [ 73.0125072, 19.0371064 ], [ 73.0136536, 19.0370496 ] ], [ [ 73.0136536, 19.0370496 ], [ 73.0144739, 19.0370092 ] ], [ [ 73.0144739, 19.0370092 ], [ 73.014512, 19.0374277 ], [ 73.0145584, 19.0380468 ], [ 73.0145584, 19.0380468 ], [ 73.0146389, 19.0401003 ], [ 73.0146564, 19.0405571 ], [ 73.0146564, 19.0405571 ], [ 73.0146589, 19.0406222 ] ], [ [ 73.0146589, 19.0406222 ], [ 73.0146787, 19.0414466 ] ], [ [ 73.0146787, 19.0414466 ], [ 73.014688, 19.0418611 ], [ 73.014688, 19.0418611 ], [ 73.0147639, 19.0418594 ] ], [ [ 73.0147639, 19.0418594 ], [ 73.0148589, 19.0418572 ], [ 73.0148728, 19.041859 ], [ 73.0148835, 19.041866 ], [ 73.0149865, 19.0419638 ], [ 73.0149865, 19.0419638 ], [ 73.0156642, 19.0426071 ] ], [ [ 73.0156642, 19.0426071 ], [ 73.0156893, 19.0435913 ] ], [ [ 73.0156893, 19.0435913 ], [ 73.0150299, 19.0436266 ], [ 73.014847, 19.0436868 ] ], [ [ 73.014847, 19.0436868 ], [ 73.0146876, 19.043694 ] ], [ [ 73.0146876, 19.043694 ], [ 73.0140024, 19.0437249 ], [ 73.0140024, 19.0437249 ], [ 73.0140091, 19.0438577 ] ], [ [ 73.0140091, 19.0438577 ], [ 73.0147365, 19.0438248 ] ], [ [ 73.0147365, 19.0438248 ], [ 73.0147775, 19.0456505 ] ], [ [ 73.0147775, 19.0456505 ], [ 73.0147365, 19.0438248 ], [ 73.0147365, 19.0438248 ], [ 73.0148532, 19.0438195 ], [ 73.0148532, 19.0438195 ], [ 73.015038, 19.0438531 ], [ 73.0162377, 19.0437889 ], [ 73.0162615, 19.0437876 ], [ 73.0166886, 19.0437647 ] ], [ [ 73.0166886, 19.0437647 ], [ 73.0177289, 19.0437268 ], [ 73.0177289, 19.0437268 ], [ 73.0177208, 19.0435002 ] ], [ [ 73.0177208, 19.0435002 ], [ 73.0166805, 19.0435382 ], [ 73.0163758, 19.0435545 ], [ 73.0156893, 19.0435913 ], [ 73.0156893, 19.0435913 ], [ 73.0150299, 19.0436266 ], [ 73.014847, 19.0436868 ] ], [ [ 73.014847, 19.0436868 ], [ 73.0146876, 19.043694 ], [ 73.0146876, 19.043694 ], [ 73.0140024, 19.0437249 ], [ 73.0140024, 19.0437249 ], [ 73.0140091, 19.0438577 ] ], [ [ 73.0140091, 19.0438577 ], [ 73.0147365, 19.0438248 ] ], [ [ 73.0147365, 19.0438248 ], [ 73.0148532, 19.0438195 ], [ 73.0148532, 19.0438195 ], [ 73.0150342, 19.0437723 ], [ 73.0171024, 19.0436674 ], [ 73.0177263, 19.0436561 ], [ 73.0185279, 19.0436685 ], [ 73.0196056, 19.0436835 ], [ 73.0201278, 19.043675 ], [ 73.0207109, 19.0436591 ], [ 73.0212075, 19.043642 ], [ 73.0214933, 19.0436545 ], [ 73.0214933, 19.0436545 ], [ 73.0218335, 19.0436459 ], [ 73.0219063, 19.043643 ], [ 73.0222573, 19.043629 ], [ 73.0222573, 19.043629 ], [ 73.0223079, 19.043671 ], [ 73.0223697, 19.0436963 ], [ 73.0223697, 19.0436963 ], [ 73.0224308, 19.0437026 ], [ 73.0224913, 19.0436924 ], [ 73.0225464, 19.0436666 ], [ 73.0225915, 19.0436272 ], [ 73.0226247, 19.0435736 ], [ 73.0226247, 19.0435736 ], [ 73.0226394, 19.0435131 ], [ 73.0226342, 19.0434511 ], [ 73.0226096, 19.0433936 ], [ 73.0225678, 19.0433456 ], [ 73.0225127, 19.0433118 ], [ 73.0225127, 19.0433118 ], [ 73.0224786, 19.0432283 ], [ 73.0224528, 19.0431374 ], [ 73.0224382, 19.0430583 ], [ 73.0224214, 19.0429331 ], [ 73.022386, 19.0424458 ], [ 73.022367, 19.0421846 ], [ 73.0223594, 19.0420799 ], [ 73.0223418, 19.0418381 ], [ 73.022336, 19.0417706 ], [ 73.022336, 19.0417706 ], [ 73.022318, 19.0417019 ], [ 73.0222866, 19.0416341 ], [ 73.0222488, 19.0415787 ], [ 73.0221807, 19.0415064 ], [ 73.0221807, 19.0415064 ], [ 73.0215745, 19.0408942 ], [ 73.0215745, 19.0408942 ], [ 73.0210263, 19.0403405 ], [ 73.0210263, 19.0403405 ], [ 73.0209473, 19.0404107 ] ], [ [ 73.0209473, 19.0404107 ], [ 73.0206104, 19.0407107 ] ], [ [ 73.0206104, 19.0407107 ], [ 73.0200042, 19.0400779 ] ], [ [ 73.0200042, 19.0400779 ], [ 73.0206104, 19.0407107 ] ], [ [ 73.0206104, 19.0407107 ], [ 73.0209473, 19.0404107 ] ], [ [ 73.0209473, 19.0404107 ], [ 73.0210263, 19.0403405 ], [ 73.0210263, 19.0403405 ], [ 73.0204074, 19.0397049 ], [ 73.0202708, 19.0395252 ], [ 73.020175, 19.0393992 ], [ 73.020175, 19.0393992 ], [ 73.0201689, 19.0393443 ], [ 73.0201444, 19.0392942 ], [ 73.0201041, 19.0392544 ], [ 73.0201041, 19.0392544 ], [ 73.0200524, 19.0392289 ], [ 73.0199929, 19.0392207 ], [ 73.019934, 19.0392316 ], [ 73.0198879, 19.0392561 ] ], [ [ 73.0198879, 19.0392561 ], [ 73.0198515, 19.0392923 ], [ 73.0198515, 19.0392923 ], [ 73.0198278, 19.0393371 ], [ 73.0198192, 19.0393865 ], [ 73.0198263, 19.0394361 ] ], [ [ 73.0198263, 19.0394361 ], [ 73.0198486, 19.0394818 ], [ 73.0198842, 19.0395191 ], [ 73.0199298, 19.0395448 ], [ 73.0199815, 19.0395567 ], [ 73.0199815, 19.0395567 ], [ 73.0200345, 19.0395536 ], [ 73.0200879, 19.0395339 ], [ 73.0201319, 19.0394991 ], [ 73.020162, 19.0394529 ], [ 73.020175, 19.0393992 ], [ 73.020175, 19.0393992 ], [ 73.0201689, 19.0393443 ], [ 73.0201444, 19.0392942 ], [ 73.0201041, 19.0392544 ], [ 73.0201041, 19.0392544 ], [ 73.0200524, 19.0392289 ], [ 73.0199929, 19.0392207 ], [ 73.019934, 19.0392316 ], [ 73.0198879, 19.0392561 ], [ 73.0198879, 19.0392561 ], [ 73.0198515, 19.0392923 ] ], [ [ 73.0198515, 19.0392923 ], [ 73.0197489, 19.039315 ], [ 73.0196463, 19.0393261 ], [ 73.0193021, 19.0393483 ], [ 73.0193021, 19.0393483 ], [ 73.019308, 19.0394379 ] ], [ [ 73.019308, 19.0394379 ], [ 73.0193021, 19.0393483 ] ], [ [ 73.0193021, 19.0393483 ], [ 73.0192405, 19.0384272 ], [ 73.0192405, 19.0384272 ], [ 73.0188407, 19.0384523 ] ], [ [ 73.0188407, 19.0384523 ], [ 73.0192405, 19.0384272 ] ], [ [ 73.0192405, 19.0384272 ], [ 73.019167, 19.0373272 ], [ 73.0191542, 19.0371365 ] ], [ [ 73.0191542, 19.0371365 ], [ 73.0197854, 19.0370956 ], [ 73.0197854, 19.0370956 ], [ 73.0198889, 19.0370889 ], [ 73.0198889, 19.0370889 ], [ 73.0197976, 19.0357946 ] ], [ [ 73.0197976, 19.0357946 ], [ 73.0202554, 19.0357686 ], [ 73.0202554, 19.0357686 ], [ 73.0202784, 19.0361038 ], [ 73.0202784, 19.0361038 ], [ 73.0203018, 19.0364463 ] ], [ [ 73.0203018, 19.0364463 ], [ 73.0203232, 19.0367586 ] ], [ [ 73.0203232, 19.0367586 ], [ 73.0203438, 19.0370594 ], [ 73.0203438, 19.0370594 ], [ 73.0198889, 19.0370889 ], [ 73.0198889, 19.0370889 ], [ 73.0197854, 19.0370956 ], [ 73.0197854, 19.0370956 ], [ 73.0198307, 19.0377392 ] ], [ [ 73.0198307, 19.0377392 ], [ 73.0199425, 19.037733 ], [ 73.0199425, 19.037733 ], [ 73.0203933, 19.0377006 ], [ 73.0203933, 19.0377006 ], [ 73.0204222, 19.0381374 ], [ 73.0204222, 19.0382473 ], [ 73.0204222, 19.0382564 ] ], [ [ 73.0204222, 19.0382564 ], [ 73.0204222, 19.0382473 ], [ 73.0204222, 19.0381374 ], [ 73.0203933, 19.0377006 ] ], [ [ 73.0203933, 19.0377006 ], [ 73.0207677, 19.0376869 ], [ 73.0208316, 19.0376959 ], [ 73.0209098, 19.0377338 ], [ 73.0210466, 19.037842 ], [ 73.0216809, 19.0384802 ], [ 73.0223796, 19.0391562 ] ], [ [ 73.0223796, 19.0391562 ], [ 73.0213584, 19.0400449 ] ], [ [ 73.0213584, 19.0400449 ], [ 73.0207981, 19.0394576 ] ], [ [ 73.0207981, 19.0394576 ], [ 73.0213584, 19.0400449 ], [ 73.0213584, 19.0400449 ], [ 73.0219025, 19.0406152 ], [ 73.0219025, 19.0406152 ], [ 73.0215745, 19.0408942 ], [ 73.0215745, 19.0408942 ], [ 73.0210263, 19.0403405 ], [ 73.0210263, 19.0403405 ], [ 73.0209473, 19.0404107 ], [ 73.0209473, 19.0404107 ], [ 73.0221071, 19.0415712 ], [ 73.0221685, 19.0416359 ], [ 73.0221973, 19.0416778 ], [ 73.022222, 19.0417303 ], [ 73.0222366, 19.0417854 ], [ 73.0222415, 19.0418459 ], [ 73.0222558, 19.0421886 ], [ 73.0222606, 19.0423055 ], [ 73.0222606, 19.0423055 ], [ 73.0222666, 19.0424514 ], [ 73.0222772, 19.0427169 ], [ 73.022292, 19.0430628 ], [ 73.0222864, 19.0432135 ], [ 73.0222622, 19.043362 ], [ 73.0222622, 19.043362 ], [ 73.0222312, 19.0434045 ], [ 73.0222126, 19.043453 ], [ 73.0222126, 19.043453 ], [ 73.0221514, 19.0434762 ], [ 73.0220848, 19.0434917 ], [ 73.0219676, 19.0435072 ], [ 73.021903, 19.0435118 ], [ 73.0218299, 19.0435169 ], [ 73.0216921, 19.043524 ], [ 73.0214897, 19.0435344 ], [ 73.0214897, 19.0435344 ], [ 73.0212045, 19.0435603 ], [ 73.020708, 19.0435775 ], [ 73.0201275, 19.0435985 ], [ 73.0196046, 19.0436018 ], [ 73.0185269, 19.0435867 ], [ 73.0177234, 19.0435744 ], [ 73.0170991, 19.0435896 ], [ 73.0166831, 19.0436124 ], [ 73.0150365, 19.0436945 ], [ 73.014847, 19.0436868 ], [ 73.014847, 19.0436868 ], [ 73.0146876, 19.043694 ] ], [ [ 73.0146876, 19.043694 ], [ 73.0140024, 19.0437249 ], [ 73.0140024, 19.0437249 ], [ 73.0140091, 19.0438577 ], [ 73.0140091, 19.0438577 ], [ 73.0140352, 19.0448764 ] ], [ [ 73.0140352, 19.0448764 ], [ 73.0131577, 19.0449324 ], [ 73.0124971, 19.0449746 ], [ 73.0124819, 19.0446842 ] ], [ [ 73.0124819, 19.0446842 ], [ 73.0124636, 19.0443356 ], [ 73.0124425, 19.0439335 ] ], [ [ 73.0124425, 19.0439335 ], [ 73.0124357, 19.0438045 ], [ 73.0124357, 19.0438045 ], [ 73.0119815, 19.0438276 ] ], [ [ 73.0119815, 19.0438276 ], [ 73.0119828, 19.0434589 ] ], [ [ 73.0119828, 19.0434589 ], [ 73.0115073, 19.0434882 ] ], [ [ 73.0115073, 19.0434882 ], [ 73.0114689, 19.0429158 ] ], [ [ 73.0114689, 19.0429158 ], [ 73.0114482, 19.0426014 ] ], [ [ 73.0114482, 19.0426014 ], [ 73.0111156, 19.0426215 ] ], [ [ 73.0111156, 19.0426215 ], [ 73.011099, 19.0422956 ] ], [ [ 73.011099, 19.0422956 ], [ 73.0110777, 19.0417259 ] ], [ [ 73.0110777, 19.0417259 ], [ 73.0113888, 19.041705 ] ], [ [ 73.0113888, 19.041705 ], [ 73.0114268, 19.0422773 ] ], [ [ 73.0114268, 19.0422773 ], [ 73.0114482, 19.0426014 ], [ 73.0114482, 19.0426014 ], [ 73.0114689, 19.0429158 ], [ 73.0114689, 19.0429158 ], [ 73.0120191, 19.0428916 ] ], [ [ 73.0120191, 19.0428916 ], [ 73.0120296, 19.0427222 ], [ 73.0120142, 19.0425721 ] ], [ [ 73.0120142, 19.0425721 ], [ 73.0120103, 19.0424523 ] ], [ [ 73.0120103, 19.0424523 ], [ 73.0122741, 19.0424046 ], [ 73.0122604, 19.0422493 ], [ 73.0126199, 19.0422008 ], [ 73.0126986, 19.0424014 ], [ 73.0127055, 19.0427541 ], [ 73.0128356, 19.0427865 ], [ 73.0129006, 19.0429289 ], [ 73.0128527, 19.0432945 ] ], [ [ 73.0128527, 19.0432945 ], [ 73.0129006, 19.0429289 ], [ 73.0128356, 19.0427865 ], [ 73.0127055, 19.0427541 ], [ 73.0126986, 19.0424014 ], [ 73.0126199, 19.0422008 ], [ 73.0122604, 19.0422493 ], [ 73.0122741, 19.0424046 ], [ 73.0120103, 19.0424523 ], [ 73.0120103, 19.0424523 ], [ 73.0119954, 19.0422439 ], [ 73.0119954, 19.0422439 ], [ 73.0119572, 19.0416822 ] ], [ [ 73.0119572, 19.0416822 ], [ 73.0122177, 19.0416717 ], [ 73.0122177, 19.0416717 ], [ 73.0122145, 19.0415518 ] ], [ [ 73.0122145, 19.0415518 ], [ 73.0122083, 19.0413245 ], [ 73.0122083, 19.0413245 ], [ 73.0126937, 19.0413035 ], [ 73.0126937, 19.0413035 ], [ 73.01269, 19.0409374 ], [ 73.01269, 19.0409374 ], [ 73.0126882, 19.0405593 ] ], [ [ 73.0126882, 19.0405593 ], [ 73.0118512, 19.0406043 ], [ 73.0118512, 19.0406043 ], [ 73.0108674, 19.0406486 ], [ 73.0108674, 19.0406486 ], [ 73.0102091, 19.0406715 ], [ 73.0102091, 19.0406715 ], [ 73.0099788, 19.0406815 ], [ 73.0099788, 19.0406815 ], [ 73.0096675, 19.040695 ] ], [ [ 73.0096675, 19.040695 ], [ 73.0096934, 19.0412055 ], [ 73.0097075, 19.0414836 ], [ 73.0097075, 19.0414836 ], [ 73.0097374, 19.0422274 ] ], [ [ 73.0097374, 19.0422274 ], [ 73.0104328, 19.0421882 ], [ 73.0104695, 19.042873 ], [ 73.0105103, 19.0436337 ] ], [ [ 73.0105103, 19.0436337 ], [ 73.0104695, 19.042873 ], [ 73.0104328, 19.0421882 ], [ 73.0097374, 19.0422274 ], [ 73.0097374, 19.0422274 ], [ 73.0097536, 19.0425831 ], [ 73.0097536, 19.0425831 ], [ 73.0097682, 19.0429025 ], [ 73.0097794, 19.0432162 ], [ 73.0098051, 19.0439381 ] ], [ [ 73.0098051, 19.0439381 ], [ 73.0092405, 19.0439668 ], [ 73.0086346, 19.0439976 ], [ 73.0086346, 19.0439976 ], [ 73.0085515, 19.0440018 ], [ 73.0085515, 19.0440018 ], [ 73.0082557, 19.0440169 ], [ 73.0082557, 19.0440169 ], [ 73.0080973, 19.0440249 ], [ 73.0080973, 19.0440249 ], [ 73.0081035, 19.0441432 ], [ 73.0081035, 19.0441432 ], [ 73.0082225, 19.0464078 ], [ 73.0083011, 19.0479024 ], [ 73.0083894, 19.0495777 ], [ 73.0084105, 19.0499784 ], [ 73.0083731, 19.0503677 ], [ 73.0083147, 19.0506614 ], [ 73.0081432, 19.0511376 ], [ 73.0079561, 19.0514938 ], [ 73.0077315, 19.0518198 ], [ 73.0074685, 19.0521166 ], [ 73.0071242, 19.0524497 ], [ 73.0058513, 19.0535899 ], [ 73.0027118, 19.0564056 ], [ 73.0023648, 19.0567431 ], [ 73.0021451, 19.056981 ], [ 73.0019753, 19.0572089 ], [ 73.0016554, 19.0576709 ], [ 73.0014873, 19.0579787 ], [ 73.0013108, 19.0583511 ], [ 73.0012249, 19.058605 ], [ 73.0011645, 19.0588777 ], [ 73.001124, 19.0592269 ], [ 73.001124, 19.0592269 ], [ 73.0011367, 19.0592841 ], [ 73.001166, 19.0593279 ], [ 73.0012094, 19.0593688 ], [ 73.0012646, 19.0593926 ], [ 73.0013228, 19.0594006 ], [ 73.0014448, 19.0593914 ], [ 73.0014448, 19.0593914 ], [ 73.002125, 19.0593254 ], [ 73.002125, 19.0593254 ], [ 73.0025732, 19.0593438 ], [ 73.0027319, 19.0593541 ], [ 73.0028924, 19.0593844 ], [ 73.0029666, 19.0594114 ], [ 73.0029666, 19.0594114 ], [ 73.003035, 19.0593423 ], [ 73.003035, 19.0593423 ], [ 73.0037703, 19.0579862 ], [ 73.0039506, 19.0576537 ], [ 73.0040069, 19.0575919 ], [ 73.004082, 19.0575448 ], [ 73.004082, 19.0575448 ], [ 73.0041106, 19.0575358 ], [ 73.0041335, 19.0575192 ], [ 73.0041335, 19.0575192 ], [ 73.0041495, 19.0574966 ], [ 73.0041571, 19.0574704 ], [ 73.0041553, 19.0574432 ], [ 73.0041445, 19.057418 ], [ 73.0041256, 19.0573974 ], [ 73.0041008, 19.0573836 ], [ 73.0040725, 19.057378 ], [ 73.0040725, 19.057378 ], [ 73.0040437, 19.0573814 ], [ 73.0040183, 19.0573928 ], [ 73.0040183, 19.0573928 ], [ 73.0032313, 19.0565081 ], [ 73.0032313, 19.0565081 ], [ 73.0041812, 19.0556508 ], [ 73.0060136, 19.0540102 ], [ 73.0060136, 19.0540102 ], [ 73.0064476, 19.0536242 ], [ 73.0064476, 19.0536242 ], [ 73.0079682, 19.0522717 ], [ 73.0080047, 19.0522496 ], [ 73.0080356, 19.0522445 ], [ 73.0080671, 19.0522534 ], [ 73.008118, 19.0522851 ] ] ] } },
{ "type": "Feature", "properties": { "point_ids": [ 1559, 2768, 1782, 2302, 7740 ], "length_m": 3015.7782943155221, "travel_time_min": 5.0795258659708811, "n_points": 5, "route_id": 13, "cluster_id": 12 }, "geometry": { "type": "MultiLineString", "coordinates": [ [ [ 73.008118, 19.0522851 ], [ 73.0080671, 19.0522534 ], [ 73.0080356, 19.0522445 ], [ 73.0080047, 19.0522496 ], [ 73.0079682, 19.0522717 ], [ 73.0064476, 19.0536242 ], [ 73.0064476, 19.0536242 ], [ 73.0060136, 19.0540102 ], [ 73.0060136, 19.0540102 ], [ 73.0041812, 19.0556508 ], [ 73.0032313, 19.0565081 ], [ 73.0032313, 19.0565081 ], [ 73.0027566, 19.0569343 ], [ 73.0024821, 19.0572213 ], [ 73.0022916, 19.0575086 ], [ 73.0019775, 19.0581325 ], [ 73.0018554, 19.0584302 ], [ 73.0018259, 19.0586342 ], [ 73.0018277, 19.058826 ], [ 73.0018923, 19.0589672 ], [ 73.0019919, 19.0590614 ], [ 73.0020065, 19.0590998 ], [ 73.0020208, 19.0591492 ], [ 73.0020208, 19.0591492 ], [ 73.0019327, 19.0590909 ], [ 73.0018864, 19.0590538 ], [ 73.0018269, 19.0590062 ], [ 73.0017503, 19.0589185 ], [ 73.0016911, 19.0588146 ], [ 73.0016537, 19.0586954 ], [ 73.0016162, 19.0584468 ], [ 73.0016162, 19.0584468 ], [ 73.0017544, 19.0580511 ], [ 73.0018693, 19.0577757 ], [ 73.0021219, 19.0572933 ], [ 73.0022701, 19.0570787 ], [ 73.0024839, 19.056845 ], [ 73.002822, 19.0565111 ], [ 73.0072343, 19.0525553 ], [ 73.0075848, 19.0522162 ], [ 73.0078578, 19.0519082 ], [ 73.0080925, 19.0515674 ], [ 73.0082882, 19.0511947 ], [ 73.0084667, 19.0506991 ], [ 73.0085286, 19.0503882 ], [ 73.0085677, 19.0499814 ], [ 73.0085464, 19.0495747 ], [ 73.0083803, 19.0463988 ], [ 73.0082922, 19.0447153 ] ], [ [ 73.0082922, 19.0447153 ], [ 73.0082619, 19.0441355 ] ] ] } },
{ "type": "Feature", "properties": { "point_ids": [ 6, 8163, 4991, 7545, 2215, 9166, 8545, 4431, 4183, 3316, 1106, 5421, 2202, 5490, 6381, 7542, 781, 9969, 9903, 5889, 2450, 2172, 5940, 4992, 6282, 3832, 2318, 5708, 1797, 9565, 7586, 7, 5246, 1215, 1127, 3937, 1299, 9497, 8284, 8070, 6474, 2346, 529, 48, 4199, 3759, 1192, 7086, 9659, 977, 4860, 1327, 730, 1418, 1540, 5426, 5827, 7173, 5158, 7025, 8671, 945, 3253, 7881, 8613, 3182, 3964, 8440, 4070, 9657, 2237, 1801, 4789, 1197, 3458, 1983, 6961, 6515, 6073, 5786, 1929, 3514, 3554, 2287, 6059, 2427, 519, 7771, 7945, 6611, 3165, 3068, 1411, 6251, 9806, 5532, 9119, 5997, 4775, 7747, 3961, 2798, 9568, 530, 4312, 9396, 3049, 3597, 4264, 5725, 5414, 162, 1674, 3559, 5206, 4205, 9830, 7231, 1548, 2072, 3039, 3275, 6143, 3126, 3605, 7722, 2278, 7149, 6516, 3388, 8382, 119, 235, 426, 740, 1776, 2749, 9487, 856, 2695, 3789, 7987, 3993, 5985, 1281, 1720, 4923, 6057, 8097, 8738, 5810, 9478, 2221, 7885, 6895, 8267, 6993, 808, 4357, 2644, 7688, 8144, 4876, 863, 5249, 3633, 2606, 918, 7756, 7440, 4296, 9200, 9996, 6065, 51, 6626, 9687, 8768, 4810, 3625, 8814, 5784, 3352, 8128, 7441, 5234, 2632, 2546, 9388, 7573, 1734, 6595, 8446, 689, 2665, 6870, 9660, 4584, 3530, 2744, 6024, 3326, 9824, 8947, 8452, 1696, 9877, 4390, 188, 5115, 4137, 2379, 3239 ], "length_m": 19710.08582174512, "travel_time_min": 36.532930291660954, "n_points": 213, "route_id": 14, "cluster_id": 13 }, "geometry": { "type": "MultiLineString", "coordinates": [ [ [ 73.0072475, 19.1721844 ], [ 73.0074127, 19.1721971 ], [ 73.0075289, 19.172242 ], [ 73.0076543, 19.1722855 ], [ 73.0076919, 19.1723115 ], [ 73.0074888, 19.1726076 ] ], [ [ 73.0074888, 19.1726076 ], [ 73.0076919, 19.1723115 ], [ 73.0076543, 19.1722855 ], [ 73.0075289, 19.172242 ], [ 73.0074127, 19.1721971 ], [ 73.0072475, 19.1721844 ], [ 73.0072475, 19.1721844 ], [ 73.0071996, 19.172283 ], [ 73.0071499, 19.1723584 ], [ 73.0069981, 19.1725163 ] ], [ [ 73.0069981, 19.1725163 ], [ 73.0071974, 19.1726481 ], [ 73.0075944, 19.1728203 ] ], [ [ 73.0075944, 19.1728203 ], [ 73.0076816, 19.1728684 ], [ 73.0089087, 19.1735804 ], [ 73.0090663, 19.1736387 ], [ 73.0091608, 19.1736513 ], [ 73.0091964, 19.1736456 ], [ 73.0092319, 19.1736209 ], [ 73.009411, 19.1734902 ], [ 73.0094334, 19.1734681 ] ], [ [ 73.0094334, 19.1734681 ], [ 73.009653, 19.173251 ] ], [ [ 73.009653, 19.173251 ], [ 73.0094334, 19.1734681 ], [ 73.0094334, 19.1734681 ], [ 73.0091417, 19.1731731 ], [ 73.009103, 19.1730793 ], [ 73.0090094, 19.1730084 ], [ 73.0088669, 19.1728906 ], [ 73.0087885, 19.1727833 ], [ 73.0086855, 19.172666 ], [ 73.0084506, 19.1724192 ], [ 73.0084506, 19.1724192 ], [ 73.0083211, 19.1724392 ], [ 73.0082555, 19.1724501 ], [ 73.0082274, 19.1724547 ] ], [ [ 73.0082274, 19.1724547 ], [ 73.0082555, 19.1724501 ], [ 73.0083211, 19.1724392 ], [ 73.0084506, 19.1724192 ] ], [ [ 73.0084506, 19.1724192 ], [ 73.0087175, 19.1723882 ], [ 73.0088526, 19.1722873 ], [ 73.0089505, 19.172195 ] ], [ [ 73.0089505, 19.172195 ], [ 73.0089411, 19.1721583 ] ], [ [ 73.0089411, 19.1721583 ], [ 73.0088982, 19.1721041 ], [ 73.0088808, 19.1718563 ], [ 73.0088883, 19.1716443 ], [ 73.0088383, 19.1716051 ], [ 73.0086775, 19.1715254 ], [ 73.0084779, 19.171515 ], [ 73.0082626, 19.1715252 ], [ 73.0081555, 19.1715233 ], [ 73.0080055, 19.171473 ], [ 73.0079576, 19.1714518 ] ], [ [ 73.0079576, 19.1714518 ], [ 73.0079155, 19.1714332 ], [ 73.0076077, 19.1712915 ], [ 73.0074789, 19.1712522 ] ], [ [ 73.0074789, 19.1712522 ], [ 73.0074897, 19.1715336 ] ], [ [ 73.0074897, 19.1715336 ], [ 73.0074789, 19.1712522 ] ], [ [ 73.0074789, 19.1712522 ], [ 73.007244, 19.1711804 ], [ 73.0071655, 19.1711368 ] ], [ [ 73.0071655, 19.1711368 ], [ 73.0069994, 19.1711302 ], [ 73.0067724, 19.1712039 ], [ 73.0066736, 19.1711943 ], [ 73.0066736, 19.1711943 ], [ 73.0063205, 19.171126 ], [ 73.0060384, 19.1711537 ], [ 73.0059143, 19.1712307 ], [ 73.0058195, 19.1712981 ], [ 73.0058195, 19.1712981 ], [ 73.0056776, 19.1715368 ], [ 73.0055222, 19.1718901 ] ], [ [ 73.0055222, 19.1718901 ], [ 73.0054391, 19.1720848 ], [ 73.005367, 19.172177 ], [ 73.0052262, 19.1722547 ], [ 73.0050136, 19.1722977 ] ], [ [ 73.0050136, 19.1722977 ], [ 73.0050521, 19.1723616 ], [ 73.0050521, 19.1723616 ], [ 73.0052368, 19.1726252 ], [ 73.0053098, 19.1727169 ], [ 73.0053089, 19.1727454 ] ], [ [ 73.0053089, 19.1727454 ], [ 73.0053044, 19.1728805 ], [ 73.0052745, 19.1730548 ], [ 73.0052549, 19.1731924 ] ], [ [ 73.0052549, 19.1731924 ], [ 73.0055183, 19.1731794 ], [ 73.0055572, 19.1738991 ] ], [ [ 73.0055572, 19.1738991 ], [ 73.0054486, 19.1740087 ], [ 73.005228, 19.174229 ], [ 73.0050826, 19.1743427 ], [ 73.0049589, 19.1744018 ] ], [ [ 73.0049589, 19.1744018 ], [ 73.0049047, 19.174886 ], [ 73.0046922, 19.1759611 ], [ 73.0046922, 19.1759611 ], [ 73.0048982, 19.1759907 ], [ 73.0050932, 19.1760108 ], [ 73.005267, 19.1760477 ], [ 73.00554, 19.1760812 ], [ 73.0057102, 19.1760644 ], [ 73.005767, 19.1759639 ], [ 73.0057812, 19.1758534 ], [ 73.0057812, 19.1758534 ], [ 73.0057741, 19.1757362 ], [ 73.0057244, 19.1755118 ], [ 73.0058663, 19.1752371 ], [ 73.0059585, 19.1748118 ], [ 73.0061251, 19.1742993 ], [ 73.0061996, 19.1742285 ], [ 73.0062855, 19.174117 ], [ 73.0063767, 19.1737623 ], [ 73.0064142, 19.1735089 ], [ 73.0065001, 19.1733416 ] ], [ [ 73.0065001, 19.1733416 ], [ 73.0064142, 19.1735089 ], [ 73.0063767, 19.1737623 ], [ 73.0062855, 19.174117 ], [ 73.0061996, 19.1742285 ], [ 73.0061251, 19.1742993 ], [ 73.0059585, 19.1748118 ], [ 73.0058663, 19.1752371 ], [ 73.0057244, 19.1755118 ], [ 73.0057741, 19.1757362 ], [ 73.0057812, 19.1758534 ], [ 73.0057812, 19.1758534 ], [ 73.0060065, 19.1756983 ], [ 73.0060655, 19.1756882 ], [ 73.0062265, 19.1757794 ] ], [ [ 73.0062265, 19.1757794 ], [ 73.0060655, 19.1756882 ], [ 73.0060065, 19.1756983 ], [ 73.0057812, 19.1758534 ] ], [ [ 73.0057812, 19.1758534 ], [ 73.005767, 19.1759639 ], [ 73.0057102, 19.1760644 ], [ 73.00554, 19.1760812 ], [ 73.005267, 19.1760477 ], [ 73.0050932, 19.1760108 ], [ 73.0048982, 19.1759907 ], [ 73.0046922, 19.1759611 ], [ 73.0046922, 19.1759611 ], [ 73.0046468, 19.1761903 ], [ 73.0046468, 19.1761903 ], [ 73.0046349, 19.1765878 ], [ 73.0046349, 19.1765878 ], [ 73.0046277, 19.1766942 ], [ 73.0046277, 19.1766942 ], [ 73.0045566, 19.1773176 ], [ 73.0045819, 19.177446 ], [ 73.0046061, 19.1775686 ], [ 73.0046061, 19.1775686 ], [ 73.0046117, 19.1775971 ], [ 73.0047005, 19.1778557 ], [ 73.0047175, 19.1778932 ] ], [ [ 73.0047175, 19.1778932 ], [ 73.0047005, 19.1778557 ], [ 73.0046117, 19.1775971 ], [ 73.0046061, 19.1775686 ], [ 73.0046061, 19.1775686 ], [ 73.0045819, 19.177446 ], [ 73.0045566, 19.1773176 ], [ 73.0046277, 19.1766942 ] ], [ [ 73.0046277, 19.1766942 ], [ 73.0046349, 19.1765878 ] ], [ [ 73.0046349, 19.1765878 ], [ 73.0046468, 19.1761903 ] ], [ [ 73.0046468, 19.1761903 ], [ 73.0042762, 19.1760799 ], [ 73.0025773, 19.1757916 ] ], [ [ 73.0025773, 19.1757916 ], [ 73.0025933, 19.1757054 ], [ 73.0025933, 19.1757054 ], [ 73.0026266, 19.1755066 ] ], [ [ 73.0026266, 19.1755066 ], [ 73.0027056, 19.175105 ], [ 73.0028079, 19.1745232 ], [ 73.0029031, 19.173824 ], [ 73.0029083, 19.1736828 ], [ 73.0029083, 19.1736828 ], [ 73.0031212, 19.1736218 ] ], [ [ 73.0031212, 19.1736218 ], [ 73.0032366, 19.1736261 ], [ 73.0033644, 19.173593 ], [ 73.0034932, 19.1735484 ], [ 73.0035379, 19.1735301 ], [ 73.0035855, 19.1735344 ], [ 73.0036218, 19.1735374 ], [ 73.0036579, 19.1735437 ], [ 73.0036596, 19.1735738 ], [ 73.003665, 19.1736793 ], [ 73.0036767, 19.1737527 ] ], [ [ 73.0036767, 19.1737527 ], [ 73.003665, 19.1736793 ], [ 73.0036596, 19.1735738 ], [ 73.0036579, 19.1735437 ], [ 73.0036218, 19.1735374 ], [ 73.0035855, 19.1735344 ], [ 73.0035379, 19.1735301 ], [ 73.0034932, 19.1735484 ], [ 73.0033644, 19.173593 ], [ 73.0032366, 19.1736261 ], [ 73.0031212, 19.1736218 ], [ 73.0031212, 19.1736218 ], [ 73.0029083, 19.1736828 ], [ 73.0029083, 19.1736828 ], [ 73.0028851, 19.173386 ], [ 73.0028583, 19.173179 ] ], [ [ 73.0028583, 19.173179 ], [ 73.0027493, 19.1727697 ], [ 73.0027012, 19.1726277 ], [ 73.0027012, 19.1726277 ], [ 73.0026619, 19.1725493 ], [ 73.0026292, 19.1724279 ], [ 73.0026207, 19.1723433 ], [ 73.0026326, 19.1722461 ], [ 73.0028716, 19.171494 ], [ 73.0029099, 19.1713736 ], [ 73.0029099, 19.1713736 ], [ 73.0029847, 19.1713371 ], [ 73.0030253, 19.1712914 ], [ 73.0030968, 19.1711372 ], [ 73.0033114, 19.1706615 ], [ 73.00333, 19.1706343 ], [ 73.0033727, 19.1706386 ], [ 73.0034963, 19.170671 ], [ 73.0034963, 19.170671 ], [ 73.0037253, 19.1706914 ] ], [ [ 73.0037253, 19.1706914 ], [ 73.0037409, 19.1708706 ], [ 73.0039185, 19.1709016 ], [ 73.0038705, 19.1710807 ] ], [ [ 73.0038705, 19.1710807 ], [ 73.0039185, 19.1709016 ], [ 73.0037409, 19.1708706 ], [ 73.0037253, 19.1706914 ], [ 73.0037253, 19.1706914 ], [ 73.0034963, 19.170671 ], [ 73.0034963, 19.170671 ], [ 73.0033727, 19.1706386 ], [ 73.00333, 19.1706343 ], [ 73.0033114, 19.1706615 ], [ 73.0030968, 19.1711372 ], [ 73.0030253, 19.1712914 ], [ 73.0029847, 19.1713371 ], [ 73.0029099, 19.1713736 ] ], [ [ 73.0029099, 19.1713736 ], [ 73.0029347, 19.1712954 ], [ 73.0029347, 19.1712954 ], [ 73.002997, 19.1711143 ], [ 73.0030175, 19.1710546 ] ], [ [ 73.0030175, 19.1710546 ], [ 73.0029567, 19.1710424 ], [ 73.0029567, 19.1710424 ], [ 73.0028298, 19.1710168 ], [ 73.0027688, 19.1710002 ], [ 73.0028203, 19.1708085 ] ], [ [ 73.0028203, 19.1708085 ], [ 73.0027688, 19.1710002 ], [ 73.0028298, 19.1710168 ], [ 73.0029567, 19.1710424 ] ], [ [ 73.0029567, 19.1710424 ], [ 73.0028718, 19.1712815 ], [ 73.0028718, 19.1712815 ], [ 73.0026181, 19.1720704 ], [ 73.0025714, 19.1722623 ], [ 73.0025621, 19.1724453 ], [ 73.0026115, 19.1726132 ] ], [ [ 73.0026115, 19.1726132 ], [ 73.0027012, 19.1726277 ], [ 73.0027012, 19.1726277 ], [ 73.0028405, 19.1726829 ], [ 73.0029633, 19.1727445 ], [ 73.0031388, 19.1728061 ], [ 73.0033094, 19.1727705 ], [ 73.0035717, 19.1726307 ], [ 73.0035717, 19.1726307 ], [ 73.0036663, 19.1727602 ], [ 73.0036694, 19.172882 ], [ 73.0036661, 19.1729396 ], [ 73.0037244, 19.1729648 ], [ 73.0038889, 19.1730229 ], [ 73.0040764, 19.1730771 ] ], [ [ 73.0040764, 19.1730771 ], [ 73.0041781, 19.1731512 ] ], [ [ 73.0041781, 19.1731512 ], [ 73.0043825, 19.173298 ], [ 73.0045298, 19.1733811 ], [ 73.0046126, 19.1734213 ], [ 73.0047279, 19.173464 ] ], [ [ 73.0047279, 19.173464 ], [ 73.0046126, 19.1734213 ], [ 73.0045298, 19.1733811 ], [ 73.0043825, 19.173298 ], [ 73.0041781, 19.1731512 ], [ 73.0041781, 19.1731512 ], [ 73.004159, 19.1732078 ], [ 73.0041506, 19.1732716 ], [ 73.0040837, 19.173565 ], [ 73.0040263, 19.1738171 ] ], [ [ 73.0040263, 19.1738171 ], [ 73.0040837, 19.173565 ], [ 73.0041506, 19.1732716 ], [ 73.004159, 19.1732078 ], [ 73.0041781, 19.1731512 ], [ 73.0041781, 19.1731512 ], [ 73.0042557, 19.1731249 ], [ 73.0043495, 19.1730666 ], [ 73.0044487, 19.1729661 ], [ 73.0045445, 19.1728824 ], [ 73.0046265, 19.1727843 ], [ 73.0046119, 19.1727719 ], [ 73.0046231, 19.1727146 ], [ 73.0046231, 19.1727146 ], [ 73.0045818, 19.1726476 ] ], [ [ 73.0045818, 19.1726476 ], [ 73.0045597, 19.1725703 ] ], [ [ 73.0045597, 19.1725703 ], [ 73.0044486, 19.1723561 ] ], [ [ 73.0044486, 19.1723561 ], [ 73.0043843, 19.1723949 ], [ 73.004013, 19.1725636 ], [ 73.0036163, 19.1726198 ], [ 73.0035717, 19.1726307 ], [ 73.0035717, 19.1726307 ], [ 73.0033094, 19.1727705 ], [ 73.0031388, 19.1728061 ], [ 73.0029633, 19.1727445 ], [ 73.0028405, 19.1726829 ], [ 73.0027012, 19.1726277 ], [ 73.0027012, 19.1726277 ], [ 73.0026115, 19.1726132 ] ], [ [ 73.0026115, 19.1726132 ], [ 72.9992496, 19.1720684 ], [ 72.9991701, 19.1720841 ] ], [ [ 72.9991701, 19.1720841 ], [ 72.9990512, 19.1720871 ] ], [ [ 72.9990512, 19.1720871 ], [ 72.9990511, 19.1721992 ], [ 72.9990786, 19.1724772 ], [ 72.9990801, 19.1726156 ], [ 72.999063, 19.172735 ], [ 72.9990289, 19.1728989 ], [ 72.9989643, 19.1730836 ], [ 72.9986217, 19.1738445 ] ], [ [ 72.9986217, 19.1738445 ], [ 72.9987237, 19.1738588 ] ], [ [ 72.9987237, 19.1738588 ], [ 72.9986217, 19.1738445 ], [ 72.9986217, 19.1738445 ], [ 72.9984165, 19.1737803 ], [ 72.9982452, 19.1737508 ], [ 72.9980694, 19.1737527 ], [ 72.9979774, 19.1737577 ], [ 72.997823, 19.1737911 ], [ 72.9976784, 19.1738366 ] ], [ [ 72.9976784, 19.1738366 ], [ 72.9975958, 19.1738193 ], [ 72.9973983, 19.1738272 ] ], [ [ 72.9973983, 19.1738272 ], [ 72.9973242, 19.1741384 ], [ 72.9973564, 19.174238 ], [ 72.9973564, 19.174238 ], [ 72.9974544, 19.1742365 ], [ 72.9975171, 19.1742484 ], [ 72.9975372, 19.1742744 ], [ 72.9976124, 19.1742981 ], [ 72.9976901, 19.1743123 ] ], [ [ 72.9976901, 19.1743123 ], [ 72.9977319, 19.1745387 ] ], [ [ 72.9977319, 19.1745387 ], [ 72.9976901, 19.1743123 ] ], [ [ 72.9976901, 19.1743123 ], [ 72.9977979, 19.1743289 ], [ 72.9979007, 19.1743242 ], [ 72.9979835, 19.1743336 ], [ 72.9980788, 19.1743881 ], [ 72.9981239, 19.1744023 ], [ 72.9982292, 19.1744023 ], [ 72.9983345, 19.1743478 ], [ 72.9984027, 19.1743538 ], [ 72.9984027, 19.1743538 ], [ 72.9981808, 19.1748728 ], [ 72.9981808, 19.1748728 ], [ 72.998289, 19.1748969 ] ], [ [ 72.998289, 19.1748969 ], [ 72.9981808, 19.1748728 ], [ 72.9981808, 19.1748728 ], [ 72.9979718, 19.1754332 ], [ 72.9979718, 19.1754332 ], [ 72.9980784, 19.1754743 ] ], [ [ 72.9980784, 19.1754743 ], [ 72.9979718, 19.1754332 ] ], [ [ 72.9979718, 19.1754332 ], [ 72.99784, 19.1757864 ], [ 72.9978137, 19.175857 ], [ 72.9978137, 19.175857 ], [ 72.9975037, 19.1758171 ], [ 72.9975037, 19.1758171 ], [ 72.9970791, 19.1757927 ], [ 72.9970791, 19.1757927 ], [ 72.9970516, 19.1757911 ], [ 72.9969905, 19.1757031 ], [ 72.9969381, 19.1756929 ], [ 72.9969276, 19.1756812 ], [ 72.996947, 19.1750173 ] ], [ [ 72.996947, 19.1750173 ], [ 72.9969276, 19.1756812 ], [ 72.9969381, 19.1756929 ], [ 72.9969905, 19.1757031 ], [ 72.9970516, 19.1757911 ], [ 72.9970791, 19.1757927 ] ], [ [ 72.9970791, 19.1757927 ], [ 72.9975037, 19.1758171 ], [ 72.9975037, 19.1758171 ], [ 72.9978137, 19.175857 ], [ 72.9978137, 19.175857 ], [ 72.9977076, 19.1761414 ] ], [ [ 72.9977076, 19.1761414 ], [ 72.9978306, 19.1761539 ] ], [ [ 72.9978306, 19.1761539 ], [ 72.9977076, 19.1761414 ] ], [ [ 72.9977076, 19.1761414 ], [ 72.9975797, 19.1764913 ] ], [ [ 72.9975797, 19.1764913 ], [ 72.9976958, 19.1765315 ] ], [ [ 72.9976958, 19.1765315 ], [ 72.9975797, 19.1764913 ] ], [ [ 72.9975797, 19.1764913 ], [ 72.9974038, 19.1764235 ], [ 72.9974038, 19.1764235 ], [ 72.9972631, 19.1764186 ], [ 72.9967887, 19.1763251 ], [ 72.9964594, 19.1763031 ], [ 72.9964594, 19.1763031 ], [ 72.9964374, 19.1763035 ] ], [ [ 72.9964374, 19.1763035 ], [ 72.9964031, 19.1761536 ], [ 72.996427, 19.175946 ], [ 72.9964481, 19.1757615 ], [ 72.9964639, 19.1755745 ], [ 72.9964667, 19.1752793 ] ], [ [ 72.9964667, 19.1752793 ], [ 72.9962804, 19.175242 ], [ 72.996132, 19.1752323 ], [ 72.9960319, 19.1752551 ], [ 72.9958766, 19.1753301 ], [ 72.9956971, 19.1754996 ], [ 72.995307, 19.1759463 ], [ 72.9951448, 19.1762169 ], [ 72.995021, 19.176536 ] ], [ [ 72.995021, 19.176536 ], [ 72.9949653, 19.1766798 ], [ 72.9949424, 19.1768687 ], [ 72.9949524, 19.1773794 ], [ 72.9949611, 19.1779759 ], [ 72.9948911, 19.1780231 ], [ 72.9947976, 19.1781355 ] ], [ [ 72.9947976, 19.1781355 ], [ 72.9948911, 19.1780231 ], [ 72.9949611, 19.1779759 ], [ 72.9949524, 19.1773794 ], [ 72.9949424, 19.1768687 ], [ 72.9949653, 19.1766798 ], [ 72.995021, 19.176536 ] ], [ [ 72.995021, 19.176536 ], [ 72.9956398, 19.1766974 ], [ 72.9957578, 19.1762411 ], [ 72.9960797, 19.1762715 ], [ 72.9964374, 19.1763035 ] ], [ [ 72.9964374, 19.1763035 ], [ 72.9964594, 19.1763031 ], [ 72.9964594, 19.1763031 ], [ 72.9964125, 19.1765966 ], [ 72.9963195, 19.176722 ], [ 72.9962853, 19.1775288 ] ], [ [ 72.9962853, 19.1775288 ], [ 72.9963195, 19.176722 ], [ 72.9964125, 19.1765966 ], [ 72.9964594, 19.1763031 ], [ 72.9964594, 19.1763031 ], [ 72.9967887, 19.1763251 ], [ 72.9972631, 19.1764186 ], [ 72.9974038, 19.1764235 ], [ 72.9974038, 19.1764235 ], [ 72.9975797, 19.1764913 ], [ 72.9975797, 19.1764913 ], [ 72.9969755, 19.1780749 ], [ 72.9969196, 19.1781956 ], [ 72.9969196, 19.1781956 ], [ 72.9963848, 19.1780819 ], [ 72.9963848, 19.1780819 ], [ 72.9963068, 19.1781823 ], [ 72.9958481, 19.1781215 ], [ 72.9957636, 19.1780581 ], [ 72.9957636, 19.1780581 ], [ 72.9958226, 19.1769257 ] ], [ [ 72.9958226, 19.1769257 ], [ 72.9957636, 19.1780581 ] ], [ [ 72.9957636, 19.1780581 ], [ 72.9958481, 19.1781215 ], [ 72.9963068, 19.1781823 ], [ 72.9963848, 19.1780819 ], [ 72.9963848, 19.1780819 ], [ 72.9961955, 19.1780417 ] ], [ [ 72.9961955, 19.1780417 ], [ 72.9963848, 19.1780819 ] ], [ [ 72.9963848, 19.1780819 ], [ 72.9969196, 19.1781956 ] ], [ [ 72.9969196, 19.1781956 ], [ 72.9965958, 19.1789438 ] ], [ [ 72.9965958, 19.1789438 ], [ 72.996446, 19.1793173 ] ], [ [ 72.996446, 19.1793173 ], [ 72.9964133, 19.1794025 ], [ 72.996282, 19.1798334 ], [ 72.9962585, 19.1799476 ] ], [ [ 72.9962585, 19.1799476 ], [ 72.9961676, 19.1803476 ], [ 72.9961261, 19.1805227 ], [ 72.9961261, 19.1805227 ], [ 72.9960746, 19.1807399 ], [ 72.9959929, 19.1810043 ] ], [ [ 72.9959929, 19.1810043 ], [ 72.9959518, 19.1811373 ] ], [ [ 72.9959518, 19.1811373 ], [ 72.9960697, 19.1811696 ], [ 72.9960697, 19.1811696 ], [ 72.9962474, 19.1811652 ], [ 72.996417, 19.1811339 ], [ 72.9967763, 19.1810194 ], [ 72.9967763, 19.1810194 ], [ 72.9972277, 19.1808368 ] ], [ [ 72.9972277, 19.1808368 ], [ 72.9974576, 19.1807448 ], [ 72.9976891, 19.1806701 ] ], [ [ 72.9976891, 19.1806701 ], [ 72.9977321, 19.1807666 ], [ 72.9978137, 19.1808804 ] ], [ [ 72.9978137, 19.1808804 ], [ 72.9978886, 19.1808358 ], [ 72.9979365, 19.1808274 ], [ 72.9980588, 19.1808408 ], [ 72.9981475, 19.1808274 ], [ 72.9982627, 19.1808173 ], [ 72.998323, 19.1808023 ], [ 72.9983919, 19.1807874 ], [ 72.9984561, 19.180779 ] ], [ [ 72.9984561, 19.180779 ], [ 72.9983919, 19.1807874 ], [ 72.998323, 19.1808023 ], [ 72.9982627, 19.1808173 ], [ 72.9981475, 19.1808274 ], [ 72.9980588, 19.1808408 ], [ 72.9979365, 19.1808274 ], [ 72.9978886, 19.1808358 ], [ 72.9978137, 19.1808804 ], [ 72.9978137, 19.1808804 ], [ 72.9979254, 19.1809826 ], [ 72.9980094, 19.181057 ], [ 72.9980094, 19.181057 ], [ 72.9980406, 19.1810847 ], [ 72.9981878, 19.1811819 ], [ 72.9982303, 19.1812455 ], [ 72.9982622, 19.1813627 ], [ 72.9982817, 19.1814129 ] ], [ [ 72.9982817, 19.1814129 ], [ 72.9983137, 19.1814582 ], [ 72.9983456, 19.1815369 ], [ 72.9983509, 19.1816189 ], [ 72.9983867, 19.1816423 ], [ 72.9984408, 19.1816823 ], [ 72.9985372, 19.1817174 ], [ 72.9986252, 19.1817423 ], [ 72.9986724, 19.1817702 ] ], [ [ 72.9986724, 19.1817702 ], [ 72.9987411, 19.1817256 ], [ 72.9987818, 19.1816904 ], [ 72.9988616, 19.1816686 ], [ 72.9989325, 19.181672 ], [ 72.9989538, 19.1816569 ], [ 72.9989591, 19.1816301 ], [ 72.9989896, 19.1815797 ] ], [ [ 72.9989896, 19.1815797 ], [ 72.998862, 19.1815355 ], [ 72.998736, 19.1815131 ], [ 72.9986947, 19.1815073 ], [ 72.9986759, 19.1814706 ], [ 72.9986216, 19.1814632 ], [ 72.9985206, 19.1814587 ], [ 72.9983839, 19.1814517 ], [ 72.9982817, 19.1814129 ], [ 72.9982817, 19.1814129 ], [ 72.9982622, 19.1813627 ], [ 72.9982303, 19.1812455 ], [ 72.9981878, 19.1811819 ], [ 72.9980406, 19.1810847 ], [ 72.9980094, 19.181057 ], [ 72.9980094, 19.181057 ], [ 72.9979637, 19.1810783 ], [ 72.9979601, 19.1811051 ], [ 72.9979495, 19.1811771 ], [ 72.9979624, 19.1812715 ], [ 72.997949, 19.1813904 ], [ 72.9979189, 19.181506 ], [ 72.9978839, 19.1816376 ], [ 72.9978484, 19.1817933 ], [ 72.9977988, 19.1820763 ], [ 72.9977882, 19.1821383 ], [ 72.997813, 19.1821902 ], [ 72.9978218, 19.1822656 ], [ 72.9978094, 19.1822907 ], [ 72.9977883, 19.1824775 ], [ 72.9977181, 19.1828871 ] ], [ [ 72.9977181, 19.1828871 ], [ 72.9977883, 19.1824775 ], [ 72.9978094, 19.1822907 ], [ 72.9978218, 19.1822656 ], [ 72.997813, 19.1821902 ], [ 72.9977882, 19.1821383 ], [ 72.9977988, 19.1820763 ], [ 72.9978484, 19.1817933 ], [ 72.9978839, 19.1816376 ], [ 72.9979189, 19.181506 ], [ 72.997949, 19.1813904 ], [ 72.9979624, 19.1812715 ], [ 72.9979495, 19.1811771 ], [ 72.9979601, 19.1811051 ], [ 72.9979637, 19.1810783 ], [ 72.9980094, 19.181057 ], [ 72.9980094, 19.181057 ], [ 72.9979254, 19.1809826 ], [ 72.9978137, 19.1808804 ], [ 72.9978137, 19.1808804 ], [ 72.9977321, 19.1807666 ], [ 72.9976891, 19.1806701 ], [ 72.9976891, 19.1806701 ], [ 72.9976698, 19.180607 ], [ 72.9976698, 19.180607 ], [ 72.997637, 19.1806181 ], [ 72.9972096, 19.1807625 ], [ 72.9972096, 19.1807625 ], [ 72.9971633, 19.1805731 ], [ 72.9971633, 19.1804617 ], [ 72.997292, 19.1801577 ], [ 72.9973993, 19.1797726 ], [ 72.9974017, 19.1797603 ] ], [ [ 72.9974017, 19.1797603 ], [ 72.9973993, 19.1797726 ], [ 72.997292, 19.1801577 ], [ 72.9971633, 19.1804617 ], [ 72.9971633, 19.1805731 ], [ 72.9972096, 19.1807625 ] ], [ [ 72.9972096, 19.1807625 ], [ 72.9965938, 19.1809891 ], [ 72.9963183, 19.1810421 ], [ 72.9961899, 19.1810509 ], [ 72.9961105, 19.1810386 ] ], [ [ 72.9961105, 19.1810386 ], [ 72.9959929, 19.1810043 ], [ 72.9959929, 19.1810043 ], [ 72.9959518, 19.1811373 ] ], [ [ 72.9959518, 19.1811373 ], [ 72.9959315, 19.1811822 ], [ 72.9958496, 19.1813469 ], [ 72.995685, 19.1815967 ], [ 72.9950877, 19.1822957 ] ], [ [ 72.9950877, 19.1822957 ], [ 72.9948299, 19.1825989 ] ], [ [ 72.9948299, 19.1825989 ], [ 72.9947508, 19.18263 ], [ 72.9946664, 19.1826439 ], [ 72.9945808, 19.1826399 ], [ 72.9944983, 19.1826181 ], [ 72.9944229, 19.1825796 ] ], [ [ 72.9944229, 19.1825796 ], [ 72.9943848, 19.1824418 ], [ 72.9943755, 19.1824079 ], [ 72.994319, 19.1822019 ], [ 72.9942741, 19.1820464 ], [ 72.9942579, 19.1820078 ], [ 72.9942473, 19.1819825 ], [ 72.9942023, 19.1819305 ], [ 72.9941472, 19.1818888 ], [ 72.9940741, 19.1818606 ], [ 72.9939827, 19.1818305 ], [ 72.9939514, 19.1818235 ], [ 72.9935365, 19.18173 ], [ 72.9934626, 19.1817117 ], [ 72.9934307, 19.1817005 ], [ 72.9932231, 19.1815985 ], [ 72.9913495, 19.1806775 ], [ 72.9912927, 19.1806482 ], [ 72.9912765, 19.1806316 ], [ 72.9912726, 19.1806143 ], [ 72.9912633, 19.1794325 ], [ 72.991248, 19.1774852 ], [ 72.9912466, 19.1773043 ], [ 72.9912386, 19.1763083 ], [ 72.9912385, 19.1760505 ], [ 72.9912383, 19.1749455 ], [ 72.9912334, 19.1742514 ], [ 72.9912304, 19.1741274 ], [ 72.9912287, 19.1740689 ], [ 72.991226, 19.1734254 ], [ 72.9912233, 19.1731771 ], [ 72.9912226, 19.1731133 ], [ 72.991218, 19.1724543 ], [ 72.9912164, 19.1722276 ], [ 72.9912008, 19.1700181 ], [ 72.9912301, 19.1693455 ], [ 72.9912309, 19.1692378 ], [ 72.9912309, 19.1692378 ], [ 72.991578, 19.1693213 ], [ 72.9916122, 19.169374 ], [ 72.9916179, 19.1694985 ], [ 72.9916341, 19.1695949 ], [ 72.9916841, 19.1696615 ], [ 72.9919257, 19.1697257 ], [ 72.9924411, 19.1699214 ], [ 72.9924411, 19.1699214 ], [ 72.9924257, 19.170215 ], [ 72.9924465, 19.1704347 ] ], [ [ 72.9924465, 19.1704347 ], [ 72.9924257, 19.170215 ], [ 72.9924411, 19.1699214 ], [ 72.9924411, 19.1699214 ], [ 72.9919257, 19.1697257 ], [ 72.9916841, 19.1696615 ], [ 72.9916341, 19.1695949 ], [ 72.9916179, 19.1694985 ], [ 72.9916122, 19.169374 ], [ 72.991578, 19.1693213 ], [ 72.9912309, 19.1692378 ], [ 72.9912309, 19.1692378 ], [ 72.9912344, 19.1687345 ], [ 72.9912344, 19.1687345 ], [ 72.991551, 19.168756 ], [ 72.9921439, 19.1687963 ], [ 72.9935014, 19.1688969 ], [ 72.9945282, 19.1690652 ], [ 72.9959642, 19.1693006 ], [ 72.9964059, 19.1693857 ], [ 72.9964059, 19.1693857 ], [ 72.9977601, 19.1696076 ], [ 72.9977601, 19.1696076 ], [ 72.997624, 19.1709374 ], [ 72.9974848, 19.1711233 ], [ 72.9973459, 19.1715343 ], [ 72.997448, 19.1716597 ], [ 72.998079, 19.1717533 ] ], [ [ 72.998079, 19.1717533 ], [ 72.997448, 19.1716597 ], [ 72.9973459, 19.1715343 ], [ 72.9974848, 19.1711233 ], [ 72.997624, 19.1709374 ], [ 72.9977601, 19.1696076 ], [ 72.9977601, 19.1696076 ], [ 72.9964059, 19.1693857 ], [ 72.9964059, 19.1693857 ], [ 72.9959642, 19.1693006 ], [ 72.9945282, 19.1690652 ], [ 72.9935014, 19.1688969 ], [ 72.9921439, 19.1687963 ], [ 72.991551, 19.168756 ], [ 72.9912344, 19.1687345 ], [ 72.9912344, 19.1687345 ], [ 72.9911023, 19.1687298 ], [ 72.9911023, 19.1687298 ], [ 72.9911018, 19.169343 ], [ 72.9910724, 19.170016 ], [ 72.9910782, 19.1708774 ], [ 72.9910822, 19.1714568 ], [ 72.991084, 19.1717268 ], [ 72.9910875, 19.1722314 ], [ 72.9910924, 19.1729604 ], [ 72.9910952, 19.1734268 ], [ 72.9910865, 19.174139 ], [ 72.9910891, 19.1742527 ], [ 72.9911044, 19.1749462 ], [ 72.9911127, 19.176048 ], [ 72.9911186, 19.176834 ], [ 72.9911191, 19.1769067 ], [ 72.9911253, 19.1773059 ], [ 72.9911362, 19.1794388 ], [ 72.991137, 19.1795535 ], [ 72.9911443, 19.1806273 ], [ 72.9911486, 19.1806585 ], [ 72.9911581, 19.1806891 ], [ 72.9912126, 19.1807451 ], [ 72.9912891, 19.1807845 ], [ 72.9933785, 19.1818115 ], [ 72.9934238, 19.1818275 ], [ 72.9935053, 19.1818476 ], [ 72.9939053, 19.1819361 ], [ 72.9939147, 19.181938 ], [ 72.9940317, 19.1819751 ], [ 72.9941016, 19.1820139 ], [ 72.9941453, 19.1820596 ], [ 72.9941655, 19.1821124 ], [ 72.9942019, 19.1822334 ], [ 72.9942236, 19.1823174 ], [ 72.9942537, 19.182434 ], [ 72.9942656, 19.1824799 ], [ 72.9943491, 19.1828101 ], [ 72.9944022, 19.1828976 ] ], [ [ 72.9944022, 19.1828976 ], [ 72.9944155, 19.1829194 ], [ 72.9944934, 19.1829946 ] ], [ [ 72.9944934, 19.1829946 ], [ 72.9935583, 19.184095 ], [ 72.9935583, 19.184095 ], [ 72.9934173, 19.1839849 ], [ 72.9934173, 19.1839849 ], [ 72.9930041, 19.1844565 ], [ 72.9929463, 19.1844112 ] ], [ [ 72.9929463, 19.1844112 ], [ 72.9930041, 19.1844565 ], [ 72.9934173, 19.1839849 ], [ 72.9934173, 19.1839849 ], [ 72.9935583, 19.184095 ] ], [ [ 72.9935583, 19.184095 ], [ 72.9927048, 19.1850989 ] ], [ [ 72.9927048, 19.1850989 ], [ 72.9922969, 19.184703 ], [ 72.9920769, 19.1845497 ], [ 72.9919307, 19.1844978 ], [ 72.9917815, 19.1844828 ] ], [ [ 72.9917815, 19.1844828 ], [ 72.9919307, 19.1844978 ], [ 72.9920769, 19.1845497 ], [ 72.9922969, 19.184703 ], [ 72.9927048, 19.1850989 ], [ 72.9927048, 19.1850989 ], [ 72.9927966, 19.1851854 ] ], [ [ 72.9927966, 19.1851854 ], [ 72.9941836, 19.183547 ] ], [ [ 72.9941836, 19.183547 ], [ 72.9942595, 19.183612 ] ], [ [ 72.9942595, 19.183612 ], [ 72.9944293, 19.1836972 ], [ 72.9949504, 19.1838531 ], [ 72.9950067, 19.1839139 ], [ 72.9950443, 19.1839975 ], [ 72.9950631, 19.1841065 ], [ 72.994996, 19.1846511 ], [ 72.9948385, 19.1855676 ] ], [ [ 72.9948385, 19.1855676 ], [ 72.9948281, 19.1856279 ] ], [ [ 72.9948281, 19.1856279 ], [ 72.9944114, 19.1868361 ], [ 72.9941863, 19.1873017 ], [ 72.9940366, 19.1876478 ] ], [ [ 72.9940366, 19.1876478 ], [ 72.9936659, 19.1879618 ] ], [ [ 72.9936659, 19.1879618 ], [ 72.993406, 19.1866153 ] ], [ [ 72.993406, 19.1866153 ], [ 72.9936659, 19.1879618 ] ], [ [ 72.9936659, 19.1879618 ], [ 72.9940366, 19.1876478 ] ] ] } },
{ "type": "Feature", "properties": { "point_ids": [ 2883, 7485, 3297, 3187, 4028, 1452, 5504, 5855, 5984, 8190, 9445, 531, 7886, 7985, 45, 627, 2827, 9234, 9264, 5761, 4498, 2122, 9225, 318, 8588, 165, 7356, 8922, 8087, 238, 9906, 9055, 6327, 7249, 839, 3856, 9896, 1217, 9843, 1602, 5868, 5727, 5368, 4414, 2954, 9460, 9752, 4568, 3650, 8064, 9202, 1749, 2135, 4494, 6889, 3439, 8640, 8859, 485, 4723, 7669, 7643, 3690, 5808, 6150, 6273, 9281, 4816, 7570, 8493, 8877, 443, 1507, 9748, 5289, 6367, 2991, 3264, 3542, 5796, 6394, 2697, 7329, 8580, 2159, 100, 3872, 7236, 5286, 5081, 4466, 4091, 3533, 3071, 671, 8617, 6518, 8277, 8631, 4427, 6334, 867 ], "length_m": 13919.410518172048, "travel_time_min": 28.840564433828334, "n_points": 102, "route_id": 15, "cluster_id": 13 }, "geometry": { "type": "MultiLineString", "coordinates": [ [ [ 72.9940366, 19.1876478 ], [ 72.9941431, 19.1876644 ], [ 72.9942021, 19.1876758 ], [ 72.9942544, 19.1876733 ], [ 72.9943295, 19.1876416 ], [ 72.9943885, 19.1876087 ], [ 72.9944703, 19.1875884 ], [ 72.9945709, 19.1875821 ], [ 72.9946688, 19.1875935 ], [ 72.9946688, 19.1875935 ], [ 72.9947613, 19.1876467 ], [ 72.9948901, 19.1877429 ], [ 72.9951475, 19.1879861 ], [ 72.995456, 19.1882939 ], [ 72.9962084, 19.1890133 ] ], [ [ 72.9962084, 19.1890133 ], [ 72.995456, 19.1882939 ], [ 72.9951475, 19.1879861 ], [ 72.9948901, 19.1877429 ], [ 72.9947613, 19.1876467 ], [ 72.9946688, 19.1875935 ] ], [ [ 72.9946688, 19.1875935 ], [ 72.9948136, 19.1873287 ], [ 72.9948579, 19.1872654 ], [ 72.9949035, 19.1872173 ], [ 72.9950175, 19.1870969 ], [ 72.9950555, 19.187057 ], [ 72.9950859, 19.1870121 ], [ 72.995134, 19.1869161 ], [ 72.995134, 19.1869161 ], [ 72.9951978, 19.1867889 ], [ 72.9952278, 19.1867147 ], [ 72.9952374, 19.1866676 ], [ 72.995232, 19.1866182 ], [ 72.9951368, 19.1864459 ] ], [ [ 72.9951368, 19.1864459 ], [ 72.995232, 19.1866182 ], [ 72.9952374, 19.1866676 ], [ 72.9952278, 19.1867147 ], [ 72.9951978, 19.1867889 ], [ 72.995134, 19.1869161 ] ], [ [ 72.995134, 19.1869161 ], [ 72.9952805, 19.1869509 ], [ 72.9953395, 19.1869231 ], [ 72.9954843, 19.1867483 ], [ 72.995562, 19.1865308 ], [ 72.9954869, 19.1861888 ], [ 72.9954734, 19.1861191 ], [ 72.995452, 19.1860875 ], [ 72.9954158, 19.1860659 ], [ 72.9952535, 19.1860292 ], [ 72.9951784, 19.1860013 ], [ 72.995138, 19.1859585 ], [ 72.9950604, 19.1858253 ], [ 72.9950215, 19.1857683 ], [ 72.9949717, 19.1857255 ], [ 72.9948496, 19.1856793 ], [ 72.9948281, 19.1856279 ] ], [ [ 72.9948281, 19.1856279 ], [ 72.9948385, 19.1855676 ], [ 72.9948385, 19.1855676 ], [ 72.994996, 19.1846511 ], [ 72.9950631, 19.1841065 ], [ 72.9950443, 19.1839975 ], [ 72.9950067, 19.1839139 ], [ 72.9949504, 19.1838531 ], [ 72.9944293, 19.1836972 ], [ 72.9942595, 19.183612 ] ], [ [ 72.9942595, 19.183612 ], [ 72.9941836, 19.183547 ] ], [ [ 72.9941836, 19.183547 ], [ 72.9945891, 19.1830703 ], [ 72.9945891, 19.1830703 ], [ 72.9946964, 19.1829494 ], [ 72.9946964, 19.1829494 ], [ 72.9951632, 19.1823996 ] ], [ [ 72.9951632, 19.1823996 ], [ 72.995705, 19.1827986 ] ], [ [ 72.995705, 19.1827986 ], [ 72.9958363, 19.1829345 ], [ 72.9958731, 19.1829893 ], [ 72.9959827, 19.1831113 ], [ 72.9960689, 19.1833389 ], [ 72.9961002, 19.1834425 ], [ 72.9962183, 19.1838335 ], [ 72.9962183, 19.1838335 ], [ 72.9962874, 19.1840397 ], [ 72.9963451, 19.1842203 ], [ 72.9963451, 19.1842203 ], [ 72.9964735, 19.1846017 ], [ 72.9964735, 19.1846017 ], [ 72.9967019, 19.1852566 ], [ 72.9967877, 19.1855225 ], [ 72.9968907, 19.1858525 ], [ 72.9968907, 19.1858525 ], [ 72.9969282, 19.1859724 ], [ 72.9969282, 19.1859724 ], [ 72.9970348, 19.1862949 ], [ 72.9970659, 19.1865945 ], [ 72.9970659, 19.1865945 ], [ 72.9970839, 19.1867211 ], [ 72.9970869, 19.1869154 ], [ 72.9970947, 19.1870663 ], [ 72.9970843, 19.1872607 ] ], [ [ 72.9970843, 19.1872607 ], [ 72.9976594, 19.1872793 ] ], [ [ 72.9976594, 19.1872793 ], [ 72.997755, 19.1872385 ], [ 72.9978526, 19.1871945 ], [ 72.997992, 19.1870962 ] ], [ [ 72.997992, 19.1870962 ], [ 72.9978526, 19.1871945 ], [ 72.997755, 19.1872385 ], [ 72.9976594, 19.1872793 ] ], [ [ 72.9976594, 19.1872793 ], [ 72.9976963, 19.1873142 ], [ 72.9977158, 19.1873452 ], [ 72.9977359, 19.1873971 ], [ 72.9977547, 19.187475 ], [ 72.9978089, 19.1877992 ], [ 72.9978276, 19.1879144 ], [ 72.9978357, 19.1879412 ], [ 72.9978438, 19.1879665 ], [ 72.9978579, 19.1879779 ], [ 72.9978794, 19.1879836 ], [ 72.9979096, 19.1879823 ], [ 72.997931, 19.1879842 ], [ 72.9979471, 19.1879962 ], [ 72.9979545, 19.1880133 ], [ 72.9980195, 19.1882907 ] ], [ [ 72.9980195, 19.1882907 ], [ 72.9983789, 19.1882552 ], [ 72.9984256, 19.1882543 ], [ 72.9984256, 19.1882543 ], [ 72.9983759, 19.188148 ], [ 72.9983659, 19.1881276 ], [ 72.9983606, 19.1880967 ], [ 72.9983612, 19.1880507 ], [ 72.9983658, 19.1880068 ], [ 72.998373, 19.1879148 ], [ 72.9983862, 19.1878087 ], [ 72.9983954, 19.1877405 ], [ 72.9984033, 19.1876974 ], [ 72.9984148, 19.1876361 ], [ 72.9984375, 19.1874871 ], [ 72.9984475, 19.1874202 ], [ 72.9984688, 19.1873423 ], [ 72.9984832, 19.1872064 ], [ 72.9985012, 19.1871368 ], [ 72.9985111, 19.1870308 ], [ 72.9985336, 19.1869547 ], [ 72.9985394, 19.1868736 ], [ 72.9985496, 19.1867979 ], [ 72.99856, 19.186664 ], [ 72.9985678, 19.1865479 ], [ 72.9985681, 19.1864693 ], [ 72.9985761, 19.1863138 ] ], [ [ 72.9985761, 19.1863138 ], [ 72.9985681, 19.1864693 ], [ 72.9985678, 19.1865479 ], [ 72.99856, 19.186664 ], [ 72.9985496, 19.1867979 ], [ 72.9985394, 19.1868736 ], [ 72.9985336, 19.1869547 ], [ 72.9985111, 19.1870308 ], [ 72.9985012, 19.1871368 ], [ 72.9984832, 19.1872064 ], [ 72.9984688, 19.1873423 ], [ 72.9984475, 19.1874202 ], [ 72.9984375, 19.1874871 ], [ 72.9984148, 19.1876361 ], [ 72.9984033, 19.1876974 ], [ 72.9983954, 19.1877405 ], [ 72.9983862, 19.1878087 ], [ 72.998373, 19.1879148 ], [ 72.9983658, 19.1880068 ], [ 72.9983612, 19.1880507 ], [ 72.9983606, 19.1880967 ], [ 72.9983659, 19.1881276 ], [ 72.9983759, 19.188148 ], [ 72.9984256, 19.1882543 ] ], [ [ 72.9984256, 19.1882543 ], [ 72.9985097, 19.1884269 ], [ 72.9985231, 19.1884813 ], [ 72.9985338, 19.1885396 ], [ 72.9985312, 19.1886067 ], [ 72.9985164, 19.1887093 ], [ 72.998499, 19.1887803 ], [ 72.9984748, 19.1888398 ], [ 72.9984212, 19.188931 ], [ 72.9984078, 19.188974 ], [ 72.9984011, 19.1890209 ], [ 72.9984011, 19.1890209 ], [ 72.9984017, 19.1891032 ] ], [ [ 72.9984017, 19.1891032 ], [ 72.9984011, 19.1890209 ], [ 72.9984011, 19.1890209 ], [ 72.9980854, 19.1890556 ], [ 72.9977453, 19.1892506 ], [ 72.9975835, 19.1895567 ] ], [ [ 72.9975835, 19.1895567 ], [ 72.9977116, 19.1900732 ], [ 72.9977116, 19.1900732 ], [ 72.9977623, 19.190293 ], [ 72.9977623, 19.190293 ], [ 72.9977749, 19.1903405 ], [ 72.9977808, 19.1903768 ], [ 72.9978252, 19.1905197 ], [ 72.9978382, 19.1905586 ], [ 72.9978318, 19.1905934 ], [ 72.9978117, 19.1906149 ], [ 72.9977796, 19.1906379 ] ], [ [ 72.9977796, 19.1906379 ], [ 72.9978117, 19.1906149 ], [ 72.9978318, 19.1905934 ], [ 72.9978382, 19.1905586 ], [ 72.9978252, 19.1905197 ], [ 72.9977808, 19.1903768 ], [ 72.9977749, 19.1903405 ], [ 72.9977623, 19.190293 ] ], [ [ 72.9977623, 19.190293 ], [ 72.9977116, 19.1900732 ] ], [ [ 72.9977116, 19.1900732 ], [ 72.9975835, 19.1895567 ] ], [ [ 72.9975835, 19.1895567 ], [ 72.9969898, 19.189407 ], [ 72.9968855, 19.189387 ], [ 72.9968627, 19.1892947 ], [ 72.9969071, 19.1886829 ], [ 72.9969237, 19.1880657 ], [ 72.9970843, 19.1872607 ] ], [ [ 72.9970843, 19.1872607 ], [ 72.9970947, 19.1870663 ], [ 72.9970869, 19.1869154 ], [ 72.9970839, 19.1867211 ], [ 72.9970659, 19.1865945 ] ], [ [ 72.9970659, 19.1865945 ], [ 72.9970348, 19.1862949 ], [ 72.9969282, 19.1859724 ], [ 72.9969282, 19.1859724 ], [ 72.9968907, 19.1858525 ], [ 72.9968907, 19.1858525 ], [ 72.9967877, 19.1855225 ], [ 72.9967019, 19.1852566 ], [ 72.9964735, 19.1846017 ] ], [ [ 72.9964735, 19.1846017 ], [ 72.9968762, 19.1845143 ], [ 72.9970559, 19.1844865 ], [ 72.9973898, 19.1844344 ], [ 72.997513, 19.1844144 ], [ 72.997778, 19.1843713 ] ], [ [ 72.997778, 19.1843713 ], [ 72.997513, 19.1844144 ], [ 72.9973898, 19.1844344 ], [ 72.9970559, 19.1844865 ], [ 72.9968762, 19.1845143 ], [ 72.9964735, 19.1846017 ] ], [ [ 72.9964735, 19.1846017 ], [ 72.9963451, 19.1842203 ] ], [ [ 72.9963451, 19.1842203 ], [ 72.9962874, 19.1840397 ], [ 72.9962183, 19.1838335 ], [ 72.9962183, 19.1838335 ], [ 72.9959199, 19.1839194 ], [ 72.9959654, 19.184114 ], [ 72.9960058, 19.1841069 ], [ 72.996202, 19.1840503 ] ], [ [ 72.996202, 19.1840503 ], [ 72.9960058, 19.1841069 ], [ 72.9959654, 19.184114 ], [ 72.9959199, 19.1839194 ], [ 72.9962183, 19.1838335 ], [ 72.9962183, 19.1838335 ], [ 72.9961002, 19.1834425 ], [ 72.9960689, 19.1833389 ], [ 72.9959827, 19.1831113 ], [ 72.9958731, 19.1829893 ], [ 72.9958363, 19.1829345 ], [ 72.995705, 19.1827986 ], [ 72.995705, 19.1827986 ], [ 72.9951632, 19.1823996 ], [ 72.9951632, 19.1823996 ], [ 72.9957861, 19.1816644 ], [ 72.995959, 19.1814018 ], [ 72.9960464, 19.1812261 ], [ 72.9960697, 19.1811696 ], [ 72.9960697, 19.1811696 ], [ 72.9962474, 19.1811652 ], [ 72.996417, 19.1811339 ], [ 72.9967763, 19.1810194 ], [ 72.9967763, 19.1810194 ], [ 72.9972277, 19.1808368 ], [ 72.9972277, 19.1808368 ], [ 72.9974576, 19.1807448 ], [ 72.9976891, 19.1806701 ], [ 72.9976891, 19.1806701 ], [ 72.9978778, 19.1806102 ], [ 73.000031, 19.1799635 ], [ 73.0004124, 19.1798489 ], [ 73.0018069, 19.17943 ], [ 73.0018865, 19.1793718 ], [ 73.0019634, 19.1792705 ], [ 73.0019935, 19.1791519 ], [ 73.0021382, 19.1783134 ], [ 73.0021571, 19.178204 ], [ 73.0022813, 19.1774871 ], [ 73.0022813, 19.1774871 ], [ 73.00361, 19.1777414 ], [ 73.0038053, 19.1777808 ], [ 73.0040575, 19.1778225 ], [ 73.0043286, 19.1778679 ] ], [ [ 73.0043286, 19.1778679 ], [ 73.0040575, 19.1778225 ], [ 73.0038053, 19.1777808 ], [ 73.00361, 19.1777414 ], [ 73.0022813, 19.1774871 ] ], [ [ 73.0022813, 19.1774871 ], [ 73.0022025, 19.1774737 ] ], [ [ 73.0022025, 19.1774737 ], [ 73.0022813, 19.1774871 ] ], [ [ 73.0022813, 19.1774871 ], [ 73.0023629, 19.1770657 ], [ 73.0024216, 19.1766422 ], [ 73.0024216, 19.1766422 ], [ 73.0023662, 19.176634 ], [ 73.0023662, 19.176634 ], [ 73.0019127, 19.1765666 ] ], [ [ 73.0019127, 19.1765666 ], [ 73.0022121, 19.1749795 ], [ 73.0024482, 19.1750099 ] ], [ [ 73.0024482, 19.1750099 ], [ 73.0022121, 19.1749795 ], [ 73.0019127, 19.1765666 ], [ 73.0019127, 19.1765666 ], [ 72.9986083, 19.1762325 ], [ 72.9978306, 19.1761539 ], [ 72.9978306, 19.1761539 ], [ 72.9977076, 19.1761414 ], [ 72.9977076, 19.1761414 ], [ 72.9975797, 19.1764913 ], [ 72.9975797, 19.1764913 ], [ 72.9969755, 19.1780749 ], [ 72.9969196, 19.1781956 ] ], [ [ 72.9969196, 19.1781956 ], [ 72.9965958, 19.1789438 ], [ 72.9965958, 19.1789438 ], [ 72.996446, 19.1793173 ], [ 72.996446, 19.1793173 ], [ 72.9963536, 19.179284 ], [ 72.9962056, 19.1792319 ], [ 72.9960872, 19.1792123 ] ], [ [ 72.9960872, 19.1792123 ], [ 72.9960201, 19.1792012 ], [ 72.9958696, 19.1791727 ], [ 72.9956942, 19.1791415 ], [ 72.9956942, 19.1791415 ], [ 72.995654, 19.179303 ], [ 72.9956351, 19.1796263 ], [ 72.9956248, 19.1796999 ] ], [ [ 72.9956248, 19.1796999 ], [ 72.9953482, 19.1796846 ], [ 72.9953482, 19.1796846 ], [ 72.9953757, 19.1795441 ], [ 72.9954111, 19.1793348 ], [ 72.9954767, 19.1790685 ], [ 72.9955264, 19.1787437 ], [ 72.9955477, 19.178531 ] ], [ [ 72.9955477, 19.178531 ], [ 72.9955264, 19.1787437 ], [ 72.9954767, 19.1790685 ], [ 72.9954111, 19.1793348 ], [ 72.9953757, 19.1795441 ], [ 72.9953482, 19.1796846 ], [ 72.9953482, 19.1796846 ], [ 72.9951876, 19.179645 ], [ 72.9950014, 19.1797017 ], [ 72.9948619, 19.1798182 ], [ 72.9947708, 19.1799803 ], [ 72.9946688, 19.1801374 ], [ 72.9946366, 19.1803198 ] ], [ [ 72.9946366, 19.1803198 ], [ 72.9946688, 19.1801374 ], [ 72.9947708, 19.1799803 ], [ 72.9948619, 19.1798182 ], [ 72.9950014, 19.1797017 ], [ 72.9951876, 19.179645 ], [ 72.9953482, 19.1796846 ], [ 72.9953482, 19.1796846 ], [ 72.995334, 19.1799347 ], [ 72.9953126, 19.180107 ] ], [ [ 72.9953126, 19.180107 ], [ 72.995334, 19.1799347 ], [ 72.9953482, 19.1796846 ] ], [ [ 72.9953482, 19.1796846 ], [ 72.9956248, 19.1796999 ], [ 72.9956248, 19.1796999 ], [ 72.9957585, 19.1797288 ], [ 72.9959003, 19.1797823 ], [ 72.9959918, 19.179827 ] ], [ [ 72.9959918, 19.179827 ], [ 72.9961131, 19.1798862 ], [ 72.9962585, 19.1799476 ], [ 72.9962585, 19.1799476 ], [ 72.9961676, 19.1803476 ], [ 72.9961261, 19.1805227 ] ], [ [ 72.9961261, 19.1805227 ], [ 72.995672, 19.1804211 ], [ 72.9954306, 19.1804211 ] ], [ [ 72.9954306, 19.1804211 ], [ 72.995672, 19.1804211 ], [ 72.9961261, 19.1805227 ], [ 72.9961261, 19.1805227 ], [ 72.9960746, 19.1807399 ], [ 72.9959929, 19.1810043 ], [ 72.9959929, 19.1810043 ], [ 72.9959518, 19.1811373 ], [ 72.9959518, 19.1811373 ], [ 72.9960697, 19.1811696 ], [ 72.9960697, 19.1811696 ], [ 72.9962474, 19.1811652 ], [ 72.996417, 19.1811339 ], [ 72.9967763, 19.1810194 ], [ 72.9967763, 19.1810194 ], [ 72.9972277, 19.1808368 ], [ 72.9972277, 19.1808368 ], [ 72.9974576, 19.1807448 ], [ 72.9976891, 19.1806701 ], [ 72.9976891, 19.1806701 ], [ 72.9978778, 19.1806102 ], [ 73.000031, 19.1799635 ], [ 73.0004124, 19.1798489 ], [ 73.0018069, 19.17943 ], [ 73.0018865, 19.1793718 ], [ 73.0019634, 19.1792705 ], [ 73.0019935, 19.1791519 ], [ 73.0021382, 19.1783134 ], [ 73.0021571, 19.178204 ], [ 73.0022813, 19.1774871 ], [ 73.0022813, 19.1774871 ], [ 73.0023629, 19.1770657 ], [ 73.0024216, 19.1766422 ], [ 73.0024216, 19.1766422 ], [ 73.0024494, 19.1764905 ], [ 73.0025773, 19.1757916 ], [ 73.0025773, 19.1757916 ], [ 73.0025113, 19.1757786 ] ], [ [ 73.0025113, 19.1757786 ], [ 73.0025773, 19.1757916 ], [ 73.0025773, 19.1757916 ], [ 73.0042762, 19.1760799 ], [ 73.0046468, 19.1761903 ], [ 73.0046468, 19.1761903 ], [ 73.0046349, 19.1765878 ], [ 73.0046349, 19.1765878 ], [ 73.0046277, 19.1766942 ], [ 73.0046277, 19.1766942 ], [ 73.0045566, 19.1773176 ], [ 73.0045819, 19.177446 ], [ 73.0046061, 19.1775686 ], [ 73.0046061, 19.1775686 ], [ 73.0046117, 19.1775971 ], [ 73.0047005, 19.1778557 ], [ 73.0047175, 19.1778932 ], [ 73.0047175, 19.1778932 ], [ 73.0048069, 19.1780902 ], [ 73.0049062, 19.1783045 ], [ 73.0049275, 19.1784519 ], [ 73.004974, 19.1786141 ], [ 73.0049482, 19.1788339 ], [ 73.0048069, 19.1794299 ], [ 73.004658, 19.1800193 ], [ 73.0046934, 19.1806891 ], [ 73.0047431, 19.1813054 ], [ 73.0047076, 19.1817877 ], [ 73.00458, 19.1822633 ], [ 73.0045012, 19.1825535 ], [ 73.0044379, 19.1827514 ], [ 73.0044166, 19.1828682 ], [ 73.0044267, 19.1829488 ], [ 73.0044809, 19.183002 ], [ 73.0045715, 19.18304 ], [ 73.0047883, 19.1830424 ], [ 73.0048773, 19.1830628 ], [ 73.0049584, 19.1831127 ], [ 73.005004, 19.1832052 ], [ 73.0050175, 19.1833167 ], [ 73.0050191, 19.1833844 ] ], [ [ 73.0050191, 19.1833844 ], [ 73.0051695, 19.1835415 ], [ 73.0052339, 19.1836175 ], [ 73.0053037, 19.1837188 ], [ 73.00547, 19.1839519 ], [ 73.0055451, 19.1844535 ], [ 73.0057006, 19.1845701 ] ], [ [ 73.0057006, 19.1845701 ], [ 73.0055451, 19.1844535 ], [ 73.00547, 19.1839519 ], [ 73.0053037, 19.1837188 ], [ 73.0052339, 19.1836175 ], [ 73.0051695, 19.1835415 ], [ 73.0050191, 19.1833844 ] ], [ [ 73.0050191, 19.1833844 ], [ 73.0050309, 19.183874 ], [ 73.0050014, 19.1841552 ], [ 73.0049732, 19.1848367 ], [ 73.0049987, 19.185698 ], [ 73.0050282, 19.1862324 ], [ 73.0050275, 19.1864674 ], [ 73.0050408, 19.1865713 ], [ 73.0050697, 19.1866784 ], [ 73.0051006, 19.186767 ], [ 73.0052535, 19.1871343 ], [ 73.005334, 19.1873522 ], [ 73.0054272, 19.1875112 ], [ 73.005537, 19.1876657 ], [ 73.005572, 19.1877518 ], [ 73.0055854, 19.1878531 ], [ 73.0055988, 19.1880583 ], [ 73.0055988, 19.1880583 ], [ 73.0059019, 19.1881026 ], [ 73.0059689, 19.188114 ], [ 73.0060601, 19.1881356 ], [ 73.0062331, 19.188171 ], [ 73.0062854, 19.1881748 ], [ 73.0063404, 19.1881634 ], [ 73.0063847, 19.188133 ], [ 73.0064249, 19.1880773 ], [ 73.0065241, 19.1878455 ], [ 73.006555, 19.1878024 ], [ 73.0065805, 19.1877847 ], [ 73.0066448, 19.1877644 ] ], [ [ 73.0066448, 19.1877644 ], [ 73.0065805, 19.1877847 ], [ 73.006555, 19.1878024 ], [ 73.0065241, 19.1878455 ], [ 73.0064249, 19.1880773 ], [ 73.0063847, 19.188133 ], [ 73.0063404, 19.1881634 ], [ 73.0062854, 19.1881748 ], [ 73.0062331, 19.188171 ], [ 73.0060601, 19.1881356 ], [ 73.0059689, 19.188114 ], [ 73.0059019, 19.1881026 ], [ 73.0055988, 19.1880583 ], [ 73.0055988, 19.1880583 ], [ 73.005631, 19.1883724 ], [ 73.0056363, 19.1884864 ], [ 73.0056363, 19.1884889 ], [ 73.0056068, 19.1885903 ], [ 73.0055559, 19.1886511 ], [ 73.0054834, 19.1887043 ] ], [ [ 73.0054834, 19.1887043 ], [ 73.0055559, 19.1886511 ], [ 73.0056068, 19.1885903 ], [ 73.0056363, 19.1884889 ], [ 73.0056363, 19.1884864 ], [ 73.005631, 19.1883724 ], [ 73.0055988, 19.1880583 ] ], [ [ 73.0055988, 19.1880583 ], [ 73.0055854, 19.1878531 ], [ 73.005572, 19.1877518 ], [ 73.005537, 19.1876657 ], [ 73.0054272, 19.1875112 ], [ 73.005334, 19.1873522 ], [ 73.0052535, 19.1871343 ], [ 73.0051006, 19.186767 ], [ 73.0050697, 19.1866784 ], [ 73.0050408, 19.1865713 ], [ 73.0050275, 19.1864674 ], [ 73.0050282, 19.1862324 ], [ 73.0049987, 19.185698 ], [ 73.0049732, 19.1848367 ], [ 73.0050014, 19.1841552 ], [ 73.0050309, 19.183874 ], [ 73.0050191, 19.1833844 ] ], [ [ 73.0050191, 19.1833844 ], [ 73.0050175, 19.1833167 ], [ 73.005004, 19.1832052 ], [ 73.0049584, 19.1831127 ], [ 73.0048773, 19.1830628 ], [ 73.0047883, 19.1830424 ], [ 73.0045715, 19.18304 ], [ 73.0044809, 19.183002 ], [ 73.0044267, 19.1829488 ], [ 73.0044166, 19.1828682 ], [ 73.0044379, 19.1827514 ], [ 73.0045012, 19.1825535 ], [ 73.00458, 19.1822633 ], [ 73.0047076, 19.1817877 ], [ 73.0047431, 19.1813054 ], [ 73.0046934, 19.1806891 ], [ 73.004658, 19.1800193 ], [ 73.0048069, 19.1794299 ], [ 73.0049482, 19.1788339 ], [ 73.004974, 19.1786141 ], [ 73.0049275, 19.1784519 ], [ 73.0049062, 19.1783045 ], [ 73.0048069, 19.1780902 ], [ 73.0047175, 19.1778932 ] ], [ [ 73.0047175, 19.1778932 ], [ 73.0047005, 19.1778557 ], [ 73.0046117, 19.1775971 ], [ 73.0046061, 19.1775686 ], [ 73.0046061, 19.1775686 ], [ 73.0045819, 19.177446 ], [ 73.0045566, 19.1773176 ], [ 73.0046277, 19.1766942 ], [ 73.0046277, 19.1766942 ], [ 73.0046349, 19.1765878 ], [ 73.0046349, 19.1765878 ], [ 73.0046468, 19.1761903 ], [ 73.0046468, 19.1761903 ], [ 73.0046922, 19.1759611 ], [ 73.0046922, 19.1759611 ], [ 73.0049047, 19.174886 ], [ 73.0049589, 19.1744018 ] ], [ [ 73.0049589, 19.1744018 ], [ 73.0050826, 19.1743427 ], [ 73.005228, 19.174229 ], [ 73.0054486, 19.1740087 ], [ 73.0055572, 19.1738991 ], [ 73.0055572, 19.1738991 ], [ 73.005742, 19.1737127 ], [ 73.0060053, 19.1734569 ], [ 73.0063162, 19.173194 ], [ 73.0065108, 19.17298 ] ], [ [ 73.0065108, 19.17298 ], [ 73.0066057, 19.1728913 ] ], [ [ 73.0066057, 19.1728913 ], [ 73.0065783, 19.1723515 ], [ 73.0065753, 19.1722927 ], [ 73.0065715, 19.1722174 ] ] ] } },
{ "type": "Feature", "properties": { "point_ids": [ 8, 2785, 2751, 1731, 6757, 2477, 70, 7560, 6521, 337, 324, 9734, 2372, 8949, 7338, 6435, 2633, 1824, 1515, 7393, 7311, 2848, 1233, 8795, 4168, 2044, 8657, 5006, 9027, 1255, 2528, 3344, 4465, 4554, 4694, 6351, 292, 648, 6171, 7662, 912, 1843, 1682, 8040, 3122, 3030, 939, 9842, 3745, 2948, 1290, 5927, 4387, 6718, 747, 6629, 7667, 4887, 8439, 1493, 7442, 6802, 4576, 7716, 4988, 6221, 5346, 4367, 5915, 157, 4041, 1105, 4397, 286, 4527, 8645, 9847, 8989, 6138, 4655, 1946, 6104, 6085, 2918, 5644, 550, 8678, 8425, 4700, 450, 8417, 8496, 2703, 8805, 6283, 2951, 7823, 8356, 9427, 6382, 9218, 8921, 8473, 2386, 455, 7232, 8119, 5473, 75, 7803, 6497, 4497, 2542, 1370, 6663, 7244, 9057, 881, 5959, 715, 1501, 3365, 8912, 2445, 3494, 7559, 9381, 9934, 8553, 7197, 2066, 7465, 6230, 5147, 4959, 1248, 559, 9530, 8581, 3812, 3608, 1477, 7262, 6644, 8375, 3664, 6918, 5627, 2852, 4596, 4872, 5301, 9629, 2398, 5054, 1794, 5992, 8572, 5841, 9069, 4180, 1998, 2188, 1300, 420, 2186, 1587, 2462, 6105, 5880, 6860, 2103, 1068, 192, 4987, 1499, 1886, 1243, 2979, 6407, 3511, 9450, 4300, 3686, 5912, 2895, 207, 8077, 5749, 5191, 4156, 4094, 682, 6847, 5149, 869, 561, 3486, 1468, 9993, 4633, 3606, 6589, 3446, 733, 6506, 5230, 2683, 321, 147, 469, 1181, 5970, 2268, 5823, 5204, 5121, 4412, 3428, 3705, 2267, 9884, 7347, 86, 7309, 6336, 1036, 8156, 6519, 3820, 3328, 2313, 1631, 1204, 9108, 8310, 7828, 7757, 9104, 5747, 5256, 4539, 4538, 628, 4067, 7512, 1046, 3626, 2718, 279, 7400, 6636, 4782, 3151, 3104, 2858, 2796, 1024, 569, 5836, 3255, 6418, 5396, 4166, 3593, 3427, 6111, 610, 8911, 1604, 1196, 827, 6079, 979, 1408, 5379, 9723, 9198, 8219, 5757, 3066, 2604, 384, 9907, 2684, 160, 7351, 5800, 1463, 8350, 2566, 3259, 8429, 1997, 5612, 3007, 5969, 9618, 9908, 8118, 7504, 649, 848, 9153, 6017, 5759, 3631, 4710, 1739, 7204, 1160, 3551, 8362, 490, 3760, 5453, 3976, 329, 4472, 5090, 5487, 6970, 5702, 5064, 3117, 2297, 1341, 935, 9000, 6505, 3210, 7332, 4743, 6493, 5944, 3546, 933, 9733, 9067, 7557, 4941, 4825, 1377, 504, 9878, 5463, 1415, 5282, 1516, 1188, 1013, 1785, 7392, 4453, 9223, 6547, 3272, 1882 ], "length_m": 19982.572927194069, "travel_time_min": 41.242254621362868, "n_points": 358, "route_id": 16, "cluster_id": 0 }, "geometry": { "type": "MultiLineString", "coordinates": [ [ [ 72.9980296, 19.0774803 ], [ 72.9981161, 19.0784167 ] ], [ [ 72.9981161, 19.0784167 ], [ 72.9981388, 19.0786621 ], [ 72.9981528, 19.0787983 ], [ 72.9981754, 19.0789449 ], [ 72.9981963, 19.0790646 ], [ 72.9982184, 19.0791736 ], [ 72.9982462, 19.0792903 ] ], [ [ 72.9982462, 19.0792903 ], [ 72.9978875, 19.0793143 ] ], [ [ 72.9978875, 19.0793143 ], [ 72.9982462, 19.0792903 ], [ 72.9982462, 19.0792903 ], [ 72.9983381, 19.079592 ], [ 72.9983721, 19.0796931 ], [ 72.9984109, 19.0798046 ], [ 72.998544, 19.0801219 ], [ 72.99859, 19.0802102 ], [ 72.9986366, 19.0802896 ], [ 72.9987194, 19.0804327 ], [ 72.9987986, 19.0805449 ] ], [ [ 72.9987986, 19.0805449 ], [ 72.9984246, 19.08077 ] ], [ [ 72.9984246, 19.08077 ], [ 72.9979545, 19.0810529 ], [ 72.9979142, 19.0810762 ] ], [ [ 72.9979142, 19.0810762 ], [ 72.9975015, 19.0813151 ], [ 72.9974579, 19.0813404 ], [ 72.9968627, 19.08171 ] ], [ [ 72.9968627, 19.08171 ], [ 72.9967963, 19.08175 ] ], [ [ 72.9967963, 19.08175 ], [ 72.9965943, 19.0814605 ], [ 72.9963494, 19.0811094 ], [ 72.9963494, 19.0811094 ], [ 72.9961898, 19.0807564 ], [ 72.9960467, 19.080368 ] ], [ [ 72.9960467, 19.080368 ], [ 72.9968752, 19.0801716 ] ], [ [ 72.9968752, 19.0801716 ], [ 72.9976906, 19.0799783 ], [ 72.9978129, 19.0802372 ], [ 72.9970508, 19.0806914 ] ], [ [ 72.9970508, 19.0806914 ], [ 72.9963494, 19.0811094 ] ], [ [ 72.9963494, 19.0811094 ], [ 72.9965943, 19.0814605 ], [ 72.9967963, 19.08175 ] ], [ [ 72.9967963, 19.08175 ], [ 72.9961685, 19.0821278 ] ], [ [ 72.9961685, 19.0821278 ], [ 72.995704, 19.0813525 ], [ 72.9953761, 19.0805539 ], [ 72.9953095, 19.0803545 ] ], [ [ 72.9953095, 19.0803545 ], [ 72.9952718, 19.0802416 ], [ 72.9952659, 19.0802088 ] ], [ [ 72.9952659, 19.0802088 ], [ 72.9956337, 19.0801196 ], [ 72.9956337, 19.0801196 ], [ 72.995593, 19.0799712 ], [ 72.995593, 19.0799712 ], [ 72.9957473, 19.0799366 ], [ 72.9957983, 19.0799251 ] ], [ [ 72.9957983, 19.0799251 ], [ 72.9957473, 19.0799366 ], [ 72.995593, 19.0799712 ], [ 72.995593, 19.0799712 ], [ 72.9953958, 19.0800135 ] ], [ [ 72.9953958, 19.0800135 ], [ 72.995593, 19.0799712 ], [ 72.995593, 19.0799712 ], [ 72.9956337, 19.0801196 ] ], [ [ 72.9956337, 19.0801196 ], [ 72.9952659, 19.0802088 ], [ 72.9952659, 19.0802088 ], [ 72.9951914, 19.0797956 ], [ 72.9951325, 19.0793395 ] ], [ [ 72.9951325, 19.0793395 ], [ 72.9950926, 19.0789245 ], [ 72.9949934, 19.0778938 ], [ 72.9949934, 19.0778938 ], [ 72.9949068, 19.0770251 ], [ 72.9949068, 19.0770251 ], [ 72.9956763, 19.0769641 ], [ 72.9956763, 19.0769641 ], [ 72.9967128, 19.0768818 ], [ 72.9967128, 19.0768818 ], [ 72.9972384, 19.0768401 ] ], [ [ 72.9972384, 19.0768401 ], [ 72.9967128, 19.0768818 ], [ 72.9967128, 19.0768818 ], [ 72.9966668, 19.0763859 ], [ 72.9966668, 19.0763859 ], [ 72.9976916, 19.0763041 ] ], [ [ 72.9976916, 19.0763041 ], [ 72.9966668, 19.0763859 ], [ 72.9966668, 19.0763859 ], [ 72.9965729, 19.075369 ], [ 72.9960632, 19.0754111 ], [ 72.9954433, 19.0754624 ], [ 72.9954433, 19.0754624 ], [ 72.9953929, 19.0749362 ], [ 72.9953929, 19.0749362 ], [ 72.9953778, 19.0747781 ], [ 72.9953673, 19.0746685 ], [ 72.9953673, 19.0746685 ], [ 72.9967637, 19.0745595 ], [ 72.9974034, 19.0745096 ], [ 72.9974034, 19.0745096 ], [ 72.9975396, 19.0745548 ], [ 72.9976237, 19.0746061 ], [ 72.9977014, 19.0746705 ], [ 72.9977799, 19.074776 ], [ 72.9977799, 19.074776 ], [ 72.9978475, 19.0755079 ], [ 72.9979196, 19.0762889 ], [ 72.9979652, 19.0767825 ], [ 72.9979652, 19.0767825 ], [ 72.998077, 19.0767736 ] ], [ [ 72.998077, 19.0767736 ], [ 72.998595, 19.0767325 ] ], [ [ 72.998595, 19.0767325 ], [ 72.9990637, 19.0766953 ] ], [ [ 72.9990637, 19.0766953 ], [ 72.9995386, 19.0766577 ] ], [ [ 72.9995386, 19.0766577 ], [ 73.0005161, 19.0765801 ] ], [ [ 73.0005161, 19.0765801 ], [ 73.0005594, 19.0771158 ], [ 73.0005725, 19.0772787 ], [ 73.0005757, 19.077319 ] ], [ [ 73.0005757, 19.077319 ], [ 73.0006178, 19.0773174 ] ], [ [ 73.0006178, 19.0773174 ], [ 73.0005757, 19.077319 ], [ 73.0005757, 19.077319 ], [ 73.0005725, 19.0772787 ], [ 73.0005594, 19.0771158 ], [ 73.0005161, 19.0765801 ], [ 73.0005161, 19.0765801 ], [ 73.0009716, 19.076544 ], [ 73.0013969, 19.0765102 ], [ 73.0013969, 19.0765102 ], [ 73.0018311, 19.0764758 ], [ 73.0018311, 19.0764758 ], [ 73.0017779, 19.0758472 ] ], [ [ 73.0017779, 19.0758472 ], [ 73.0016963, 19.0748821 ] ], [ [ 73.0016963, 19.0748821 ], [ 73.0016521, 19.0743604 ], [ 73.001636, 19.0741698 ] ], [ [ 73.001636, 19.0741698 ], [ 73.0020558, 19.0741322 ], [ 73.0020558, 19.0741322 ], [ 73.002208, 19.074171 ], [ 73.0023176, 19.0742267 ], [ 73.0024011, 19.0743037 ], [ 73.0024639, 19.0743794 ], [ 73.0025365, 19.0745243 ] ], [ [ 73.0025365, 19.0745243 ], [ 73.0026753, 19.0764088 ], [ 73.0026753, 19.0764088 ], [ 73.0028343, 19.0763962 ] ], [ [ 73.0028343, 19.0763962 ], [ 73.0027024, 19.0745126 ] ], [ [ 73.0027024, 19.0745126 ], [ 73.0026983, 19.0741355 ], [ 73.0026983, 19.0741355 ], [ 73.0027137, 19.0741147 ], [ 73.0027253, 19.0740917 ], [ 73.0027326, 19.0740673 ], [ 73.0027356, 19.0740421 ], [ 73.002734, 19.0740167 ], [ 73.002728, 19.073992 ], [ 73.0027177, 19.0739685 ], [ 73.0027034, 19.073947 ], [ 73.0026855, 19.073928 ], [ 73.0026855, 19.073928 ], [ 73.0026648, 19.0739123 ], [ 73.0026416, 19.0739001 ], [ 73.0026167, 19.0738916 ], [ 73.0025905, 19.0738871 ], [ 73.002564, 19.0738868 ], [ 73.0025377, 19.0738905 ], [ 73.0025125, 19.0738984 ], [ 73.002489, 19.07391 ], [ 73.0024678, 19.0739252 ], [ 73.0024496, 19.0739434 ], [ 73.0024496, 19.0739434 ], [ 73.0020491, 19.0740322 ], [ 73.0020491, 19.0740322 ], [ 73.0007133, 19.07414 ] ], [ [ 73.0007133, 19.07414 ], [ 73.000497, 19.0741557 ], [ 73.000318, 19.0741687 ] ], [ [ 73.000318, 19.0741687 ], [ 72.9991348, 19.0742612 ], [ 72.9981502, 19.0743381 ], [ 72.9981502, 19.0743381 ], [ 72.9978723, 19.0743596 ], [ 72.9978723, 19.0743596 ], [ 72.9978496, 19.0743433 ], [ 72.9978228, 19.0743341 ], [ 72.9977944, 19.0743328 ], [ 72.9977668, 19.0743395 ], [ 72.9977426, 19.0743537 ], [ 72.9977239, 19.0743739 ], [ 72.9977239, 19.0743739 ], [ 72.9977116, 19.0744011 ], [ 72.9977093, 19.0744306 ], [ 72.9977173, 19.0744592 ], [ 72.9977347, 19.0744838 ], [ 72.9977347, 19.0744838 ], [ 72.9977799, 19.074776 ], [ 72.9977799, 19.074776 ], [ 72.9978475, 19.0755079 ], [ 72.9979196, 19.0762889 ], [ 72.9979652, 19.0767825 ] ], [ [ 72.9979652, 19.0767825 ], [ 72.998077, 19.0767736 ], [ 72.998077, 19.0767736 ], [ 72.998595, 19.0767325 ], [ 72.998595, 19.0767325 ], [ 72.9986228, 19.0770402 ], [ 72.998707, 19.0779732 ], [ 72.9987211, 19.0781295 ], [ 72.9982061, 19.078171 ] ], [ [ 72.9982061, 19.078171 ], [ 72.998077, 19.0767736 ], [ 72.998077, 19.0767736 ], [ 72.9979652, 19.0767825 ], [ 72.9979652, 19.0767825 ], [ 72.9980296, 19.0774803 ] ], [ [ 72.9980296, 19.0774803 ], [ 72.9981161, 19.0784167 ], [ 72.9981161, 19.0784167 ], [ 72.9981388, 19.0786621 ], [ 72.9981528, 19.0787983 ], [ 72.9981754, 19.0789449 ], [ 72.9981963, 19.0790646 ], [ 72.9982184, 19.0791736 ], [ 72.9982462, 19.0792903 ], [ 72.9982462, 19.0792903 ], [ 72.9983381, 19.079592 ], [ 72.9983721, 19.0796931 ], [ 72.9984109, 19.0798046 ], [ 72.998544, 19.0801219 ], [ 72.99859, 19.0802102 ], [ 72.9986366, 19.0802896 ], [ 72.9987194, 19.0804327 ], [ 72.9987986, 19.0805449 ], [ 72.9987986, 19.0805449 ], [ 72.9992762, 19.0812025 ] ], [ [ 72.9992762, 19.0812025 ], [ 73.000026, 19.0822349 ] ], [ [ 73.000026, 19.0822349 ], [ 73.0003608, 19.0826868 ], [ 73.0003608, 19.0826868 ], [ 73.0009721, 19.0835119 ], [ 73.0012078, 19.08383 ], [ 73.0012078, 19.08383 ], [ 73.0012959, 19.0837714 ] ], [ [ 73.0012959, 19.0837714 ], [ 73.0020571, 19.083265 ] ], [ [ 73.0020571, 19.083265 ], [ 73.0028308, 19.0827503 ] ], [ [ 73.0028308, 19.0827503 ], [ 73.0024079, 19.0821529 ] ], [ [ 73.0024079, 19.0821529 ], [ 73.0021372, 19.0818164 ] ], [ [ 73.0021372, 19.0818164 ], [ 73.0024179, 19.0816129 ] ], [ [ 73.0024179, 19.0816129 ], [ 73.0021372, 19.0818164 ], [ 73.0021372, 19.0818164 ], [ 73.0020431, 19.0816994 ], [ 73.0017097, 19.0819203 ] ], [ [ 73.0017097, 19.0819203 ], [ 73.0020431, 19.0816994 ], [ 73.0021372, 19.0818164 ], [ 73.0021372, 19.0818164 ], [ 73.0024079, 19.0821529 ], [ 73.0024079, 19.0821529 ], [ 73.0027778, 19.081915 ], [ 73.0034328, 19.0814938 ] ], [ [ 73.0034328, 19.0814938 ], [ 73.0032187, 19.0811845 ], [ 73.0032187, 19.0811845 ], [ 73.0038389, 19.0807832 ] ], [ [ 73.0038389, 19.0807832 ], [ 73.0032187, 19.0811845 ] ], [ [ 73.0032187, 19.0811845 ], [ 73.0027422, 19.0804975 ] ], [ [ 73.0027422, 19.0804975 ], [ 73.0033891, 19.0800837 ] ], [ [ 73.0033891, 19.0800837 ], [ 73.0027422, 19.0804975 ], [ 73.0027422, 19.0804975 ], [ 73.0023425, 19.079925 ], [ 73.0023425, 19.079925 ], [ 73.0030019, 19.0794901 ] ], [ [ 73.0030019, 19.0794901 ], [ 73.0023425, 19.079925 ], [ 73.0023425, 19.079925 ], [ 73.0027422, 19.0804975 ], [ 73.0027422, 19.0804975 ], [ 73.0032187, 19.0811845 ], [ 73.0032187, 19.0811845 ], [ 73.0034328, 19.0814938 ], [ 73.0034328, 19.0814938 ], [ 73.0038374, 19.0820807 ] ], [ [ 73.0038374, 19.0820807 ], [ 73.0047444, 19.0834094 ] ], [ [ 73.0047444, 19.0834094 ], [ 73.0043114, 19.0836665 ], [ 73.0040055, 19.0838481 ], [ 73.0040055, 19.0838481 ], [ 73.0038359, 19.0835908 ] ], [ [ 73.0038359, 19.0835908 ], [ 73.0040055, 19.0838481 ], [ 73.0040055, 19.0838481 ], [ 73.0042007, 19.0841442 ] ], [ [ 73.0042007, 19.0841442 ], [ 73.0044588, 19.0845358 ], [ 73.0044615, 19.0845599 ], [ 73.0044568, 19.0845782 ], [ 73.0044441, 19.0845954 ], [ 73.0033806, 19.0851758 ], [ 73.0033806, 19.0851758 ], [ 73.0027064, 19.0855777 ], [ 73.0026194, 19.0855342 ] ], [ [ 73.0026194, 19.0855342 ], [ 73.0027064, 19.0855777 ], [ 73.0033806, 19.0851758 ] ], [ [ 73.0033806, 19.0851758 ], [ 73.0033538, 19.0851765 ], [ 73.003331, 19.0851663 ], [ 73.0033182, 19.0851549 ], [ 73.0030706, 19.0847743 ] ], [ [ 73.0030706, 19.0847743 ], [ 73.0029003, 19.0845044 ], [ 73.0029003, 19.0845044 ], [ 73.0027179, 19.0842152 ] ], [ [ 73.0027179, 19.0842152 ], [ 73.0029003, 19.0845044 ], [ 73.0029003, 19.0845044 ], [ 73.0026034, 19.0846855 ], [ 73.0024155, 19.0848002 ], [ 73.0020905, 19.0849985 ] ], [ [ 73.0020905, 19.0849985 ], [ 73.0019896, 19.0850601 ] ], [ [ 73.0019896, 19.0850601 ], [ 73.0028149, 19.0862988 ], [ 73.0028149, 19.0862988 ], [ 73.0029143, 19.0864448 ], [ 73.0029143, 19.0864448 ], [ 73.002797, 19.086537 ], [ 73.0026889, 19.0865932 ] ], [ [ 73.0026889, 19.0865932 ], [ 73.002797, 19.086537 ], [ 73.0029143, 19.0864448 ], [ 73.0029143, 19.0864448 ], [ 73.0033014, 19.0870494 ], [ 73.00353, 19.087402 ], [ 73.00353, 19.087402 ], [ 73.0033449, 19.0875105 ] ], [ [ 73.0033449, 19.0875105 ], [ 73.00353, 19.087402 ], [ 73.00353, 19.087402 ], [ 73.0036083, 19.0873561 ] ], [ [ 73.0036083, 19.0873561 ], [ 73.00338, 19.0870043 ], [ 73.0028928, 19.0862537 ] ], [ [ 73.0028928, 19.0862537 ], [ 73.0020905, 19.0849985 ], [ 73.0020905, 19.0849985 ], [ 73.0015933, 19.0842516 ], [ 73.0013386, 19.0838592 ], [ 73.0012959, 19.0837714 ], [ 73.0012959, 19.0837714 ], [ 73.0011892, 19.0834892 ], [ 73.001133, 19.0833419 ], [ 73.0010805, 19.0832581 ], [ 73.0009845, 19.0831451 ], [ 73.0009133, 19.0830738 ], [ 73.0006168, 19.0827771 ] ], [ [ 73.0006168, 19.0827771 ], [ 73.0004525, 19.0826161 ], [ 73.0003915, 19.0825378 ], [ 73.0001122, 19.0821797 ], [ 73.0001122, 19.0821797 ], [ 72.9988863, 19.0804922 ], [ 72.9988863, 19.0804922 ], [ 72.9988063, 19.0803786 ], [ 72.9987251, 19.0802383 ], [ 72.9986796, 19.0801606 ], [ 72.998636, 19.080077 ], [ 72.9985052, 19.0797649 ], [ 72.9984672, 19.079656 ], [ 72.9984345, 19.0795587 ], [ 72.9983587, 19.0792755 ], [ 72.9983257, 19.0791317 ], [ 72.9983017, 19.0790037 ] ], [ [ 72.9983017, 19.0790037 ], [ 72.9988912, 19.0789418 ], [ 72.998928, 19.0792849 ], [ 72.9989643, 19.0794184 ], [ 72.999056, 19.0795804 ], [ 72.9991083, 19.0796635 ], [ 72.9994513, 19.0801521 ] ], [ [ 72.9994513, 19.0801521 ], [ 73.000249, 19.079672 ] ], [ [ 73.000249, 19.079672 ], [ 73.0007971, 19.0804389 ], [ 73.0007971, 19.0804389 ], [ 73.0010631, 19.0808405 ] ], [ [ 73.0010631, 19.0808405 ], [ 73.0018393, 19.0803383 ], [ 73.0018393, 19.0803383 ], [ 73.0021852, 19.0808538 ] ], [ [ 73.0021852, 19.0808538 ], [ 73.0027422, 19.0804975 ], [ 73.0027422, 19.0804975 ], [ 73.0023425, 19.079925 ], [ 73.0023425, 19.079925 ], [ 73.0018582, 19.0792535 ], [ 73.0016179, 19.0788481 ], [ 73.0016179, 19.0788481 ], [ 73.0015299, 19.0780796 ] ], [ [ 73.0015299, 19.0780796 ], [ 73.0006941, 19.078147 ] ], [ [ 73.0006941, 19.078147 ], [ 73.0015299, 19.0780796 ], [ 73.0015299, 19.0780796 ], [ 73.0014787, 19.0775753 ] ], [ [ 73.0014787, 19.0775753 ], [ 73.0015299, 19.0780796 ], [ 73.0015299, 19.0780796 ], [ 73.0016179, 19.0788481 ] ], [ [ 73.0016179, 19.0788481 ], [ 73.0010634, 19.0791818 ] ], [ [ 73.0010634, 19.0791818 ], [ 73.0006398, 19.0794368 ], [ 73.000249, 19.079672 ], [ 73.000249, 19.079672 ], [ 73.0007971, 19.0804389 ], [ 73.0007971, 19.0804389 ], [ 73.0000075, 19.0809436 ] ], [ [ 73.0000075, 19.0809436 ], [ 73.0002877, 19.0813426 ] ], [ [ 73.0002877, 19.0813426 ], [ 73.000639, 19.0818428 ] ], [ [ 73.000639, 19.0818428 ], [ 73.0001713, 19.0821419 ], [ 73.0001122, 19.0821797 ] ], [ [ 73.0001122, 19.0821797 ], [ 73.0000677, 19.0822082 ], [ 73.000026, 19.0822349 ] ], [ [ 73.000026, 19.0822349 ], [ 73.0003608, 19.0826868 ] ], [ [ 73.0003608, 19.0826868 ], [ 72.999864, 19.0830025 ], [ 72.999864, 19.0830025 ], [ 72.9996428, 19.0831466 ], [ 72.9996428, 19.0831466 ], [ 72.9994445, 19.0828782 ] ], [ [ 72.9994445, 19.0828782 ], [ 72.9992735, 19.08264 ] ], [ [ 72.9992735, 19.08264 ], [ 72.9994445, 19.0828782 ], [ 72.9994445, 19.0828782 ], [ 72.9990218, 19.0831404 ] ], [ [ 72.9990218, 19.0831404 ], [ 72.9988709, 19.083234 ] ], [ [ 72.9988709, 19.083234 ], [ 72.9990218, 19.0831404 ], [ 72.9990218, 19.0831404 ], [ 72.9992325, 19.0834059 ] ], [ [ 72.9992325, 19.0834059 ], [ 72.9987824, 19.0836903 ], [ 72.9984714, 19.0838868 ] ], [ [ 72.9984714, 19.0838868 ], [ 72.9984051, 19.0839289 ], [ 72.9977761, 19.0843283 ] ], [ [ 72.9977761, 19.0843283 ], [ 72.9976766, 19.0841921 ], [ 72.9976021, 19.0840901 ], [ 72.9975508, 19.0840199 ] ], [ [ 72.9975508, 19.0840199 ], [ 72.9972604, 19.0842028 ] ], [ [ 72.9972604, 19.0842028 ], [ 72.9968619, 19.0836589 ], [ 72.996766, 19.0835279 ], [ 72.9964296, 19.0837536 ] ], [ [ 72.9964296, 19.0837536 ], [ 72.9960718, 19.0839943 ] ], [ [ 72.9960718, 19.0839943 ], [ 72.9965967, 19.0846034 ], [ 72.9966357, 19.0846452 ], [ 72.9966841, 19.0846849 ] ], [ [ 72.9966841, 19.0846849 ], [ 72.9968854, 19.0849074 ], [ 72.9973643, 19.0854366 ], [ 72.9974551, 19.0854578 ], [ 72.9975466, 19.0854662 ], [ 72.9976088, 19.0854457 ], [ 72.9977798, 19.0854409 ], [ 72.9978385, 19.0854552 ], [ 72.9979122, 19.0855043 ], [ 72.9979654, 19.0855556 ] ], [ [ 72.9979654, 19.0855556 ], [ 72.9982436, 19.0854004 ], [ 72.9984545, 19.0852571 ] ], [ [ 72.9984545, 19.0852571 ], [ 72.9986104, 19.0854704 ] ], [ [ 72.9986104, 19.0854704 ], [ 72.9986814, 19.085628 ], [ 72.9986993, 19.0857792 ] ], [ [ 72.9986993, 19.0857792 ], [ 72.9990914, 19.0857765 ], [ 72.9993957, 19.0856934 ], [ 72.9993957, 19.0856934 ], [ 72.9995559, 19.0856496 ], [ 72.9996527, 19.0857883 ], [ 72.9997854, 19.0857536 ], [ 72.9998563, 19.0858409 ] ], [ [ 72.9998563, 19.0858409 ], [ 72.9997854, 19.0857536 ], [ 72.9996527, 19.0857883 ], [ 72.9995559, 19.0856496 ], [ 72.9993957, 19.0856934 ], [ 72.9993957, 19.0856934 ], [ 72.9992863, 19.0854071 ], [ 72.9991226, 19.0851616 ], [ 72.9991226, 19.0851616 ], [ 72.9995745, 19.0848892 ], [ 73.0001271, 19.0845561 ], [ 73.000178, 19.0845054 ] ], [ [ 73.000178, 19.0845054 ], [ 73.000288, 19.0846173 ], [ 73.0003805, 19.0851016 ], [ 73.0004476, 19.0852499 ], [ 73.0004862, 19.085443 ] ], [ [ 73.0004862, 19.085443 ], [ 73.0004937, 19.0854771 ], [ 73.0005967, 19.0859436 ] ], [ [ 73.0005967, 19.0859436 ], [ 73.0006302, 19.0861656 ], [ 73.000228, 19.086057 ], [ 73.0004884, 19.0864459 ], [ 73.0005465, 19.0865327 ], [ 73.0004831, 19.0870965 ] ], [ [ 73.0004831, 19.0870965 ], [ 73.0005187, 19.0871022 ], [ 73.0006609, 19.0871728 ], [ 73.0007585, 19.0872869 ], [ 73.0008419, 19.0874413 ], [ 73.0008957, 19.0875659 ] ], [ [ 73.0008957, 19.0875659 ], [ 73.0008419, 19.0874413 ], [ 73.0007585, 19.0872869 ], [ 73.0006609, 19.0871728 ], [ 73.0005187, 19.0871022 ], [ 73.0004831, 19.0870965 ], [ 73.0004831, 19.0870965 ], [ 73.0003529, 19.0870758 ], [ 73.0001445, 19.0870889 ], [ 72.9999232, 19.0871704 ], [ 72.9997326, 19.0872665 ], [ 72.9996077, 19.0873586 ] ], [ [ 72.9996077, 19.0873586 ], [ 73.0005069, 19.0886143 ], [ 73.0005307, 19.0886408 ], [ 73.0005606, 19.0886633 ], [ 73.0005965, 19.0886839 ], [ 73.0009317, 19.0888671 ], [ 73.0009713, 19.088881 ], [ 73.0009981, 19.0888867 ] ], [ [ 73.0009981, 19.0888867 ], [ 73.0014217, 19.0886383 ] ], [ [ 73.0014217, 19.0886383 ], [ 73.0012922, 19.0883572 ], [ 73.0012313, 19.088164 ], [ 73.0011559, 19.0879846 ], [ 73.0011214, 19.087887 ], [ 73.001087, 19.087788 ], [ 73.0010564, 19.0876971 ] ], [ [ 73.0010564, 19.0876971 ], [ 73.001087, 19.087788 ], [ 73.0011214, 19.087887 ], [ 73.0011559, 19.0879846 ], [ 73.0012313, 19.088164 ], [ 73.0012922, 19.0883572 ], [ 73.0014217, 19.0886383 ], [ 73.0014217, 19.0886383 ], [ 73.0018395, 19.0883933 ] ], [ [ 73.0018395, 19.0883933 ], [ 73.0024981, 19.0894357 ], [ 73.0024981, 19.0894357 ], [ 73.0020893, 19.0896757 ] ], [ [ 73.0020893, 19.0896757 ], [ 73.0024503, 19.0902365 ] ], [ [ 73.0024503, 19.0902365 ], [ 73.0028213, 19.0908129 ], [ 73.0028213, 19.0908129 ], [ 73.0032246, 19.0905852 ], [ 73.0032246, 19.0905852 ], [ 73.0036409, 19.0903502 ], [ 73.0036409, 19.0903502 ], [ 73.0033836, 19.0899316 ] ], [ [ 73.0033836, 19.0899316 ], [ 73.0036409, 19.0903502 ], [ 73.0036409, 19.0903502 ], [ 73.0032246, 19.0905852 ], [ 73.0032246, 19.0905852 ], [ 73.0028561, 19.0900021 ] ], [ [ 73.0028561, 19.0900021 ], [ 73.0024981, 19.0894357 ], [ 73.0024981, 19.0894357 ], [ 73.0029059, 19.0891964 ] ], [ [ 73.0029059, 19.0891964 ], [ 73.0031753, 19.0896208 ] ], [ [ 73.0031753, 19.0896208 ], [ 73.0029059, 19.0891964 ] ], [ [ 73.0029059, 19.0891964 ], [ 73.0033087, 19.08896 ], [ 73.0033087, 19.08896 ], [ 73.0036756, 19.0895288 ] ], [ [ 73.0036756, 19.0895288 ], [ 73.004105, 19.0892807 ] ], [ [ 73.004105, 19.0892807 ], [ 73.0045727, 19.0890106 ] ], [ [ 73.0045727, 19.0890106 ], [ 73.0046523, 19.0889646 ] ], [ [ 73.0046523, 19.0889646 ], [ 73.0042279, 19.0883108 ] ], [ [ 73.0042279, 19.0883108 ], [ 73.0045557, 19.0881212 ] ], [ [ 73.0045557, 19.0881212 ], [ 73.0054158, 19.0894458 ], [ 73.0054158, 19.0894458 ], [ 73.0060873, 19.0890586 ] ], [ [ 73.0060873, 19.0890586 ], [ 73.0064532, 19.0888476 ], [ 73.0064532, 19.0888476 ], [ 73.0071447, 19.0884489 ], [ 73.0071447, 19.0884489 ], [ 73.0077099, 19.0881215 ] ], [ [ 73.0077099, 19.0881215 ], [ 73.0071447, 19.0884489 ] ], [ [ 73.0071447, 19.0884489 ], [ 73.0062906, 19.0871172 ], [ 73.0062906, 19.0871172 ], [ 73.0069503, 19.0867354 ] ], [ [ 73.0069503, 19.0867354 ], [ 73.0062906, 19.0871172 ] ], [ [ 73.0062906, 19.0871172 ], [ 73.0059167, 19.0865342 ], [ 73.0054562, 19.0858163 ], [ 73.0054562, 19.0858163 ], [ 73.0059909, 19.0855036 ] ], [ [ 73.0059909, 19.0855036 ], [ 73.0054562, 19.0858163 ] ], [ [ 73.0054562, 19.0858163 ], [ 73.0051261, 19.0860052 ], [ 73.004747, 19.0862221 ], [ 73.004747, 19.0862221 ], [ 73.0044518, 19.086391 ], [ 73.0044246, 19.0864066 ], [ 73.0044246, 19.0864066 ], [ 73.0052484, 19.0877206 ] ], [ [ 73.0052484, 19.0877206 ], [ 73.0044246, 19.0864066 ] ], [ [ 73.0044246, 19.0864066 ], [ 73.0044518, 19.086391 ], [ 73.004747, 19.0862221 ] ], [ [ 73.004747, 19.0862221 ], [ 73.0042584, 19.0854621 ] ], [ [ 73.0042584, 19.0854621 ], [ 73.0052527, 19.0848858 ], [ 73.0056099, 19.0846788 ] ], [ [ 73.0056099, 19.0846788 ], [ 73.0063977, 19.0842222 ] ], [ [ 73.0063977, 19.0842222 ], [ 73.0065146, 19.0841544 ], [ 73.0065146, 19.0841544 ], [ 73.0053489, 19.0823861 ] ], [ [ 73.0053489, 19.0823861 ], [ 73.0057733, 19.0821347 ] ], [ [ 73.0057733, 19.0821347 ], [ 73.0061997, 19.0818821 ], [ 73.0062955, 19.0818254 ] ], [ [ 73.0062955, 19.0818254 ], [ 73.0064473, 19.0817355 ] ], [ [ 73.0064473, 19.0817355 ], [ 73.0067206, 19.0815735 ] ], [ [ 73.0067206, 19.0815735 ], [ 73.0071488, 19.0815318 ] ], [ [ 73.0071488, 19.0815318 ], [ 73.0072795, 19.0815191 ], [ 73.0072795, 19.0815191 ], [ 73.0069685, 19.0810134 ] ] ] } },
{ "type": "Feature", "properties": { "point_ids": [ 1657, 9666, 9778, 4719, 962, 7168, 7055, 5341, 4735, 5932, 8729, 6676, 1627, 8533, 8235, 5157, 2290, 1912, 1368, 6442, 8479, 7097, 2635, 8730, 9949, 6544, 3853, 6697, 2725, 9834, 181, 2084, 9291, 2886, 1375, 6025, 9096, 2480, 5643, 9171, 899, 8675, 8167, 7049, 3687, 5492, 1807, 1486, 2373, 6533, 5201, 4921, 9029, 4343, 5061, 391, 7214, 6262, 2274, 1146, 3758, 554, 6750, 8665, 9449, 218, 4297, 5840, 7196, 7373, 7522, 7646, 8262, 8450, 9434, 2638, 2679, 6309, 2466, 6674, 3147, 3152, 8498, 6476, 2079, 1234, 8994, 6466, 4215, 3266, 263, 9199, 3975, 3435, 3504, 2551, 2356, 2704, 7210, 9605, 1350, 3047, 2880, 2007, 4927, 5087, 8333, 4176, 4289, 4903, 376, 1553, 2773, 4394, 4547, 5042, 8351, 8409, 9370, 1859, 5847, 7402, 7633, 8560, 6807, 606, 4717, 8900, 9470, 2641, 923, 6652, 1542, 7654, 4443, 7266, 4127, 6270 ], "length_m": 13460.141956150768, "travel_time_min": 19.848878286615559, "n_points": 138, "route_id": 17, "cluster_id": 0 }, "geometry": { "type": "MultiLineString", "coordinates": [ [ [ 73.0069685, 19.0810134 ], [ 73.0073436, 19.0807969 ], [ 73.0073892, 19.0807526 ], [ 73.0073972, 19.0807095 ], [ 73.0073892, 19.0806613 ], [ 73.0072376, 19.0804332 ], [ 73.0067548, 19.0796703 ] ], [ [ 73.0067548, 19.0796703 ], [ 73.0061632, 19.0797038 ] ], [ [ 73.0061632, 19.0797038 ], [ 73.0055732, 19.0797355 ] ], [ [ 73.0055732, 19.0797355 ], [ 73.0050871, 19.0799879 ] ], [ [ 73.0050871, 19.0799879 ], [ 73.0045616, 19.0802658 ] ], [ [ 73.0045616, 19.0802658 ], [ 73.0042969, 19.0798575 ] ], [ [ 73.0042969, 19.0798575 ], [ 73.0052518, 19.0793299 ] ], [ [ 73.0052518, 19.0793299 ], [ 73.0052937, 19.0793559 ], [ 73.0053422, 19.0793676 ], [ 73.0053921, 19.0793636 ], [ 73.0054379, 19.0793445 ], [ 73.0054745, 19.0793122 ], [ 73.0054745, 19.0793122 ], [ 73.0054934, 19.0792816 ], [ 73.0055038, 19.0792476 ], [ 73.0055049, 19.0792122 ], [ 73.0055049, 19.0792122 ], [ 73.0054968, 19.0791774 ], [ 73.0054797, 19.0791456 ], [ 73.0054549, 19.0791188 ], [ 73.0054238, 19.0790987 ], [ 73.0053884, 19.0790864 ], [ 73.0053509, 19.0790829 ], [ 73.0053509, 19.0790829 ], [ 73.0052975, 19.0783359 ] ], [ [ 73.0052975, 19.0783359 ], [ 73.0063934, 19.0782597 ] ], [ [ 73.0063934, 19.0782597 ], [ 73.0052975, 19.0783359 ], [ 73.0052975, 19.0783359 ], [ 73.0052831, 19.0782795 ], [ 73.0052646, 19.0780609 ], [ 73.0051971, 19.0772611 ], [ 73.0051201, 19.0763491 ], [ 73.0051069, 19.0761929 ], [ 73.0049873, 19.0747772 ], [ 73.0049149, 19.07392 ] ], [ [ 73.0049149, 19.07392 ], [ 73.0048599, 19.0738273 ], [ 73.0048599, 19.0738273 ], [ 73.0030548, 19.0739727 ] ], [ [ 73.0030548, 19.0739727 ], [ 73.0026855, 19.073928 ], [ 73.0026855, 19.073928 ], [ 73.0026648, 19.0739123 ], [ 73.0026416, 19.0739001 ], [ 73.0026167, 19.0738916 ], [ 73.0025905, 19.0738871 ], [ 73.002564, 19.0738868 ], [ 73.0025377, 19.0738905 ], [ 73.0025125, 19.0738984 ], [ 73.002489, 19.07391 ], [ 73.0024678, 19.0739252 ], [ 73.0024496, 19.0739434 ] ], [ [ 73.0024496, 19.0739434 ], [ 73.0024348, 19.0739642 ], [ 73.0024238, 19.0739871 ], [ 73.002417, 19.0740113 ], [ 73.0024144, 19.0740363 ], [ 73.0024163, 19.0740613 ], [ 73.0024225, 19.0740857 ], [ 73.0024328, 19.0741088 ], [ 73.0024471, 19.0741299 ], [ 73.0024648, 19.0741486 ], [ 73.0024648, 19.0741486 ], [ 73.0024877, 19.0741656 ], [ 73.0025134, 19.0741784 ], [ 73.0025412, 19.0741866 ], [ 73.00257, 19.0741899 ], [ 73.002599, 19.0741883 ], [ 73.0026273, 19.0741817 ], [ 73.0026538, 19.0741705 ], [ 73.0026777, 19.0741549 ], [ 73.0026983, 19.0741355 ] ], [ [ 73.0026983, 19.0741355 ], [ 73.0030614, 19.0740728 ] ], [ [ 73.0030614, 19.0740728 ], [ 73.0032129, 19.0740603 ], [ 73.0048211, 19.0739278 ] ], [ [ 73.0048211, 19.0739278 ], [ 73.0049149, 19.07392 ] ], [ [ 73.0049149, 19.07392 ], [ 73.0048599, 19.0738273 ], [ 73.0048599, 19.0738273 ], [ 73.0030548, 19.0739727 ], [ 73.0030548, 19.0739727 ], [ 73.0029294, 19.0739213 ], [ 73.0028368, 19.0738684 ], [ 73.0027589, 19.0737964 ], [ 73.0027064, 19.0737143 ], [ 73.0026221, 19.073498 ] ], [ [ 73.0026221, 19.073498 ], [ 73.0024549, 19.0715802 ], [ 73.0024549, 19.0715802 ], [ 73.0024447, 19.0714637 ], [ 73.0024447, 19.0714637 ], [ 73.0022785, 19.0714776 ], [ 73.0022785, 19.0714776 ], [ 73.0016067, 19.0715338 ], [ 73.0016067, 19.0715338 ], [ 73.0016009, 19.0715255 ], [ 73.0015775, 19.0715048 ], [ 73.0015496, 19.0714898 ], [ 73.0015344, 19.0714856 ], [ 73.0015344, 19.0714856 ], [ 73.0015188, 19.0714814 ], [ 73.0014867, 19.07148 ], [ 73.0014552, 19.0714858 ], [ 73.001426, 19.0714983 ], [ 73.0014144, 19.0715069 ], [ 73.0014144, 19.0715069 ], [ 73.0014007, 19.071517 ], [ 73.0013807, 19.0715407 ], [ 73.0013746, 19.0715532 ], [ 73.0013746, 19.0715532 ], [ 73.0013672, 19.0715682 ], [ 73.0013608, 19.0715979 ], [ 73.0013618, 19.0716274 ], [ 73.0013699, 19.0716558 ], [ 73.001378, 19.0716703 ], [ 73.001378, 19.0716703 ], [ 73.0013846, 19.0716818 ], [ 73.0014051, 19.071704 ], [ 73.0014346, 19.0717227 ], [ 73.0014346, 19.0717227 ], [ 73.0014988, 19.0724109 ] ], [ [ 73.0014988, 19.0724109 ], [ 73.001555, 19.0730142 ], [ 73.001522, 19.073105 ], [ 73.001522, 19.073105 ], [ 73.001441, 19.0731522 ], [ 73.0004256, 19.0732367 ], [ 73.0004256, 19.0732367 ], [ 73.0003909, 19.0733517 ], [ 73.0003909, 19.0733517 ], [ 73.0004409, 19.0740088 ], [ 73.0004409, 19.0740088 ], [ 73.000318, 19.0741687 ] ], [ [ 73.000318, 19.0741687 ], [ 72.9991348, 19.0742612 ], [ 72.9981502, 19.0743381 ], [ 72.9981502, 19.0743381 ], [ 72.9978723, 19.0743596 ], [ 72.9978723, 19.0743596 ], [ 72.9978496, 19.0743433 ], [ 72.9978228, 19.0743341 ], [ 72.9977944, 19.0743328 ], [ 72.9977668, 19.0743395 ], [ 72.9977426, 19.0743537 ], [ 72.9977239, 19.0743739 ], [ 72.9977239, 19.0743739 ], [ 72.9977116, 19.0744011 ], [ 72.9977093, 19.0744306 ], [ 72.9977173, 19.0744592 ], [ 72.9977347, 19.0744838 ], [ 72.9977347, 19.0744838 ], [ 72.997757, 19.0745004 ], [ 72.9977835, 19.0745101 ], [ 72.9978119, 19.0745119 ], [ 72.9978396, 19.0745057 ], [ 72.9978641, 19.0744921 ], [ 72.9978832, 19.0744722 ], [ 72.9978832, 19.0744722 ], [ 72.9981603, 19.0744521 ], [ 72.9981603, 19.0744521 ], [ 72.9988735, 19.0743918 ], [ 72.9988735, 19.0743918 ], [ 72.9988891, 19.074581 ], [ 72.9989002, 19.0747155 ], [ 72.9989335, 19.0751186 ] ], [ [ 72.9989335, 19.0751186 ], [ 72.999012, 19.076069 ] ], [ [ 72.999012, 19.076069 ], [ 72.9990637, 19.0766953 ], [ 72.9990637, 19.0766953 ], [ 72.9995386, 19.0766577 ], [ 72.9995386, 19.0766577 ], [ 72.9995664, 19.076954 ], [ 72.9996197, 19.0775217 ], [ 72.9996556, 19.0779043 ] ], [ [ 72.9996556, 19.0779043 ], [ 72.9996197, 19.0775217 ], [ 72.9995664, 19.076954 ], [ 72.9995386, 19.0766577 ], [ 72.9995386, 19.0766577 ], [ 73.0005161, 19.0765801 ] ], [ [ 73.0005161, 19.0765801 ], [ 73.0009716, 19.076544 ], [ 73.0013969, 19.0765102 ], [ 73.0013969, 19.0765102 ], [ 73.0018311, 19.0764758 ] ], [ [ 73.0018311, 19.0764758 ], [ 73.0026753, 19.0764088 ], [ 73.0026753, 19.0764088 ], [ 73.0028343, 19.0763962 ] ], [ [ 73.0028343, 19.0763962 ], [ 73.0027024, 19.0745126 ], [ 73.0027024, 19.0745126 ], [ 73.0027498, 19.0743661 ], [ 73.0028022, 19.0742488 ], [ 73.0028919, 19.0741634 ], [ 73.0030614, 19.0740728 ], [ 73.0030614, 19.0740728 ], [ 73.0032129, 19.0740603 ], [ 73.0048211, 19.0739278 ], [ 73.0048211, 19.0739278 ], [ 73.0049149, 19.07392 ], [ 73.0049149, 19.07392 ], [ 73.0051371, 19.0739017 ], [ 73.0079243, 19.073672 ], [ 73.0079243, 19.073672 ], [ 73.007916, 19.0735809 ] ], [ [ 73.007916, 19.0735809 ], [ 73.0079243, 19.073672 ] ], [ [ 73.0079243, 19.073672 ], [ 73.0093909, 19.0735511 ] ], [ [ 73.0093909, 19.0735511 ], [ 73.009503, 19.0735418 ] ], [ [ 73.009503, 19.0735418 ], [ 73.0094948, 19.0734537 ], [ 73.0094948, 19.0734537 ], [ 73.009383, 19.0734627 ], [ 73.009383, 19.0734627 ], [ 73.0093909, 19.0735511 ], [ 73.0093909, 19.0735511 ], [ 73.0094032, 19.0736867 ], [ 73.009597, 19.0758205 ], [ 73.0096109, 19.0759739 ], [ 73.0098733, 19.0788643 ] ], [ [ 73.0098733, 19.0788643 ], [ 73.0098821, 19.0789609 ] ], [ [ 73.0098821, 19.0789609 ], [ 73.0100095, 19.0789508 ] ], [ [ 73.0100095, 19.0789508 ], [ 73.0100004, 19.0788542 ] ], [ [ 73.0100004, 19.0788542 ], [ 73.0098733, 19.0788643 ] ], [ [ 73.0098733, 19.0788643 ], [ 73.0088409, 19.0789465 ], [ 73.007605, 19.0790449 ], [ 73.007605, 19.0790449 ], [ 73.0075043, 19.079053 ], [ 73.0075043, 19.079053 ], [ 73.007513, 19.0791497 ], [ 73.007513, 19.0791497 ], [ 73.0075557, 19.0796249 ] ], [ [ 73.0075557, 19.0796249 ], [ 73.0077222, 19.0814761 ] ], [ [ 73.0077222, 19.0814761 ], [ 73.0078317, 19.0826946 ] ], [ [ 73.0078317, 19.0826946 ], [ 73.0081803, 19.0832765 ], [ 73.0081803, 19.0832765 ], [ 73.008582, 19.083891 ], [ 73.008582, 19.083891 ], [ 73.007762, 19.0843697 ] ], [ [ 73.007762, 19.0843697 ], [ 73.0084882, 19.0855079 ], [ 73.0084956, 19.0855402 ], [ 73.0084855, 19.0855763 ], [ 73.008462, 19.0856029 ], [ 73.0078369, 19.0859592 ], [ 73.0077266, 19.0860234 ] ], [ [ 73.0077266, 19.0860234 ], [ 73.0069582, 19.0848384 ] ], [ [ 73.0069582, 19.0848384 ], [ 73.0070597, 19.0847788 ], [ 73.0071417, 19.0847329 ], [ 73.007762, 19.0843697 ] ], [ [ 73.007762, 19.0843697 ], [ 73.008582, 19.083891 ] ], [ [ 73.008582, 19.083891 ], [ 73.0093956, 19.0851359 ], [ 73.0094794, 19.0852641 ], [ 73.0097647, 19.0856809 ], [ 73.0097647, 19.0856809 ], [ 73.0089837, 19.0861746 ] ], [ [ 73.0089837, 19.0861746 ], [ 73.0097647, 19.0856809 ] ], [ [ 73.0097647, 19.0856809 ], [ 73.0099485, 19.0859817 ], [ 73.0099485, 19.0859817 ], [ 73.0094018, 19.0863061 ] ], [ [ 73.0094018, 19.0863061 ], [ 73.0096699, 19.0867189 ] ], [ [ 73.0096699, 19.0867189 ], [ 73.0089484, 19.0871463 ] ], [ [ 73.0089484, 19.0871463 ], [ 73.0091762, 19.0874628 ], [ 73.0091963, 19.0874761 ], [ 73.0092211, 19.087478 ], [ 73.0092486, 19.0874717 ], [ 73.0099182, 19.0871011 ], [ 73.0099182, 19.0871011 ], [ 73.0104697, 19.0867791 ] ], [ [ 73.0104697, 19.0867791 ], [ 73.0107445, 19.0871997 ], [ 73.0107445, 19.0871997 ], [ 73.0108231, 19.0873198 ], [ 73.0108231, 19.0873198 ], [ 73.0109171, 19.0872647 ], [ 73.0109171, 19.0872647 ], [ 73.0111318, 19.087139 ], [ 73.0111318, 19.087139 ], [ 73.0119396, 19.0866661 ], [ 73.0119396, 19.0866661 ], [ 73.0126208, 19.0862673 ], [ 73.0126208, 19.0862673 ], [ 73.0131704, 19.0859455 ], [ 73.0131704, 19.0859455 ], [ 73.0132449, 19.0859019 ], [ 73.0132449, 19.0859019 ], [ 73.0132193, 19.0858638 ], [ 73.0131738, 19.0857961 ], [ 73.0131738, 19.0857961 ], [ 73.0118692, 19.0838538 ], [ 73.0117825, 19.0837247 ], [ 73.0112935, 19.0829968 ], [ 73.0112935, 19.0829968 ], [ 73.0110323, 19.0826078 ] ], [ [ 73.0110323, 19.0826078 ], [ 73.0105413, 19.0818648 ] ], [ [ 73.0105413, 19.0818648 ], [ 73.0104657, 19.0819059 ], [ 73.0104657, 19.0819059 ], [ 73.0105275, 19.081989 ], [ 73.0112255, 19.0830421 ] ], [ [ 73.0112255, 19.0830421 ], [ 73.0112935, 19.0829968 ], [ 73.0112935, 19.0829968 ], [ 73.0119538, 19.0825993 ], [ 73.0122833, 19.082401 ], [ 73.0128119, 19.0820828 ] ], [ [ 73.0128119, 19.0820828 ], [ 73.0131036, 19.0827513 ], [ 73.0133862, 19.0834532 ] ], [ [ 73.0133862, 19.0834532 ], [ 73.0131036, 19.0827513 ], [ 73.0128119, 19.0820828 ] ], [ [ 73.0128119, 19.0820828 ], [ 73.0126354, 19.0816398 ] ], [ [ 73.0126354, 19.0816398 ], [ 73.0122548, 19.080684 ] ], [ [ 73.0122548, 19.080684 ], [ 73.0119719, 19.0799737 ] ], [ [ 73.0119719, 19.0799737 ], [ 73.0107458, 19.0804255 ] ], [ [ 73.0107458, 19.0804255 ], [ 73.0111037, 19.0813217 ] ], [ [ 73.0111037, 19.0813217 ], [ 73.0104433, 19.0816876 ] ], [ [ 73.0104433, 19.0816876 ], [ 73.0102698, 19.0813622 ], [ 73.0102162, 19.0812367 ], [ 73.010188, 19.0811125 ], [ 73.0100811, 19.0798186 ], [ 73.0100798, 19.0798024 ], [ 73.0100577, 19.079535 ], [ 73.0100095, 19.0789508 ] ], [ [ 73.0100095, 19.0789508 ], [ 73.012814, 19.0787273 ], [ 73.0133307, 19.0786861 ], [ 73.0135005, 19.0786726 ], [ 73.0142722, 19.0786111 ], [ 73.0142722, 19.0786111 ], [ 73.014364, 19.0786038 ], [ 73.014364, 19.0786038 ], [ 73.0143549, 19.0785074 ], [ 73.0143549, 19.0785074 ], [ 73.0142631, 19.0785147 ] ], [ [ 73.0142631, 19.0785147 ], [ 73.0126697, 19.0786416 ], [ 73.0120192, 19.0786934 ], [ 73.0100004, 19.0788542 ], [ 73.0100004, 19.0788542 ], [ 73.0098733, 19.0788643 ], [ 73.0098733, 19.0788643 ], [ 73.0088409, 19.0789465 ], [ 73.007605, 19.0790449 ], [ 73.007605, 19.0790449 ], [ 73.0075043, 19.079053 ], [ 73.0075043, 19.079053 ], [ 73.0061162, 19.0791635 ], [ 73.0055049, 19.0792122 ] ], [ [ 73.0055049, 19.0792122 ], [ 73.0054968, 19.0791774 ], [ 73.0054797, 19.0791456 ], [ 73.0054549, 19.0791188 ], [ 73.0054238, 19.0790987 ], [ 73.0053884, 19.0790864 ], [ 73.0053509, 19.0790829 ] ], [ [ 73.0053509, 19.0790829 ], [ 73.0053007, 19.0790922 ], [ 73.0052567, 19.0791169 ], [ 73.0052567, 19.0791169 ], [ 73.005224, 19.079154 ], [ 73.0052063, 19.0791993 ], [ 73.0052056, 19.0792476 ] ], [ [ 73.0052056, 19.0792476 ], [ 73.0042486, 19.079783 ], [ 73.0038141, 19.0800261 ], [ 73.0038141, 19.0800261 ], [ 73.0036976, 19.0800913 ], [ 73.0036976, 19.0800913 ], [ 73.0037449, 19.0801624 ], [ 73.0037449, 19.0801624 ], [ 73.0038609, 19.0800983 ] ], [ [ 73.0038609, 19.0800983 ], [ 73.0038141, 19.0800261 ], [ 73.0038141, 19.0800261 ], [ 73.0035729, 19.0796388 ], [ 73.0033779, 19.0792824 ], [ 73.003267, 19.0790459 ], [ 73.0031475, 19.078726 ], [ 73.0030605, 19.07838 ], [ 73.0030009, 19.0780727 ], [ 73.0029078, 19.0774505 ], [ 73.0028343, 19.0763962 ], [ 73.0028343, 19.0763962 ], [ 73.0026753, 19.0764088 ], [ 73.0026753, 19.0764088 ], [ 73.0018311, 19.0764758 ], [ 73.0018311, 19.0764758 ], [ 73.0013969, 19.0765102 ], [ 73.0013969, 19.0765102 ], [ 73.0009716, 19.076544 ], [ 73.0005161, 19.0765801 ], [ 73.0005161, 19.0765801 ], [ 72.9995386, 19.0766577 ], [ 72.9995386, 19.0766577 ], [ 72.9990637, 19.0766953 ], [ 72.9990637, 19.0766953 ], [ 72.998595, 19.0767325 ] ] ] } },
{ "type": "Feature", "properties": { "point_ids": [ 11, 1264, 7811, 4274, 3276, 454, 408, 197, 6987, 2834, 1442, 3883, 2112, 5598, 5269, 3060, 8344, 9533, 5830, 8067, 6291, 5200, 9722, 5555, 2515, 576, 8217, 721, 8860, 8602, 6287, 2969, 1312, 9597, 752, 7956, 7807, 4812, 4615, 5876, 1241, 9064, 7746, 6447, 9078, 6445, 5011, 3169, 1274, 8005, 4470, 2833, 2207, 7281, 4388, 2063, 545, 1466, 2141, 4878, 9587, 7295, 9973, 1827, 2133, 6576, 6850, 8225, 980, 2027, 8307, 5633, 2014, 1311, 430, 8499, 7791, 7787, 7151, 6590, 3623, 2934, 2782, 302, 8968, 1467, 8513, 9361, 9337, 8027, 8254, 7078, 6318, 1879, 597, 370, 8734, 7387, 6886, 4699, 1247, 388, 9675, 475, 1504, 223, 8242, 9972, 8289, 3391, 3287, 2750, 2734, 3252, 8831, 401, 7000, 2517, 8754, 7680, 134, 5560, 7515, 3509, 8967, 6359, 6004, 5321, 3155, 1478, 6358, 9238, 3300, 1564, 4985, 5020, 1169, 2630, 2328, 5517, 4478, 7993, 9947, 5051, 4148, 3684, 994, 2498, 8102, 860, 2628, 1845, 734, 8982, 5505, 4855, 7911, 5953, 6625, 8358, 6236, 2986, 2078, 1923, 7492, 2850, 1655, 6788, 2396, 1584, 4969, 1510, 3801, 1781, 5363, 8932, 4405, 4326, 5564, 7315, 2783, 4796, 6643, 9894, 9624, 7551, 4174, 1366, 659, 8880, 8779, 8415, 7931, 7412, 6634, 3419, 336, 7868, 1987, 9977, 8713, 8124, 5412, 3878, 2920, 9562, 6113, 5770, 3148, 8389, 5684, 2789, 3666, 4599, 5577, 8014, 4495, 5100, 2376, 1543, 9130, 8171, 4535, 5507, 6144, 528, 462, 6116, 8986, 9901, 9319, 6083, 5670, 4962, 3960, 3001, 2982, 9781, 6184, 3469, 1346, 1073, 6368, 5590, 5041, 4725, 4419, 3552, 2282, 644, 3713, 136, 8174, 5908, 5232, 3464, 8298, 7617, 5293, 2295, 8709, 7220, 7207, 5737, 5304, 4889, 4499, 6008, 6114, 4537, 4485, 3382, 6485, 4818, 3438, 5499, 2816, 843, 7310, 1947, 7567, 4639, 3795, 2648, 1226, 428, 1821, 137, 3217 ], "length_m": 19952.420318118217, "travel_time_min": 36.030770757400326, "n_points": 289, "route_id": 18, "cluster_id": 8 }, "geometry": { "type": "MultiLineString", "coordinates": [ [ [ 73.0145683, 19.0217158 ], [ 73.0139644, 19.0210789 ], [ 73.0139644, 19.0210789 ], [ 73.0141971, 19.0208793 ] ], [ [ 73.0141971, 19.0208793 ], [ 73.0139644, 19.0210789 ], [ 73.0139644, 19.0210789 ], [ 73.0145683, 19.0217158 ], [ 73.0145683, 19.0217158 ], [ 73.0147194, 19.0218741 ], [ 73.0151629, 19.0223388 ] ], [ [ 73.0151629, 19.0223388 ], [ 73.0147194, 19.0218741 ], [ 73.0145683, 19.0217158 ] ], [ [ 73.0145683, 19.0217158 ], [ 73.0151355, 19.0212099 ] ], [ [ 73.0151355, 19.0212099 ], [ 73.0153586, 19.0210109 ] ], [ [ 73.0153586, 19.0210109 ], [ 73.0155706, 19.0208229 ], [ 73.015839, 19.0205827 ], [ 73.0158898, 19.0205372 ], [ 73.0160784, 19.020369 ] ], [ [ 73.0160784, 19.020369 ], [ 73.0166177, 19.0198879 ] ], [ [ 73.0166177, 19.0198879 ], [ 73.0166454, 19.0198632 ], [ 73.0166744, 19.0198373 ] ], [ [ 73.0166744, 19.0198373 ], [ 73.0172798, 19.0192974 ] ], [ [ 73.0172798, 19.0192974 ], [ 73.0176812, 19.0189395 ] ], [ [ 73.0176812, 19.0189395 ], [ 73.0178846, 19.0187518 ], [ 73.0184579, 19.018224 ] ], [ [ 73.0184579, 19.018224 ], [ 73.0191475, 19.0189321 ] ], [ [ 73.0191475, 19.0189321 ], [ 73.0199371, 19.0197429 ] ], [ [ 73.0199371, 19.0197429 ], [ 73.0200143, 19.0198214 ] ], [ [ 73.0200143, 19.0198214 ], [ 73.020131, 19.0197188 ], [ 73.0202476, 19.0196162 ] ], [ [ 73.0202476, 19.0196162 ], [ 73.0201704, 19.0195378 ] ], [ [ 73.0201704, 19.0195378 ], [ 73.0200538, 19.0196404 ], [ 73.0199371, 19.0197429 ], [ 73.0199371, 19.0197429 ], [ 73.0200143, 19.0198214 ], [ 73.0200143, 19.0198214 ], [ 73.0199625, 19.0198669 ], [ 73.0198154, 19.0199779 ], [ 73.0197639, 19.0200124 ], [ 73.0197157, 19.0200348 ] ], [ [ 73.0197157, 19.0200348 ], [ 73.0197639, 19.0200124 ], [ 73.0198154, 19.0199779 ], [ 73.0199625, 19.0198669 ], [ 73.0200143, 19.0198214 ], [ 73.0200143, 19.0198214 ], [ 73.020131, 19.0197188 ], [ 73.0202476, 19.0196162 ], [ 73.0202476, 19.0196162 ], [ 73.0202848, 19.0195835 ], [ 73.0203953, 19.019452 ] ], [ [ 73.0203953, 19.019452 ], [ 73.0212532, 19.0187046 ], [ 73.0215964, 19.018416 ], [ 73.0217674, 19.0182632 ], [ 73.0217674, 19.0182632 ], [ 73.02205, 19.0179513 ], [ 73.0221277, 19.0178459 ], [ 73.0221744, 19.0177706 ], [ 73.0222389, 19.0176277 ], [ 73.0224791, 19.0163872 ], [ 73.0224791, 19.0163872 ], [ 73.0223465, 19.0163645 ] ], [ [ 73.0223465, 19.0163645 ], [ 73.0224791, 19.0163872 ], [ 73.0224791, 19.0163872 ], [ 73.0225639, 19.0159501 ], [ 73.0225639, 19.0159501 ], [ 73.0226541, 19.0154856 ] ], [ [ 73.0226541, 19.0154856 ], [ 73.0227116, 19.0151891 ], [ 73.0227116, 19.0151891 ], [ 73.0227592, 19.0149435 ] ], [ [ 73.0227592, 19.0149435 ], [ 73.0228618, 19.0144152 ] ], [ [ 73.0228618, 19.0144152 ], [ 73.0229724, 19.0138448 ] ], [ [ 73.0229724, 19.0138448 ], [ 73.0230098, 19.0136523 ], [ 73.0230098, 19.0136523 ], [ 73.0228777, 19.0136293 ] ], [ [ 73.0228777, 19.0136293 ], [ 73.0230098, 19.0136523 ], [ 73.0230098, 19.0136523 ], [ 73.0230729, 19.0133271 ] ], [ [ 73.0230729, 19.0133271 ], [ 73.0231294, 19.0130361 ], [ 73.0231649, 19.012853 ], [ 73.0232275, 19.0125303 ], [ 73.0232726, 19.0123899 ], [ 73.0233407, 19.0121584 ], [ 73.0233407, 19.0121584 ], [ 73.023134, 19.0121184 ] ], [ [ 73.023134, 19.0121184 ], [ 73.0230962, 19.0125044 ], [ 73.0230299, 19.0128456 ] ], [ [ 73.0230299, 19.0128456 ], [ 73.0229655, 19.0128338 ], [ 73.0221416, 19.012683 ] ], [ [ 73.0221416, 19.012683 ], [ 73.0219915, 19.0134748 ], [ 73.0219915, 19.0134748 ], [ 73.0218466, 19.0142388 ] ], [ [ 73.0218466, 19.0142388 ], [ 73.0217016, 19.0150036 ] ], [ [ 73.0217016, 19.0150036 ], [ 73.0225408, 19.0151578 ], [ 73.0225795, 19.0151649 ] ], [ [ 73.0225795, 19.0151649 ], [ 73.0224314, 19.0159271 ], [ 73.0224314, 19.0159271 ], [ 73.0225639, 19.0159501 ], [ 73.0225639, 19.0159501 ], [ 73.0226212, 19.0159601 ], [ 73.0234823, 19.0161097 ] ], [ [ 73.0234823, 19.0161097 ], [ 73.023601, 19.0156598 ] ], [ [ 73.023601, 19.0156598 ], [ 73.0234823, 19.0161097 ] ], [ [ 73.0234823, 19.0161097 ], [ 73.0226212, 19.0159601 ], [ 73.0225639, 19.0159501 ], [ 73.0225639, 19.0159501 ], [ 73.0224314, 19.0159271 ], [ 73.0224314, 19.0159271 ], [ 73.0223465, 19.0163645 ], [ 73.0223465, 19.0163645 ], [ 73.0223203, 19.0164999 ], [ 73.0221129, 19.0175713 ], [ 73.0221075, 19.0175994 ], [ 73.022052, 19.0177228 ], [ 73.0220095, 19.0177917 ], [ 73.0219401, 19.0178883 ], [ 73.0218667, 19.0179825 ], [ 73.0218078, 19.0181229 ], [ 73.0217674, 19.0182632 ] ], [ [ 73.0217674, 19.0182632 ], [ 73.0215964, 19.018416 ], [ 73.0212532, 19.0187046 ], [ 73.0203953, 19.019452 ], [ 73.0203953, 19.019452 ], [ 73.0202076, 19.019505 ], [ 73.0201704, 19.0195378 ], [ 73.0201704, 19.0195378 ], [ 73.0200538, 19.0196404 ], [ 73.0199371, 19.0197429 ], [ 73.0199371, 19.0197429 ], [ 73.0198853, 19.0197884 ], [ 73.0197444, 19.0199022 ], [ 73.0197113, 19.0199243 ], [ 73.0196781, 19.01994 ], [ 73.0196376, 19.0199508 ], [ 73.0195993, 19.0199559 ], [ 73.0189536, 19.0199681 ], [ 73.0188543, 19.0199782 ], [ 73.0187548, 19.0199998 ], [ 73.0186668, 19.020048 ], [ 73.0185885, 19.0201073 ], [ 73.0183215, 19.0203499 ], [ 73.0182687, 19.020398 ], [ 73.0180886, 19.0205616 ], [ 73.0179827, 19.0206578 ], [ 73.0177137, 19.0209024 ], [ 73.0177137, 19.0209024 ], [ 73.017657, 19.0209539 ], [ 73.017657, 19.0209539 ], [ 73.0177293, 19.021028 ], [ 73.0177293, 19.021028 ], [ 73.017786, 19.0209765 ] ], [ [ 73.017786, 19.0209765 ], [ 73.0177137, 19.0209024 ], [ 73.0177137, 19.0209024 ], [ 73.017657, 19.0209539 ] ], [ [ 73.017657, 19.0209539 ], [ 73.0171892, 19.0213792 ], [ 73.0162079, 19.022271 ] ], [ [ 73.0162079, 19.022271 ], [ 73.0162811, 19.0223435 ] ], [ [ 73.0162811, 19.0223435 ], [ 73.0162079, 19.022271 ], [ 73.0162079, 19.022271 ], [ 73.0153598, 19.0230881 ] ], [ [ 73.0153598, 19.0230881 ], [ 73.0152826, 19.0231621 ], [ 73.0152826, 19.0231621 ], [ 73.0148998, 19.02351 ], [ 73.0138748, 19.0244416 ], [ 73.0138748, 19.0244416 ], [ 73.0139107, 19.0245252 ], [ 73.0139107, 19.0245252 ], [ 73.0139624, 19.0244781 ] ], [ [ 73.0139624, 19.0244781 ], [ 73.0151626, 19.0233855 ], [ 73.0153836, 19.0231843 ], [ 73.0153836, 19.0231843 ], [ 73.0153598, 19.0230881 ], [ 73.0153598, 19.0230881 ], [ 73.014886, 19.0225473 ], [ 73.0147254, 19.0223873 ], [ 73.0145673, 19.0222684 ], [ 73.0143968, 19.0221514 ], [ 73.0131077, 19.0214495 ], [ 73.0128647, 19.0213447 ] ], [ [ 73.0128647, 19.0213447 ], [ 73.0128544, 19.0213242 ], [ 73.0128544, 19.0213242 ], [ 73.0129228, 19.0212464 ], [ 73.0129228, 19.0212464 ], [ 73.0129674, 19.0211956 ], [ 73.0130072, 19.0211481 ], [ 73.0140903, 19.0201756 ], [ 73.0140903, 19.0201756 ], [ 73.014022, 19.0201079 ], [ 73.014022, 19.0201079 ], [ 73.0138068, 19.0203021 ] ], [ [ 73.0138068, 19.0203021 ], [ 73.013576, 19.0198982 ], [ 73.0131511, 19.0191578 ], [ 73.0131014, 19.0191054 ], [ 73.0129402, 19.0189676 ] ], [ [ 73.0129402, 19.0189676 ], [ 73.012462, 19.0185591 ], [ 73.0121143, 19.0182621 ] ], [ [ 73.0121143, 19.0182621 ], [ 73.0122535, 19.0181359 ] ], [ [ 73.0122535, 19.0181359 ], [ 73.0118886, 19.0180623 ] ], [ [ 73.0118886, 19.0180623 ], [ 73.0118584, 19.0181332 ], [ 73.0118584, 19.0181332 ], [ 73.0117941, 19.0182837 ], [ 73.0113751, 19.0181789 ], [ 73.0113751, 19.0181789 ], [ 73.0112149, 19.0184975 ], [ 73.0111291, 19.0186717 ] ], [ [ 73.0111291, 19.0186717 ], [ 73.0112149, 19.0184975 ], [ 73.0113751, 19.0181789 ], [ 73.0113751, 19.0181789 ], [ 73.0117941, 19.0182837 ], [ 73.0118584, 19.0181332 ], [ 73.0118584, 19.0181332 ], [ 73.0113922, 19.017938 ] ], [ [ 73.0113922, 19.017938 ], [ 73.0118584, 19.0181332 ] ], [ [ 73.0118584, 19.0181332 ], [ 73.0118886, 19.0180623 ] ], [ [ 73.0118886, 19.0180623 ], [ 73.0122535, 19.0181359 ], [ 73.0122535, 19.0181359 ], [ 73.0122746, 19.0181167 ], [ 73.0129983, 19.0174606 ] ], [ [ 73.0129983, 19.0174606 ], [ 73.0130139, 19.0174465 ] ], [ [ 73.0130139, 19.0174465 ], [ 73.0134358, 19.017064 ], [ 73.0136627, 19.0168582 ] ], [ [ 73.0136627, 19.0168582 ], [ 73.013711, 19.0168025 ], [ 73.013711, 19.0168025 ], [ 73.0141665, 19.0163984 ] ], [ [ 73.0141665, 19.0163984 ], [ 73.013572, 19.0158004 ] ], [ [ 73.013572, 19.0158004 ], [ 73.0139234, 19.0154886 ], [ 73.0139234, 19.0154886 ], [ 73.0133161, 19.0148633 ] ], [ [ 73.0133161, 19.0148633 ], [ 73.0129825, 19.0145197 ] ], [ [ 73.0129825, 19.0145197 ], [ 73.0127607, 19.0142914 ] ], [ [ 73.0127607, 19.0142914 ], [ 73.0127907, 19.0142648 ], [ 73.0134182, 19.013707 ], [ 73.0134182, 19.013707 ], [ 73.0136291, 19.0139239 ] ], [ [ 73.0136291, 19.0139239 ], [ 73.0134182, 19.013707 ] ], [ [ 73.0134182, 19.013707 ], [ 73.0130272, 19.0133047 ], [ 73.0130272, 19.0133047 ], [ 73.0129678, 19.0132437 ] ], [ [ 73.0129678, 19.0132437 ], [ 73.0130272, 19.0133047 ], [ 73.0130272, 19.0133047 ], [ 73.0131284, 19.0132143 ], [ 73.0134594, 19.0129182 ] ], [ [ 73.0134594, 19.0129182 ], [ 73.013535, 19.0128011 ] ], [ [ 73.013535, 19.0128011 ], [ 73.0131056, 19.0123487 ], [ 73.0130183, 19.0122567 ], [ 73.0130183, 19.0122567 ], [ 73.0128662, 19.0120965 ] ], [ [ 73.0128662, 19.0120965 ], [ 73.0127621, 19.0119868 ], [ 73.0126623, 19.0118817 ] ], [ [ 73.0126623, 19.0118817 ], [ 73.0123526, 19.0115554 ], [ 73.0120099, 19.0111944 ], [ 73.0115909, 19.0107529 ] ], [ [ 73.0115909, 19.0107529 ], [ 73.0113952, 19.0105467 ], [ 73.0113542, 19.0105035 ], [ 73.0113542, 19.0105035 ], [ 73.0113039, 19.0104505 ], [ 73.0112536, 19.0103975 ], [ 73.0112536, 19.0103975 ], [ 73.0111991, 19.0104407 ], [ 73.0111446, 19.0104838 ], [ 73.0111446, 19.0104838 ], [ 73.0112455, 19.0105899 ] ], [ [ 73.0112455, 19.0105899 ], [ 73.0112888, 19.0106354 ], [ 73.0114868, 19.0108437 ] ], [ [ 73.0114868, 19.0108437 ], [ 73.0116043, 19.0109672 ], [ 73.0117217, 19.0110907 ], [ 73.011906, 19.0112846 ], [ 73.0129158, 19.0123469 ], [ 73.0129158, 19.0123469 ], [ 73.0131077, 19.0125483 ], [ 73.0134008, 19.0128565 ], [ 73.0134008, 19.0128565 ], [ 73.0134594, 19.0129182 ], [ 73.0134594, 19.0129182 ], [ 73.0136049, 19.0130712 ], [ 73.0140312, 19.0135195 ], [ 73.0145198, 19.0140333 ], [ 73.0151077, 19.0146516 ], [ 73.0152955, 19.0148497 ], [ 73.015335, 19.0148912 ], [ 73.0155239, 19.0150892 ], [ 73.0155239, 19.0150892 ], [ 73.0155278, 19.0151068 ], [ 73.0155361, 19.0151233 ], [ 73.0155476, 19.015137 ], [ 73.0155476, 19.015137 ], [ 73.0152171, 19.0154388 ], [ 73.015111, 19.0155358 ] ], [ [ 73.015111, 19.0155358 ], [ 73.0154875, 19.0159108 ], [ 73.0155841, 19.0160075 ] ], [ [ 73.0155841, 19.0160075 ], [ 73.0154875, 19.0159108 ], [ 73.015111, 19.0155358 ], [ 73.015111, 19.0155358 ], [ 73.0150015, 19.0156358 ], [ 73.0149526, 19.0156804 ], [ 73.0149073, 19.0157217 ], [ 73.0149073, 19.0157217 ], [ 73.0143234, 19.0151335 ], [ 73.0139234, 19.0154886 ] ], [ [ 73.0139234, 19.0154886 ], [ 73.013572, 19.0158004 ] ], [ [ 73.013572, 19.0158004 ], [ 73.0130939, 19.0153195 ] ], [ [ 73.0130939, 19.0153195 ], [ 73.0126512, 19.0157197 ] ], [ [ 73.0126512, 19.0157197 ], [ 73.0124888, 19.0155442 ] ], [ [ 73.0124888, 19.0155442 ], [ 73.0124335, 19.0155808 ] ], [ [ 73.0124335, 19.0155808 ], [ 73.0125979, 19.0157679 ], [ 73.0125979, 19.0157679 ], [ 73.012912, 19.016088 ] ], [ [ 73.012912, 19.016088 ], [ 73.0129663, 19.0160425 ] ], [ [ 73.0129663, 19.0160425 ], [ 73.012912, 19.016088 ], [ 73.012912, 19.016088 ], [ 73.0127536, 19.0162155 ], [ 73.0125135, 19.0164186 ] ], [ [ 73.0125135, 19.0164186 ], [ 73.0125412, 19.0165285 ], [ 73.0125826, 19.016594 ], [ 73.0126079, 19.0166342 ], [ 73.0126319, 19.016682 ] ], [ [ 73.0126319, 19.016682 ], [ 73.0126079, 19.0166342 ], [ 73.0125826, 19.016594 ], [ 73.0125412, 19.0165285 ], [ 73.0125135, 19.0164186 ], [ 73.0125135, 19.0164186 ], [ 73.0125015, 19.0164305 ], [ 73.0123692, 19.0165562 ], [ 73.0122822, 19.0166363 ], [ 73.012221, 19.0166745 ] ], [ [ 73.012221, 19.0166745 ], [ 73.0121214, 19.0166972 ], [ 73.0120045, 19.0167139 ], [ 73.0118696, 19.0167282 ], [ 73.0116558, 19.0167539 ], [ 73.0114751, 19.0167693 ], [ 73.0113122, 19.0167694 ], [ 73.0112228, 19.0167757 ], [ 73.01109, 19.0168013 ], [ 73.0110402, 19.0168198 ], [ 73.0110402, 19.0168198 ], [ 73.0110021, 19.0168609 ], [ 73.0109553, 19.0169404 ] ], [ [ 73.0109553, 19.0169404 ], [ 73.0106907, 19.0169834 ] ], [ [ 73.0106907, 19.0169834 ], [ 73.0109553, 19.0169404 ], [ 73.0109553, 19.0169404 ], [ 73.0109486, 19.0169919 ], [ 73.0109706, 19.0171205 ], [ 73.0110209, 19.0173097 ], [ 73.0110262, 19.0174061 ], [ 73.0110115, 19.0174835 ], [ 73.0109739, 19.0175519 ], [ 73.0109109, 19.0176381 ], [ 73.0108549, 19.0176872 ], [ 73.0107022, 19.0177925 ], [ 73.010666, 19.0178317 ], [ 73.0106326, 19.0178683 ], [ 73.0106222, 19.0178969 ] ], [ [ 73.0106222, 19.0178969 ], [ 73.010621, 19.0180238 ] ], [ [ 73.010621, 19.0180238 ], [ 73.0106199, 19.0181352 ], [ 73.0106094, 19.0182379 ], [ 73.0105839, 19.0183855 ], [ 73.0105676, 19.0184952 ], [ 73.0105704, 19.01865 ], [ 73.0105703, 19.0187349 ], [ 73.0105543, 19.0188009 ] ], [ [ 73.0105543, 19.0188009 ], [ 73.0105059, 19.0188819 ], [ 73.0104549, 19.0189796 ], [ 73.0103892, 19.0191292 ], [ 73.0103346, 19.0193089 ], [ 73.0101477, 19.0193146 ] ], [ [ 73.0101477, 19.0193146 ], [ 73.0103346, 19.0193089 ], [ 73.0103892, 19.0191292 ], [ 73.0104549, 19.0189796 ], [ 73.0105059, 19.0188819 ], [ 73.0105543, 19.0188009 ], [ 73.0105543, 19.0188009 ], [ 73.010712, 19.0189406 ], [ 73.0107649, 19.0190279 ] ], [ [ 73.0107649, 19.0190279 ], [ 73.0109071, 19.0192623 ], [ 73.0109071, 19.0192623 ], [ 73.0112805, 19.0194259 ] ], [ [ 73.0112805, 19.0194259 ], [ 73.0116069, 19.0195689 ] ], [ [ 73.0116069, 19.0195689 ], [ 73.0115221, 19.0198813 ], [ 73.011308, 19.0203771 ] ], [ [ 73.011308, 19.0203771 ], [ 73.0111085, 19.0208348 ] ], [ [ 73.0111085, 19.0208348 ], [ 73.0110518, 19.0209649 ], [ 73.0110394, 19.0209933 ] ], [ [ 73.0110394, 19.0209933 ], [ 73.0107415, 19.0209943 ], [ 73.0096911, 19.0210594 ] ], [ [ 73.0096911, 19.0210594 ], [ 73.0096896, 19.0210384 ], [ 73.0096811, 19.0209207 ], [ 73.0096811, 19.0209207 ], [ 73.0095587, 19.0204385 ], [ 73.009553, 19.0202876 ], [ 73.0095705, 19.0202307 ], [ 73.0095705, 19.0202307 ], [ 73.0095849, 19.0201836 ], [ 73.0096382, 19.020103 ], [ 73.0096737, 19.0200359 ], [ 73.0098933, 19.0199836 ], [ 73.009922, 19.0199436 ], [ 73.0098632, 19.0195188 ], [ 73.0097926, 19.0195033 ], [ 73.0097264, 19.0195033 ], [ 73.0096559, 19.0195324 ] ], [ [ 73.0096559, 19.0195324 ], [ 73.0097264, 19.0195033 ], [ 73.0097926, 19.0195033 ], [ 73.0098632, 19.0195188 ], [ 73.009922, 19.0199436 ], [ 73.0098933, 19.0199836 ], [ 73.0096737, 19.0200359 ], [ 73.0096382, 19.020103 ], [ 73.0095849, 19.0201836 ], [ 73.0095705, 19.0202307 ], [ 73.0095705, 19.0202307 ], [ 73.0090975, 19.0200996 ], [ 73.0090975, 19.0200996 ], [ 73.0091767, 19.0198642 ], [ 73.0091767, 19.0198642 ], [ 73.0090654, 19.0198245 ], [ 73.0091364, 19.0195879 ] ], [ [ 73.0091364, 19.0195879 ], [ 73.0089683, 19.0195702 ] ], [ [ 73.0089683, 19.0195702 ], [ 73.0091364, 19.0195879 ], [ 73.0091364, 19.0195879 ], [ 73.0091588, 19.0193894 ] ], [ [ 73.0091588, 19.0193894 ], [ 73.0093231, 19.019429 ], [ 73.0093231, 19.019429 ], [ 73.009353, 19.0191501 ] ], [ [ 73.009353, 19.0191501 ], [ 73.0093231, 19.019429 ] ], [ [ 73.0093231, 19.019429 ], [ 73.0092615, 19.0196121 ] ], [ [ 73.0092615, 19.0196121 ], [ 73.0091767, 19.0198642 ], [ 73.0091767, 19.0198642 ], [ 73.0090975, 19.0200996 ] ], [ [ 73.0090975, 19.0200996 ], [ 73.0095705, 19.0202307 ] ], [ [ 73.0095705, 19.0202307 ], [ 73.009553, 19.0202876 ], [ 73.0095587, 19.0204385 ], [ 73.0096811, 19.0209207 ], [ 73.0096811, 19.0209207 ], [ 73.0096896, 19.0210384 ], [ 73.0096911, 19.0210594 ], [ 73.0096911, 19.0210594 ], [ 73.0090977, 19.0211111 ], [ 73.0086774, 19.0211478 ], [ 73.0086774, 19.0211478 ], [ 73.0085902, 19.0211208 ], [ 73.0085347, 19.0210858 ], [ 73.0084762, 19.0210334 ], [ 73.0084361, 19.0209722 ], [ 73.0084053, 19.0208878 ], [ 73.0083838, 19.0208208 ], [ 73.0083431, 19.020704 ] ], [ [ 73.0083431, 19.020704 ], [ 73.0081933, 19.0193022 ], [ 73.0081625, 19.0184238 ], [ 73.0081649, 19.017866 ], [ 73.008203, 19.0173385 ], [ 73.0084436, 19.0145137 ], [ 73.0085165, 19.0139805 ], [ 73.0086969, 19.0134025 ], [ 73.0089124, 19.0129136 ], [ 73.0090758, 19.0126443 ], [ 73.0092621, 19.0123796 ], [ 73.0094518, 19.0121337 ], [ 73.0096633, 19.0119035 ], [ 73.0098977, 19.0116769 ], [ 73.0104781, 19.0112 ] ], [ [ 73.0104781, 19.0112 ], [ 73.0111265, 19.0106845 ], [ 73.0112455, 19.0105899 ] ], [ [ 73.0112455, 19.0105899 ], [ 73.0112999, 19.0105467 ], [ 73.0113542, 19.0105035 ], [ 73.0113542, 19.0105035 ], [ 73.012051, 19.0099497 ] ], [ [ 73.012051, 19.0099497 ], [ 73.0140797, 19.0084044 ], [ 73.0144002, 19.008183 ], [ 73.0146488, 19.0080395 ], [ 73.0148914, 19.0079222 ], [ 73.0152138, 19.0077977 ], [ 73.0155498, 19.0076905 ], [ 73.0159579, 19.0075876 ], [ 73.0160667, 19.0075664 ], [ 73.0161817, 19.0075439 ], [ 73.0164186, 19.0075175 ], [ 73.016629, 19.0074994 ], [ 73.0169196, 19.0075012 ], [ 73.0172684, 19.0075304 ], [ 73.017367, 19.0075387 ], [ 73.017367, 19.0075387 ], [ 73.0174902, 19.0075491 ], [ 73.0174902, 19.0075491 ], [ 73.0174972, 19.0074059 ], [ 73.0174972, 19.0074059 ], [ 73.0175077, 19.007201 ], [ 73.0175077, 19.007201 ], [ 73.0175134, 19.0070846 ] ], [ [ 73.0175134, 19.0070846 ], [ 73.0175713, 19.0061958 ], [ 73.0175957, 19.0060536 ], [ 73.0177847, 19.0055499 ], [ 73.017798, 19.0055145 ], [ 73.0178456, 19.0053878 ], [ 73.0179189, 19.0051925 ], [ 73.0183402, 19.0045832 ] ], [ [ 73.0183402, 19.0045832 ], [ 73.0185013, 19.0044052 ], [ 73.0193893, 19.0031124 ] ], [ [ 73.0193893, 19.0031124 ], [ 73.0192721, 19.0030433 ] ], [ [ 73.0192721, 19.0030433 ], [ 73.0183872, 19.0043313 ], [ 73.018277, 19.0045407 ], [ 73.018277, 19.0045407 ], [ 73.018049, 19.0048581 ], [ 73.0179413, 19.0050119 ], [ 73.0178498, 19.0051522 ], [ 73.01772, 19.005489 ], [ 73.0175062, 19.0060439 ], [ 73.0174839, 19.0061689 ], [ 73.017417, 19.0070753 ] ], [ [ 73.017417, 19.0070753 ], [ 73.0173133, 19.0070722 ], [ 73.0170111, 19.0070632 ], [ 73.0165496, 19.0070876 ], [ 73.0161035, 19.0071308 ], [ 73.0160554, 19.0071357 ], [ 73.0160114, 19.0071408 ], [ 73.0159068, 19.0071607 ], [ 73.0154892, 19.007253 ], [ 73.0150553, 19.0073871 ], [ 73.0145314, 19.0076201 ], [ 73.014166, 19.007821 ], [ 73.0140748, 19.0078841 ], [ 73.0138643, 19.0080299 ], [ 73.0128548, 19.0088141 ] ], [ [ 73.0128548, 19.0088141 ], [ 73.0125109, 19.0084009 ], [ 73.0124096, 19.0083242 ], [ 73.0122943, 19.0082879 ], [ 73.0117387, 19.0082358 ], [ 73.0116058, 19.0082672 ], [ 73.0114795, 19.0083393 ], [ 73.0102293, 19.0093188 ] ], [ [ 73.0102293, 19.0093188 ], [ 73.0101578, 19.0093749 ], [ 73.0101578, 19.0093749 ], [ 73.0102044, 19.0094282 ], [ 73.0102044, 19.0094282 ], [ 73.010276, 19.009372 ] ], [ [ 73.010276, 19.009372 ], [ 73.0102293, 19.0093188 ], [ 73.0102293, 19.0093188 ], [ 73.0101578, 19.0093749 ] ], [ [ 73.0101578, 19.0093749 ], [ 73.0097007, 19.009733 ], [ 73.0096136, 19.0098815 ], [ 73.0095753, 19.0100571 ], [ 73.0095416, 19.0104312 ], [ 73.0095246, 19.0106773 ], [ 73.0095545, 19.0108019 ], [ 73.0096213, 19.0109135 ], [ 73.0098439, 19.0111452 ] ], [ [ 73.0098439, 19.0111452 ], [ 73.009903, 19.0110994 ] ], [ [ 73.009903, 19.0110994 ], [ 73.0107338, 19.0104562 ], [ 73.0109547, 19.0102852 ], [ 73.0109547, 19.0102852 ], [ 73.0110266, 19.0102296 ], [ 73.0110266, 19.0102296 ], [ 73.0127997, 19.0088568 ] ], [ [ 73.0127997, 19.0088568 ], [ 73.0128548, 19.0088141 ] ], [ [ 73.0128548, 19.0088141 ], [ 73.0138643, 19.0080299 ], [ 73.0140748, 19.0078841 ], [ 73.014166, 19.007821 ], [ 73.0145314, 19.0076201 ], [ 73.0150553, 19.0073871 ], [ 73.0154892, 19.007253 ], [ 73.0159068, 19.0071607 ], [ 73.0160114, 19.0071408 ], [ 73.0160554, 19.0071357 ], [ 73.0161035, 19.0071308 ], [ 73.0165496, 19.0070876 ], [ 73.0170111, 19.0070632 ], [ 73.0173133, 19.0070722 ], [ 73.017417, 19.0070753 ], [ 73.017417, 19.0070753 ], [ 73.0174042, 19.0071941 ], [ 73.0174042, 19.0071941 ], [ 73.0173932, 19.0072963 ], [ 73.0173824, 19.0073962 ] ], [ [ 73.0173824, 19.0073962 ], [ 73.017367, 19.0075387 ], [ 73.017367, 19.0075387 ], [ 73.0174902, 19.0075491 ] ], [ [ 73.0174902, 19.0075491 ], [ 73.0179038, 19.0075838 ], [ 73.0222172, 19.0083335 ], [ 73.0229785, 19.0084696 ], [ 73.0231889, 19.0085081 ] ], [ [ 73.0231889, 19.0085081 ], [ 73.0237976, 19.0086164 ], [ 73.0237976, 19.0086164 ], [ 73.024043, 19.00866 ], [ 73.024043, 19.00866 ], [ 73.0240734, 19.0085085 ], [ 73.0240734, 19.0085085 ], [ 73.023828, 19.0084657 ], [ 73.023828, 19.0084657 ], [ 73.0230071, 19.0083268 ], [ 73.0222457, 19.0081908 ], [ 73.0179172, 19.0074412 ] ], [ [ 73.0179172, 19.0074412 ], [ 73.0175914, 19.0074138 ], [ 73.0174972, 19.0074059 ], [ 73.0174972, 19.0074059 ], [ 73.0173824, 19.0073962 ], [ 73.0173824, 19.0073962 ], [ 73.0172824, 19.0073878 ], [ 73.016933, 19.0073585 ] ], [ [ 73.016933, 19.0073585 ], [ 73.0166307, 19.0073615 ], [ 73.0163883, 19.0073806 ], [ 73.0161522, 19.0074117 ], [ 73.0160378, 19.0074347 ], [ 73.0159211, 19.0074581 ], [ 73.0155227, 19.0075562 ], [ 73.0151821, 19.0076605 ], [ 73.0148339, 19.0077898 ], [ 73.0145818, 19.007908 ], [ 73.0143147, 19.0080646 ], [ 73.0139976, 19.0082839 ], [ 73.0119569, 19.009848 ], [ 73.0118435, 19.0099366 ], [ 73.0112536, 19.0103975 ], [ 73.0112536, 19.0103975 ], [ 73.0111991, 19.0104407 ], [ 73.0111446, 19.0104838 ] ], [ [ 73.0111446, 19.0104838 ], [ 73.0112455, 19.0105899 ], [ 73.0112455, 19.0105899 ], [ 73.0112888, 19.0106354 ], [ 73.0114868, 19.0108437 ], [ 73.0114868, 19.0108437 ], [ 73.0110953, 19.0110596 ] ], [ [ 73.0110953, 19.0110596 ], [ 73.011583, 19.011565 ] ], [ [ 73.011583, 19.011565 ], [ 73.0120695, 19.0120691 ] ], [ [ 73.0120695, 19.0120691 ], [ 73.0126032, 19.0126221 ] ], [ [ 73.0126032, 19.0126221 ], [ 73.0129158, 19.0123469 ], [ 73.0129158, 19.0123469 ], [ 73.0130183, 19.0122567 ], [ 73.0130183, 19.0122567 ], [ 73.0128662, 19.0120965 ], [ 73.0128662, 19.0120965 ], [ 73.0128621, 19.0120337 ], [ 73.0128682, 19.0119985 ], [ 73.0128909, 19.0119476 ], [ 73.0129277, 19.0119071 ], [ 73.0131142, 19.0117392 ], [ 73.0131277, 19.0117207 ], [ 73.013132, 19.0117004 ], [ 73.0131326, 19.0116763 ], [ 73.013131, 19.011651 ] ], [ [ 73.013131, 19.011651 ], [ 73.013253, 19.01154 ], [ 73.0138165, 19.011027 ] ], [ [ 73.0138165, 19.011027 ], [ 73.014012, 19.0112212 ], [ 73.0143682, 19.0115748 ], [ 73.014607, 19.011812 ], [ 73.0146313, 19.0118362 ] ], [ [ 73.0146313, 19.0118362 ], [ 73.0152153, 19.0124163 ] ], [ [ 73.0152153, 19.0124163 ], [ 73.0147562, 19.0128206 ], [ 73.0147418, 19.0128456 ], [ 73.014734, 19.0128708 ], [ 73.0147397, 19.0128965 ], [ 73.0147521, 19.0129225 ], [ 73.0152661, 19.0134478 ] ], [ [ 73.0152661, 19.0134478 ], [ 73.0159647, 19.0141619 ], [ 73.0162811, 19.0144853 ] ], [ [ 73.0162811, 19.0144853 ], [ 73.0157098, 19.0149942 ], [ 73.0156673, 19.015032 ], [ 73.0156673, 19.015032 ], [ 73.0156579, 19.0150232 ], [ 73.0156461, 19.0150154 ], [ 73.0156305, 19.0150088 ] ], [ [ 73.0156305, 19.0150088 ], [ 73.0156174, 19.0150059 ], [ 73.015604, 19.015005 ], [ 73.0155907, 19.0150063 ], [ 73.0155777, 19.0150096 ], [ 73.0155655, 19.0150148 ], [ 73.0155543, 19.0150219 ], [ 73.0155446, 19.0150306 ], [ 73.0155364, 19.0150407 ], [ 73.0155302, 19.0150519 ], [ 73.0155259, 19.015064 ], [ 73.0155238, 19.0150765 ], [ 73.0155239, 19.0150892 ] ], [ [ 73.0155239, 19.0150892 ], [ 73.0155278, 19.0151068 ], [ 73.0155361, 19.0151233 ], [ 73.0155476, 19.015137 ], [ 73.0155476, 19.015137 ], [ 73.0155625, 19.0151481 ], [ 73.0155771, 19.0151547 ], [ 73.0155916, 19.0151584 ] ], [ [ 73.0155916, 19.0151584 ], [ 73.0156038, 19.0151595 ], [ 73.015616, 19.0151588 ], [ 73.015628, 19.0151564 ], [ 73.0156395, 19.0151524 ], [ 73.0156502, 19.0151468 ], [ 73.0156599, 19.0151397 ], [ 73.0156684, 19.0151313 ], [ 73.0156754, 19.0151218 ], [ 73.0156809, 19.0151115 ], [ 73.0156847, 19.0151005 ], [ 73.0156866, 19.015089 ], [ 73.0156868, 19.0150775 ], [ 73.0156851, 19.015066 ] ], [ [ 73.0156851, 19.015066 ], [ 73.0156814, 19.0150542 ], [ 73.0156754, 19.0150426 ], [ 73.0156673, 19.015032 ] ] ] } },
{ "type": "Feature", "properties": { "point_ids": [ 6825, 8317, 2016, 2868, 5497, 8001, 7697, 7331, 6657, 6034, 4911, 4561, 3621, 3177, 2261, 2105, 7112, 6577, 9254, 6423, 1113, 1444, 4907, 3574, 7895, 7131, 6089, 1941, 7863, 8872, 6016, 5150, 5554, 677, 1207, 1975, 1535, 4291, 3009, 8983, 7126, 9987, 8610, 7961, 6623, 2675, 487, 303, 8662, 3016, 5807, 1193, 7257, 8108, 4354, 3923, 2360, 1752, 1378, 9955, 8500, 8297, 7892, 7564, 5352, 1527, 7316, 5137, 5558, 5133, 5615, 3925, 8196, 8191, 3772, 8733, 2308, 4600, 224, 4456, 507, 1577, 6851, 9030, 4219, 8186, 7136, 4955, 4744, 8378, 3939, 1789, 6103, 3659, 5556, 9951, 981, 2694, 6840, 7603, 193, 7341, 7708, 9332, 9252, 6651, 4802, 2937, 2802, 1125, 5661, 124, 8776, 1939, 7147, 5253, 415, 7576, 9277, 9380, 6188, 5397, 4797, 592, 621, 717, 2760, 3987, 5603, 7134, 8599, 4696, 214, 1422, 1961, 3363, 3604, 4926, 8801, 7693, 3515, 9091, 4572, 2823, 8643, 7580, 7305, 6517, 6149, 5956, 5654, 4160, 2645, 1099, 7995, 2279, 2505, 9194, 9137 ], "length_m": 16944.035581699198, "travel_time_min": 30.764746825763591, "n_points": 159, "route_id": 19, "cluster_id": 8 }, "geometry": { "type": "MultiLineString", "coordinates": [ [ [ 73.0156673, 19.015032 ], [ 73.0156579, 19.0150232 ], [ 73.0156461, 19.0150154 ], [ 73.0156305, 19.0150088 ], [ 73.0156305, 19.0150088 ], [ 73.0153947, 19.0147604 ], [ 73.0152096, 19.0145654 ], [ 73.0146213, 19.0139455 ], [ 73.013535, 19.0128011 ], [ 73.013535, 19.0128011 ], [ 73.0131056, 19.0123487 ], [ 73.0130183, 19.0122567 ], [ 73.0130183, 19.0122567 ], [ 73.0129158, 19.0123469 ], [ 73.0129158, 19.0123469 ], [ 73.0126032, 19.0126221 ] ], [ [ 73.0126032, 19.0126221 ], [ 73.0116306, 19.0134783 ], [ 73.0111029, 19.0129293 ] ], [ [ 73.0111029, 19.0129293 ], [ 73.0106039, 19.012415 ] ], [ [ 73.0106039, 19.012415 ], [ 73.0101032, 19.0128497 ] ], [ [ 73.0101032, 19.0128497 ], [ 73.0096414, 19.0123976 ] ], [ [ 73.0096414, 19.0123976 ], [ 73.0101032, 19.0128497 ] ], [ [ 73.0101032, 19.0128497 ], [ 73.0108176, 19.0135483 ] ], [ [ 73.0108176, 19.0135483 ], [ 73.0105799, 19.013848 ] ], [ [ 73.0105799, 19.013848 ], [ 73.0107643, 19.0140131 ], [ 73.0107643, 19.0140131 ], [ 73.0109028, 19.0141563 ] ], [ [ 73.0109028, 19.0141563 ], [ 73.0114582, 19.0146731 ], [ 73.0114582, 19.0146731 ], [ 73.0117083, 19.0144844 ] ], [ [ 73.0117083, 19.0144844 ], [ 73.0117559, 19.0144419 ] ], [ [ 73.0117559, 19.0144419 ], [ 73.0116774, 19.0143973 ] ], [ [ 73.0116774, 19.0143973 ], [ 73.0117083, 19.0144844 ], [ 73.0117083, 19.0144844 ], [ 73.0114582, 19.0146731 ], [ 73.0114582, 19.0146731 ], [ 73.0113079, 19.0147737 ], [ 73.011148, 19.0148767 ], [ 73.0111003, 19.0149292 ], [ 73.0110117, 19.0150638 ], [ 73.0109813, 19.015097 ], [ 73.010942, 19.0151287 ], [ 73.0108261, 19.0151912 ], [ 73.0107672, 19.0152456 ] ], [ [ 73.0107672, 19.0152456 ], [ 73.0108261, 19.0151912 ], [ 73.010942, 19.0151287 ], [ 73.0109813, 19.015097 ], [ 73.0110117, 19.0150638 ], [ 73.0111003, 19.0149292 ], [ 73.011148, 19.0148767 ], [ 73.0113079, 19.0147737 ], [ 73.0114582, 19.0146731 ], [ 73.0114582, 19.0146731 ], [ 73.0109028, 19.0141563 ], [ 73.0109028, 19.0141563 ], [ 73.0107643, 19.0140131 ], [ 73.0107643, 19.0140131 ], [ 73.0101082, 19.0146975 ], [ 73.0100753, 19.0146806 ], [ 73.0099643, 19.0146245 ] ], [ [ 73.0099643, 19.0146245 ], [ 73.0097528, 19.0145184 ] ], [ [ 73.0097528, 19.0145184 ], [ 73.009259, 19.0143467 ] ], [ [ 73.009259, 19.0143467 ], [ 73.0095357, 19.0137682 ] ], [ [ 73.0095357, 19.0137682 ], [ 73.00904, 19.0135498 ] ], [ [ 73.00904, 19.0135498 ], [ 73.0088856, 19.0140578 ], [ 73.0088268, 19.0143971 ], [ 73.0087956, 19.0144487 ], [ 73.0087509, 19.0144959 ], [ 73.0086964, 19.0145336 ], [ 73.0086589, 19.0145823 ], [ 73.0086427, 19.0146367 ], [ 73.0086372, 19.0146854 ], [ 73.0086326, 19.0147375 ] ], [ [ 73.0086326, 19.0147375 ], [ 73.0086221, 19.0148564 ], [ 73.008587, 19.0152552 ], [ 73.0085654, 19.0154999 ], [ 73.0085408, 19.0157796 ], [ 73.0085375, 19.0158199 ], [ 73.0084204, 19.0172327 ], [ 73.0084099, 19.0173597 ], [ 73.0083974, 19.0175105 ], [ 73.0083661, 19.0181116 ] ], [ [ 73.0083661, 19.0181116 ], [ 73.0089078, 19.0180972 ] ], [ [ 73.0089078, 19.0180972 ], [ 73.008886, 19.0183946 ], [ 73.0084451, 19.0184095 ], [ 73.0084108, 19.0184079 ] ], [ [ 73.0084108, 19.0184079 ], [ 73.0084451, 19.0184095 ], [ 73.008886, 19.0183946 ], [ 73.0089078, 19.0180972 ], [ 73.0089078, 19.0180972 ], [ 73.0090654, 19.0180994 ], [ 73.0090628, 19.0180369 ], [ 73.0090635, 19.017939 ], [ 73.0090759, 19.0178522 ], [ 73.0090843, 19.0178246 ], [ 73.0091013, 19.0178055 ], [ 73.0091259, 19.0177942 ], [ 73.0092526, 19.0177624 ], [ 73.0092912, 19.0177567 ], [ 73.0095014, 19.0177686 ] ], [ [ 73.0095014, 19.0177686 ], [ 73.009426, 19.0179949 ], [ 73.0094221, 19.0180897 ], [ 73.0094089, 19.0181232 ], [ 73.0094052, 19.0181766 ], [ 73.009387, 19.0182885 ], [ 73.0090922, 19.0185383 ], [ 73.0090725, 19.0185619 ], [ 73.0090877, 19.0185866 ], [ 73.0092359, 19.0186324 ], [ 73.0093044, 19.0186598 ], [ 73.0094446, 19.0186069 ], [ 73.0094514, 19.0187039 ], [ 73.0095362, 19.0186453 ], [ 73.0097073, 19.0186707 ] ], [ [ 73.0097073, 19.0186707 ], [ 73.0095362, 19.0186453 ], [ 73.0094514, 19.0187039 ], [ 73.0094446, 19.0186069 ], [ 73.0093044, 19.0186598 ], [ 73.0092359, 19.0186324 ], [ 73.0090877, 19.0185866 ], [ 73.0090725, 19.0185619 ], [ 73.0090922, 19.0185383 ], [ 73.009387, 19.0182885 ], [ 73.0094052, 19.0181766 ], [ 73.0094089, 19.0181232 ], [ 73.0094221, 19.0180897 ], [ 73.009426, 19.0179949 ], [ 73.0095014, 19.0177686 ], [ 73.0095014, 19.0177686 ], [ 73.0096042, 19.0177744 ], [ 73.0096531, 19.0177753 ], [ 73.0096965, 19.0177723 ], [ 73.009779, 19.0177575 ], [ 73.009779, 19.0177575 ], [ 73.0097427, 19.0176618 ], [ 73.0097427, 19.0176618 ], [ 73.0096861, 19.0175258 ], [ 73.0096398, 19.0173865 ], [ 73.0095902, 19.0172252 ], [ 73.0094623, 19.0168092 ], [ 73.0094329, 19.0165469 ], [ 73.009416, 19.016082 ] ], [ [ 73.009416, 19.016082 ], [ 73.0092491, 19.0160843 ], [ 73.0091373, 19.016066 ], [ 73.0090632, 19.0160405 ] ], [ [ 73.0090632, 19.0160405 ], [ 73.0091373, 19.016066 ], [ 73.0092491, 19.0160843 ], [ 73.009416, 19.016082 ], [ 73.009416, 19.016082 ], [ 73.0094553, 19.0160783 ], [ 73.0095605, 19.0159852 ], [ 73.0095711, 19.0157878 ], [ 73.0096879, 19.0157141 ], [ 73.0097764, 19.0156573 ], [ 73.0101045, 19.0155455 ], [ 73.0100953, 19.0153354 ], [ 73.010057, 19.0152446 ], [ 73.009866, 19.0151304 ], [ 73.0095762, 19.0150329 ] ], [ [ 73.0095762, 19.0150329 ], [ 73.009866, 19.0151304 ], [ 73.010057, 19.0152446 ], [ 73.0100953, 19.0153354 ], [ 73.0101045, 19.0155455 ], [ 73.0097764, 19.0156573 ], [ 73.0096879, 19.0157141 ], [ 73.0095711, 19.0157878 ], [ 73.0095605, 19.0159852 ], [ 73.0094553, 19.0160783 ], [ 73.009416, 19.016082 ] ], [ [ 73.009416, 19.016082 ], [ 73.0094329, 19.0165469 ], [ 73.0094623, 19.0168092 ], [ 73.0095902, 19.0172252 ], [ 73.0096398, 19.0173865 ], [ 73.0096861, 19.0175258 ], [ 73.0097427, 19.0176618 ] ], [ [ 73.0097427, 19.0176618 ], [ 73.009779, 19.0177575 ], [ 73.009779, 19.0177575 ], [ 73.0098081, 19.0178155 ], [ 73.0099522, 19.0179571 ], [ 73.0101013, 19.0181115 ], [ 73.0102185, 19.0182055 ], [ 73.0103428, 19.0183868 ], [ 73.0104233, 19.0185934 ], [ 73.0104422, 19.0186419 ], [ 73.0105543, 19.0188009 ] ], [ [ 73.0105543, 19.0188009 ], [ 73.010712, 19.0189406 ], [ 73.0107649, 19.0190279 ], [ 73.0107649, 19.0190279 ], [ 73.0109071, 19.0192623 ], [ 73.0109071, 19.0192623 ], [ 73.0110031, 19.0194206 ], [ 73.0110919, 19.0196623 ], [ 73.011308, 19.0203771 ], [ 73.011308, 19.0203771 ], [ 73.0113564, 19.0206087 ], [ 73.0113683, 19.020655 ], [ 73.0113872, 19.0206962 ], [ 73.0114212, 19.0207331 ], [ 73.0114675, 19.0207633 ] ], [ [ 73.0114675, 19.0207633 ], [ 73.0118618, 19.0209425 ], [ 73.0121847, 19.0210505 ], [ 73.0126925, 19.0211756 ], [ 73.0127806, 19.0211999 ], [ 73.0128351, 19.021215 ], [ 73.0128351, 19.021215 ], [ 73.0129228, 19.0212464 ], [ 73.0129228, 19.0212464 ], [ 73.0129674, 19.0211956 ], [ 73.0130072, 19.0211481 ], [ 73.0140903, 19.0201756 ], [ 73.0140903, 19.0201756 ], [ 73.0144265, 19.0205084 ], [ 73.0146419, 19.0207215 ], [ 73.0147077, 19.0207866 ], [ 73.0151355, 19.0212099 ] ], [ [ 73.0151355, 19.0212099 ], [ 73.0153586, 19.0210109 ], [ 73.0153586, 19.0210109 ], [ 73.0155706, 19.0208229 ], [ 73.015839, 19.0205827 ], [ 73.0158898, 19.0205372 ], [ 73.0160784, 19.020369 ] ], [ [ 73.0160784, 19.020369 ], [ 73.0154107, 19.0196694 ], [ 73.0151933, 19.0198547 ], [ 73.0151715, 19.0198733 ], [ 73.0147912, 19.0201975 ] ], [ [ 73.0147912, 19.0201975 ], [ 73.0151715, 19.0198733 ], [ 73.0151933, 19.0198547 ], [ 73.0154107, 19.0196694 ], [ 73.0160784, 19.020369 ] ], [ [ 73.0160784, 19.020369 ], [ 73.0166177, 19.0198879 ], [ 73.0166177, 19.0198879 ], [ 73.0166454, 19.0198632 ], [ 73.0166744, 19.0198373 ] ], [ [ 73.0166744, 19.0198373 ], [ 73.0172798, 19.0192974 ] ], [ [ 73.0172798, 19.0192974 ], [ 73.0176757, 19.0196948 ], [ 73.0177332, 19.0197517 ] ], [ [ 73.0177332, 19.0197517 ], [ 73.0176757, 19.0196948 ], [ 73.0172798, 19.0192974 ] ], [ [ 73.0172798, 19.0192974 ], [ 73.0166744, 19.0198373 ], [ 73.0166744, 19.0198373 ], [ 73.0162069, 19.0193582 ], [ 73.0160864, 19.0192347 ] ], [ [ 73.0160864, 19.0192347 ], [ 73.0160298, 19.0192849 ] ], [ [ 73.0160298, 19.0192849 ], [ 73.0160864, 19.0192347 ] ], [ [ 73.0160864, 19.0192347 ], [ 73.0156436, 19.0187808 ], [ 73.0156436, 19.0187808 ], [ 73.0156431, 19.0187639 ], [ 73.0156375, 19.0187479 ], [ 73.0156271, 19.0187342 ], [ 73.0156131, 19.0187238 ], [ 73.0155964, 19.0187178 ], [ 73.0155786, 19.0187166 ] ], [ [ 73.0155786, 19.0187166 ], [ 73.0155584, 19.0187214 ], [ 73.0155412, 19.0187324 ], [ 73.0155288, 19.0187482 ], [ 73.0155229, 19.0187671 ] ], [ [ 73.0155229, 19.0187671 ], [ 73.0155234, 19.0187839 ], [ 73.015529, 19.0187998 ], [ 73.0155392, 19.0188135 ], [ 73.0155532, 19.0188238 ], [ 73.0155697, 19.0188299 ], [ 73.0155874, 19.0188312 ], [ 73.0155874, 19.0188312 ], [ 73.0156077, 19.0188265 ], [ 73.0156251, 19.0188155 ], [ 73.0156375, 19.0187997 ], [ 73.0156436, 19.0187808 ] ], [ [ 73.0156436, 19.0187808 ], [ 73.0172118, 19.0174061 ], [ 73.0173438, 19.0172904 ], [ 73.0173438, 19.0172904 ], [ 73.0174201, 19.0172235 ], [ 73.0174964, 19.0171566 ], [ 73.0174964, 19.0171566 ], [ 73.0175117, 19.0171642 ], [ 73.0175117, 19.0171642 ], [ 73.0175282, 19.0171691 ], [ 73.0175282, 19.0171691 ], [ 73.0176949, 19.0173087 ], [ 73.0183435, 19.0179691 ], [ 73.0201657, 19.0198246 ], [ 73.0213723, 19.0210555 ], [ 73.0215612, 19.0212496 ], [ 73.0222691, 19.0219787 ], [ 73.0223099, 19.022027 ], [ 73.0223502, 19.0220813 ], [ 73.0223852, 19.022133 ], [ 73.02242, 19.0221881 ], [ 73.0224882, 19.0223013 ], [ 73.0225418, 19.0224023 ], [ 73.0226457, 19.0226617 ], [ 73.0226962, 19.0228029 ], [ 73.0228157, 19.0231712 ], [ 73.02296, 19.0237004 ], [ 73.0229914, 19.0238196 ], [ 73.0230315, 19.0239641 ], [ 73.023049, 19.0240176 ], [ 73.023049, 19.0240176 ], [ 73.0230763, 19.0241057 ], [ 73.0230763, 19.0241057 ], [ 73.023197, 19.0240722 ], [ 73.023197, 19.0240722 ], [ 73.0231735, 19.0239833 ], [ 73.0231735, 19.0239833 ], [ 73.0231586, 19.0239382 ], [ 73.0231298, 19.0238423 ], [ 73.0231298, 19.0238423 ], [ 73.0231395, 19.0237721 ], [ 73.0231625, 19.0236043 ], [ 73.0230193, 19.0231076 ], [ 73.0229005, 19.0227412 ], [ 73.0228454, 19.0225878 ], [ 73.0227366, 19.0223173 ], [ 73.0227366, 19.0223173 ], [ 73.0226777, 19.0222063 ], [ 73.0226031, 19.0220825 ], [ 73.0225654, 19.022023 ], [ 73.0225278, 19.0219677 ], [ 73.0224814, 19.0219052 ], [ 73.0224345, 19.0218495 ], [ 73.0217187, 19.0211127 ], [ 73.0217187, 19.0211127 ], [ 73.0222155, 19.0206682 ], [ 73.0223089, 19.0205847 ], [ 73.0223545, 19.0205382 ], [ 73.0227905, 19.0200931 ], [ 73.0227905, 19.0200931 ], [ 73.0230249, 19.0198763 ], [ 73.0232493, 19.0196824 ], [ 73.0232493, 19.0196824 ], [ 73.0239913, 19.0190321 ], [ 73.0239913, 19.0190321 ], [ 73.0239653, 19.019003 ], [ 73.0236277, 19.0186255 ], [ 73.0236277, 19.0186255 ], [ 73.0230094, 19.0191794 ], [ 73.0229386, 19.0192428 ] ], [ [ 73.0229386, 19.0192428 ], [ 73.0230094, 19.0191794 ], [ 73.0236277, 19.0186255 ] ], [ [ 73.0236277, 19.0186255 ], [ 73.0239653, 19.019003 ], [ 73.0239913, 19.0190321 ], [ 73.0239913, 19.0190321 ], [ 73.0232493, 19.0196824 ], [ 73.0232493, 19.0196824 ], [ 73.0230249, 19.0198763 ], [ 73.0227905, 19.0200931 ], [ 73.0227905, 19.0200931 ], [ 73.0223545, 19.0205382 ], [ 73.0223089, 19.0205847 ], [ 73.0222155, 19.0206682 ], [ 73.0217187, 19.0211127 ], [ 73.0217187, 19.0211127 ], [ 73.0214914, 19.0213115 ], [ 73.0214914, 19.0213115 ], [ 73.0221666, 19.0220053 ], [ 73.0221965, 19.0220361 ], [ 73.0222345, 19.0220812 ], [ 73.0222721, 19.0221313 ], [ 73.022306, 19.0221814 ], [ 73.0223395, 19.0222346 ], [ 73.0224048, 19.022343 ], [ 73.0224562, 19.0224397 ], [ 73.0225578, 19.0226941 ], [ 73.0226063, 19.02283 ], [ 73.022726, 19.0231992 ], [ 73.0228032, 19.0234329 ], [ 73.0229202, 19.0238351 ], [ 73.0229366, 19.023934 ], [ 73.023049, 19.0240176 ], [ 73.023049, 19.0240176 ], [ 73.0230763, 19.0241057 ], [ 73.0230763, 19.0241057 ], [ 73.023197, 19.0240722 ], [ 73.023197, 19.0240722 ], [ 73.0231735, 19.0239833 ], [ 73.0231735, 19.0239833 ], [ 73.0231586, 19.0239382 ], [ 73.0231298, 19.0238423 ], [ 73.0231298, 19.0238423 ], [ 73.0230704, 19.0236638 ], [ 73.0229264, 19.0231367 ], [ 73.0228073, 19.0227694 ], [ 73.0227544, 19.0226216 ], [ 73.0226477, 19.0223562 ], [ 73.0225913, 19.0222497 ], [ 73.0225196, 19.0221308 ], [ 73.0224833, 19.0220733 ], [ 73.0224468, 19.0220196 ], [ 73.0224013, 19.0219586 ], [ 73.0223588, 19.0219081 ], [ 73.0216472, 19.0211752 ], [ 73.0184314, 19.0178964 ], [ 73.0177805, 19.0172336 ], [ 73.017648, 19.0170687 ] ], [ [ 73.017648, 19.0170687 ], [ 73.0176424, 19.0170458 ], [ 73.0176424, 19.0170458 ], [ 73.0176309, 19.0170249 ] ], [ [ 73.0176309, 19.0170249 ], [ 73.0176508, 19.0170069 ], [ 73.0176707, 19.0169889 ], [ 73.0177221, 19.0169426 ], [ 73.0177734, 19.0168963 ] ], [ [ 73.0177734, 19.0168963 ], [ 73.0178301, 19.0168283 ], [ 73.0178763, 19.0167428 ], [ 73.0178957, 19.0166946 ], [ 73.0179065, 19.0166382 ], [ 73.0178822, 19.0137444 ] ], [ [ 73.0178822, 19.0137444 ], [ 73.017874, 19.0130928 ], [ 73.0178648, 19.0123601 ], [ 73.0178164, 19.0122366 ], [ 73.0177379, 19.0121365 ], [ 73.0172765, 19.0116752 ] ], [ [ 73.0172765, 19.0116752 ], [ 73.0167053, 19.011104 ] ], [ [ 73.0167053, 19.011104 ], [ 73.016575, 19.0109737 ] ], [ [ 73.016575, 19.0109737 ], [ 73.0165931, 19.0109577 ], [ 73.0169005, 19.0106859 ], [ 73.0169005, 19.0106859 ], [ 73.0169317, 19.0103931 ] ], [ [ 73.0169317, 19.0103931 ], [ 73.0169681, 19.0100507 ], [ 73.0170194, 19.0095696 ], [ 73.0170355, 19.0094181 ] ], [ [ 73.0170355, 19.0094181 ], [ 73.0166789, 19.0093772 ] ], [ [ 73.0166789, 19.0093772 ], [ 73.0162568, 19.0093303 ], [ 73.0162568, 19.0093303 ], [ 73.0163572, 19.0084288 ] ], [ [ 73.0163572, 19.0084288 ], [ 73.0162568, 19.0093303 ] ], [ [ 73.0162568, 19.0093303 ], [ 73.0161808, 19.0100212 ], [ 73.0161286, 19.0104955 ], [ 73.0161258, 19.0105207 ] ], [ [ 73.0161258, 19.0105207 ], [ 73.0148747, 19.011622 ], [ 73.0146313, 19.0118362 ] ], [ [ 73.0146313, 19.0118362 ], [ 73.0140632, 19.0123361 ], [ 73.0135864, 19.0127559 ], [ 73.013535, 19.0128011 ] ], [ [ 73.013535, 19.0128011 ], [ 73.0134008, 19.0128565 ], [ 73.0134008, 19.0128565 ], [ 73.0134594, 19.0129182 ], [ 73.0134594, 19.0129182 ], [ 73.0136049, 19.0130712 ], [ 73.0140312, 19.0135195 ], [ 73.0145198, 19.0140333 ], [ 73.0151077, 19.0146516 ], [ 73.0152955, 19.0148497 ], [ 73.015335, 19.0148912 ], [ 73.0155239, 19.0150892 ], [ 73.0155239, 19.0150892 ], [ 73.0155278, 19.0151068 ], [ 73.0155361, 19.0151233 ], [ 73.0155476, 19.015137 ], [ 73.0155476, 19.015137 ], [ 73.0155625, 19.0151481 ], [ 73.0155771, 19.0151547 ], [ 73.0155916, 19.0151584 ], [ 73.0155916, 19.0151584 ], [ 73.0167883, 19.0163873 ], [ 73.0170673, 19.016674 ], [ 73.0172985, 19.0169114 ] ], [ [ 73.0172985, 19.0169114 ], [ 73.0173173, 19.0169646 ], [ 73.017329, 19.017011 ], [ 73.0173331, 19.0170518 ], [ 73.0173298, 19.0170959 ], [ 73.0173189, 19.0171388 ], [ 73.0173015, 19.0171781 ], [ 73.0172751, 19.0172239 ] ], [ [ 73.0172751, 19.0172239 ], [ 73.017193, 19.0172961 ], [ 73.0165573, 19.0178555 ], [ 73.0161088, 19.0182501 ], [ 73.0155786, 19.0187166 ] ], [ [ 73.0155786, 19.0187166 ], [ 73.0155584, 19.0187214 ], [ 73.0155412, 19.0187324 ], [ 73.0155288, 19.0187482 ], [ 73.0155229, 19.0187671 ], [ 73.0155229, 19.0187671 ], [ 73.014424, 19.0197452 ], [ 73.0143269, 19.0198328 ], [ 73.014022, 19.0201079 ], [ 73.014022, 19.0201079 ], [ 73.0138068, 19.0203021 ], [ 73.0138068, 19.0203021 ], [ 73.0129415, 19.021083 ], [ 73.0128866, 19.0211482 ], [ 73.0128351, 19.021215 ], [ 73.0128351, 19.021215 ], [ 73.0127929, 19.0212933 ], [ 73.0127929, 19.0212933 ], [ 73.0127834, 19.0212947 ], [ 73.0127794, 19.0212953 ], [ 73.0127691, 19.0212968 ], [ 73.0127691, 19.0212968 ], [ 73.0126667, 19.0212732 ], [ 73.0119532, 19.0211143 ], [ 73.0112116, 19.0209971 ], [ 73.0110394, 19.0209933 ], [ 73.0110394, 19.0209933 ], [ 73.0107415, 19.0209943 ], [ 73.0096911, 19.0210594 ], [ 73.0096911, 19.0210594 ], [ 73.0090977, 19.0211111 ], [ 73.0086774, 19.0211478 ], [ 73.0086774, 19.0211478 ], [ 73.0084684, 19.021166 ], [ 73.0083929, 19.0211726 ], [ 73.0083929, 19.0211726 ], [ 73.0082509, 19.021185 ], [ 73.0082509, 19.021185 ], [ 73.0082565, 19.0212599 ], [ 73.0082633, 19.0213364 ], [ 73.0082633, 19.0213364 ], [ 73.0082731, 19.0215632 ], [ 73.0082852, 19.021844 ], [ 73.008264, 19.0222637 ], [ 73.0082193, 19.0225729 ], [ 73.0081559, 19.0228018 ], [ 73.0080251, 19.0231412 ], [ 73.0071511, 19.0251028 ], [ 73.0070045, 19.0254696 ], [ 73.0068673, 19.0260218 ], [ 73.0068254, 19.0264621 ], [ 73.0068282, 19.0268748 ], [ 73.0068696, 19.0273496 ], [ 73.0073279, 19.0311553 ], [ 73.0073919, 19.0316883 ], [ 73.0074316, 19.0320533 ], [ 73.0074341, 19.0320767 ], [ 73.0074341, 19.0320767 ], [ 73.0074441, 19.0321744 ], [ 73.0074441, 19.0321744 ], [ 73.0076036, 19.0321666 ], [ 73.0076036, 19.0321666 ], [ 73.0075937, 19.032069 ], [ 73.0075937, 19.032069 ], [ 73.0075713, 19.0317593 ], [ 73.0075713, 19.0317593 ], [ 73.0074836, 19.0311383 ], [ 73.0070257, 19.0273352 ], [ 73.006985, 19.0268682 ], [ 73.0069823, 19.0264683 ], [ 73.0070226, 19.0260442 ], [ 73.007119, 19.0256239 ], [ 73.0072972, 19.0251568 ], [ 73.0081716, 19.0231944 ], [ 73.0083008, 19.0228436 ], [ 73.0083642, 19.0225946 ], [ 73.008409, 19.0222746 ], [ 73.0084271, 19.0218478 ] ], [ [ 73.0084271, 19.0218478 ], [ 73.0084546, 19.0216975 ], [ 73.0084854, 19.0215664 ], [ 73.0085162, 19.0214762 ], [ 73.0085501, 19.0214092 ], [ 73.0085975, 19.0213587 ], [ 73.0086843, 19.0212969 ], [ 73.0086843, 19.0212969 ], [ 73.0087868, 19.0212873 ], [ 73.0088894, 19.0212777 ], [ 73.0090944, 19.0212585 ], [ 73.0097057, 19.0212012 ] ], [ [ 73.0097057, 19.0212012 ], [ 73.0107511, 19.0211031 ], [ 73.0111951, 19.0211071 ], [ 73.0119262, 19.0212179 ], [ 73.0126405, 19.0213717 ], [ 73.0127342, 19.0214098 ] ], [ [ 73.0127342, 19.0214098 ], [ 73.0127538, 19.0214257 ], [ 73.012778, 19.0214344 ], [ 73.0127904, 19.0214347 ], [ 73.0128038, 19.0214349 ], [ 73.0128038, 19.0214349 ], [ 73.0128283, 19.0214271 ], [ 73.0128486, 19.0214119 ], [ 73.0128622, 19.0213911 ], [ 73.0128676, 19.0213672 ], [ 73.0128647, 19.0213447 ], [ 73.0128647, 19.0213447 ], [ 73.0128544, 19.0213242 ] ], [ [ 73.0128544, 19.0213242 ], [ 73.0129228, 19.0212464 ], [ 73.0129228, 19.0212464 ], [ 73.0129674, 19.0211956 ], [ 73.0130072, 19.0211481 ], [ 73.0140903, 19.0201756 ] ], [ [ 73.0140903, 19.0201756 ], [ 73.0144265, 19.0205084 ], [ 73.0146419, 19.0207215 ], [ 73.0147077, 19.0207866 ], [ 73.0151355, 19.0212099 ] ] ] } },
{ "type": "Feature", "properties": { "point_ids": [ 13, 1115, 6039, 4144, 8373, 2877, 1759, 6498, 9256, 7340, 6227, 4695, 4446, 2912, 5902, 2879, 2792, 2393, 7879, 6217, 4638, 1756, 1520, 2002, 9404, 9398, 8898, 7686, 5128, 1430, 657, 3934, 5843, 4956, 7142, 1747, 4031, 6053, 1260, 5870, 9662, 2201, 3721, 3885, 4440, 4748, 6213, 7830, 1971, 457, 4661, 284, 1110, 3917, 4437, 9280, 510, 1856, 8330, 7960, 7496, 6080, 5535, 3200, 1043, 396, 9671, 4919, 4531, 3372, 2028, 2005, 680, 7626, 6702, 3343, 2740, 1541, 3616, 9967, 8106, 7426, 5588, 5000, 63, 8161, 2904, 3556, 5065, 9648, 2655, 6703, 4039, 2226, 9514, 9481, 8764, 8263, 7081, 6186, 4342, 4301, 1867, 4873, 4580, 6510, 6862, 7433, 7396, 1343, 2448, 4190, 4450, 8890, 8230, 7510, 1050, 815, 6203, 604, 3034, 9435, 7104, 1676, 2082, 3677, 7453, 5486, 9944, 8999, 6277, 8143, 9392, 7773, 6337, 2050, 424, 9432, 9426, 4258, 5485, 1638, 8463, 301, 3910, 5685, 7290, 7857, 3560, 825, 373, 6711, 2154, 393, 8902, 8792, 8342, 1913, 500, 3792, 6369, 1780, 9543, 4257, 148, 7355, 4468, 2793, 754, 9059, 4715, 4933, 332, 1397, 8566, 2765, 9063, 7893, 6628, 2755, 1907, 9320, 7064, 5699, 4514, 5863, 3072, 275, 4323, 4198, 1257, 625, 8931, 514, 9623, 4422, 9724, 9539, 9268, 9134, 7511, 5794, 410, 6984, 5860, 4231, 650, 6780, 1086, 9804, 9004, 6426, 5895, 4993, 4159, 1150, 1778, 5101, 8760, 9563, 7801, 4742, 3809, 3771, 2352, 2145, 1202, 9039, 8520, 4931, 4044, 8467, 9893, 9406, 9032, 6818, 4332, 1898, 1367, 2995, 133, 2501, 3077, 2842, 3292, 9777, 951, 2023, 7505, 3540, 7028, 7279, 4348, 2206, 7909, 3927, 3527, 9749, 8917, 4529, 3943, 9177, 8751, 8454, 3698, 3493, 1650, 1352, 9965, 7946, 2839, 2413, 1018, 9755, 973, 2363, 9346, 7056, 8202, 1927, 1450, 9170, 6715, 1190, 5462, 5284, 8204, 7552, 8314, 5845, 9513, 9520, 7320, 6551, 3544, 2830, 8664, 4454, 4381, 4087, 449, 444, 6391, 3416, 6705, 4895, 1096, 6189, 4093, 3555, 3455, 477, 8752, 5519, 4829, 9495, 8975, 7162, 6743, 4432, 3364, 660, 1005, 1673, 1966, 5964, 6641, 8229, 299, 1835, 3847, 7343, 8878, 9070, 29, 2781, 5413, 6678, 9920, 9420, 7272, 6672, 5135, 3528, 2140, 777, 398, 30, 2417, 8650, 3209, 6924, 8438, 838, 1230, 1238, 1818, 4852, 7519, 9002, 9095, 9729, 2735, 4004, 5637, 4785, 626, 2232, 3689, 5689, 9554, 4038, 4076, 9988, 8670, 8334, 7170, 1884, 5645, 6694, 9586, 6622, 8635, 7702, 7516, 5468, 5258, 3716, 2896, 5958, 9340, 8158, 7156, 5091, 5650, 1869, 4481, 8019, 3787, 2481, 810, 8406, 7009, 602, 1054, 2349, 4990, 5646, 5818, 1621, 9798, 9056, 5309, 1502, 1189, 9744, 8112, 1161, 6795, 2878, 1738 ], "length_m": 19960.031050641635, "travel_time_min": 45.840578086849469, "n_points": 421, "route_id": 20, "cluster_id": 14 }, "geometry": { "type": "MultiLineString", "coordinates": [ [ [ 73.0105681, 19.1416167 ], [ 73.0105197, 19.1416946 ] ], [ [ 73.0105197, 19.1416946 ], [ 73.0106966, 19.1417966 ], [ 73.0106966, 19.1417966 ], [ 73.0118056, 19.1424361 ], [ 73.0118056, 19.1424361 ], [ 73.0118817, 19.14248 ] ], [ [ 73.0118817, 19.14248 ], [ 73.0119306, 19.1424044 ] ], [ [ 73.0119306, 19.1424044 ], [ 73.0118547, 19.1423605 ] ], [ [ 73.0118547, 19.1423605 ], [ 73.0118056, 19.1424361 ] ], [ [ 73.0118056, 19.1424361 ], [ 73.0118817, 19.14248 ], [ 73.0118817, 19.14248 ], [ 73.0120743, 19.142527 ] ], [ [ 73.0120743, 19.142527 ], [ 73.012458, 19.1427602 ], [ 73.012458, 19.1427602 ], [ 73.0127924, 19.1422401 ] ], [ [ 73.0127924, 19.1422401 ], [ 73.0129724, 19.1419584 ] ], [ [ 73.0129724, 19.1419584 ], [ 73.0127924, 19.1422401 ], [ 73.0127924, 19.1422401 ], [ 73.013416, 19.1426078 ] ], [ [ 73.013416, 19.1426078 ], [ 73.01309, 19.1431401 ] ], [ [ 73.01309, 19.1431401 ], [ 73.0136969, 19.143512 ] ], [ [ 73.0136969, 19.143512 ], [ 73.0138077, 19.1435799 ], [ 73.0138077, 19.1435799 ], [ 73.0143246, 19.1438967 ] ], [ [ 73.0143246, 19.1438967 ], [ 73.0143738, 19.1439238 ], [ 73.0143738, 19.1439238 ], [ 73.0152335, 19.1443974 ], [ 73.0152335, 19.1443974 ], [ 73.0160863, 19.1448736 ], [ 73.0160863, 19.1448736 ], [ 73.0158846, 19.1451774 ], [ 73.0156333, 19.1455618 ], [ 73.0156333, 19.1455618 ], [ 73.0162472, 19.1459537 ], [ 73.0166589, 19.1461855 ], [ 73.0167367, 19.1462261 ], [ 73.0167863, 19.1462425 ], [ 73.0168775, 19.1462527 ], [ 73.0169378, 19.1462464 ], [ 73.0169955, 19.1462197 ], [ 73.0170465, 19.1461691 ], [ 73.017138, 19.1460639 ], [ 73.0171695, 19.1460484 ], [ 73.0172013, 19.1460427 ], [ 73.0172547, 19.1460487 ], [ 73.0174045, 19.1460956 ] ], [ [ 73.0174045, 19.1460956 ], [ 73.0172547, 19.1460487 ], [ 73.0172013, 19.1460427 ], [ 73.0171695, 19.1460484 ], [ 73.017138, 19.1460639 ], [ 73.0170465, 19.1461691 ], [ 73.0169955, 19.1462197 ], [ 73.0169378, 19.1462464 ], [ 73.0168775, 19.1462527 ], [ 73.0167863, 19.1462425 ], [ 73.0167367, 19.1462261 ], [ 73.0166589, 19.1461855 ], [ 73.0162472, 19.1459537 ], [ 73.0156333, 19.1455618 ] ], [ [ 73.0156333, 19.1455618 ], [ 73.0152901, 19.1460866 ] ], [ [ 73.0152901, 19.1460866 ], [ 73.0156333, 19.1455618 ], [ 73.0156333, 19.1455618 ], [ 73.0158846, 19.1451774 ], [ 73.0160863, 19.1448736 ] ], [ [ 73.0160863, 19.1448736 ], [ 73.01615, 19.1447778 ], [ 73.01615, 19.1447778 ], [ 73.01688, 19.1451966 ] ], [ [ 73.01688, 19.1451966 ], [ 73.01615, 19.1447778 ], [ 73.01615, 19.1447778 ], [ 73.0160863, 19.1448736 ] ], [ [ 73.0160863, 19.1448736 ], [ 73.0152335, 19.1443974 ] ], [ [ 73.0152335, 19.1443974 ], [ 73.0160809, 19.1431209 ], [ 73.0162933, 19.1427676 ] ], [ [ 73.0162933, 19.1427676 ], [ 73.0165624, 19.1423197 ] ], [ [ 73.0165624, 19.1423197 ], [ 73.0167574, 19.1419952 ] ], [ [ 73.0167574, 19.1419952 ], [ 73.0165624, 19.1423197 ] ], [ [ 73.0165624, 19.1423197 ], [ 73.0162933, 19.1427676 ], [ 73.0162933, 19.1427676 ], [ 73.0153891, 19.1422296 ] ], [ [ 73.0153891, 19.1422296 ], [ 73.0148911, 19.1419331 ] ], [ [ 73.0148911, 19.1419331 ], [ 73.0141252, 19.1414772 ], [ 73.0141252, 19.1414772 ], [ 73.0143952, 19.141056 ] ], [ [ 73.0143952, 19.141056 ], [ 73.0146284, 19.1407231 ] ], [ [ 73.0146284, 19.1407231 ], [ 73.0143952, 19.141056 ], [ 73.0143952, 19.141056 ], [ 73.013457, 19.1405037 ] ], [ [ 73.013457, 19.1405037 ], [ 73.0134706, 19.1404838 ], [ 73.0135029, 19.1404368 ], [ 73.0147972, 19.1384261 ], [ 73.0154112, 19.137445 ] ], [ [ 73.0154112, 19.137445 ], [ 73.0163386, 19.1379933 ] ], [ [ 73.0163386, 19.1379933 ], [ 73.0169156, 19.1371186 ], [ 73.0169156, 19.1371186 ], [ 73.0174583, 19.136296 ] ], [ [ 73.0174583, 19.136296 ], [ 73.0177114, 19.1364495 ] ], [ [ 73.0177114, 19.1364495 ], [ 73.0174583, 19.136296 ] ], [ [ 73.0174583, 19.136296 ], [ 73.0174794, 19.1362641 ], [ 73.0183104, 19.1349803 ] ], [ [ 73.0183104, 19.1349803 ], [ 73.0175327, 19.1345118 ], [ 73.0171791, 19.1343227 ], [ 73.0167521, 19.1342029 ], [ 73.0166756, 19.1341984 ] ], [ [ 73.0166756, 19.1341984 ], [ 73.0167004, 19.1340239 ], [ 73.016736, 19.1336825 ], [ 73.0167501, 19.1335076 ], [ 73.0167427, 19.133296 ], [ 73.0167165, 19.1330724 ] ], [ [ 73.0167165, 19.1330724 ], [ 73.0166452, 19.1330744 ] ], [ [ 73.0166452, 19.1330744 ], [ 73.016649, 19.1332352 ], [ 73.0166688, 19.1334482 ], [ 73.0166784, 19.1336058 ], [ 73.0166502, 19.1338902 ], [ 73.0166059, 19.1341943 ] ], [ [ 73.0166059, 19.1341943 ], [ 73.0166756, 19.1341984 ] ], [ [ 73.0166756, 19.1341984 ], [ 73.0167521, 19.1342029 ], [ 73.0171791, 19.1343227 ], [ 73.0175327, 19.1345118 ], [ 73.0183104, 19.1349803 ] ], [ [ 73.0183104, 19.1349803 ], [ 73.0189938, 19.1353692 ] ], [ [ 73.0189938, 19.1353692 ], [ 73.0196277, 19.1357662 ] ], [ [ 73.0196277, 19.1357662 ], [ 73.0202331, 19.1361409 ], [ 73.0203935, 19.1359091 ] ], [ [ 73.0203935, 19.1359091 ], [ 73.0202331, 19.1361409 ], [ 73.0196277, 19.1357662 ] ], [ [ 73.0196277, 19.1357662 ], [ 73.0188556, 19.1369003 ] ], [ [ 73.0188556, 19.1369003 ], [ 73.0185936, 19.1372852 ], [ 73.0179415, 19.1368979 ] ], [ [ 73.0179415, 19.1368979 ], [ 73.0177062, 19.13726 ], [ 73.0175442, 19.137504 ] ], [ [ 73.0175442, 19.137504 ], [ 73.0169156, 19.1371186 ] ], [ [ 73.0169156, 19.1371186 ], [ 73.0163386, 19.1379933 ] ], [ [ 73.0163386, 19.1379933 ], [ 73.0154112, 19.137445 ] ], [ [ 73.0154112, 19.137445 ], [ 73.0152018, 19.1373522 ] ], [ [ 73.0152018, 19.1373522 ], [ 73.0151213, 19.1373105 ] ], [ [ 73.0151213, 19.1373105 ], [ 73.0148846, 19.1371547 ], [ 73.0147123, 19.137054 ] ], [ [ 73.0147123, 19.137054 ], [ 73.0144266, 19.1368753 ], [ 73.0144266, 19.1368753 ], [ 73.0143227, 19.1368145 ] ], [ [ 73.0143227, 19.1368145 ], [ 73.0142288, 19.1367568 ], [ 73.0141436, 19.1367055 ] ], [ [ 73.0141436, 19.1367055 ], [ 73.0138412, 19.1365396 ] ], [ [ 73.0138412, 19.1365396 ], [ 73.0142593, 19.1358567 ] ], [ [ 73.0142593, 19.1358567 ], [ 73.0138412, 19.1365396 ], [ 73.0138412, 19.1365396 ], [ 73.0141436, 19.1367055 ], [ 73.0141436, 19.1367055 ], [ 73.0142288, 19.1367568 ], [ 73.0143227, 19.1368145 ], [ 73.0143227, 19.1368145 ], [ 73.0144266, 19.1368753 ], [ 73.0144266, 19.1368753 ], [ 73.0146997, 19.1364605 ] ], [ [ 73.0146997, 19.1364605 ], [ 73.0149761, 19.1366245 ] ], [ [ 73.0149761, 19.1366245 ], [ 73.0150848, 19.1364661 ] ], [ [ 73.0150848, 19.1364661 ], [ 73.0149761, 19.1366245 ] ], [ [ 73.0149761, 19.1366245 ], [ 73.0147123, 19.137054 ], [ 73.0147123, 19.137054 ], [ 73.0148846, 19.1371547 ], [ 73.0151213, 19.1373105 ], [ 73.0151213, 19.1373105 ], [ 73.0139847, 19.1390767 ] ], [ [ 73.0139847, 19.1390767 ], [ 73.0131831, 19.1385993 ] ], [ [ 73.0131831, 19.1385993 ], [ 73.0127136, 19.1383096 ], [ 73.012634, 19.1382758 ] ], [ [ 73.012634, 19.1382758 ], [ 73.0124787, 19.1382125 ], [ 73.0123365, 19.1381771 ], [ 73.0121126, 19.138154 ], [ 73.0121126, 19.138154 ], [ 73.0121363, 19.1374919 ] ], [ [ 73.0121363, 19.1374919 ], [ 73.0122037, 19.1364046 ] ], [ [ 73.0122037, 19.1364046 ], [ 73.0117721, 19.1364234 ] ], [ [ 73.0117721, 19.1364234 ], [ 73.0112182, 19.1364033 ] ], [ [ 73.0112182, 19.1364033 ], [ 73.0111947, 19.1369471 ], [ 73.0111805, 19.1381282 ] ], [ [ 73.0111805, 19.1381282 ], [ 73.0111286, 19.1381282 ], [ 73.0104257, 19.138097 ], [ 73.0102444, 19.1380553 ] ], [ [ 73.0102444, 19.1380553 ], [ 73.0103973, 19.1381848 ], [ 73.0103805, 19.1386656 ], [ 73.0103805, 19.1386656 ], [ 73.0114166, 19.1386956 ] ], [ [ 73.0114166, 19.1386956 ], [ 73.0103805, 19.1386656 ], [ 73.0103805, 19.1386656 ], [ 73.0103758, 19.1391646 ] ], [ [ 73.0103758, 19.1391646 ], [ 73.0103805, 19.1386656 ], [ 73.0103805, 19.1386656 ], [ 73.0103973, 19.1381848 ], [ 73.0102444, 19.1380553 ] ], [ [ 73.0102444, 19.1380553 ], [ 73.0102464, 19.137219 ], [ 73.0102983, 19.1363409 ], [ 73.0102983, 19.1363409 ], [ 73.0093763, 19.1363151 ], [ 73.0093763, 19.1363151 ], [ 73.008717, 19.1362691 ], [ 73.0085789, 19.1363048 ], [ 73.0085522, 19.1363788 ], [ 73.0085494, 19.1364056 ], [ 73.0084865, 19.137016 ] ], [ [ 73.0084865, 19.137016 ], [ 73.0085494, 19.1364056 ], [ 73.0085522, 19.1363788 ], [ 73.0085789, 19.1363048 ], [ 73.008717, 19.1362691 ], [ 73.0093763, 19.1363151 ], [ 73.0093763, 19.1363151 ], [ 73.0093764, 19.1365504 ], [ 73.0093649, 19.1373759 ], [ 73.0093264, 19.1378296 ], [ 73.0092273, 19.1380926 ], [ 73.0090056, 19.1384605 ], [ 73.0088729, 19.1386632 ] ], [ [ 73.0088729, 19.1386632 ], [ 73.0087993, 19.1387969 ] ], [ [ 73.0087993, 19.1387969 ], [ 73.0079799, 19.1401204 ] ], [ [ 73.0079799, 19.1401204 ], [ 73.0079302, 19.1402014 ] ], [ [ 73.0079302, 19.1402014 ], [ 73.0083661, 19.1404528 ], [ 73.0083661, 19.1404528 ], [ 73.0084252, 19.1404869 ], [ 73.0086739, 19.1406303 ], [ 73.0086739, 19.1406303 ], [ 73.0087653, 19.140683 ], [ 73.0089029, 19.1407623 ] ], [ [ 73.0089029, 19.1407623 ], [ 73.0089513, 19.140682 ] ], [ [ 73.0089513, 19.140682 ], [ 73.0087229, 19.1405499 ], [ 73.0087229, 19.1405499 ], [ 73.0084168, 19.140373 ] ], [ [ 73.0084168, 19.140373 ], [ 73.0079799, 19.1401204 ], [ 73.0079799, 19.1401204 ], [ 73.0079302, 19.1402014 ] ], [ [ 73.0079302, 19.1402014 ], [ 73.0070197, 19.1415879 ] ], [ [ 73.0070197, 19.1415879 ], [ 73.0068087, 19.1419104 ] ], [ [ 73.0068087, 19.1419104 ], [ 73.0065108, 19.142366 ], [ 73.0063279, 19.1426202 ], [ 73.0063279, 19.1426202 ], [ 73.0061084, 19.1429248 ], [ 73.0061084, 19.1429248 ], [ 73.0056772, 19.143555 ] ], [ [ 73.0056772, 19.143555 ], [ 73.0055559, 19.1432741 ], [ 73.0053681, 19.1429016 ], [ 73.005346, 19.1428652 ], [ 73.005346, 19.1428652 ], [ 73.0052206, 19.1426584 ], [ 73.0050787, 19.1424799 ] ], [ [ 73.0050787, 19.1424799 ], [ 73.0049135, 19.1423505 ], [ 73.0047914, 19.1422872 ], [ 73.0045661, 19.1422268 ] ], [ [ 73.0045661, 19.1422268 ], [ 73.0038567, 19.1420501 ] ], [ [ 73.0038567, 19.1420501 ], [ 73.0038413, 19.1421149 ] ], [ [ 73.0038413, 19.1421149 ], [ 73.0037105, 19.1427319 ] ], [ [ 73.0037105, 19.1427319 ], [ 73.0035831, 19.1431892 ], [ 73.0035831, 19.1431892 ], [ 73.0035254, 19.1433983 ], [ 73.003506, 19.1434858 ] ], [ [ 73.003506, 19.1434858 ], [ 73.0034637, 19.1436757 ], [ 73.0034409, 19.1438531 ], [ 73.0034355, 19.1439694 ] ], [ [ 73.0034355, 19.1439694 ], [ 73.0035608, 19.143932 ], [ 73.0037539, 19.1439333 ], [ 73.0040153, 19.1438664 ] ], [ [ 73.0040153, 19.1438664 ], [ 73.0041868, 19.1438272 ], [ 73.0044127, 19.1437853 ], [ 73.0044127, 19.1437853 ], [ 73.0044815, 19.1437813 ], [ 73.0045458, 19.1437866 ], [ 73.0046753, 19.1438086 ], [ 73.0047846, 19.1439203 ], [ 73.004848, 19.1439707 ], [ 73.004908, 19.144018 ] ], [ [ 73.004908, 19.144018 ], [ 73.0050275, 19.1441686 ], [ 73.0051495, 19.1443295 ], [ 73.0052219, 19.1444397 ], [ 73.0052501, 19.1445189 ], [ 73.005265, 19.1445947 ], [ 73.005285, 19.144664 ], [ 73.0053384, 19.1447396 ], [ 73.0054618, 19.1448626 ], [ 73.0055505, 19.1449573 ], [ 73.0055867, 19.1450124 ], [ 73.0056189, 19.1450795 ], [ 73.0056638, 19.1452024 ] ], [ [ 73.0056638, 19.1452024 ], [ 73.0056762, 19.1452507 ], [ 73.0056735, 19.1456254 ], [ 73.0056551, 19.145884 ], [ 73.0056296, 19.1459942 ], [ 73.0056149, 19.1460829 ], [ 73.00562, 19.1462097 ], [ 73.005637, 19.1465192 ], [ 73.0055921, 19.1468953 ], [ 73.0054885, 19.147141 ], [ 73.0054018, 19.1472419 ], [ 73.0049946, 19.147594 ] ], [ [ 73.0049946, 19.147594 ], [ 73.0049545, 19.1475624 ], [ 73.0048611, 19.1474994 ], [ 73.0047963, 19.1474181 ], [ 73.0047963, 19.1474181 ], [ 73.004829, 19.147156 ], [ 73.0048491, 19.1468583 ], [ 73.0048759, 19.1467227 ] ], [ [ 73.0048759, 19.1467227 ], [ 73.0047494, 19.1463996 ], [ 73.0045401, 19.1458522 ], [ 73.0044918, 19.1457813 ], [ 73.0044704, 19.1457154 ], [ 73.0044382, 19.145685 ], [ 73.0044006, 19.1455887 ], [ 73.0043684, 19.1455583 ], [ 73.0043308, 19.145462 ], [ 73.0042235, 19.1453049 ] ], [ [ 73.0042235, 19.1453049 ], [ 73.0043308, 19.145462 ], [ 73.0043684, 19.1455583 ], [ 73.0044006, 19.1455887 ], [ 73.0044382, 19.145685 ], [ 73.0044704, 19.1457154 ], [ 73.0044918, 19.1457813 ], [ 73.0045401, 19.1458522 ], [ 73.0047494, 19.1463996 ], [ 73.0048759, 19.1467227 ] ], [ [ 73.0048759, 19.1467227 ], [ 73.0048491, 19.1468583 ], [ 73.004829, 19.147156 ], [ 73.0047963, 19.1474181 ], [ 73.0047963, 19.1474181 ], [ 73.0046754, 19.1473676 ], [ 73.0045943, 19.1473315 ], [ 73.0045507, 19.1473036 ], [ 73.0045145, 19.1472586 ] ], [ [ 73.0045145, 19.1472586 ], [ 73.0045507, 19.1473036 ], [ 73.0045943, 19.1473315 ], [ 73.0046754, 19.1473676 ], [ 73.0047963, 19.1474181 ] ], [ [ 73.0047963, 19.1474181 ], [ 73.0048611, 19.1474994 ], [ 73.0049545, 19.1475624 ], [ 73.0049946, 19.147594 ] ], [ [ 73.0049946, 19.147594 ], [ 73.0049545, 19.147679 ], [ 73.0048711, 19.1478681 ], [ 73.0048311, 19.1480352 ] ], [ [ 73.0048311, 19.1480352 ], [ 73.0041108, 19.1479763 ] ], [ [ 73.0041108, 19.1479763 ], [ 73.004076, 19.1479928 ], [ 73.0040384, 19.1479966 ], [ 73.0040116, 19.1479953 ], [ 73.0039431, 19.1479716 ], [ 73.0038492, 19.1479539 ] ], [ [ 73.0038492, 19.1479539 ], [ 73.0038185, 19.1479189 ], [ 73.0038138, 19.1478788 ], [ 73.0038359, 19.1478301 ] ], [ [ 73.0038359, 19.1478301 ], [ 73.0037784, 19.1477607 ], [ 73.0037548, 19.1477206 ], [ 73.0037103, 19.1476059 ], [ 73.0036817, 19.147491 ], [ 73.0036669, 19.1474239 ], [ 73.0036616, 19.1473704 ], [ 73.0036677, 19.1473281 ], [ 73.0036691, 19.1472743 ], [ 73.0036841, 19.1472259 ], [ 73.0036392, 19.1470498 ], [ 73.0035921, 19.1469629 ], [ 73.0035661, 19.1468938 ], [ 73.0035652, 19.1468585 ], [ 73.0035615, 19.1468206 ], [ 73.0035723, 19.1467771 ], [ 73.003585, 19.1467445 ], [ 73.0035909, 19.1466852 ], [ 73.0035909, 19.1466852 ], [ 73.0035162, 19.1466603 ], [ 73.0034312, 19.1466536 ] ], [ [ 73.0034312, 19.1466536 ], [ 73.003387, 19.1464694 ], [ 73.003328, 19.1463045 ], [ 73.0032738, 19.1462109 ] ], [ [ 73.0032738, 19.1462109 ], [ 73.003328, 19.1463045 ], [ 73.003387, 19.1464694 ], [ 73.0034312, 19.1466536 ], [ 73.0034312, 19.1466536 ], [ 73.0035162, 19.1466603 ], [ 73.0035909, 19.1466852 ] ], [ [ 73.0035909, 19.1466852 ], [ 73.003822, 19.1467877 ], [ 73.003822, 19.1467877 ], [ 73.0039148, 19.1468046 ], [ 73.0040959, 19.1468143 ], [ 73.0042506, 19.1468124 ], [ 73.004314, 19.1468124 ] ], [ [ 73.004314, 19.1468124 ], [ 73.0042988, 19.1466497 ], [ 73.004261, 19.1463846 ], [ 73.0042162, 19.1462553 ], [ 73.0041124, 19.1461439 ], [ 73.0040676, 19.1460414 ], [ 73.0040157, 19.1458743 ], [ 73.0039119, 19.1457339 ], [ 73.0038341, 19.1455489 ], [ 73.0038341, 19.1453105 ], [ 73.0038034, 19.1451077 ], [ 73.0037161, 19.1448848 ], [ 73.0036666, 19.1446843 ], [ 73.0035793, 19.1445105 ], [ 73.0035657, 19.1444898 ] ], [ [ 73.0035657, 19.1444898 ], [ 73.0037843, 19.1444625 ], [ 73.0039211, 19.1444587 ], [ 73.0040171, 19.1444626 ], [ 73.0041019, 19.1444787 ], [ 73.0041516, 19.1445094 ], [ 73.0041941, 19.1445562 ], [ 73.0042388, 19.1446046 ], [ 73.0042873, 19.1446467 ], [ 73.0043277, 19.1446797 ], [ 73.0043848, 19.1447099 ], [ 73.004442, 19.1447493 ], [ 73.0044639, 19.1447728 ] ], [ [ 73.0044639, 19.1447728 ], [ 73.004442, 19.1447493 ], [ 73.0043848, 19.1447099 ], [ 73.0043277, 19.1446797 ], [ 73.0042873, 19.1446467 ], [ 73.0042388, 19.1446046 ], [ 73.0041941, 19.1445562 ], [ 73.0041516, 19.1445094 ], [ 73.0041019, 19.1444787 ], [ 73.0040171, 19.1444626 ], [ 73.0039211, 19.1444587 ], [ 73.0037843, 19.1444625 ], [ 73.0035657, 19.1444898 ], [ 73.0035657, 19.1444898 ], [ 73.0034944, 19.1443946 ], [ 73.0033835, 19.1442163 ], [ 73.0033811, 19.1441561 ], [ 73.0034071, 19.1440492 ], [ 73.0034355, 19.1439694 ], [ 73.0034355, 19.1439694 ], [ 73.0034409, 19.1438531 ], [ 73.0034637, 19.1436757 ], [ 73.003506, 19.1434858 ], [ 73.003506, 19.1434858 ], [ 73.0035254, 19.1433983 ], [ 73.0035831, 19.1431892 ] ], [ [ 73.0035831, 19.1431892 ], [ 73.0037105, 19.1427319 ], [ 73.0037105, 19.1427319 ], [ 73.0038413, 19.1421149 ] ], [ [ 73.0038413, 19.1421149 ], [ 73.0038567, 19.1420501 ], [ 73.0038567, 19.1420501 ], [ 73.0040026, 19.1415329 ] ], [ [ 73.0040026, 19.1415329 ], [ 73.0038567, 19.1420501 ], [ 73.0038567, 19.1420501 ], [ 73.0035442, 19.141973 ], [ 73.0027821, 19.141813 ] ], [ [ 73.0027821, 19.141813 ], [ 73.0025348, 19.1417586 ] ], [ [ 73.0025348, 19.1417586 ], [ 73.0025838, 19.1412948 ], [ 73.0026018, 19.141093 ], [ 73.0026207, 19.1407965 ], [ 73.0026239, 19.1406706 ] ], [ [ 73.0026239, 19.1406706 ], [ 73.0030557, 19.1407742 ] ], [ [ 73.0030557, 19.1407742 ], [ 73.0026239, 19.1406706 ], [ 73.0026239, 19.1406706 ], [ 73.0026308, 19.1404045 ], [ 73.0026429, 19.1401929 ], [ 73.0026505, 19.140143 ], [ 73.0026769, 19.139971 ], [ 73.0027287, 19.1397522 ], [ 73.0029229, 19.1389129 ], [ 73.0029977, 19.1385643 ], [ 73.0030483, 19.1382941 ] ], [ [ 73.0030483, 19.1382941 ], [ 73.0031739, 19.1383653 ], [ 73.0046096, 19.1385895 ], [ 73.0046096, 19.1385895 ], [ 73.0049868, 19.1386484 ], [ 73.0053901, 19.1387868 ], [ 73.0053901, 19.1387868 ], [ 73.0054246, 19.1387005 ] ], [ [ 73.0054246, 19.1387005 ], [ 73.0053901, 19.1387868 ], [ 73.0053901, 19.1387868 ], [ 73.0060964, 19.139144 ], [ 73.0060964, 19.139144 ], [ 73.0061516, 19.1390634 ] ], [ [ 73.0061516, 19.1390634 ], [ 73.0060964, 19.139144 ] ], [ [ 73.0060964, 19.139144 ], [ 73.0071044, 19.1397252 ] ], [ [ 73.0071044, 19.1397252 ], [ 73.0079302, 19.1402014 ], [ 73.0079302, 19.1402014 ], [ 73.0083661, 19.1404528 ], [ 73.0083661, 19.1404528 ], [ 73.0084252, 19.1404869 ], [ 73.0086739, 19.1406303 ], [ 73.0086739, 19.1406303 ], [ 73.0087653, 19.140683 ], [ 73.0089029, 19.1407623 ], [ 73.0089029, 19.1407623 ], [ 73.0093774, 19.1410359 ], [ 73.0094253, 19.1410635 ], [ 73.0105197, 19.1416946 ], [ 73.0105197, 19.1416946 ], [ 73.0105681, 19.1416167 ] ], [ [ 73.0105681, 19.1416167 ], [ 73.0114113, 19.1402601 ] ], [ [ 73.0114113, 19.1402601 ], [ 73.0105681, 19.1416167 ], [ 73.0105681, 19.1416167 ], [ 73.0105197, 19.1416946 ], [ 73.0105197, 19.1416946 ], [ 73.0106966, 19.1417966 ], [ 73.0106966, 19.1417966 ], [ 73.0118056, 19.1424361 ], [ 73.0118056, 19.1424361 ], [ 73.0118817, 19.14248 ], [ 73.0118817, 19.14248 ], [ 73.0120743, 19.142527 ], [ 73.0120743, 19.142527 ], [ 73.0111793, 19.1439869 ] ], [ [ 73.0111793, 19.1439869 ], [ 73.0118019, 19.1443454 ] ], [ [ 73.0118019, 19.1443454 ], [ 73.01217, 19.1445574 ] ], [ [ 73.01217, 19.1445574 ], [ 73.0124744, 19.1447369 ] ], [ [ 73.0124744, 19.1447369 ], [ 73.0127912, 19.1449237 ] ], [ [ 73.0127912, 19.1449237 ], [ 73.0134439, 19.1453086 ] ], [ [ 73.0134439, 19.1453086 ], [ 73.0129509, 19.1460752 ] ], [ [ 73.0129509, 19.1460752 ], [ 73.0138268, 19.1466038 ] ], [ [ 73.0138268, 19.1466038 ], [ 73.0137499, 19.1467201 ], [ 73.0132851, 19.1474236 ], [ 73.0129792, 19.1479003 ], [ 73.0129367, 19.1479644 ] ], [ [ 73.0129367, 19.1479644 ], [ 73.0120495, 19.1474768 ] ], [ [ 73.0120495, 19.1474768 ], [ 73.0124814, 19.1468052 ] ], [ [ 73.0124814, 19.1468052 ], [ 73.0114623, 19.1462099 ] ], [ [ 73.0114623, 19.1462099 ], [ 73.0108328, 19.1458594 ] ], [ [ 73.0108328, 19.1458594 ], [ 73.0104148, 19.1465124 ], [ 73.0104148, 19.1465124 ], [ 73.0110687, 19.1468906 ] ], [ [ 73.0110687, 19.1468906 ], [ 73.0104148, 19.1465124 ] ], [ [ 73.0104148, 19.1465124 ], [ 73.0097439, 19.1461369 ] ], [ [ 73.0097439, 19.1461369 ], [ 73.009495, 19.1465184 ] ], [ [ 73.009495, 19.1465184 ], [ 73.0098988, 19.1473066 ] ], [ [ 73.0098988, 19.1473066 ], [ 73.0099681, 19.1474511 ], [ 73.0100674, 19.1476336 ], [ 73.0102889, 19.1480241 ] ], [ [ 73.0102889, 19.1480241 ], [ 73.0097822, 19.1487607 ] ], [ [ 73.0097822, 19.1487607 ], [ 73.0092006, 19.1484222 ] ], [ [ 73.0092006, 19.1484222 ], [ 73.0097822, 19.1487607 ] ], [ [ 73.0097822, 19.1487607 ], [ 73.0108685, 19.1493928 ] ], [ [ 73.0108685, 19.1493928 ], [ 73.0112033, 19.1488496 ] ], [ [ 73.0112033, 19.1488496 ], [ 73.0108685, 19.1493928 ] ], [ [ 73.0108685, 19.1493928 ], [ 73.0116886, 19.1498904 ] ], [ [ 73.0116886, 19.1498904 ], [ 73.0112314, 19.1505779 ] ], [ [ 73.0112314, 19.1505779 ], [ 73.0110205, 19.1509043 ], [ 73.010551, 19.1516746 ] ], [ [ 73.010551, 19.1516746 ], [ 73.0103624, 19.1519841 ], [ 73.0103141, 19.1520291 ], [ 73.0102712, 19.1520595 ], [ 73.0102269, 19.1520722 ], [ 73.0101827, 19.1520639 ], [ 73.0096167, 19.1517181 ], [ 73.0095329, 19.1516642 ], [ 73.0095054, 19.1516338 ], [ 73.00949, 19.1515984 ], [ 73.0094887, 19.151568 ], [ 73.0094947, 19.1515357 ], [ 73.0095215, 19.1514698 ], [ 73.0102711, 19.1503548 ] ], [ [ 73.0102711, 19.1503548 ], [ 73.0088723, 19.1495623 ], [ 73.0080637, 19.1491184 ], [ 73.0079967, 19.1490614 ], [ 73.0079752, 19.1490171 ], [ 73.0079859, 19.1489575 ], [ 73.0079859, 19.1489575 ], [ 73.0078674, 19.1488936 ], [ 73.0078674, 19.1488936 ], [ 73.007583, 19.149192 ], [ 73.0072398, 19.1493938 ], [ 73.0071259, 19.1494871 ] ], [ [ 73.0071259, 19.1494871 ], [ 73.0073598, 19.1498761 ] ], [ [ 73.0073598, 19.1498761 ], [ 73.007184, 19.1499844 ], [ 73.0071424, 19.1500084 ] ], [ [ 73.0071424, 19.1500084 ], [ 73.0072476, 19.1501916 ], [ 73.0074423, 19.150617 ] ], [ [ 73.0074423, 19.150617 ], [ 73.0072476, 19.1501916 ], [ 73.0071424, 19.1500084 ], [ 73.0071424, 19.1500084 ], [ 73.0070351, 19.1500787 ], [ 73.0070351, 19.1500787 ], [ 73.0072234, 19.1504386 ], [ 73.0073122, 19.1506242 ] ], [ [ 73.0073122, 19.1506242 ], [ 73.0072234, 19.1504386 ], [ 73.0070351, 19.1500787 ], [ 73.0070351, 19.1500787 ], [ 73.0067665, 19.149667 ], [ 73.0067665, 19.149667 ], [ 73.0065452, 19.1497561 ], [ 73.0064886, 19.1497779 ], [ 73.0064886, 19.1497779 ], [ 73.0064289, 19.1496442 ], [ 73.0063467, 19.1494865 ], [ 73.0062291, 19.1493528 ], [ 73.0061649, 19.1493068 ] ], [ [ 73.0061649, 19.1493068 ], [ 73.0062291, 19.1493528 ], [ 73.0063467, 19.1494865 ], [ 73.0064289, 19.1496442 ], [ 73.0064886, 19.1497779 ], [ 73.0064886, 19.1497779 ], [ 73.0065452, 19.1497561 ], [ 73.0067665, 19.149667 ], [ 73.0067665, 19.149667 ], [ 73.0068838, 19.1496047 ] ], [ [ 73.0068838, 19.1496047 ], [ 73.0071259, 19.1494871 ] ], [ [ 73.0071259, 19.1494871 ], [ 73.0072398, 19.1493938 ], [ 73.007583, 19.149192 ], [ 73.0078674, 19.1488936 ] ], [ [ 73.0078674, 19.1488936 ], [ 73.0079859, 19.1489575 ] ], [ [ 73.0079859, 19.1489575 ], [ 73.0081363, 19.1486843 ], [ 73.0085184, 19.1480337 ] ], [ [ 73.0085184, 19.1480337 ], [ 73.0083465, 19.1479243 ], [ 73.0081625, 19.1477776 ] ], [ [ 73.0081625, 19.1477776 ], [ 73.0080406, 19.1476804 ], [ 73.007933, 19.1475424 ], [ 73.0077861, 19.1472436 ], [ 73.0077043, 19.1470879 ], [ 73.0077043, 19.1470879 ], [ 73.0076765, 19.1470271 ], [ 73.0076765, 19.1470271 ], [ 73.0073242, 19.1471728 ], [ 73.0073242, 19.1471728 ], [ 73.0069073, 19.1462264 ], [ 73.0069073, 19.1462264 ], [ 73.0065473, 19.1454263 ] ], [ [ 73.0065473, 19.1454263 ], [ 73.0064952, 19.1454502 ], [ 73.0064952, 19.1454502 ], [ 73.0066242, 19.1457381 ], [ 73.0068491, 19.1462534 ] ], [ [ 73.0068491, 19.1462534 ], [ 73.0069073, 19.1462264 ], [ 73.0069073, 19.1462264 ], [ 73.0078921, 19.1457966 ] ], [ [ 73.0078921, 19.1457966 ], [ 73.0082244, 19.1456161 ], [ 73.0084537, 19.1453397 ] ], [ [ 73.0084537, 19.1453397 ], [ 73.0080224, 19.1450954 ], [ 73.0077957, 19.144956 ], [ 73.0075457, 19.1447926 ] ] ] } },
{ "type": "Feature", "properties": { "point_ids": [ 5854, 1144, 4477, 5774, 6565, 7934, 8526, 5816, 364, 9074, 3479, 3091, 5925, 5007, 8503, 5215, 9168, 8836, 1619, 277, 2591, 2167, 8416, 7482, 4944, 4704, 4154, 3185, 377, 5182, 8943, 5393, 2882, 2073, 2136, 2822, 5584, 9175, 2956, 3512, 3882, 1850, 9051, 8977, 5630, 72, 8576, 7479, 259, 8722, 1136, 9267, 6280, 8575, 4563, 2101, 9446, 8400, 7006, 6730, 6638, 3204, 1828, 7699, 7695, 3459, 9558, 5639, 5350, 5380, 3668, 3816, 7538, 5194, 1773, 8083, 7289, 4904, 4540, 2252, 709, 8570, 23, 3279, 2742, 3107, 7189, 1069, 8466, 1572, 906, 1549, 9465, 3949, 5935, 7235, 6160, 3835, 6199, 57, 8147, 3865, 2971, 1332, 161, 9653 ], "length_m": 15188.08263972223, "travel_time_min": 24.071381692076208, "n_points": 106, "route_id": 21, "cluster_id": 14 }, "geometry": { "type": "MultiLineString", "coordinates": [ [ [ 73.0075457, 19.1447926 ], [ 73.0075937, 19.144752 ], [ 73.0076386, 19.1447045 ], [ 73.0078733, 19.14437 ], [ 73.0080423, 19.1441344 ], [ 73.0083105, 19.143734 ], [ 73.0084851, 19.1434788 ], [ 73.0087932, 19.1429896 ] ], [ [ 73.0087932, 19.1429896 ], [ 73.0084851, 19.1434788 ], [ 73.0083105, 19.143734 ], [ 73.0080423, 19.1441344 ], [ 73.0078733, 19.14437 ], [ 73.0076386, 19.1447045 ], [ 73.0075937, 19.144752 ], [ 73.0075457, 19.1447926 ] ], [ [ 73.0075457, 19.1447926 ], [ 73.0074387, 19.1448362 ] ], [ [ 73.0074387, 19.1448362 ], [ 73.00707, 19.1440475 ], [ 73.0069284, 19.1437645 ] ], [ [ 73.0069284, 19.1437645 ], [ 73.0068606, 19.143629 ], [ 73.0068606, 19.143629 ], [ 73.0067553, 19.1433301 ], [ 73.0067553, 19.1433301 ], [ 73.0067307, 19.1432957 ], [ 73.0066945, 19.1432627 ], [ 73.0065832, 19.1431985 ] ], [ [ 73.0065832, 19.1431985 ], [ 73.0061084, 19.1429248 ], [ 73.0061084, 19.1429248 ], [ 73.0063279, 19.1426202 ] ], [ [ 73.0063279, 19.1426202 ], [ 73.0054868, 19.1421313 ], [ 73.0054298, 19.1421199 ], [ 73.0053822, 19.1421269 ], [ 73.0053279, 19.1421643 ], [ 73.0050787, 19.1424799 ] ], [ [ 73.0050787, 19.1424799 ], [ 73.0049135, 19.1423505 ], [ 73.0047914, 19.1422872 ], [ 73.0045661, 19.1422268 ], [ 73.0045661, 19.1422268 ], [ 73.0048899, 19.1413922 ] ], [ [ 73.0048899, 19.1413922 ], [ 73.0045661, 19.1422268 ], [ 73.0045661, 19.1422268 ], [ 73.0038567, 19.1420501 ], [ 73.0038567, 19.1420501 ], [ 73.0035442, 19.141973 ], [ 73.0027821, 19.141813 ], [ 73.0027821, 19.141813 ], [ 73.0025348, 19.1417586 ], [ 73.0025348, 19.1417586 ], [ 73.002417, 19.1417435 ], [ 73.002417, 19.1417435 ], [ 73.0024095, 19.1418144 ], [ 73.0024095, 19.1418144 ], [ 73.00236, 19.1422373 ], [ 73.0023408, 19.1423522 ], [ 73.0022862, 19.1426083 ], [ 73.0021972, 19.1428903 ], [ 73.0021279, 19.1431433 ] ], [ [ 73.0021279, 19.1431433 ], [ 73.0019725, 19.1431051 ], [ 73.0020346, 19.142882 ], [ 73.0015017, 19.1427272 ], [ 73.0015017, 19.1427272 ], [ 73.0015353, 19.1426651 ], [ 73.0015353, 19.1426651 ], [ 73.0016943, 19.1423707 ], [ 73.0019947, 19.1419712 ], [ 73.0020763, 19.1417983 ] ], [ [ 73.0020763, 19.1417983 ], [ 73.0020929, 19.141704 ], [ 73.0020902, 19.1413485 ] ], [ [ 73.0020902, 19.1413485 ], [ 73.0015036, 19.1412739 ], [ 73.0014453, 19.1412408 ], [ 73.0014289, 19.1410354 ], [ 73.0014063, 19.140977 ], [ 73.0012887, 19.1409556 ], [ 73.0012614, 19.1409276 ], [ 73.0012559, 19.1408053 ] ], [ [ 73.0012559, 19.1408053 ], [ 73.0012614, 19.1409276 ], [ 73.0012887, 19.1409556 ], [ 73.0014063, 19.140977 ], [ 73.0014289, 19.1410354 ], [ 73.0014453, 19.1412408 ], [ 73.0015036, 19.1412739 ], [ 73.0020902, 19.1413485 ], [ 73.0020902, 19.1413485 ], [ 73.0020851, 19.140674 ], [ 73.0020921, 19.140265 ], [ 73.0020592, 19.139935 ], [ 73.0020294, 19.1398337 ] ], [ [ 73.0020294, 19.1398337 ], [ 73.001664, 19.1398565 ], [ 73.0015969, 19.1398704 ], [ 73.001544, 19.1398958 ], [ 73.0014876, 19.1399294 ], [ 73.001434, 19.1399452 ], [ 73.0013837, 19.1399496 ], [ 73.0012912, 19.1399433 ], [ 73.0012248, 19.1399319 ], [ 73.0010533, 19.1398822 ] ], [ [ 73.0010533, 19.1398822 ], [ 73.0011488, 19.1396469 ] ], [ [ 73.0011488, 19.1396469 ], [ 73.0011895, 19.1393859 ] ], [ [ 73.0011895, 19.1393859 ], [ 73.0012119, 19.1392425 ] ], [ [ 73.0012119, 19.1392425 ], [ 73.0013447, 19.1392731 ], [ 73.0016315, 19.1393361 ], [ 73.0018263, 19.1392804 ] ], [ [ 73.0018263, 19.1392804 ], [ 73.0017769, 19.1390804 ], [ 73.001683, 19.1388041 ], [ 73.0016051, 19.1385076 ] ], [ [ 73.0016051, 19.1385076 ], [ 73.0015234, 19.1385275 ], [ 73.0014727, 19.1385488 ], [ 73.0014149, 19.1385828 ], [ 73.0014149, 19.1385828 ], [ 73.0012545, 19.138579 ], [ 73.0010243, 19.1385916 ], [ 73.0008408, 19.1386357 ], [ 73.0007657, 19.1386408 ] ], [ [ 73.0007657, 19.1386408 ], [ 73.0004672, 19.1386609 ], [ 73.0002504, 19.1386388 ], [ 73.000064, 19.1386199 ], [ 73.000064, 19.1386199 ], [ 73.0001728, 19.1385085 ], [ 73.0001728, 19.1385085 ], [ 73.000443, 19.1383242 ], [ 73.0005603, 19.1382068 ], [ 73.0006158, 19.1380772 ], [ 73.0006865, 19.1378956 ], [ 73.0006865, 19.1378956 ], [ 73.0007148, 19.1378228 ], [ 73.0008045, 19.1376527 ], [ 73.0008917, 19.1375415 ], [ 73.0009218, 19.1375193 ] ], [ [ 73.0009218, 19.1375193 ], [ 73.0011023, 19.1378227 ], [ 73.001245, 19.1379987 ] ], [ [ 73.001245, 19.1379987 ], [ 73.0014456, 19.1380032 ] ], [ [ 73.0014456, 19.1380032 ], [ 73.0015194, 19.1380694 ], [ 73.0015194, 19.1380694 ], [ 73.0015439, 19.1378756 ], [ 73.0014823, 19.1373372 ], [ 73.0014813, 19.1371878 ], [ 73.0014783, 19.1371192 ], [ 73.0014753, 19.1370505 ], [ 73.0016754, 19.1362184 ], [ 73.0017427, 19.1359865 ], [ 73.0017651, 19.1358585 ], [ 73.0017717, 19.1358007 ], [ 73.0017683, 19.1356391 ], [ 73.0017307, 19.1354468 ], [ 73.0016762, 19.1352926 ], [ 73.0010736, 19.1338171 ], [ 73.0010736, 19.1338171 ], [ 73.000979, 19.1334776 ], [ 73.000979, 19.1334776 ], [ 73.0012299, 19.1336398 ], [ 73.0014564, 19.1338671 ], [ 73.0014564, 19.1338671 ], [ 73.0016262, 19.1339785 ], [ 73.0017866, 19.1340499 ], [ 73.0017866, 19.1340499 ], [ 73.0018591, 19.1341039 ], [ 73.0018591, 19.1341039 ], [ 73.0019142, 19.1344733 ], [ 73.0018668, 19.1346471 ], [ 73.001881, 19.1347229 ], [ 73.0019801, 19.1347764 ], [ 73.0022207, 19.1347897 ] ], [ [ 73.0022207, 19.1347897 ], [ 73.0019801, 19.1347764 ], [ 73.001881, 19.1347229 ], [ 73.0018668, 19.1346471 ], [ 73.0019142, 19.1344733 ], [ 73.0018591, 19.1341039 ], [ 73.0018591, 19.1341039 ], [ 73.0017866, 19.1340499 ], [ 73.0017866, 19.1340499 ], [ 73.0016262, 19.1339785 ], [ 73.0014564, 19.1338671 ], [ 73.0014564, 19.1338671 ], [ 73.0015331, 19.1338233 ], [ 73.0015331, 19.1338233 ], [ 73.0015789, 19.1337971 ], [ 73.0016123, 19.1337341 ], [ 73.0016223, 19.1336837 ], [ 73.0017025, 19.1334669 ], [ 73.0017791, 19.1332614 ], [ 73.0018058, 19.1332204 ], [ 73.0018558, 19.1330754 ], [ 73.0018558, 19.1330754 ], [ 73.0019426, 19.1330029 ], [ 73.0020017, 19.1329798 ], [ 73.0020017, 19.1329798 ], [ 73.001991, 19.1328767 ], [ 73.0019887, 19.1327541 ], [ 73.0020075, 19.1326628 ], [ 73.0020123, 19.132587 ], [ 73.0020382, 19.1324934 ], [ 73.0020524, 19.1323686 ], [ 73.0020524, 19.1322794 ], [ 73.0020358, 19.1321858 ], [ 73.0020759, 19.1321257 ], [ 73.002142, 19.1320855 ], [ 73.0022269, 19.1320209 ], [ 73.0023732, 19.1319006 ], [ 73.0024744, 19.1318327 ], [ 73.0024744, 19.1318327 ], [ 73.0024861, 19.1316888 ], [ 73.0025089, 19.1315836 ], [ 73.0025075, 19.1315592 ], [ 73.0025075, 19.1315592 ], [ 73.0030672, 19.1314514 ], [ 73.0034041, 19.1313494 ], [ 73.0034041, 19.1313494 ], [ 73.0034208, 19.1315292 ], [ 73.0035044, 19.1321171 ], [ 73.0035699, 19.1327206 ], [ 73.0036454, 19.1333404 ], [ 73.0037531, 19.133861 ], [ 73.0038697, 19.1343693 ], [ 73.003929, 19.1346658 ], [ 73.0040035, 19.1349172 ] ], [ [ 73.0040035, 19.1349172 ], [ 73.004019, 19.1352067 ], [ 73.0040142, 19.1353272 ], [ 73.0039809, 19.1355042 ], [ 73.00393, 19.1356626 ], [ 73.0038777, 19.1358148 ], [ 73.0037766, 19.1360241 ], [ 73.0036145, 19.1363053 ], [ 73.0034926, 19.1365163 ], [ 73.0033427, 19.1367846 ], [ 73.0032196, 19.1370282 ], [ 73.003149, 19.1372216 ], [ 73.0030938, 19.1373997 ], [ 73.0030377, 19.1375984 ] ], [ [ 73.0030377, 19.1375984 ], [ 73.0029507, 19.1381566 ], [ 73.0028808, 19.1385437 ], [ 73.0028066, 19.1388897 ], [ 73.0026126, 19.1397281 ], [ 73.00256, 19.1399507 ], [ 73.0025245, 19.1401818 ], [ 73.0025121, 19.1404001 ], [ 73.0025019, 19.1407917 ], [ 73.0024832, 19.1410849 ], [ 73.0024654, 19.1412845 ], [ 73.002417, 19.1417435 ], [ 73.002417, 19.1417435 ], [ 73.0024095, 19.1418144 ], [ 73.0024095, 19.1418144 ], [ 73.0025275, 19.1418281 ], [ 73.0025275, 19.1418281 ], [ 73.0027305, 19.1418629 ], [ 73.0027663, 19.1418671 ], [ 73.0027663, 19.1418671 ], [ 73.0035918, 19.1420471 ], [ 73.0038413, 19.1421149 ], [ 73.0038413, 19.1421149 ], [ 73.0045433, 19.1422884 ], [ 73.0045433, 19.1422884 ], [ 73.0047318, 19.1423448 ], [ 73.0048659, 19.1423942 ], [ 73.0049826, 19.1424764 ], [ 73.0050373, 19.1425378 ], [ 73.0050373, 19.1425378 ], [ 73.0051381, 19.1426514 ], [ 73.0053017, 19.142894 ], [ 73.0053017, 19.142894 ], [ 73.0054164, 19.1431291 ], [ 73.0056364, 19.1436136 ], [ 73.0056364, 19.1436136 ], [ 73.0058738, 19.1440933 ] ], [ [ 73.0058738, 19.1440933 ], [ 73.005925, 19.1440681 ] ], [ [ 73.005925, 19.1440681 ], [ 73.0056772, 19.143555 ], [ 73.0056772, 19.143555 ], [ 73.0061084, 19.1429248 ] ], [ [ 73.0061084, 19.1429248 ], [ 73.0065832, 19.1431985 ], [ 73.0065832, 19.1431985 ], [ 73.0068487, 19.1427129 ] ], [ [ 73.0068487, 19.1427129 ], [ 73.0065832, 19.1431985 ] ], [ [ 73.0065832, 19.1431985 ], [ 73.0066945, 19.1432627 ], [ 73.0067307, 19.1432957 ], [ 73.0067553, 19.1433301 ], [ 73.0067553, 19.1433301 ], [ 73.0068836, 19.1432653 ], [ 73.0069895, 19.1432057 ], [ 73.0070579, 19.1431424 ], [ 73.0071411, 19.1430144 ], [ 73.0072269, 19.1428788 ], [ 73.0072269, 19.1428788 ], [ 73.0076317, 19.1431317 ], [ 73.0076317, 19.1431317 ], [ 73.0078523, 19.1427691 ] ], [ [ 73.0078523, 19.1427691 ], [ 73.0076317, 19.1431317 ] ], [ [ 73.0076317, 19.1431317 ], [ 73.0072269, 19.1428788 ], [ 73.0072269, 19.1428788 ], [ 73.0070525, 19.1427534 ], [ 73.0070277, 19.1427306 ], [ 73.007015, 19.1426926 ], [ 73.0070183, 19.1426552 ], [ 73.0070271, 19.1426102 ], [ 73.0073842, 19.1420325 ], [ 73.0075001, 19.1418576 ] ], [ [ 73.0075001, 19.1418576 ], [ 73.008324, 19.1423201 ], [ 73.0089772, 19.1426976 ], [ 73.0098458, 19.1431995 ] ], [ [ 73.0098458, 19.1431995 ], [ 73.010923, 19.1438227 ] ], [ [ 73.010923, 19.1438227 ], [ 73.0104858, 19.1444536 ], [ 73.0099579, 19.1452892 ], [ 73.0095229, 19.1459778 ], [ 73.0093985, 19.1461513 ] ], [ [ 73.0093985, 19.1461513 ], [ 73.0093539, 19.1462134 ], [ 73.009197, 19.146354 ], [ 73.0088286, 19.1465171 ], [ 73.0088286, 19.1465171 ], [ 73.008763, 19.1463721 ] ], [ [ 73.008763, 19.1463721 ], [ 73.0088286, 19.1465171 ] ], [ [ 73.0088286, 19.1465171 ], [ 73.0076765, 19.1470271 ], [ 73.0076765, 19.1470271 ], [ 73.0073242, 19.1471728 ] ], [ [ 73.0073242, 19.1471728 ], [ 73.0072638, 19.1471978 ] ], [ [ 73.0072638, 19.1471978 ], [ 73.0062499, 19.147645 ], [ 73.0059897, 19.1477533 ], [ 73.0057564, 19.1478648 ], [ 73.0055016, 19.1480276 ], [ 73.0053587, 19.1481391 ], [ 73.005122, 19.1483767 ], [ 73.0049839, 19.1485369 ], [ 73.0049839, 19.1485369 ], [ 73.0048453, 19.1484428 ] ], [ [ 73.0048453, 19.1484428 ], [ 73.0049839, 19.1485369 ], [ 73.0049839, 19.1485369 ], [ 73.0048967, 19.1486592 ], [ 73.004713, 19.1489499 ], [ 73.004595, 19.1491792 ], [ 73.0045111, 19.1493908 ], [ 73.00442, 19.1497075 ], [ 73.0043797, 19.150023 ], [ 73.0043703, 19.1502916 ], [ 73.0043767, 19.1505223 ], [ 73.0043767, 19.1505223 ], [ 73.0045608, 19.1514039 ], [ 73.0049685, 19.153175 ], [ 73.0051012, 19.1539478 ], [ 73.0054191, 19.155506 ], [ 73.005519, 19.1561986 ], [ 73.005519, 19.1561986 ], [ 73.0055221, 19.1562204 ], [ 73.005542, 19.1566928 ], [ 73.0054738, 19.1574539 ], [ 73.0053971, 19.1582683 ], [ 73.0053594, 19.1586693 ], [ 73.0052613, 19.1597655 ], [ 73.0051306, 19.1609124 ], [ 73.0049741, 19.1624387 ], [ 73.0048924, 19.163118 ], [ 73.004792, 19.1635878 ], [ 73.0046005, 19.1642973 ], [ 73.0046005, 19.1642973 ], [ 73.0046897, 19.1642963 ], [ 73.0046897, 19.1642963 ], [ 73.0047314, 19.164124 ], [ 73.0048933, 19.1635058 ], [ 73.0049876, 19.1629374 ], [ 73.0053035, 19.1601474 ], [ 73.0054639, 19.1585641 ], [ 73.0055524, 19.1575701 ], [ 73.0056378, 19.1567016 ], [ 73.0056233, 19.1562386 ], [ 73.0055921, 19.1559165 ], [ 73.0052662, 19.1543506 ], [ 73.0050623, 19.1532269 ], [ 73.0047908, 19.1520487 ], [ 73.0045681, 19.1510923 ], [ 73.0045681, 19.1510923 ], [ 73.0047672, 19.1509401 ], [ 73.0048691, 19.150707 ], [ 73.0049228, 19.150707 ], [ 73.0051803, 19.1509908 ], [ 73.0053305, 19.1512949 ] ], [ [ 73.0053305, 19.1512949 ], [ 73.0051803, 19.1509908 ], [ 73.0049228, 19.150707 ], [ 73.0048691, 19.150707 ], [ 73.0047672, 19.1509401 ], [ 73.0045681, 19.1510923 ] ], [ [ 73.0045681, 19.1510923 ], [ 73.0045125, 19.1508655 ], [ 73.0044478, 19.1505214 ], [ 73.0044478, 19.1505214 ], [ 73.004436, 19.1502925 ], [ 73.0044367, 19.1501326 ], [ 73.0044508, 19.1499654 ], [ 73.004479, 19.1497436 ], [ 73.0045091, 19.149617 ], [ 73.0045366, 19.1495017 ], [ 73.0045762, 19.1493686 ], [ 73.0046439, 19.1491995 ], [ 73.0047237, 19.1490386 ], [ 73.0047961, 19.1488974 ], [ 73.0048841, 19.1487619 ], [ 73.0048841, 19.1487619 ], [ 73.0050986, 19.1489449 ], [ 73.005411, 19.149178 ], [ 73.0056041, 19.1493224 ], [ 73.0058429, 19.1495162 ] ], [ [ 73.0058429, 19.1495162 ], [ 73.0056041, 19.1493224 ], [ 73.005411, 19.149178 ], [ 73.0050986, 19.1489449 ], [ 73.0048841, 19.1487619 ], [ 73.0048841, 19.1487619 ], [ 73.0049282, 19.148694 ], [ 73.0050257, 19.1485622 ] ], [ [ 73.0050257, 19.1485622 ], [ 73.0051958, 19.148364 ], [ 73.0053125, 19.1482487 ], [ 73.0054902, 19.1480954 ], [ 73.0056337, 19.1479909 ], [ 73.0057678, 19.1479079 ], [ 73.00593, 19.1478294 ], [ 73.006162, 19.1477274 ], [ 73.0068031, 19.1474613 ], [ 73.0072916, 19.1472608 ] ], [ [ 73.0072916, 19.1472608 ], [ 73.0073499, 19.1472364 ], [ 73.0073499, 19.1472364 ], [ 73.0077043, 19.1470879 ] ], [ [ 73.0077043, 19.1470879 ], [ 73.008749, 19.1466416 ], [ 73.009205, 19.1464237 ], [ 73.0093378, 19.1463224 ], [ 73.0094531, 19.1462083 ], [ 73.0096476, 19.1459157 ], [ 73.0100459, 19.1452746 ], [ 73.0106494, 19.1443409 ], [ 73.0111335, 19.1436365 ], [ 73.0118817, 19.14248 ] ], [ [ 73.0118817, 19.14248 ], [ 73.0119306, 19.1424044 ], [ 73.0119306, 19.1424044 ], [ 73.0125511, 19.1414453 ], [ 73.013283, 19.1403194 ], [ 73.0133156, 19.1402692 ], [ 73.0134764, 19.1400219 ], [ 73.0146714, 19.1381733 ], [ 73.0149932, 19.1376843 ], [ 73.0152018, 19.1373522 ], [ 73.0152018, 19.1373522 ], [ 73.0151213, 19.1373105 ], [ 73.0151213, 19.1373105 ], [ 73.0148846, 19.1371547 ], [ 73.0147123, 19.137054 ], [ 73.0147123, 19.137054 ], [ 73.0144266, 19.1368753 ], [ 73.0144266, 19.1368753 ], [ 73.0143227, 19.1368145 ], [ 73.0143227, 19.1368145 ], [ 73.0141177, 19.1371021 ], [ 73.0139054, 19.1374007 ], [ 73.0138299, 19.1374319 ], [ 73.0137072, 19.1373606 ], [ 73.0130986, 19.1370041 ] ], [ [ 73.0130986, 19.1370041 ], [ 73.0137072, 19.1373606 ], [ 73.0138299, 19.1374319 ], [ 73.0139054, 19.1374007 ], [ 73.0141177, 19.1371021 ], [ 73.0143227, 19.1368145 ], [ 73.0143227, 19.1368145 ], [ 73.0144266, 19.1368753 ], [ 73.0144266, 19.1368753 ], [ 73.0147123, 19.137054 ], [ 73.0147123, 19.137054 ], [ 73.0148846, 19.1371547 ], [ 73.0151213, 19.1373105 ], [ 73.0151213, 19.1373105 ], [ 73.0139847, 19.1390767 ], [ 73.0139847, 19.1390767 ], [ 73.013249, 19.1402109 ], [ 73.0132164, 19.1402611 ], [ 73.0118547, 19.1423605 ] ] ] } },
{ "type": "Feature", "properties": { "point_ids": [ 15, 4631, 585, 419, 5433, 4844, 1091, 4338, 7224, 7227, 8865, 2677, 6990, 7523, 1122, 8100, 7745, 5242, 1275, 3731, 144, 2700, 6180, 4536, 8464, 7033, 9111, 6696, 2911, 2743, 3874, 1093, 3245, 2806, 217, 9084, 7216, 3986, 8987, 6555, 5411, 3774, 7018, 2662, 2259, 853, 8667, 8474, 7712, 5638, 2216, 1019, 9718, 9326, 8811, 7507, 6127, 5009, 3691, 3303, 8855, 8253, 4804, 4475, 3612, 5474, 2790, 966, 232, 9665, 5687, 4970, 1390, 995, 2464, 3784, 3696, 9570, 3247, 913, 5331, 3569, 2199, 8827, 8742, 1748, 3490, 9374, 2475, 9139, 3393, 331, 3280, 4303, 9294, 7493, 4125, 1064, 7291, 2142, 5460, 8529, 1336, 2555, 309, 9978, 8941, 7069, 4756, 6525, 5260, 7942, 5694, 7566, 6428, 5663, 2164, 1129, 667, 7744, 4333, 6123, 2458, 4491, 3212, 6559, 2281, 8950, 5773, 2759, 9997, 8198, 3916, 338, 180, 1967, 3110, 5047, 8969, 2660, 7378, 2513, 1690, 940, 7138, 3974, 1937, 6302, 5641, 9093, 7325, 6904, 6254, 9600, 2580, 1497, 6520, 5917, 7121, 538, 3381, 9792, 4451, 252, 6646, 5743, 5139, 1729, 8956, 5722, 5343, 5756, 1316, 7150, 200, 7221, 8790, 9688, 7657, 7246, 6991, 3115, 1640, 1132, 2006, 1823, 3310, 1123, 164, 4378, 8320, 184, 6552, 1710, 6501, 2838, 8319, 6313, 1012, 1962, 7054, 2637, 1545, 8181, 9858, 7852, 64, 2414, 4406, 5470, 1414, 3074, 2012, 8535, 3506, 2131, 9181, 6307, 1266, 4402, 5406, 3227, 6245, 7436, 1598, 9825, 7864, 8113, 8509, 8048, 2933, 3403, 871, 6594, 8178, 1028, 8782, 2870, 9003, 6228, 5185, 5621, 1262, 8964, 8611, 8237, 5674, 2780, 2469, 8663, 8420, 3981, 6159, 9555, 7796, 2690, 988, 798, 1846, 6437, 4837, 9036, 8223, 5856, 3093, 1237, 3014, 8157, 7165, 7795, 76, 7376, 2931, 2572, 6932, 3080, 582, 5815, 4375, 2885, 2303, 5324, 4267, 9677, 8953, 8433, 7474, 7437, 4376, 3798, 2570, 7514, 4293, 2510, 1500, 6011, 8094, 9231, 6094, 1991, 1722, 4761, 4759, 6723, 6792, 2503, 3249, 9537, 8777, 5709, 479, 8494, 5162, 9265, 3655, 2659, 546, 478, 9608, 7430, 7245, 6463, 5221, 9364, 8044, 1200, 952, 1040, 1320, 1984, 3336, 8577, 8727, 908, 1889, 3334, 4126, 4141, 9164, 7039, 5871, 5297, 722, 6204, 3516, 3409, 3318, 345, 9397, 1261, 6422, 9107, 8799, 7124, 9848, 9706, 7835, 6429, 6319, 4884, 3065, 2389, 3773, 3733, 7278, 201, 4308, 6929, 9412, 8407, 7889, 6047, 2957, 1565, 6181, 8851, 8244, 4750, 3426, 7020, 6710, 2169, 2018, 6414, 6250, 5029, 1429, 3852, 8402, 3105, 4372, 3905, 818, 2607, 5111, 5626, 5373, 4153, 5897, 9211, 9144, 2178, 1853, 8132, 4897, 7839, 8260, 1302, 6761, 3042, 2355, 1435, 311, 5934, 9047, 5745, 153, 8702 ], "length_m": 19915.293341754339, "travel_time_min": 42.827553125398502, "n_points": 418, "route_id": 22, "cluster_id": 4 }, "geometry": { "type": "MultiLineString", "coordinates": [ [ [ 73.0080401, 19.1073518 ], [ 73.007428, 19.1071845 ] ], [ [ 73.007428, 19.1071845 ], [ 73.0072697, 19.1076741 ], [ 73.0072697, 19.1076741 ], [ 73.0068985, 19.1075624 ], [ 73.0068734, 19.1075693 ], [ 73.0068588, 19.1075963 ], [ 73.0067146, 19.1080772 ] ], [ [ 73.0067146, 19.1080772 ], [ 73.0068588, 19.1075963 ], [ 73.0068734, 19.1075693 ], [ 73.0068985, 19.1075624 ], [ 73.0072697, 19.1076741 ] ], [ [ 73.0072697, 19.1076741 ], [ 73.0070927, 19.1082796 ], [ 73.0070927, 19.1082796 ], [ 73.0069806, 19.1086457 ] ], [ [ 73.0069806, 19.1086457 ], [ 73.0073178, 19.1087193 ], [ 73.0073178, 19.1087193 ], [ 73.0072637, 19.1090022 ] ], [ [ 73.0072637, 19.1090022 ], [ 73.0073178, 19.1087193 ] ], [ [ 73.0073178, 19.1087193 ], [ 73.0075897, 19.1088231 ] ], [ [ 73.0075897, 19.1088231 ], [ 73.0077044, 19.1084484 ] ], [ [ 73.0077044, 19.1084484 ], [ 73.0081565, 19.1085731 ] ], [ [ 73.0081565, 19.1085731 ], [ 73.0082599, 19.1082398 ] ], [ [ 73.0082599, 19.1082398 ], [ 73.0088605, 19.1083806 ] ], [ [ 73.0088605, 19.1083806 ], [ 73.0083449, 19.1093881 ] ], [ [ 73.0083449, 19.1093881 ], [ 73.0079391, 19.1092739 ] ], [ [ 73.0079391, 19.1092739 ], [ 73.0083449, 19.1093881 ], [ 73.0083449, 19.1093881 ], [ 73.0084382, 19.1094144 ], [ 73.0086409, 19.1094715 ], [ 73.0087096, 19.1094908 ], [ 73.0087096, 19.1094908 ], [ 73.009007, 19.1095704 ] ], [ [ 73.009007, 19.1095704 ], [ 73.0090561, 19.1095991 ], [ 73.009091, 19.109646 ], [ 73.0091299, 19.1097259 ], [ 73.0091286, 19.1097905 ], [ 73.0088117, 19.1107869 ] ], [ [ 73.0088117, 19.1107869 ], [ 73.0083384, 19.1106531 ] ], [ [ 73.0083384, 19.1106531 ], [ 73.0080248, 19.1116164 ], [ 73.0079819, 19.1117483 ], [ 73.0079806, 19.1117952 ] ], [ [ 73.0079806, 19.1117952 ], [ 73.0078684, 19.1121045 ] ], [ [ 73.0078684, 19.1121045 ], [ 73.0071262, 19.1119075 ], [ 73.0071262, 19.1119075 ], [ 73.0071391, 19.1118601 ], [ 73.007161, 19.1117824 ], [ 73.0073403, 19.1111779 ] ], [ [ 73.0073403, 19.1111779 ], [ 73.007161, 19.1117824 ], [ 73.0071391, 19.1118601 ], [ 73.0071262, 19.1119075 ] ], [ [ 73.0071262, 19.1119075 ], [ 73.0070655, 19.1121305 ] ], [ [ 73.0070655, 19.1121305 ], [ 73.006953, 19.1125543 ] ], [ [ 73.006953, 19.1125543 ], [ 73.0062198, 19.1123629 ] ], [ [ 73.0062198, 19.1123629 ], [ 73.005077, 19.1120645 ] ], [ [ 73.005077, 19.1120645 ], [ 73.0041835, 19.1118375 ] ], [ [ 73.0041835, 19.1118375 ], [ 73.0033089, 19.1116029 ] ], [ [ 73.0033089, 19.1116029 ], [ 73.0021937, 19.111312 ] ], [ [ 73.0021937, 19.111312 ], [ 73.0014899, 19.1111282 ] ], [ [ 73.0014899, 19.1111282 ], [ 73.00133, 19.1110865 ] ], [ [ 73.00133, 19.1110865 ], [ 73.001344, 19.1110255 ], [ 73.0014344, 19.1107066 ], [ 73.0014712, 19.1105768 ], [ 73.0014712, 19.1105768 ], [ 73.0014846, 19.1105688 ], [ 73.0014846, 19.1105688 ], [ 73.0014965, 19.1105588 ], [ 73.0015063, 19.1105469 ], [ 73.0015138, 19.1105337 ], [ 73.0015187, 19.1105194 ], [ 73.0015209, 19.1105045 ], [ 73.0015204, 19.1104894 ], [ 73.0015171, 19.1104747 ], [ 73.0015111, 19.1104608 ], [ 73.0015111, 19.1104608 ], [ 73.0014956, 19.1104394 ], [ 73.0014956, 19.1104394 ], [ 73.001492, 19.1104368 ], [ 73.0014795, 19.1104276 ], [ 73.0014655, 19.1104205 ], [ 73.0014504, 19.1104159 ], [ 73.0014346, 19.1104138 ], [ 73.0014187, 19.1104143 ], [ 73.0014031, 19.1104174 ], [ 73.0013939, 19.1104213 ], [ 73.0013939, 19.1104213 ], [ 73.0013749, 19.1104309 ], [ 73.001363, 19.110441 ], [ 73.0013532, 19.1104528 ], [ 73.0013457, 19.1104661 ], [ 73.0013408, 19.1104804 ], [ 73.0013408, 19.1104804 ], [ 73.0012922, 19.1104658 ] ], [ [ 73.0012922, 19.1104658 ], [ 73.0006953, 19.110304 ] ], [ [ 73.0006953, 19.110304 ], [ 73.0009511, 19.1094164 ] ], [ [ 73.0009511, 19.1094164 ], [ 73.0003006, 19.1092371 ] ], [ [ 73.0003006, 19.1092371 ], [ 72.9998317, 19.1091078 ] ], [ [ 72.9998317, 19.1091078 ], [ 72.9997729, 19.1093535 ] ], [ [ 72.9997729, 19.1093535 ], [ 72.9988906, 19.1091201 ], [ 72.9988249, 19.1091151 ], [ 72.9987752, 19.1091328 ], [ 72.9987457, 19.1091772 ], [ 72.9985834, 19.1097267 ] ], [ [ 72.9985834, 19.1097267 ], [ 72.9980638, 19.1095847 ], [ 72.9980031, 19.1095632 ], [ 72.9979636, 19.1095288 ], [ 72.9979424, 19.1094886 ], [ 72.9977533, 19.1088174 ], [ 72.9977533, 19.1088174 ], [ 72.9982752, 19.1086993 ] ], [ [ 72.9982752, 19.1086993 ], [ 72.9986777, 19.1086082 ] ], [ [ 72.9986777, 19.1086082 ], [ 72.9990736, 19.1085187 ] ], [ [ 72.9990736, 19.1085187 ], [ 72.9988744, 19.107804 ] ], [ [ 72.9988744, 19.107804 ], [ 72.9992965, 19.1076977 ] ], [ [ 72.9992965, 19.1076977 ], [ 72.9995467, 19.1076528 ], [ 72.999737, 19.1076411 ], [ 72.999737, 19.1076411 ], [ 73.0001945, 19.1075253 ] ], [ [ 73.0001945, 19.1075253 ], [ 73.0005185, 19.1074352 ], [ 73.0005185, 19.1074352 ], [ 73.000754, 19.1073802 ] ], [ [ 73.000754, 19.1073802 ], [ 73.0008521, 19.1076694 ] ], [ [ 73.0008521, 19.1076694 ], [ 73.0002346, 19.1078028 ] ], [ [ 73.0002346, 19.1078028 ], [ 73.0002893, 19.1080152 ], [ 73.0003454, 19.1082174 ] ], [ [ 73.0003454, 19.1082174 ], [ 73.0001289, 19.1082705 ], [ 72.9999266, 19.1083202 ] ], [ [ 72.9999266, 19.1083202 ], [ 73.0001289, 19.1082705 ], [ 73.0003454, 19.1082174 ], [ 73.0003454, 19.1082174 ], [ 73.0009588, 19.1080921 ] ], [ [ 73.0009588, 19.1080921 ], [ 73.0013869, 19.1079952 ] ], [ [ 73.0013869, 19.1079952 ], [ 73.0015244, 19.1075203 ], [ 73.0015244, 19.1075203 ], [ 73.001468, 19.1072136 ] ], [ [ 73.001468, 19.1072136 ], [ 73.001127, 19.1072932 ] ], [ [ 73.001127, 19.1072932 ], [ 73.0011023, 19.1071292 ], [ 73.0010538, 19.1068078 ] ], [ [ 73.0010538, 19.1068078 ], [ 73.001031, 19.1068062 ], [ 73.001031, 19.1068062 ], [ 73.0006314, 19.1068037 ] ], [ [ 73.0006314, 19.1068037 ], [ 73.0003715, 19.1068344 ] ], [ [ 73.0003715, 19.1068344 ], [ 73.0000336, 19.1069153 ] ], [ [ 73.0000336, 19.1069153 ], [ 72.9995418, 19.1070356 ] ], [ [ 72.9995418, 19.1070356 ], [ 72.9991864, 19.1072733 ], [ 72.998583, 19.1074119 ] ], [ [ 72.998583, 19.1074119 ], [ 72.9985348, 19.107423 ] ], [ [ 72.9985348, 19.107423 ], [ 72.998617, 19.1078701 ], [ 72.998617, 19.1078701 ], [ 72.9984956, 19.1078849 ], [ 72.9984956, 19.1078849 ], [ 72.9980867, 19.1079902 ] ], [ [ 72.9980867, 19.1079902 ], [ 72.9977116, 19.1080863 ], [ 72.9977116, 19.1080863 ], [ 72.9977886, 19.1084751 ] ], [ [ 72.9977886, 19.1084751 ], [ 72.9977116, 19.1080863 ], [ 72.9977116, 19.1080863 ], [ 72.9975424, 19.1081297 ], [ 72.9975424, 19.1081297 ], [ 72.9973578, 19.1076933 ] ], [ [ 72.9973578, 19.1076933 ], [ 72.9974879, 19.1076634 ] ], [ [ 72.9974879, 19.1076634 ], [ 72.9974105, 19.1073899 ] ], [ [ 72.9974105, 19.1073899 ], [ 72.997335, 19.1071233 ], [ 72.997335, 19.1071233 ], [ 72.997509, 19.1070824 ], [ 72.9977419, 19.1069918 ], [ 72.9978122, 19.1069056 ], [ 72.9979834, 19.106877 ], [ 72.9981905, 19.1068838 ] ], [ [ 72.9981905, 19.1068838 ], [ 72.9979834, 19.106877 ], [ 72.9978122, 19.1069056 ], [ 72.9977419, 19.1069918 ], [ 72.997509, 19.1070824 ], [ 72.997335, 19.1071233 ] ], [ [ 72.997335, 19.1071233 ], [ 72.9972199, 19.1071413 ], [ 72.9971112, 19.1071414 ] ], [ [ 72.9971112, 19.1071414 ], [ 72.997037, 19.1069839 ], [ 72.9969838, 19.106842 ], [ 72.9969538, 19.1066903 ], [ 72.9969183, 19.106493 ], [ 72.9968639, 19.1048451 ] ], [ [ 72.9968639, 19.1048451 ], [ 72.9968587, 19.1046892 ], [ 72.9967944, 19.104319 ], [ 72.9966196, 19.1036574 ] ], [ [ 72.9966196, 19.1036574 ], [ 72.9970979, 19.1035215 ] ], [ [ 72.9970979, 19.1035215 ], [ 72.9971885, 19.1038106 ] ], [ [ 72.9971885, 19.1038106 ], [ 72.9975459, 19.1037034 ], [ 72.9975839, 19.103702 ], [ 72.9976233, 19.1037106 ], [ 72.9976574, 19.1037205 ], [ 72.9976574, 19.1037205 ], [ 72.9979878, 19.1038166 ] ], [ [ 72.9979878, 19.1038166 ], [ 72.9986822, 19.1040184 ] ], [ [ 72.9986822, 19.1040184 ], [ 72.9989493, 19.1040961 ] ], [ [ 72.9989493, 19.1040961 ], [ 72.9991773, 19.1041623 ] ], [ [ 72.9991773, 19.1041623 ], [ 72.9993998, 19.104227 ] ], [ [ 72.9993998, 19.104227 ], [ 72.9992753, 19.1046366 ] ], [ [ 72.9992753, 19.1046366 ], [ 72.9990522, 19.1045741 ] ], [ [ 72.9990522, 19.1045741 ], [ 72.9989952, 19.1047584 ], [ 72.9989818, 19.1047774 ], [ 72.9989576, 19.1047862 ], [ 72.9989234, 19.1047837 ], [ 72.9987613, 19.1047369 ] ], [ [ 72.9987613, 19.1047369 ], [ 72.9984918, 19.1046675 ] ], [ [ 72.9984918, 19.1046675 ], [ 72.9987613, 19.1047369 ], [ 72.9987613, 19.1047369 ], [ 72.9989234, 19.1047837 ], [ 72.9989576, 19.1047862 ], [ 72.9989818, 19.1047774 ], [ 72.9989952, 19.1047584 ], [ 72.9990522, 19.1045741 ], [ 72.9990522, 19.1045741 ], [ 72.9992753, 19.1046366 ], [ 72.9992753, 19.1046366 ], [ 72.9995196, 19.1047051 ], [ 72.9995196, 19.1047051 ], [ 72.9993475, 19.1052276 ], [ 72.9990836, 19.1051593 ] ], [ [ 72.9990836, 19.1051593 ], [ 72.9993475, 19.1052276 ], [ 72.9995196, 19.1047051 ] ], [ [ 72.9995196, 19.1047051 ], [ 72.999573, 19.104543 ], [ 72.9996529, 19.1043006 ] ], [ [ 72.9996529, 19.1043006 ], [ 72.9999233, 19.1043792 ], [ 72.9999233, 19.1043792 ], [ 72.9996854, 19.1051171 ] ], [ [ 72.9996854, 19.1051171 ], [ 72.9999233, 19.1043792 ] ], [ [ 72.9999233, 19.1043792 ], [ 72.9996529, 19.1043006 ], [ 72.9996529, 19.1043006 ], [ 72.9997459, 19.1040091 ] ], [ [ 72.9997459, 19.1040091 ], [ 73.0003222, 19.1041735 ] ], [ [ 73.0003222, 19.1041735 ], [ 73.0004715, 19.1036966 ] ], [ [ 73.0004715, 19.1036966 ], [ 73.0012108, 19.1039043 ] ], [ [ 73.0012108, 19.1039043 ], [ 73.0010842, 19.1043844 ], [ 73.0010842, 19.1043844 ], [ 73.000994, 19.1046705 ], [ 73.000994, 19.1046705 ], [ 73.0005436, 19.1045595 ] ], [ [ 73.0005436, 19.1045595 ], [ 73.000994, 19.1046705 ] ], [ [ 73.000994, 19.1046705 ], [ 73.0009173, 19.1049074 ], [ 73.0009173, 19.1049074 ], [ 73.0008824, 19.1050174 ], [ 73.0008501, 19.1052568 ], [ 73.000856, 19.1054566 ], [ 73.0008759, 19.1055916 ] ], [ [ 73.0008759, 19.1055916 ], [ 73.0010348, 19.1055516 ], [ 73.0013081, 19.1054411 ], [ 73.0015799, 19.1053407 ] ], [ [ 73.0015799, 19.1053407 ], [ 73.0016452, 19.1055162 ], [ 73.0016546, 19.1055497 ], [ 73.0017595, 19.1059086 ], [ 73.0017595, 19.1059086 ], [ 73.00179, 19.1061548 ], [ 73.0018048, 19.106203 ], [ 73.001833, 19.1062575 ], [ 73.0019187, 19.106385 ] ], [ [ 73.0019187, 19.106385 ], [ 73.0017992, 19.1067955 ] ], [ [ 73.0017992, 19.1067955 ], [ 73.0015216, 19.1067616 ] ], [ [ 73.0015216, 19.1067616 ], [ 73.0017992, 19.1067955 ] ], [ [ 73.0017992, 19.1067955 ], [ 73.0023474, 19.1069772 ] ], [ [ 73.0023474, 19.1069772 ], [ 73.0024418, 19.1070085 ] ], [ [ 73.0024418, 19.1070085 ], [ 73.0025507, 19.1070386 ] ], [ [ 73.0025507, 19.1070386 ], [ 73.0030901, 19.1071874 ] ], [ [ 73.0030901, 19.1071874 ], [ 73.0027622, 19.1083635 ] ], [ [ 73.0027622, 19.1083635 ], [ 73.0025054, 19.1091132 ] ], [ [ 73.0025054, 19.1091132 ], [ 73.0024981, 19.109254 ], [ 73.0023533, 19.1097761 ] ], [ [ 73.0023533, 19.1097761 ], [ 73.0024981, 19.109254 ], [ 73.0025054, 19.1091132 ] ], [ [ 73.0025054, 19.1091132 ], [ 73.0027483, 19.1091792 ], [ 73.0031137, 19.1092786 ], [ 73.0031392, 19.1091655 ], [ 73.0031392, 19.1091655 ], [ 73.0041236, 19.1094345 ], [ 73.0041236, 19.1094345 ], [ 73.0041397, 19.1093808 ], [ 73.0042468, 19.1090008 ] ], [ [ 73.0042468, 19.1090008 ], [ 73.0043063, 19.1090185 ], [ 73.0044493, 19.109055 ], [ 73.0046865, 19.1091176 ], [ 73.0048303, 19.109156 ], [ 73.0048973, 19.1091747 ], [ 73.0049566, 19.1091924 ] ], [ [ 73.0049566, 19.1091924 ], [ 73.0051575, 19.1085417 ] ], [ [ 73.0051575, 19.1085417 ], [ 73.0054819, 19.108617 ] ], [ [ 73.0054819, 19.108617 ], [ 73.0055022, 19.1085747 ], [ 73.0056372, 19.1082583 ] ], [ [ 73.0056372, 19.1082583 ], [ 73.0057455, 19.1079079 ], [ 73.0057455, 19.1079079 ], [ 73.0061299, 19.108014 ] ], [ [ 73.0061299, 19.108014 ], [ 73.0060119, 19.108585 ], [ 73.0059636, 19.1087269 ], [ 73.0059637, 19.1087347 ], [ 73.0059637, 19.1087347 ], [ 73.0063366, 19.1088387 ] ], [ [ 73.0063366, 19.1088387 ], [ 73.0059637, 19.1087347 ] ], [ [ 73.0059637, 19.1087347 ], [ 73.005932, 19.1087239 ], [ 73.0056793, 19.1086559 ] ], [ [ 73.0056793, 19.1086559 ], [ 73.0054819, 19.108617 ] ], [ [ 73.0054819, 19.108617 ], [ 73.0051575, 19.1085417 ], [ 73.0051575, 19.1085417 ], [ 73.0041504, 19.108225 ] ], [ [ 73.0041504, 19.108225 ], [ 73.0038739, 19.108137 ] ], [ [ 73.0038739, 19.108137 ], [ 73.0039311, 19.1079498 ], [ 73.0039375, 19.1079315 ], [ 73.003934, 19.107924 ], [ 73.0039286, 19.1079209 ], [ 73.0035404, 19.1078549 ], [ 73.0035404, 19.1078549 ], [ 73.0036938, 19.107354 ] ], [ [ 73.0036938, 19.107354 ], [ 73.0043542, 19.1075362 ] ], [ [ 73.0043542, 19.1075362 ], [ 73.0050214, 19.1077203 ] ], [ [ 73.0050214, 19.1077203 ], [ 73.0051221, 19.1073946 ], [ 73.005496, 19.1074977 ] ], [ [ 73.005496, 19.1074977 ], [ 73.0056068, 19.1071306 ] ], [ [ 73.0056068, 19.1071306 ], [ 73.0058066, 19.1064925 ] ], [ [ 73.0058066, 19.1064925 ], [ 73.0058116, 19.1064762 ], [ 73.0058116, 19.1064762 ], [ 73.0055003, 19.1063964 ] ], [ [ 73.0055003, 19.1063964 ], [ 73.0052747, 19.1063386 ] ], [ [ 73.0052747, 19.1063386 ], [ 73.0046741, 19.1061615 ] ], [ [ 73.0046741, 19.1061615 ], [ 73.0052747, 19.1063386 ], [ 73.0052747, 19.1063386 ], [ 73.0055003, 19.1063964 ] ], [ [ 73.0055003, 19.1063964 ], [ 73.0055237, 19.1062787 ], [ 73.0055666, 19.1061267 ], [ 73.0056095, 19.1059687 ] ], [ [ 73.0056095, 19.1059687 ], [ 73.0059405, 19.1060592 ] ], [ [ 73.0059405, 19.1060592 ], [ 73.0062908, 19.1061549 ], [ 73.0064785, 19.1062062 ] ], [ [ 73.0064785, 19.1062062 ], [ 73.0063766, 19.1066639 ], [ 73.0063766, 19.1066639 ], [ 73.0065536, 19.1066994 ], [ 73.0069452, 19.106816 ] ], [ [ 73.0069452, 19.106816 ], [ 73.007369, 19.1069021 ], [ 73.0074846, 19.1069995 ], [ 73.0074846, 19.1069995 ], [ 73.007631, 19.1065212 ] ], [ [ 73.007631, 19.1065212 ], [ 73.0076842, 19.1063473 ] ], [ [ 73.0076842, 19.1063473 ], [ 73.0077356, 19.1061793 ], [ 73.0080534, 19.1062654 ] ], [ [ 73.0080534, 19.1062654 ], [ 73.0077356, 19.1061793 ], [ 73.0076842, 19.1063473 ], [ 73.0076842, 19.1063473 ], [ 73.0082964, 19.1065146 ] ], [ [ 73.0082964, 19.1065146 ], [ 73.0080401, 19.1073518 ], [ 73.0080401, 19.1073518 ], [ 73.0077044, 19.1084484 ] ], [ [ 73.0077044, 19.1084484 ], [ 73.0070927, 19.1082796 ], [ 73.0070927, 19.1082796 ], [ 73.0069806, 19.1086457 ], [ 73.0069806, 19.1086457 ], [ 73.0068825, 19.1089715 ] ], [ [ 73.0068825, 19.1089715 ], [ 73.0067395, 19.1094336 ] ], [ [ 73.0067395, 19.1094336 ], [ 73.0073516, 19.1096009 ] ], [ [ 73.0073516, 19.1096009 ], [ 73.0070962, 19.1104421 ], [ 73.0070962, 19.1104421 ], [ 73.0070326, 19.1106392 ] ], [ [ 73.0070326, 19.1106392 ], [ 73.0070962, 19.1104421 ] ], [ [ 73.0070962, 19.1104421 ], [ 73.0064947, 19.1102816 ], [ 73.0065419, 19.110101 ] ], [ [ 73.0065419, 19.110101 ], [ 73.005969, 19.1099389 ] ], [ [ 73.005969, 19.1099389 ], [ 73.0061272, 19.1095042 ] ], [ [ 73.0061272, 19.1095042 ], [ 73.0058644, 19.1094335 ], [ 73.00549, 19.1093438 ] ], [ [ 73.00549, 19.1093438 ], [ 73.0054701, 19.1094163 ], [ 73.005454, 19.1094924 ], [ 73.0053789, 19.1097776 ] ], [ [ 73.0053789, 19.1097776 ], [ 73.0048228, 19.1096256 ] ], [ [ 73.0048228, 19.1096256 ], [ 73.0045786, 19.1104165 ] ], [ [ 73.0045786, 19.1104165 ], [ 73.0043385, 19.1112034 ] ], [ [ 73.0043385, 19.1112034 ], [ 73.0040002, 19.1111125 ], [ 73.003748, 19.1110448 ], [ 73.0016734, 19.1104874 ], [ 73.0015111, 19.1104608 ], [ 73.0015111, 19.1104608 ], [ 73.0014956, 19.1104394 ], [ 73.0014956, 19.1104394 ], [ 73.001492, 19.1104368 ], [ 73.0014795, 19.1104276 ], [ 73.0014655, 19.1104205 ], [ 73.0014504, 19.1104159 ], [ 73.0014346, 19.1104138 ], [ 73.0014187, 19.1104143 ], [ 73.0014031, 19.1104174 ], [ 73.0013939, 19.1104213 ], [ 73.0013939, 19.1104213 ], [ 73.0013749, 19.1104309 ], [ 73.001363, 19.110441 ], [ 73.0013532, 19.1104528 ], [ 73.0013457, 19.1104661 ], [ 73.0013408, 19.1104804 ], [ 73.0013408, 19.1104804 ], [ 73.0013386, 19.1104953 ], [ 73.0013391, 19.1105103 ], [ 73.0013424, 19.1105251 ], [ 73.0013484, 19.110539 ], [ 73.0013568, 19.1105518 ], [ 73.0013568, 19.1105518 ], [ 73.0013675, 19.110563 ], [ 73.00138, 19.1105722 ], [ 73.001394, 19.1105793 ], [ 73.0014092, 19.110584 ], [ 73.0014249, 19.1105861 ], [ 73.0014409, 19.1105855 ], [ 73.0014564, 19.1105824 ], [ 73.0014712, 19.1105768 ], [ 73.0014712, 19.1105768 ], [ 73.0014846, 19.1105688 ], [ 73.0014846, 19.1105688 ], [ 73.0016323, 19.1106285 ], [ 73.004293, 19.1113472 ], [ 73.0044823, 19.1113983 ] ], [ [ 73.0044823, 19.1113983 ], [ 73.0047004, 19.1115075 ], [ 73.0070655, 19.1121305 ] ], [ [ 73.0070655, 19.1121305 ], [ 73.0081738, 19.1124217 ], [ 73.0081738, 19.1124217 ], [ 73.0081792, 19.1124045 ], [ 73.0082424, 19.1122038 ] ], [ [ 73.0082424, 19.1122038 ], [ 73.0078684, 19.1121045 ], [ 73.0078684, 19.1121045 ], [ 73.0071262, 19.1119075 ] ], [ [ 73.0071262, 19.1119075 ], [ 73.0070655, 19.1121305 ], [ 73.0070655, 19.1121305 ], [ 73.006953, 19.1125543 ], [ 73.006953, 19.1125543 ], [ 73.0066565, 19.1134817 ], [ 73.0063688, 19.1139127 ] ], [ [ 73.0063688, 19.1139127 ], [ 73.0062527, 19.1139717 ] ], [ [ 73.0062527, 19.1139717 ], [ 73.0063708, 19.1140302 ], [ 73.0063708, 19.1140302 ], [ 73.0063688, 19.1139127 ] ], [ [ 73.0063688, 19.1139127 ], [ 73.0062031, 19.1138558 ], [ 73.0058147, 19.1137543 ] ], [ [ 73.0058147, 19.1137543 ], [ 73.0046743, 19.113451 ] ], [ [ 73.0046743, 19.113451 ], [ 73.0037918, 19.1132254 ] ], [ [ 73.0037918, 19.1132254 ], [ 73.0037691, 19.1133032 ] ], [ [ 73.0037691, 19.1133032 ], [ 73.0035829, 19.1139402 ] ], [ [ 73.0035829, 19.1139402 ], [ 73.0032852, 19.114958 ] ], [ [ 73.0032852, 19.114958 ], [ 73.0029829, 19.1159922 ] ], [ [ 73.0029829, 19.1159922 ], [ 73.003924, 19.1162442 ] ], [ [ 73.003924, 19.1162442 ], [ 73.004349, 19.1163578 ], [ 73.0045963, 19.116424 ], [ 73.0045963, 19.116424 ], [ 73.0049067, 19.1165071 ], [ 73.0049828, 19.1165275 ], [ 73.0049828, 19.1165275 ], [ 73.0052979, 19.1166118 ], [ 73.0052979, 19.1166118 ], [ 73.0054242, 19.1166456 ] ], [ [ 73.0054242, 19.1166456 ], [ 73.0052979, 19.1166118 ] ], [ [ 73.0052979, 19.1166118 ], [ 73.0049828, 19.1165275 ], [ 73.0049828, 19.1165275 ], [ 73.0049067, 19.1165071 ], [ 73.0045963, 19.116424 ] ], [ [ 73.0045963, 19.116424 ], [ 73.0043276, 19.1173434 ] ], [ [ 73.0043276, 19.1173434 ], [ 73.003654, 19.1171676 ] ], [ [ 73.003654, 19.1171676 ], [ 73.0033695, 19.1181407 ], [ 73.0033695, 19.1181407 ], [ 73.0024187, 19.1178969 ] ], [ [ 73.0024187, 19.1178969 ], [ 73.0022725, 19.1174558 ], [ 73.0022039, 19.1172486 ], [ 73.0021417, 19.1170609 ], [ 73.0020797, 19.1168736 ], [ 73.00201, 19.1166634 ], [ 73.0019456, 19.1164688 ], [ 73.001882, 19.116277 ], [ 73.0018183, 19.1160846 ], [ 73.0017658, 19.1159263 ] ], [ [ 73.0017658, 19.1159263 ], [ 73.0017962, 19.1159208 ], [ 73.0018179, 19.115914 ], [ 73.0018381, 19.1159038 ], [ 73.0018562, 19.1158907 ], [ 73.0018718, 19.1158748 ], [ 73.0018842, 19.1158567 ], [ 73.0018933, 19.1158369 ], [ 73.0018988, 19.1158159 ], [ 73.0019005, 19.1157944 ], [ 73.0018983, 19.1157729 ], [ 73.0018923, 19.115752 ] ], [ [ 73.0018923, 19.115752 ], [ 73.0018818, 19.1157309 ], [ 73.0018674, 19.1157119 ], [ 73.0018496, 19.1156956 ], [ 73.001829, 19.1156827 ], [ 73.0018062, 19.1156735 ], [ 73.0017745, 19.1156665 ], [ 73.0017745, 19.1156665 ], [ 73.0019598, 19.1150198 ] ], [ [ 73.0019598, 19.1150198 ], [ 73.0014171, 19.1148886 ] ], [ [ 73.0014171, 19.1148886 ], [ 73.0014002, 19.1148364 ] ], [ [ 73.0014002, 19.1148364 ], [ 73.0013232, 19.1145985 ], [ 73.001318, 19.1143917 ], [ 73.001197, 19.1142088 ], [ 73.0011332, 19.1140116 ], [ 73.0010694, 19.1138145 ], [ 73.0010084, 19.113626 ], [ 73.0009448, 19.1134294 ], [ 73.0008838, 19.1132411 ] ], [ [ 73.0008838, 19.1132411 ], [ 73.0008502, 19.113121 ], [ 73.0008126, 19.1129854 ], [ 73.0008032, 19.1128663 ], [ 73.0008086, 19.1127307 ], [ 73.0007832, 19.1126289 ] ], [ [ 73.0007832, 19.1126289 ], [ 73.0009169, 19.1125653 ], [ 73.0009169, 19.1125653 ], [ 73.001061, 19.1125953 ], [ 73.001061, 19.1125953 ], [ 73.0010838, 19.1125173 ] ], [ [ 73.0010838, 19.1125173 ], [ 73.001061, 19.1125953 ], [ 73.001061, 19.1125953 ], [ 73.0017699, 19.1127855 ], [ 73.0017699, 19.1127855 ], [ 73.0025434, 19.1129829 ] ], [ [ 73.0025434, 19.1129829 ], [ 73.0037691, 19.1133032 ], [ 73.0037691, 19.1133032 ], [ 73.0037918, 19.1132254 ], [ 73.0037918, 19.1132254 ], [ 73.0029078, 19.1129949 ] ], [ [ 73.0029078, 19.1129949 ], [ 73.0017843, 19.112718 ] ], [ [ 73.0017843, 19.112718 ], [ 73.0017699, 19.1127855 ], [ 73.0017699, 19.1127855 ], [ 73.0025434, 19.1129829 ], [ 73.0025434, 19.1129829 ], [ 73.0024371, 19.1133538 ], [ 73.0023789, 19.1135572 ], [ 73.0023602, 19.1136224 ] ], [ [ 73.0023602, 19.1136224 ], [ 73.002319, 19.113766 ], [ 73.0022596, 19.1139737 ], [ 73.0021985, 19.1141867 ], [ 73.0021389, 19.1143946 ], [ 73.002082, 19.1145933 ], [ 73.0020693, 19.1146378 ] ], [ [ 73.0020693, 19.1146378 ], [ 73.0019598, 19.1150198 ], [ 73.0019598, 19.1150198 ], [ 73.0017745, 19.1156665 ] ], [ [ 73.0017745, 19.1156665 ], [ 73.0017606, 19.1156674 ], [ 73.0017393, 19.1156696 ], [ 73.0017185, 19.1156749 ], [ 73.001699, 19.1156832 ], [ 73.0016781, 19.1156952 ], [ 73.0016781, 19.1156952 ], [ 73.0016619, 19.1157114 ], [ 73.0016467, 19.1157316 ], [ 73.0016358, 19.1157541 ], [ 73.0016298, 19.1157782 ], [ 73.0016287, 19.115803 ] ], [ [ 73.0016287, 19.115803 ], [ 73.0011083, 19.1159542 ], [ 73.0002902, 19.1161946 ], [ 73.00015, 19.1162385 ] ], [ [ 73.00015, 19.1162385 ], [ 72.9999733, 19.1156967 ] ], [ [ 72.9999733, 19.1156967 ], [ 72.9999116, 19.1154995 ] ], [ [ 72.9999116, 19.1154995 ], [ 72.9989328, 19.1157975 ] ], [ [ 72.9989328, 19.1157975 ], [ 72.9990007, 19.1159872 ] ], [ [ 72.9990007, 19.1159872 ], [ 72.9990755, 19.1162245 ], [ 72.9992008, 19.1165342 ], [ 72.9992008, 19.1165342 ], [ 72.9988102, 19.1166506 ], [ 72.9981853, 19.1168274 ], [ 72.9981853, 19.1168274 ], [ 72.9980752, 19.1168599 ], [ 72.9980752, 19.1168599 ], [ 72.9979163, 19.1163454 ], [ 72.9979163, 19.1163454 ], [ 72.9980259, 19.1163022 ], [ 72.9981857, 19.116255 ], [ 72.9981857, 19.116255 ], [ 72.9981128, 19.1159971 ], [ 72.9981128, 19.1159971 ], [ 72.9978108, 19.1160639 ], [ 72.9978108, 19.1160639 ], [ 72.9976509, 19.1156062 ] ], [ [ 72.9976509, 19.1156062 ], [ 72.9978108, 19.1160639 ], [ 72.9978108, 19.1160639 ], [ 72.9981128, 19.1159971 ], [ 72.9981128, 19.1159971 ], [ 72.9981857, 19.116255 ], [ 72.9981857, 19.116255 ], [ 72.9980259, 19.1163022 ], [ 72.9979163, 19.1163454 ], [ 72.9979163, 19.1163454 ], [ 72.9980752, 19.1168599 ], [ 72.9980752, 19.1168599 ], [ 72.9972517, 19.1171033 ], [ 72.9972517, 19.1171033 ], [ 72.9970318, 19.1171667 ], [ 72.9970318, 19.1171667 ], [ 72.9966932, 19.1172516 ], [ 72.9966932, 19.1172516 ], [ 72.996685, 19.1172231 ], [ 72.9966717, 19.1171964 ], [ 72.9966537, 19.1171722 ], [ 72.9966316, 19.1171514 ], [ 72.9966059, 19.1171346 ], [ 72.9965775, 19.1171222 ], [ 72.9965473, 19.1171146 ], [ 72.9965162, 19.1171121 ], [ 72.9965162, 19.1171121 ], [ 72.9964369, 19.1170401 ], [ 72.9957847, 19.1159321 ], [ 72.9953355, 19.1151691 ] ], [ [ 72.9953355, 19.1151691 ], [ 72.9993667, 19.1132955 ], [ 73.0000572, 19.1129746 ], [ 73.0007832, 19.1126289 ] ], [ [ 73.0007832, 19.1126289 ], [ 73.0009169, 19.1125653 ], [ 73.0009169, 19.1125653 ], [ 73.0009399, 19.1124825 ] ], [ [ 73.0009399, 19.1124825 ], [ 73.00133, 19.1110865 ] ], [ [ 73.00133, 19.1110865 ], [ 73.001344, 19.1110255 ], [ 73.0014344, 19.1107066 ], [ 73.0014712, 19.1105768 ], [ 73.0014712, 19.1105768 ], [ 73.0014846, 19.1105688 ], [ 73.0014846, 19.1105688 ], [ 73.0014965, 19.1105588 ], [ 73.0015063, 19.1105469 ], [ 73.0015138, 19.1105337 ], [ 73.0015187, 19.1105194 ], [ 73.0015209, 19.1105045 ], [ 73.0015204, 19.1104894 ], [ 73.0015171, 19.1104747 ], [ 73.0015111, 19.1104608 ], [ 73.0015111, 19.1104608 ], [ 73.0014956, 19.1104394 ], [ 73.0014956, 19.1104394 ], [ 73.0017338, 19.1096322 ] ], [ [ 73.0017338, 19.1096322 ], [ 73.0016364, 19.1096054 ], [ 73.0016364, 19.1096054 ], [ 73.0015802, 19.1095899 ] ], [ [ 73.0015802, 19.1095899 ], [ 73.0016701, 19.1092851 ], [ 73.0016859, 19.1092374 ], [ 73.0016859, 19.1092374 ], [ 73.0018733, 19.1086638 ], [ 73.0018733, 19.1086638 ], [ 73.0019329, 19.1086797 ] ], [ [ 73.0019329, 19.1086797 ], [ 73.0018733, 19.1086638 ] ], [ [ 73.0018733, 19.1086638 ], [ 73.0020474, 19.1080444 ] ], [ [ 73.0020474, 19.1080444 ], [ 73.0021185, 19.1080617 ], [ 73.0021185, 19.1080617 ], [ 73.0022225, 19.1080913 ], [ 73.0022225, 19.1080913 ], [ 73.0025507, 19.1070386 ] ], [ [ 73.0025507, 19.1070386 ], [ 73.0030901, 19.1071874 ], [ 73.0030901, 19.1071874 ], [ 73.0036938, 19.107354 ], [ 73.0036938, 19.107354 ], [ 73.0039502, 19.1066097 ] ], [ [ 73.0039502, 19.1066097 ], [ 73.0036938, 19.107354 ], [ 73.0036938, 19.107354 ], [ 73.0030901, 19.1071874 ], [ 73.0030901, 19.1071874 ], [ 73.0025507, 19.1070386 ] ], [ [ 73.0025507, 19.1070386 ], [ 73.0033413, 19.1045028 ] ], [ [ 73.0033413, 19.1045028 ], [ 73.0032213, 19.1044691 ], [ 73.0032213, 19.1044691 ], [ 73.002867, 19.1043695 ] ], [ [ 73.002867, 19.1043695 ], [ 73.0032213, 19.1044691 ] ], [ [ 73.0032213, 19.1044691 ], [ 73.0029491, 19.1053558 ] ], [ [ 73.0029491, 19.1053558 ], [ 73.0026021, 19.1052653 ], [ 73.0025759, 19.1052583 ], [ 73.0025525, 19.1052564 ], [ 73.002537, 19.1052691 ], [ 73.0024908, 19.1054078 ], [ 73.0024733, 19.1054243 ], [ 73.0024492, 19.1054313 ], [ 73.0024251, 19.1054275 ], [ 73.0022802, 19.1053787 ], [ 73.0022527, 19.1053749 ], [ 73.0022326, 19.1053787 ], [ 73.0022226, 19.1053907 ], [ 73.0021616, 19.1055503 ] ], [ [ 73.0021616, 19.1055503 ], [ 73.0015799, 19.1053407 ], [ 73.0015799, 19.1053407 ], [ 73.0013081, 19.1054411 ], [ 73.0010348, 19.1055516 ], [ 73.0008759, 19.1055916 ], [ 73.0008759, 19.1055916 ], [ 73.0006052, 19.1056377 ], [ 73.0004898, 19.1056707 ], [ 73.0003015, 19.105761 ], [ 73.0000737, 19.1058242 ], [ 72.999981, 19.1058398 ], [ 72.9998688, 19.1058586 ], [ 72.9997823, 19.1058627 ] ], [ [ 72.9997823, 19.1058627 ], [ 72.9998688, 19.1058586 ], [ 72.999981, 19.1058398 ], [ 73.0000737, 19.1058242 ], [ 73.0003015, 19.105761 ], [ 73.0004898, 19.1056707 ], [ 73.0006052, 19.1056377 ], [ 73.0008759, 19.1055916 ] ], [ [ 73.0008759, 19.1055916 ], [ 73.000856, 19.1054566 ], [ 73.0008501, 19.1052568 ], [ 73.0008824, 19.1050174 ], [ 73.0009173, 19.1049074 ] ] ] } },
{ "type": "Feature", "properties": { "point_ids": [ 991, 3671, 2963, 1494, 3822, 8522, 1909, 7949, 8925, 7488, 9017, 7428, 2568, 8352, 2828, 5751, 3460, 3168, 2075, 710, 8055, 8383, 1249, 2069, 2309, 6680, 9099, 897, 5574, 436, 1793, 5166, 7532, 7619, 1066, 5168, 6007, 3704, 6175, 1487, 841, 544, 4579, 2035, 7707, 2955, 5547, 4918, 6763, 7302, 890, 2799, 2962, 9285, 3754, 129, 2375, 8405, 5483, 4604, 4051, 9502, 7742, 6609, 2547, 1653, 1620, 5721, 9855, 1456, 8798, 4392, 2388, 8369, 3338, 4391, 8839, 8274, 6613, 7639, 7160, 2000, 9245, 7405, 5102, 3380, 2381, 365, 8359, 6194, 102, 6468, 4727, 9386, 9707, 1045, 6373, 5419, 3622, 2230, 3846, 5755, 2434, 2845, 7624, 169, 505, 1579, 5766, 3880, 6258, 7844, 9229, 697, 4396, 4805, 7621, 8681, 9292, 9400, 8410, 2165, 1790, 6232, 5586, 6325, 1383, 5877, 3163, 2265, 1448, 7093, 6762, 5110, 1942, 1252, 334, 4737, 1349, 61, 1011, 4620, 536, 4938, 8179, 8531, 1250, 2126, 6241, 7613, 9529, 9966, 3649, 7446, 8041, 9970, 9794, 1284, 3675, 6893, 2615, 7234, 3036, 3915, 4671, 3799, 7785, 4953, 3730, 3349, 1876, 4201, 5347, 1669, 4116, 6380, 7645, 9065, 3018, 5317, 5611, 5330, 5357, 3913, 3448, 1892, 59, 6153, 4471, 7738, 2421, 2251, 7678, 6857, 6177, 9588, 1445, 9532, 6728, 2383, 2321, 386, 7366, 4124, 3583, 2527, 972, 5508, 4023, 3269, 1182, 6231, 4263, 2685, 7658, 4813, 2964, 9430, 5720, 9113, 598, 4336, 3765, 3186, 2146, 1360, 1179, 830, 688, 9439, 7790, 6339, 4327, 4118, 2864, 498, 7471, 6596, 2640, 9716, 6979, 1022, 2390, 4105, 38, 2504, 5763, 8507, 8037 ], "length_m": 19386.496715636546, "travel_time_min": 36.526979779445277, "n_points": 249, "route_id": 23, "cluster_id": 4 }, "geometry": { "type": "MultiLineString", "coordinates": [ [ [ 73.0009173, 19.1049074 ], [ 73.000994, 19.1046705 ], [ 73.000994, 19.1046705 ], [ 73.0010842, 19.1043844 ], [ 73.0010842, 19.1043844 ], [ 73.0012108, 19.1039043 ] ], [ [ 73.0012108, 19.1039043 ], [ 73.0004715, 19.1036966 ], [ 73.0004715, 19.1036966 ], [ 73.0007167, 19.102933 ] ], [ [ 73.0007167, 19.102933 ], [ 73.0008438, 19.1025026 ] ], [ [ 73.0008438, 19.1025026 ], [ 73.0008613, 19.1024461 ] ], [ [ 73.0008613, 19.1024461 ], [ 73.0009138, 19.1022767 ], [ 73.0010608, 19.1018134 ] ], [ [ 73.0010608, 19.1018134 ], [ 73.0002981, 19.1015979 ] ], [ [ 73.0002981, 19.1015979 ], [ 73.0010608, 19.1018134 ] ], [ [ 73.0010608, 19.1018134 ], [ 73.0011739, 19.1014518 ] ], [ [ 73.0011739, 19.1014518 ], [ 73.0008351, 19.1013572 ], [ 73.0009387, 19.1010193 ] ], [ [ 73.0009387, 19.1010193 ], [ 73.0003877, 19.1008677 ], [ 72.9995673, 19.1006266 ] ], [ [ 72.9995673, 19.1006266 ], [ 72.9993464, 19.1013325 ], [ 72.9992073, 19.1017769 ] ], [ [ 72.9992073, 19.1017769 ], [ 72.9986133, 19.1016109 ] ], [ [ 72.9986133, 19.1016109 ], [ 72.9992073, 19.1017769 ], [ 72.9992073, 19.1017769 ], [ 72.9990166, 19.1024583 ] ], [ [ 72.9990166, 19.1024583 ], [ 72.9989746, 19.1025874 ], [ 72.9983608, 19.102418 ] ], [ [ 72.9983608, 19.102418 ], [ 72.9981639, 19.1030482 ] ], [ [ 72.9981639, 19.1030482 ], [ 72.9977238, 19.1029246 ], [ 72.9977238, 19.1029246 ], [ 72.9964919, 19.1031739 ] ], [ [ 72.9964919, 19.1031739 ], [ 72.9960932, 19.1016645 ], [ 72.9957493, 19.1003624 ] ], [ [ 72.9957493, 19.1003624 ], [ 72.9970079, 19.1000563 ], [ 72.9970358, 19.1000521 ] ], [ [ 72.9970358, 19.1000521 ], [ 72.9971188, 19.100466 ], [ 72.9971188, 19.100466 ], [ 72.9967609, 19.1005365 ], [ 72.9967355, 19.1005545 ], [ 72.9967311, 19.100586 ], [ 72.9967568, 19.1007016 ], [ 72.9967567, 19.1007244 ], [ 72.996736, 19.1007453 ], [ 72.9966759, 19.1007633 ], [ 72.9966151, 19.1007944 ] ], [ [ 72.9966151, 19.1007944 ], [ 72.9966759, 19.1007633 ], [ 72.996736, 19.1007453 ], [ 72.9967567, 19.1007244 ], [ 72.9967568, 19.1007016 ], [ 72.9967311, 19.100586 ], [ 72.9967355, 19.1005545 ], [ 72.9967609, 19.1005365 ], [ 72.9971188, 19.100466 ], [ 72.9971188, 19.100466 ], [ 72.9970358, 19.1000521 ] ], [ [ 72.9970358, 19.1000521 ], [ 72.9970896, 19.1000441 ], [ 72.9971671, 19.1000326 ], [ 72.9973262, 19.1000229 ], [ 72.9975371, 19.1000463 ] ], [ [ 72.9975371, 19.1000463 ], [ 72.9978043, 19.1001202 ], [ 72.9984576, 19.1003165 ] ], [ [ 72.9984576, 19.1003165 ], [ 72.9989733, 19.1004606 ] ], [ [ 72.9989733, 19.1004606 ], [ 72.9993178, 19.0993596 ] ], [ [ 72.9993178, 19.0993596 ], [ 72.9999194, 19.0995014 ], [ 72.9999194, 19.0995014 ], [ 73.0001294, 19.0988304 ], [ 73.0001294, 19.0988304 ], [ 73.0004302, 19.0989144 ], [ 73.0006999, 19.0989898 ], [ 73.0006999, 19.0989898 ], [ 73.0004516, 19.0997602 ] ], [ [ 73.0004516, 19.0997602 ], [ 73.0006999, 19.0989898 ], [ 73.0006999, 19.0989898 ], [ 73.0013169, 19.0991622 ], [ 73.0013169, 19.0991622 ], [ 73.0012235, 19.0993986 ], [ 73.0011979, 19.0994744 ], [ 73.0011801, 19.0995436 ], [ 73.0011533, 19.0996074 ] ], [ [ 73.0011533, 19.0996074 ], [ 73.0012144, 19.0996199 ] ], [ [ 73.0012144, 19.0996199 ], [ 73.0010122, 19.1002913 ], [ 73.0010122, 19.1002913 ], [ 73.0009639, 19.1004547 ], [ 73.0008838, 19.1006761 ] ], [ [ 73.0008838, 19.1006761 ], [ 73.0009639, 19.1004547 ], [ 73.0010122, 19.1002913 ], [ 73.0010122, 19.1002913 ], [ 73.0014725, 19.1004243 ], [ 73.0014725, 19.1004243 ], [ 73.00145, 19.1005127 ], [ 73.0013603, 19.1008027 ] ], [ [ 73.0013603, 19.1008027 ], [ 73.00145, 19.1005127 ], [ 73.0014725, 19.1004243 ] ], [ [ 73.0014725, 19.1004243 ], [ 73.001518, 19.1002596 ], [ 73.0016729, 19.0998313 ], [ 73.0016547, 19.0997582 ], [ 73.0016547, 19.0997582 ], [ 73.002209, 19.0999121 ], [ 73.0025885, 19.1000081 ], [ 73.0027667, 19.1000562 ], [ 73.0030061, 19.1001212 ], [ 73.003026, 19.1000681 ], [ 73.0033856, 19.1001696 ], [ 73.0033856, 19.1001696 ], [ 73.0032992, 19.1004508 ] ], [ [ 73.0032992, 19.1004508 ], [ 73.0039143, 19.1006287 ] ], [ [ 73.0039143, 19.1006287 ], [ 73.0035671, 19.1017354 ], [ 73.0035671, 19.1017354 ], [ 73.0031699, 19.1030046 ] ], [ [ 73.0031699, 19.1030046 ], [ 73.0025512, 19.1028318 ] ], [ [ 73.0025512, 19.1028318 ], [ 73.0027906, 19.1020668 ], [ 73.0029315, 19.101594 ] ], [ [ 73.0029315, 19.101594 ], [ 73.0035671, 19.1017354 ] ], [ [ 73.0035671, 19.1017354 ], [ 73.0040219, 19.1018606 ] ], [ [ 73.0040219, 19.1018606 ], [ 73.0040091, 19.1019024 ], [ 73.0034359, 19.1037698 ] ], [ [ 73.0034359, 19.1037698 ], [ 73.0032213, 19.1044691 ], [ 73.0032213, 19.1044691 ], [ 73.0033413, 19.1045028 ], [ 73.0033413, 19.1045028 ], [ 73.0039805, 19.1046827 ], [ 73.004423, 19.1048113 ] ], [ [ 73.004423, 19.1048113 ], [ 73.0042958, 19.1051364 ] ], [ [ 73.0042958, 19.1051364 ], [ 73.004423, 19.1048113 ], [ 73.004423, 19.1048113 ], [ 73.0044921, 19.1048262 ], [ 73.0061793, 19.1052864 ] ], [ [ 73.0061793, 19.1052864 ], [ 73.0062943, 19.1049145 ], [ 73.0062943, 19.1049145 ], [ 73.0060768, 19.1048482 ], [ 73.0060607, 19.1048367 ], [ 73.0060607, 19.1048101 ], [ 73.0061358, 19.104558 ] ], [ [ 73.0061358, 19.104558 ], [ 73.0060607, 19.1048101 ], [ 73.0060607, 19.1048367 ], [ 73.0060768, 19.1048482 ], [ 73.0062943, 19.1049145 ], [ 73.0062943, 19.1049145 ], [ 73.0064235, 19.1044963 ] ], [ [ 73.0064235, 19.1044963 ], [ 73.0064659, 19.1043588 ] ], [ [ 73.0064659, 19.1043588 ], [ 73.0065685, 19.1040329 ] ], [ [ 73.0065685, 19.1040329 ], [ 73.0067419, 19.1034658 ], [ 73.0067608, 19.1034047 ] ], [ [ 73.0067608, 19.1034047 ], [ 73.0059323, 19.1031402 ] ], [ [ 73.0059323, 19.1031402 ], [ 73.0067608, 19.1034047 ], [ 73.0067608, 19.1034047 ], [ 73.0080773, 19.1037412 ] ], [ [ 73.0080773, 19.1037412 ], [ 73.0067608, 19.1034047 ], [ 73.0067608, 19.1034047 ], [ 73.0067419, 19.1034658 ], [ 73.0065685, 19.1040329 ], [ 73.0065685, 19.1040329 ], [ 73.0048819, 19.1036002 ], [ 73.0048819, 19.1036002 ], [ 73.0049326, 19.1034346 ] ], [ [ 73.0049326, 19.1034346 ], [ 73.0048819, 19.1036002 ] ], [ [ 73.0048819, 19.1036002 ], [ 73.0047425, 19.1040356 ] ], [ [ 73.0047425, 19.1040356 ], [ 73.0046879, 19.104208 ], [ 73.0041015, 19.1040446 ] ], [ [ 73.0041015, 19.1040446 ], [ 73.0043097, 19.1032587 ] ], [ [ 73.0043097, 19.1032587 ], [ 73.0046932, 19.1020454 ], [ 73.0046932, 19.1020454 ], [ 73.0041538, 19.1018969 ] ], [ [ 73.0041538, 19.1018969 ], [ 73.0046932, 19.1020454 ] ], [ [ 73.0046932, 19.1020454 ], [ 73.005051, 19.1009133 ] ], [ [ 73.005051, 19.1009133 ], [ 73.0056687, 19.1010971 ], [ 73.0056687, 19.1010971 ], [ 73.0053385, 19.1022284 ] ], [ [ 73.0053385, 19.1022284 ], [ 73.0066393, 19.1026452 ] ], [ [ 73.0066393, 19.1026452 ], [ 73.0067092, 19.1023658 ], [ 73.0067477, 19.1023408 ], [ 73.0068085, 19.1023468 ], [ 73.0070824, 19.1024108 ] ], [ [ 73.0070824, 19.1024108 ], [ 73.0071883, 19.1020673 ], [ 73.0072069, 19.1020068 ] ], [ [ 73.0072069, 19.1020068 ], [ 73.0071883, 19.1020673 ], [ 73.0070824, 19.1024108 ], [ 73.0070824, 19.1024108 ], [ 73.007462, 19.1025153 ], [ 73.0073657, 19.1028277 ] ], [ [ 73.0073657, 19.1028277 ], [ 73.0077661, 19.1029379 ], [ 73.0081577, 19.1030457 ], [ 73.0086807, 19.1031896 ] ], [ [ 73.0086807, 19.1031896 ], [ 73.0089909, 19.103275 ], [ 73.0093099, 19.1033628 ] ], [ [ 73.0093099, 19.1033628 ], [ 73.0089489, 19.1045288 ] ], [ [ 73.0089489, 19.1045288 ], [ 73.0086837, 19.1044555 ], [ 73.0083103, 19.1043807 ], [ 73.0083103, 19.1043807 ], [ 73.008245, 19.1045737 ], [ 73.008245, 19.1045737 ], [ 73.0081364, 19.1049631 ] ], [ [ 73.0081364, 19.1049631 ], [ 73.0080643, 19.1051664 ], [ 73.008698, 19.105339 ], [ 73.008798, 19.1050161 ], [ 73.008798, 19.1050161 ], [ 73.0092207, 19.1051452 ], [ 73.0092207, 19.1051452 ], [ 73.0099428, 19.1054988 ], [ 73.009731, 19.1062995 ], [ 73.009731, 19.1062995 ], [ 73.0095593, 19.1068412 ], [ 73.0095593, 19.1068412 ], [ 73.0099413, 19.1069532 ], [ 73.0099641, 19.1069747 ], [ 73.0099721, 19.1070052 ], [ 73.0099708, 19.1070419 ], [ 73.0096301, 19.1080303 ], [ 73.0096301, 19.1080303 ], [ 73.0095591, 19.1082838 ] ], [ [ 73.0095591, 19.1082838 ], [ 73.0096301, 19.1080303 ] ], [ [ 73.0096301, 19.1080303 ], [ 73.0092169, 19.1079213 ], [ 73.0092169, 19.1079213 ], [ 73.0093875, 19.1073832 ], [ 73.0093875, 19.1073832 ], [ 73.0096208, 19.107455 ] ], [ [ 73.0096208, 19.107455 ], [ 73.0093875, 19.1073832 ] ], [ [ 73.0093875, 19.1073832 ], [ 73.0095593, 19.1068412 ] ], [ [ 73.0095593, 19.1068412 ], [ 73.009731, 19.1062995 ] ], [ [ 73.009731, 19.1062995 ], [ 73.0089319, 19.1060734 ] ], [ [ 73.0089319, 19.1060734 ], [ 73.0092207, 19.1051452 ] ], [ [ 73.0092207, 19.1051452 ], [ 73.009481, 19.1043087 ] ], [ [ 73.009481, 19.1043087 ], [ 73.0104423, 19.1045691 ], [ 73.0106634, 19.104629 ], [ 73.0110099, 19.1047229 ], [ 73.0111746, 19.1047675 ], [ 73.0111974, 19.1047811 ], [ 73.011211, 19.1048026 ], [ 73.0112125, 19.1048277 ], [ 73.0107994, 19.1061754 ], [ 73.0107816, 19.1062246 ], [ 73.0107706, 19.1062676 ], [ 73.0107777, 19.1062856 ], [ 73.0108024, 19.1063043 ], [ 73.0108365, 19.1063197 ], [ 73.0109856, 19.1063604 ], [ 73.0109856, 19.1063604 ], [ 73.0109447, 19.106468 ], [ 73.0109447, 19.106468 ], [ 73.0111774, 19.1065541 ] ], [ [ 73.0111774, 19.1065541 ], [ 73.0112205, 19.106447 ], [ 73.0112205, 19.106447 ], [ 73.0113926, 19.1060016 ], [ 73.011516, 19.1056434 ], [ 73.0116664, 19.1051222 ], [ 73.0118425, 19.1045515 ], [ 73.0119365, 19.1041208 ] ], [ [ 73.0119365, 19.1041208 ], [ 73.0121563, 19.1034974 ], [ 73.012173, 19.10345 ], [ 73.0121916, 19.1033973 ], [ 73.0122118, 19.1033401 ], [ 73.0125164, 19.1024772 ], [ 73.0125816, 19.1023273 ], [ 73.013058, 19.1013049 ], [ 73.0135238, 19.1003499 ], [ 73.0137572, 19.099884 ], [ 73.0141066, 19.0993237 ], [ 73.014449, 19.0986921 ], [ 73.0145813, 19.098441 ], [ 73.0145813, 19.098441 ], [ 73.0148679, 19.0982682 ], [ 73.0148679, 19.0982682 ], [ 73.014864, 19.0982933 ], [ 73.014864, 19.0982933 ], [ 73.0145653, 19.0987507 ], [ 73.0143432, 19.0992072 ], [ 73.0139891, 19.0999033 ], [ 73.0137252, 19.1004007 ], [ 73.0137283, 19.1004578 ], [ 73.0137697, 19.100536 ], [ 73.0138175, 19.1005916 ], [ 73.0138175, 19.1005916 ], [ 73.0133975, 19.1014419 ], [ 73.0131484, 19.1017981 ], [ 73.0129663, 19.1020242 ], [ 73.0128357, 19.1022553 ], [ 73.0127374, 19.1024808 ], [ 73.012638, 19.1027086 ], [ 73.0125775, 19.102905 ], [ 73.0124188, 19.1034201 ], [ 73.0123794, 19.1035294 ], [ 73.0119921, 19.1046018 ], [ 73.0118173, 19.105205 ], [ 73.0115734, 19.1058964 ], [ 73.0113391, 19.1064925 ] ], [ [ 73.0113391, 19.1064925 ], [ 73.0112973, 19.1065989 ] ], [ [ 73.0112973, 19.1065989 ], [ 73.0113391, 19.1064925 ], [ 73.0113391, 19.1064925 ], [ 73.0112205, 19.106447 ] ], [ [ 73.0112205, 19.106447 ], [ 73.0109856, 19.1063604 ] ], [ [ 73.0109856, 19.1063604 ], [ 73.0109447, 19.106468 ] ], [ [ 73.0109447, 19.106468 ], [ 73.0108316, 19.1067426 ], [ 73.0106763, 19.1071817 ], [ 73.0100703, 19.109176 ], [ 73.0099874, 19.1096724 ] ], [ [ 73.0099874, 19.1096724 ], [ 73.0097645, 19.1103931 ], [ 73.0096021, 19.1109281 ], [ 73.0093869, 19.1116088 ] ], [ [ 73.0093869, 19.1116088 ], [ 73.0091415, 19.1123987 ], [ 73.0091415, 19.1123987 ], [ 73.0090585, 19.1126701 ], [ 73.0090585, 19.1126701 ], [ 73.0092786, 19.1127302 ], [ 73.0092786, 19.1127302 ], [ 73.0094388, 19.1127685 ], [ 73.0094388, 19.1127685 ], [ 73.0094039, 19.1129898 ] ], [ [ 73.0094039, 19.1129898 ], [ 73.0095539, 19.1128826 ], [ 73.0097059, 19.1128399 ] ], [ [ 73.0097059, 19.1128399 ], [ 73.011272, 19.1132477 ], [ 73.0115572, 19.1132874 ], [ 73.0116573, 19.1133013 ] ], [ [ 73.0116573, 19.1133013 ], [ 73.0126024, 19.1135024 ], [ 73.0126935, 19.1135218 ] ], [ [ 73.0126935, 19.1135218 ], [ 73.0131137, 19.1136487 ], [ 73.0131381, 19.1136526 ], [ 73.0131557, 19.1136554 ], [ 73.013504, 19.1137109 ], [ 73.0142761, 19.113834 ], [ 73.0143653, 19.1138483 ], [ 73.0143874, 19.1138518 ], [ 73.0148729, 19.1139292 ], [ 73.0156146, 19.114035 ], [ 73.0159695, 19.1140856 ], [ 73.0160349, 19.1140949 ], [ 73.0163881, 19.1141453 ], [ 73.0165065, 19.1141622 ], [ 73.0166681, 19.1141852 ], [ 73.0166681, 19.1141852 ], [ 73.0167098, 19.11394 ], [ 73.0167098, 19.11394 ], [ 73.0165415, 19.1139184 ], [ 73.0161352, 19.1138581 ], [ 73.0154351, 19.113751 ], [ 73.0148893, 19.1136687 ], [ 73.0148893, 19.1136687 ], [ 73.0148769, 19.1134058 ], [ 73.0148769, 19.1134058 ], [ 73.0148405, 19.1121672 ], [ 73.0148405, 19.1121672 ], [ 73.0145323, 19.1122499 ], [ 73.0145323, 19.1122499 ], [ 73.0143497, 19.1123495 ], [ 73.0141328, 19.112429 ], [ 73.0139169, 19.1124937 ], [ 73.0138641, 19.1124937 ], [ 73.0136378, 19.1125037 ] ], [ [ 73.0136378, 19.1125037 ], [ 73.0133934, 19.1124937 ], [ 73.0130415, 19.1124531 ], [ 73.0127411, 19.1124045 ], [ 73.012475, 19.1122423 ], [ 73.012166, 19.1120639 ], [ 73.0120887, 19.112026 ], [ 73.0119165, 19.1119415 ], [ 73.0117197, 19.1118449 ], [ 73.0112982, 19.1117747 ], [ 73.0112401, 19.111765 ], [ 73.0105266, 19.111634 ], [ 73.0102715, 19.1115592 ], [ 73.009813, 19.1114247 ] ], [ [ 73.009813, 19.1114247 ], [ 73.0096974, 19.1113908 ] ], [ [ 73.0096974, 19.1113908 ], [ 73.009813, 19.1114247 ], [ 73.009813, 19.1114247 ], [ 73.0095077, 19.1125015 ] ], [ [ 73.0095077, 19.1125015 ], [ 73.0093617, 19.1124588 ], [ 73.0093617, 19.1124588 ], [ 73.0091415, 19.1123987 ] ], [ [ 73.0091415, 19.1123987 ], [ 73.0090585, 19.1126701 ], [ 73.0090585, 19.1126701 ], [ 73.0088468, 19.1133492 ] ], [ [ 73.0088468, 19.1133492 ], [ 73.0085344, 19.1143617 ], [ 73.0084577, 19.1146035 ] ], [ [ 73.0084577, 19.1146035 ], [ 73.0083231, 19.1147959 ], [ 73.0082746, 19.1149383 ], [ 73.0082002, 19.1151576 ], [ 73.0081122, 19.1153965 ], [ 73.0080293, 19.1156504 ], [ 73.0079901, 19.1157519 ], [ 73.0079379, 19.1158869 ], [ 73.0077954, 19.1161983 ], [ 73.0076127, 19.1166012 ], [ 73.0075117, 19.116824 ], [ 73.0073425, 19.1172244 ], [ 73.0072753, 19.1173832 ], [ 73.0071173, 19.1177323 ], [ 73.0070634, 19.1178425 ], [ 73.0070204, 19.1179363 ], [ 73.0069923, 19.1179979 ], [ 73.0069127, 19.1181503 ], [ 73.0068513, 19.118271 ], [ 73.0066861, 19.1185957 ], [ 73.0065513, 19.1190351 ] ], [ [ 73.0065513, 19.1190351 ], [ 73.0065059, 19.1191715 ], [ 73.0058819, 19.1210489 ], [ 73.0058819, 19.1210489 ], [ 73.0057823, 19.1212332 ], [ 73.0054636, 19.1221989 ], [ 73.0052761, 19.1227819 ], [ 73.0051298, 19.1233173 ], [ 73.0049484, 19.124116 ], [ 73.0049182, 19.1242488 ], [ 73.0048957, 19.1243488 ], [ 73.0046621, 19.1253845 ], [ 73.0046621, 19.1253845 ], [ 73.0043741, 19.1266427 ], [ 73.0043741, 19.1266427 ], [ 73.0045636, 19.1266673 ], [ 73.0045636, 19.1266673 ], [ 73.0048384, 19.1254157 ], [ 73.0048384, 19.1254157 ], [ 73.0050766, 19.1243613 ], [ 73.0051298, 19.1241372 ], [ 73.0053232, 19.1233641 ], [ 73.0054779, 19.1228434 ], [ 73.0056688, 19.1222646 ], [ 73.0059819, 19.1212927 ], [ 73.0060114, 19.1210888 ], [ 73.0060114, 19.1210888 ], [ 73.0066204, 19.1192144 ], [ 73.0066628, 19.119074 ] ], [ [ 73.0066628, 19.119074 ], [ 73.0069023, 19.1186905 ], [ 73.0071264, 19.1182486 ], [ 73.0072081, 19.1180922 ], [ 73.0072805, 19.1179341 ], [ 73.0073345, 19.1178235 ], [ 73.0074949, 19.1174691 ], [ 73.0075625, 19.1173094 ], [ 73.0077378, 19.116912 ], [ 73.0080141, 19.1162861 ], [ 73.0081588, 19.1159701 ], [ 73.0082546, 19.115722 ], [ 73.008338, 19.1154665 ], [ 73.0084256, 19.1152289 ], [ 73.0084997, 19.1150105 ], [ 73.0085493, 19.1148647 ], [ 73.0085641, 19.1146329 ] ], [ [ 73.0085641, 19.1146329 ], [ 73.0086415, 19.1143911 ], [ 73.0097113, 19.1109591 ], [ 73.0100498, 19.1098462 ] ], [ [ 73.0100498, 19.1098462 ], [ 73.010094, 19.109699 ] ], [ [ 73.010094, 19.109699 ], [ 73.0103133, 19.1092434 ], [ 73.0109204, 19.1072563 ], [ 73.011073, 19.1068278 ], [ 73.011104, 19.1067454 ], [ 73.0111471, 19.106631 ], [ 73.0111774, 19.1065541 ] ], [ [ 73.0111774, 19.1065541 ], [ 73.0112205, 19.106447 ], [ 73.0112205, 19.106447 ], [ 73.0109856, 19.1063604 ] ], [ [ 73.0109856, 19.1063604 ], [ 73.0109447, 19.106468 ] ], [ [ 73.0109447, 19.106468 ], [ 73.0108316, 19.1067426 ], [ 73.0106763, 19.1071817 ], [ 73.0100703, 19.109176 ], [ 73.0099874, 19.1096724 ] ], [ [ 73.0099874, 19.1096724 ], [ 73.0097645, 19.1103931 ], [ 73.0096021, 19.1109281 ], [ 73.0093869, 19.1116088 ] ], [ [ 73.0093869, 19.1116088 ], [ 73.0091415, 19.1123987 ], [ 73.0091415, 19.1123987 ], [ 73.0090585, 19.1126701 ], [ 73.0090585, 19.1126701 ], [ 73.0092786, 19.1127302 ], [ 73.0092786, 19.1127302 ], [ 73.0094388, 19.1127685 ], [ 73.0094388, 19.1127685 ], [ 73.0097059, 19.1128399 ] ], [ [ 73.0097059, 19.1128399 ], [ 73.011272, 19.1132477 ], [ 73.0115572, 19.1132874 ], [ 73.0116573, 19.1133013 ] ] ] } },
{ "type": "Feature", "properties": { "point_ids": [ 7765, 1272, 1519, 2190, 2940, 5155, 6736, 9342, 2224, 9751, 5524, 3879, 8866, 607, 1796, 8772, 9607, 22, 748, 8870, 706, 6858, 6591, 5300, 4770, 568, 8092 ], "length_m": 10030.930002189669, "travel_time_min": 15.721976192478023, "n_points": 27, "route_id": 24, "cluster_id": 4 }, "geometry": { "type": "MultiLineString", "coordinates": [ [ [ 73.0116573, 19.1133013 ], [ 73.0126024, 19.1135024 ], [ 73.0126935, 19.1135218 ], [ 73.0126935, 19.1135218 ], [ 73.0131137, 19.1136487 ], [ 73.0131381, 19.1136526 ], [ 73.0131557, 19.1136554 ], [ 73.013504, 19.1137109 ], [ 73.0142761, 19.113834 ], [ 73.0143653, 19.1138483 ], [ 73.0143874, 19.1138518 ], [ 73.0148729, 19.1139292 ], [ 73.0156146, 19.114035 ], [ 73.0159695, 19.1140856 ], [ 73.0160349, 19.1140949 ], [ 73.0163881, 19.1141453 ], [ 73.0165065, 19.1141622 ], [ 73.0166681, 19.1141852 ], [ 73.0166681, 19.1141852 ], [ 73.0167098, 19.11394 ], [ 73.0167098, 19.11394 ], [ 73.0165415, 19.1139184 ], [ 73.0161352, 19.1138581 ], [ 73.0154351, 19.113751 ], [ 73.0148893, 19.1136687 ], [ 73.0148893, 19.1136687 ], [ 73.0143522, 19.1135882 ], [ 73.0138037, 19.1134984 ], [ 73.0131719, 19.1133832 ], [ 73.0127345, 19.11335 ], [ 73.0127345, 19.11335 ], [ 73.0116982, 19.1131295 ] ], [ [ 73.0116982, 19.1131295 ], [ 73.0113253, 19.1130808 ], [ 73.0080251, 19.1122148 ], [ 73.0047481, 19.1113441 ], [ 73.0045281, 19.1112528 ] ], [ [ 73.0045281, 19.1112528 ], [ 73.0043385, 19.1112034 ], [ 73.0043385, 19.1112034 ], [ 73.0040002, 19.1111125 ], [ 73.003748, 19.1110448 ], [ 73.0016734, 19.1104874 ], [ 73.0015111, 19.1104608 ], [ 73.0015111, 19.1104608 ], [ 73.0014956, 19.1104394 ], [ 73.0014956, 19.1104394 ], [ 73.001492, 19.1104368 ], [ 73.0014795, 19.1104276 ], [ 73.0014655, 19.1104205 ], [ 73.0014504, 19.1104159 ], [ 73.0014346, 19.1104138 ], [ 73.0014187, 19.1104143 ], [ 73.0014031, 19.1104174 ], [ 73.0013939, 19.1104213 ] ], [ [ 73.0013939, 19.1104213 ], [ 73.0013749, 19.1104309 ], [ 73.001363, 19.110441 ], [ 73.0013532, 19.1104528 ], [ 73.0013457, 19.1104661 ], [ 73.0013408, 19.1104804 ], [ 73.0013408, 19.1104804 ], [ 73.0012922, 19.1104658 ] ], [ [ 73.0012922, 19.1104658 ], [ 73.0006953, 19.110304 ], [ 73.0006953, 19.110304 ], [ 72.9995934, 19.1100028 ] ], [ [ 72.9995934, 19.1100028 ], [ 72.9985834, 19.1097267 ], [ 72.9985834, 19.1097267 ], [ 72.9980638, 19.1095847 ], [ 72.9980031, 19.1095632 ], [ 72.9979636, 19.1095288 ], [ 72.9979424, 19.1094886 ], [ 72.9977533, 19.1088174 ], [ 72.9977533, 19.1088174 ], [ 72.9975424, 19.1081297 ] ], [ [ 72.9975424, 19.1081297 ], [ 72.9973578, 19.1076933 ], [ 72.9973578, 19.1076933 ], [ 72.9971112, 19.1071414 ] ], [ [ 72.9971112, 19.1071414 ], [ 72.997037, 19.1069839 ], [ 72.9969838, 19.106842 ], [ 72.9969538, 19.1066903 ], [ 72.9969183, 19.106493 ], [ 72.9968639, 19.1048451 ] ], [ [ 72.9968639, 19.1048451 ], [ 72.9968587, 19.1046892 ], [ 72.9967944, 19.104319 ], [ 72.9966196, 19.1036574 ] ], [ [ 72.9966196, 19.1036574 ], [ 72.9964919, 19.1031739 ] ], [ [ 72.9964919, 19.1031739 ], [ 72.9977238, 19.1029246 ], [ 72.9977238, 19.1029246 ], [ 72.9979948, 19.1019114 ], [ 72.9980292, 19.1017829 ], [ 72.9980858, 19.1015714 ], [ 72.9984576, 19.1003165 ] ], [ [ 72.9984576, 19.1003165 ], [ 72.9989706, 19.0986714 ], [ 72.9989706, 19.0986714 ], [ 72.9992789, 19.0977526 ], [ 72.9992789, 19.0977526 ], [ 72.9978754, 19.0973778 ], [ 72.9978754, 19.0973778 ], [ 72.9979954, 19.0979802 ], [ 72.997992, 19.098019 ], [ 72.9979733, 19.0980507 ], [ 72.9979357, 19.098071 ], [ 72.9976594, 19.0981356 ] ], [ [ 72.9976594, 19.0981356 ], [ 72.9979357, 19.098071 ], [ 72.9979733, 19.0980507 ], [ 72.997992, 19.098019 ], [ 72.9979954, 19.0979802 ], [ 72.9978754, 19.0973778 ], [ 72.9978754, 19.0973778 ], [ 72.9992789, 19.0977526 ], [ 72.9992789, 19.0977526 ], [ 72.9995476, 19.0978288 ], [ 72.9997765, 19.0978937 ], [ 72.9997765, 19.0978937 ], [ 73.0013851, 19.0983499 ], [ 73.0013851, 19.0983499 ], [ 73.0017174, 19.0984442 ], [ 73.0020672, 19.0985434 ], [ 73.0020672, 19.0985434 ], [ 73.0034435, 19.0989336 ], [ 73.0034435, 19.0989336 ], [ 73.0037443, 19.0990188 ], [ 73.0043618, 19.0991956 ], [ 73.0043618, 19.0991956 ], [ 73.0045076, 19.0992301 ], [ 73.0045076, 19.0992301 ], [ 73.0045853, 19.0992798 ], [ 73.0047329, 19.099324 ], [ 73.0047329, 19.099324 ], [ 73.0047353, 19.0993481 ], [ 73.004742, 19.0993714 ], [ 73.004753, 19.0993933 ], [ 73.0047727, 19.0994143 ], [ 73.0047727, 19.0994143 ], [ 73.0047861, 19.09943 ], [ 73.0048071, 19.0994437 ], [ 73.0048304, 19.0994538 ], [ 73.0048551, 19.0994599 ], [ 73.0048806, 19.0994618 ], [ 73.0049061, 19.0994595 ], [ 73.0049221, 19.0994582 ], [ 73.0049221, 19.0994582 ], [ 73.0049592, 19.0994396 ], [ 73.0049839, 19.0994206 ], [ 73.0049839, 19.0994206 ], [ 73.0050037, 19.099397 ], [ 73.005025, 19.0993407 ], [ 73.005025, 19.0993407 ], [ 73.0050256, 19.0993106 ], [ 73.0050192, 19.0992811 ], [ 73.0050063, 19.0992536 ], [ 73.0050063, 19.0992536 ], [ 73.0050538, 19.098988 ], [ 73.0055967, 19.097346 ], [ 73.0055967, 19.097346 ], [ 73.0057204, 19.0969142 ], [ 73.0057355, 19.0968613 ], [ 73.005762, 19.0967686 ], [ 73.0057917, 19.0966146 ], [ 73.0057917, 19.0966146 ], [ 73.0058182, 19.0964736 ], [ 73.0058443, 19.0962647 ], [ 73.0058509, 19.0961857 ], [ 73.0058514, 19.0961797 ], [ 73.0058642, 19.0960249 ], [ 73.0058688, 19.0958225 ], [ 73.0058704, 19.0957524 ], [ 73.0058673, 19.0955083 ], [ 73.0058555, 19.0952875 ], [ 73.0058555, 19.0952875 ], [ 73.0057786, 19.0944161 ], [ 73.0057362, 19.0939355 ], [ 73.0057334, 19.0939076 ], [ 73.0057003, 19.0935804 ], [ 73.0056927, 19.0935049 ], [ 73.0056387, 19.0929888 ], [ 73.0056341, 19.0929133 ], [ 73.0056011, 19.0923812 ], [ 73.0055611, 19.0917336 ], [ 73.0055168, 19.0910179 ], [ 73.0055076, 19.0907796 ], [ 73.0055069, 19.0906412 ], [ 73.0055132, 19.0905426 ], [ 73.005529, 19.090444 ], [ 73.005529, 19.090444 ], [ 73.0055974, 19.0903973 ], [ 73.005673, 19.0903528 ], [ 73.0060608, 19.0901254 ], [ 73.0060608, 19.0901254 ], [ 73.0063823, 19.0899354 ], [ 73.0069965, 19.0895724 ], [ 73.0072283, 19.0894354 ], [ 73.0072283, 19.0894354 ], [ 73.0082961, 19.0888055 ], [ 73.0082961, 19.0888055 ], [ 73.0090757, 19.0883435 ], [ 73.0090757, 19.0883435 ], [ 73.0094197, 19.0888664 ], [ 73.0094197, 19.0888664 ], [ 73.0104089, 19.09037 ], [ 73.0106462, 19.0906731 ], [ 73.0109105, 19.0909354 ], [ 73.0111639, 19.091137 ], [ 73.0115842, 19.0913628 ], [ 73.0118915, 19.0914655 ], [ 73.0118915, 19.0914655 ], [ 73.011946, 19.0914837 ], [ 73.0123094, 19.0915739 ], [ 73.0123094, 19.0915739 ], [ 73.012485, 19.0915922 ], [ 73.012485, 19.0915922 ], [ 73.0128186, 19.0915802 ], [ 73.0133877, 19.0915643 ], [ 73.0167356, 19.0913551 ], [ 73.0169961, 19.0913502 ], [ 73.0171526, 19.0914023 ], [ 73.0173005, 19.0914874 ], [ 73.0173979, 19.0915754 ], [ 73.0174787, 19.0916864 ], [ 73.0175387, 19.0917988 ], [ 73.0175801, 19.0919132 ], [ 73.0175925, 19.0920124 ], [ 73.017586, 19.0921378 ], [ 73.017568, 19.092239 ], [ 73.0169365, 19.0943221 ], [ 73.0167143, 19.0949653 ], [ 73.0167143, 19.0949653 ], [ 73.0164879, 19.0956508 ], [ 73.0164193, 19.0958377 ], [ 73.016322, 19.096023 ], [ 73.0162112, 19.0962003 ], [ 73.0160396, 19.0964284 ], [ 73.0157611, 19.0967479 ], [ 73.0146204, 19.0980704 ], [ 73.0145528, 19.0981994 ], [ 73.0145528, 19.0981994 ], [ 73.0143269, 19.0986305 ], [ 73.0139814, 19.0992722 ], [ 73.0136335, 19.0998458 ], [ 73.0134006, 19.1003238 ], [ 73.0124766, 19.102285 ], [ 73.0124669, 19.1023073 ], [ 73.0124097, 19.1024388 ], [ 73.0118275, 19.1040889 ] ], [ [ 73.0118275, 19.1040889 ], [ 73.0116164, 19.104486 ], [ 73.0114424, 19.1050505 ], [ 73.0112856, 19.1055786 ], [ 73.0111688, 19.1059163 ], [ 73.0109856, 19.1063604 ], [ 73.0109856, 19.1063604 ], [ 73.0108365, 19.1063197 ], [ 73.0108024, 19.1063043 ], [ 73.0107777, 19.1062856 ], [ 73.0107706, 19.1062676 ], [ 73.0107816, 19.1062246 ], [ 73.0107994, 19.1061754 ], [ 73.0112125, 19.1048277 ], [ 73.011211, 19.1048026 ], [ 73.0111974, 19.1047811 ], [ 73.0111746, 19.1047675 ], [ 73.0110099, 19.1047229 ], [ 73.0106634, 19.104629 ], [ 73.0104423, 19.1045691 ], [ 73.009481, 19.1043087 ], [ 73.009481, 19.1043087 ], [ 73.0092207, 19.1051452 ] ] ] } },
{ "type": "Feature", "properties": { "point_ids": [ 16, 9943, 9216, 8255, 6724, 6338, 4318, 4108, 3776, 3092, 1195, 726, 395, 8823, 8139, 7937, 7445, 7111, 5222, 4940, 4777, 914, 541, 6637, 3951, 3304, 2945, 1980, 4842, 9976, 9255, 4828, 4130, 4066, 2609, 400, 4791, 2612, 5680, 7663, 5662, 5382, 512, 9871, 8228, 7692, 4143, 3918, 1660, 3472, 7666, 7606, 2597, 2296, 6854, 6151, 4588, 1616, 1276, 5531, 5118, 4106, 3778, 2124, 6587, 658, 371, 8477, 1615, 812, 9582, 9948, 1717, 5582, 7038, 9240, 826, 7294, 6068, 7192, 6390, 9911, 8970, 4522, 2898, 1578, 800, 5983, 5853, 4571, 5562, 2102, 7924, 3897, 3821, 9905, 4784, 2910, 8329, 6219, 5659, 6901, 4676, 9856, 9643, 2881, 2191, 1544, 1402, 9569, 3578, 894, 6966, 1171, 8348, 8050, 7614, 6912, 5750, 5387, 3223, 2650, 9330, 8211, 8172, 6331, 6310, 6035, 6009, 4370, 2795, 206, 130, 2368, 2377, 4119, 9664, 464, 9808, 2148, 7568, 1023, 8527, 9668, 9295, 8606, 6583, 5760, 8411, 7323, 4496, 4013, 3946, 9633, 1664, 2493, 5338, 6669, 7587, 4035, 4479, 4968, 5553, 9464, 8696, 7139, 5672, 5423, 4606, 4142, 3335, 296, 7597, 6852, 1883, 8031, 2099, 9651, 9082, 5850, 4226, 3487, 300, 6433, 3211, 1476, 9154, 2092, 7462, 5701, 5389, 9560, 9612, 4455, 7509, 501, 8366, 7578, 2921, 8391, 8234 ], "length_m": 18820.588647914774, "travel_time_min": 33.708995226261365, "n_points": 201, "route_id": 25, "cluster_id": 5 }, "geometry": { "type": "MultiLineString", "coordinates": [ [ [ 73.0238647, 19.091812 ], [ 73.0253833, 19.0920653 ] ], [ [ 73.0253833, 19.0920653 ], [ 73.0257616, 19.0921284 ], [ 73.0261306, 19.0921851 ] ], [ [ 73.0261306, 19.0921851 ], [ 73.0269806, 19.0923054 ] ], [ [ 73.0269806, 19.0923054 ], [ 73.0270857, 19.0923134 ] ], [ [ 73.0270857, 19.0923134 ], [ 73.0272766, 19.0912215 ] ], [ [ 73.0272766, 19.0912215 ], [ 73.0273465, 19.090822 ], [ 73.0274552, 19.0901252 ] ], [ [ 73.0274552, 19.0901252 ], [ 73.0275718, 19.0892914 ] ], [ [ 73.0275718, 19.0892914 ], [ 73.0277624, 19.0893104 ], [ 73.0277624, 19.0893104 ], [ 73.0277819, 19.0892008 ] ], [ [ 73.0277819, 19.0892008 ], [ 73.0279813, 19.0880632 ] ], [ [ 73.0279813, 19.0880632 ], [ 73.028088, 19.0873412 ] ], [ [ 73.028088, 19.0873412 ], [ 73.0281936, 19.0866052 ], [ 73.0282118, 19.086237 ] ], [ [ 73.0282118, 19.086237 ], [ 73.0281401, 19.0856945 ], [ 73.0280865, 19.0854231 ] ], [ [ 73.0280865, 19.0854231 ], [ 73.0276769, 19.084351 ] ], [ [ 73.0276769, 19.084351 ], [ 73.0272972, 19.0834264 ] ], [ [ 73.0272972, 19.0834264 ], [ 73.0276769, 19.084351 ] ], [ [ 73.0276769, 19.084351 ], [ 73.0278229, 19.0843142 ], [ 73.0296821, 19.0842682 ] ], [ [ 73.0296821, 19.0842682 ], [ 73.0296943, 19.0853285 ] ], [ [ 73.0296943, 19.0853285 ], [ 73.0297235, 19.0862116 ] ], [ [ 73.0297235, 19.0862116 ], [ 73.0297284, 19.0865565 ], [ 73.0297334, 19.0867068 ] ], [ [ 73.0297334, 19.0867068 ], [ 73.0297527, 19.0872875 ] ], [ [ 73.0297527, 19.0872875 ], [ 73.0301141, 19.0872485 ], [ 73.0304273, 19.0872387 ], [ 73.0305064, 19.0873038 ], [ 73.0305443, 19.0874696 ], [ 73.0305581, 19.087964 ], [ 73.03057, 19.088335 ], [ 73.0305856, 19.0888193 ], [ 73.0306104, 19.089638 ] ], [ [ 73.0306104, 19.089638 ], [ 73.0306141, 19.0897602 ], [ 73.0306141, 19.0897602 ], [ 73.0307525, 19.0898372 ], [ 73.0308339, 19.0899365 ], [ 73.0309674, 19.0903927 ], [ 73.0309674, 19.0903927 ], [ 73.0310654, 19.0903564 ] ], [ [ 73.0310654, 19.0903564 ], [ 73.0309674, 19.0903927 ] ], [ [ 73.0309674, 19.0903927 ], [ 73.0310986, 19.0908627 ], [ 73.0311259, 19.0909636 ], [ 73.0312407, 19.0913872 ], [ 73.031393, 19.0919074 ], [ 73.0314905, 19.0922855 ], [ 73.0314905, 19.0922855 ], [ 73.0317828, 19.0932657 ], [ 73.0318355, 19.0934749 ] ], [ [ 73.0318355, 19.0934749 ], [ 73.0320028, 19.0941738 ] ], [ [ 73.0320028, 19.0941738 ], [ 73.0320731, 19.0943828 ], [ 73.0322609, 19.0949413 ], [ 73.0324537, 19.0957284 ], [ 73.03255, 19.0960731 ], [ 73.0325156, 19.0963593 ], [ 73.0322609, 19.0971983 ], [ 73.0322347, 19.0972919 ], [ 73.032114, 19.0977227 ], [ 73.0320751, 19.0978618 ], [ 73.0319189, 19.0982877 ], [ 73.0318953, 19.0983384 ], [ 73.0319033, 19.0984116 ] ], [ [ 73.0319033, 19.0984116 ], [ 73.0319696, 19.0983657 ], [ 73.0320043, 19.0982915 ], [ 73.032047, 19.0981687 ], [ 73.032221, 19.0977174 ], [ 73.0323847, 19.0971471 ], [ 73.0325443, 19.096587 ], [ 73.0326314, 19.0962258 ], [ 73.0326569, 19.0961396 ], [ 73.0326596, 19.0960408 ], [ 73.0326448, 19.0959141 ], [ 73.0325805, 19.0956859 ], [ 73.0324396, 19.0951866 ], [ 73.0322814, 19.0946176 ], [ 73.032175, 19.0942852 ], [ 73.0321206, 19.0941656 ], [ 73.0321206, 19.0941656 ], [ 73.0320936, 19.094046 ], [ 73.0320145, 19.0937508 ], [ 73.0318496, 19.0932083 ], [ 73.0316739, 19.0925696 ], [ 73.031588, 19.092268 ], [ 73.031588, 19.092268 ], [ 73.0314905, 19.0922855 ], [ 73.0314905, 19.0922855 ], [ 73.0317828, 19.0932657 ], [ 73.0318355, 19.0934749 ], [ 73.0318355, 19.0934749 ], [ 73.0313443, 19.0935906 ], [ 73.0307128, 19.0937566 ] ], [ [ 73.0307128, 19.0937566 ], [ 73.0309367, 19.0945845 ], [ 73.0311119, 19.095164 ], [ 73.0314831, 19.0965952 ] ], [ [ 73.0314831, 19.0965952 ], [ 73.0311119, 19.095164 ], [ 73.0309367, 19.0945845 ], [ 73.0307128, 19.0937566 ], [ 73.0307128, 19.0937566 ], [ 73.0304354, 19.0927493 ], [ 73.0301726, 19.0919123 ], [ 73.0299195, 19.0910614 ], [ 73.0297832, 19.0904911 ], [ 73.0297005, 19.0899989 ], [ 73.0297053, 19.0897827 ], [ 73.0297048, 19.0896104 ] ], [ [ 73.0297048, 19.0896104 ], [ 73.0298402, 19.0896351 ], [ 73.0298402, 19.0896351 ], [ 73.0298368, 19.0895357 ] ], [ [ 73.0298368, 19.0895357 ], [ 73.0297906, 19.0881916 ], [ 73.029783, 19.0880092 ] ], [ [ 73.029783, 19.0880092 ], [ 73.0297527, 19.0872875 ], [ 73.0297527, 19.0872875 ], [ 73.0297334, 19.0867068 ], [ 73.0297334, 19.0867068 ], [ 73.0303844, 19.0866282 ] ], [ [ 73.0303844, 19.0866282 ], [ 73.0297334, 19.0867068 ], [ 73.0297334, 19.0867068 ], [ 73.0297284, 19.0865565 ], [ 73.0297235, 19.0862116 ], [ 73.0297235, 19.0862116 ], [ 73.0286771, 19.0862346 ], [ 73.0282118, 19.086237 ] ], [ [ 73.0282118, 19.086237 ], [ 73.0280417, 19.0862023 ], [ 73.0280417, 19.0862023 ], [ 73.0280508, 19.0860241 ], [ 73.0279312, 19.0855199 ], [ 73.0273374, 19.0839577 ] ], [ [ 73.0273374, 19.0839577 ], [ 73.0272403, 19.0839924 ] ], [ [ 73.0272403, 19.0839924 ], [ 73.0270583, 19.0840574 ], [ 73.0268344, 19.0841034 ], [ 73.0265668, 19.084108 ], [ 73.0259048, 19.084039 ], [ 73.0237884, 19.0837896 ] ], [ [ 73.0237884, 19.0837896 ], [ 73.0234512, 19.0847897 ], [ 73.0234184, 19.0848868 ], [ 73.0233608, 19.0850576 ], [ 73.023172, 19.0856176 ], [ 73.023172, 19.0856176 ], [ 73.0220621, 19.0854873 ], [ 73.0220097, 19.0854811 ] ], [ [ 73.0220097, 19.0854811 ], [ 73.0220133, 19.0855851 ] ], [ [ 73.0220133, 19.0855851 ], [ 73.0220838, 19.0862562 ], [ 73.0221422, 19.0867438 ], [ 73.0222396, 19.0869001 ] ], [ [ 73.0222396, 19.0869001 ], [ 73.0219927, 19.0874854 ] ], [ [ 73.0219927, 19.0874854 ], [ 73.0225476, 19.0875222 ], [ 73.0229271, 19.0876095 ], [ 73.0229774, 19.08766 ], [ 73.0229952, 19.0877223 ], [ 73.0229983, 19.0880249 ], [ 73.0230439, 19.0882378 ], [ 73.0231387, 19.0883833 ] ], [ [ 73.0231387, 19.0883833 ], [ 73.0221853, 19.0891836 ] ], [ [ 73.0221853, 19.0891836 ], [ 73.0226524, 19.0895745 ], [ 73.0228067, 19.0897416 ], [ 73.0228067, 19.0897416 ], [ 73.0230515, 19.0900068 ], [ 73.0236453, 19.090476 ] ], [ [ 73.0236453, 19.090476 ], [ 73.0230515, 19.0900068 ], [ 73.0228067, 19.0897416 ] ], [ [ 73.0228067, 19.0897416 ], [ 73.0220407, 19.0905013 ] ], [ [ 73.0220407, 19.0905013 ], [ 73.0228067, 19.0897416 ] ], [ [ 73.0228067, 19.0897416 ], [ 73.0226524, 19.0895745 ], [ 73.0221853, 19.0891836 ] ], [ [ 73.0221853, 19.0891836 ], [ 73.0218523, 19.0894631 ], [ 73.0217652, 19.0895269 ], [ 73.0217652, 19.0895269 ], [ 73.0216418, 19.0894834 ], [ 73.0215741, 19.0894823 ], [ 73.0215105, 19.089489 ], [ 73.0213284, 19.0895607 ], [ 73.0211862, 19.0895875 ], [ 73.0210933, 19.0895895 ], [ 73.0210005, 19.0895915 ] ], [ [ 73.0210005, 19.0895915 ], [ 73.0210633, 19.0893558 ], [ 73.0211147, 19.0893382 ], [ 73.021118, 19.089322 ], [ 73.0211234, 19.0891971 ], [ 73.0211163, 19.0890705 ], [ 73.0211165, 19.0890213 ], [ 73.0211188, 19.088975 ], [ 73.0211969, 19.0888992 ], [ 73.021232, 19.0887929 ], [ 73.0211599, 19.0887387 ], [ 73.0211987, 19.0886911 ], [ 73.0212291, 19.088424 ], [ 73.0212411, 19.0883553 ] ], [ [ 73.0212411, 19.0883553 ], [ 73.0212291, 19.088424 ], [ 73.0211987, 19.0886911 ], [ 73.0211599, 19.0887387 ], [ 73.021232, 19.0887929 ], [ 73.0211969, 19.0888992 ], [ 73.0211188, 19.088975 ], [ 73.0211165, 19.0890213 ], [ 73.0211163, 19.0890705 ], [ 73.0211234, 19.0891971 ], [ 73.021118, 19.089322 ], [ 73.0211147, 19.0893382 ], [ 73.0210633, 19.0893558 ], [ 73.0210005, 19.0895915 ] ], [ [ 73.0210005, 19.0895915 ], [ 73.0209914, 19.089633 ], [ 73.0209232, 19.0897342 ], [ 73.0208624, 19.0898492 ], [ 73.0208527, 19.0899343 ], [ 73.020907, 19.0901553 ] ], [ [ 73.020907, 19.0901553 ], [ 73.0198923, 19.0908982 ], [ 73.0197963, 19.0909685 ], [ 73.0195412, 19.0909877 ], [ 73.0187613, 19.0910504 ], [ 73.0187613, 19.0910504 ], [ 73.017975, 19.0911056 ] ], [ [ 73.017975, 19.0911056 ], [ 73.0177705, 19.091121 ] ], [ [ 73.0177705, 19.091121 ], [ 73.017975, 19.0911056 ] ], [ [ 73.017975, 19.0911056 ], [ 73.0179398, 19.0908101 ], [ 73.0178349, 19.0899475 ], [ 73.01778, 19.0894969 ], [ 73.0177649, 19.0893725 ] ], [ [ 73.0177649, 19.0893725 ], [ 73.0176508, 19.0883644 ] ], [ [ 73.0176508, 19.0883644 ], [ 73.017631, 19.0880163 ], [ 73.0176166, 19.0877636 ], [ 73.017535, 19.0870465 ], [ 73.0173806, 19.085732 ], [ 73.0173442, 19.0854001 ] ], [ [ 73.0173442, 19.0854001 ], [ 73.0173326, 19.085295 ] ], [ [ 73.0173326, 19.085295 ], [ 73.017152, 19.0853157 ] ], [ [ 73.017152, 19.0853157 ], [ 73.0171631, 19.0854222 ] ], [ [ 73.0171631, 19.0854222 ], [ 73.0171885, 19.0856666 ], [ 73.0173509, 19.0870692 ], [ 73.0174342, 19.0877816 ] ], [ [ 73.0174342, 19.0877816 ], [ 73.0175552, 19.0883694 ], [ 73.0178005, 19.0904612 ], [ 73.0178145, 19.0905886 ], [ 73.0178202, 19.0906461 ], [ 73.0178206, 19.090718 ], [ 73.0178126, 19.0907779 ], [ 73.0177926, 19.0908433 ], [ 73.0177349, 19.0909456 ], [ 73.0176494, 19.0910445 ], [ 73.017548, 19.09113 ], [ 73.0174272, 19.0911961 ], [ 73.017304, 19.0912375 ], [ 73.017191, 19.0912543 ], [ 73.0170025, 19.0912645 ] ], [ [ 73.0170025, 19.0912645 ], [ 73.0167335, 19.0912718 ], [ 73.0133811, 19.0914837 ], [ 73.0128127, 19.0914996 ], [ 73.012486, 19.0914556 ], [ 73.012486, 19.0914556 ], [ 73.0123039, 19.0914344 ], [ 73.011932, 19.0913456 ], [ 73.011932, 19.0913456 ], [ 73.0118915, 19.0914655 ], [ 73.0118915, 19.0914655 ], [ 73.011946, 19.0914837 ], [ 73.0123094, 19.0915739 ], [ 73.0123094, 19.0915739 ], [ 73.012485, 19.0915922 ], [ 73.012485, 19.0915922 ], [ 73.0128317, 19.0916635 ], [ 73.0161073, 19.0914706 ], [ 73.0161073, 19.0914706 ], [ 73.0160956, 19.0912329 ], [ 73.0160956, 19.0912329 ], [ 73.016089, 19.0910984 ] ], [ [ 73.016089, 19.0910984 ], [ 73.01612, 19.0910008 ], [ 73.0160381, 19.0897285 ], [ 73.0160264, 19.0896515 ], [ 73.0159853, 19.0895719 ], [ 73.0156804, 19.0891804 ], [ 73.0152763, 19.0886615 ] ], [ [ 73.0152763, 19.0886615 ], [ 73.0152125, 19.0886997 ], [ 73.0152125, 19.0886997 ], [ 73.0159183, 19.0896162 ], [ 73.0159474, 19.0896717 ], [ 73.0159565, 19.0897331 ], [ 73.0160097, 19.0905602 ], [ 73.0160097, 19.0905602 ], [ 73.0160222, 19.0907532 ], [ 73.0160384, 19.0910055 ], [ 73.016089, 19.0910984 ], [ 73.016089, 19.0910984 ], [ 73.0160956, 19.0912329 ], [ 73.0160956, 19.0912329 ], [ 73.0148815, 19.091306 ], [ 73.0148815, 19.091306 ], [ 73.0128066, 19.0914226 ], [ 73.012486, 19.0914556 ], [ 73.012486, 19.0914556 ], [ 73.0123039, 19.0914344 ], [ 73.011932, 19.0913456 ], [ 73.011932, 19.0913456 ], [ 73.0118915, 19.0914655 ], [ 73.0118915, 19.0914655 ], [ 73.0118958, 19.0915016 ], [ 73.011911, 19.0915573 ], [ 73.0119313, 19.0916158 ], [ 73.0120483, 19.0918627 ], [ 73.0120752, 19.0919216 ], [ 73.0120752, 19.0919216 ], [ 73.0121042, 19.0919933 ], [ 73.0121268, 19.092065 ], [ 73.0122254, 19.09258 ], [ 73.0122335, 19.0926254 ], [ 73.0122335, 19.0926254 ], [ 73.0124242, 19.0925929 ], [ 73.0124365, 19.0925922 ], [ 73.014889, 19.0924553 ], [ 73.014889, 19.0924553 ], [ 73.0148984, 19.0925657 ], [ 73.0148984, 19.0925657 ], [ 73.0149817, 19.0935359 ], [ 73.0149817, 19.0935359 ], [ 73.015196, 19.0935241 ], [ 73.0157878, 19.0934915 ] ], [ [ 73.0157878, 19.0934915 ], [ 73.0160128, 19.0926257 ] ], [ [ 73.0160128, 19.0926257 ], [ 73.0160031, 19.0925904 ], [ 73.0159952, 19.092572 ], [ 73.0159842, 19.0925529 ], [ 73.01597, 19.0925354 ], [ 73.0159553, 19.0925239 ], [ 73.0159374, 19.0925138 ], [ 73.0159163, 19.0925089 ], [ 73.0153126, 19.0925426 ], [ 73.0153126, 19.0925426 ], [ 73.0148984, 19.0925657 ], [ 73.0148984, 19.0925657 ], [ 73.014889, 19.0924553 ], [ 73.014889, 19.0924553 ], [ 73.0124365, 19.0925922 ], [ 73.0124242, 19.0925929 ], [ 73.0122335, 19.0926254 ], [ 73.0122335, 19.0926254 ], [ 73.0122254, 19.09258 ], [ 73.0121268, 19.092065 ], [ 73.0121042, 19.0919933 ], [ 73.0120752, 19.0919216 ], [ 73.0120752, 19.0919216 ], [ 73.0120786, 19.0918566 ], [ 73.0120781, 19.0918045 ], [ 73.0120837, 19.0917531 ], [ 73.012097, 19.091712 ], [ 73.0121217, 19.091667 ], [ 73.0121538, 19.0916289 ], [ 73.012197, 19.0916028 ], [ 73.0122453, 19.0915843 ], [ 73.0123094, 19.0915739 ], [ 73.0123094, 19.0915739 ], [ 73.012485, 19.0915922 ], [ 73.012485, 19.0915922 ], [ 73.0128186, 19.0915802 ], [ 73.0133877, 19.0915643 ], [ 73.0167356, 19.0913551 ], [ 73.0169961, 19.0913502 ], [ 73.0171526, 19.0914023 ], [ 73.0173005, 19.0914874 ], [ 73.0173979, 19.0915754 ], [ 73.0174787, 19.0916864 ], [ 73.0175387, 19.0917988 ], [ 73.0175801, 19.0919132 ], [ 73.0175925, 19.0920124 ], [ 73.017586, 19.0921378 ], [ 73.017568, 19.092239 ], [ 73.0169365, 19.0943221 ], [ 73.0167143, 19.0949653 ], [ 73.0167143, 19.0949653 ], [ 73.0164879, 19.0956508 ], [ 73.0164193, 19.0958377 ], [ 73.016322, 19.096023 ], [ 73.0162112, 19.0962003 ], [ 73.0160396, 19.0964284 ], [ 73.0157611, 19.0967479 ], [ 73.0146204, 19.0980704 ], [ 73.0145528, 19.0981994 ], [ 73.0145528, 19.0981994 ], [ 73.0142042, 19.0985687 ], [ 73.0138537, 19.0992273 ], [ 73.0137147, 19.0994333 ], [ 73.0135138, 19.0996432 ], [ 73.0133247, 19.099815 ], [ 73.0132715, 19.0998846 ], [ 73.0132122, 19.0999787 ], [ 73.0131872, 19.1000499 ], [ 73.0131717, 19.1001338 ], [ 73.0131745, 19.1002062 ], [ 73.0131984, 19.1002919 ], [ 73.0132342, 19.100363 ], [ 73.0132906, 19.1004271 ], [ 73.0133787, 19.1004908 ], [ 73.0135053, 19.1005398 ], [ 73.0135959, 19.1005428 ], [ 73.0136799, 19.1005227 ], [ 73.0137969, 19.1004653 ], [ 73.0138733, 19.1003782 ], [ 73.0139363, 19.1002337 ], [ 73.0140072, 19.1000599 ], [ 73.0140682, 19.0999344 ], [ 73.0146458, 19.0987913 ], [ 73.0148993, 19.098359 ], [ 73.0148993, 19.098359 ], [ 73.0149231, 19.0983708 ], [ 73.0149495, 19.0983753 ], [ 73.0149761, 19.098372 ], [ 73.0149761, 19.098372 ], [ 73.0150004, 19.0983612 ], [ 73.0150222, 19.0983414 ], [ 73.0150355, 19.0983158 ], [ 73.0150355, 19.0983158 ], [ 73.0150389, 19.0982874 ], [ 73.0150318, 19.0982596 ], [ 73.0150151, 19.0982358 ], [ 73.0149908, 19.0982187 ], [ 73.0149908, 19.0982187 ], [ 73.0149619, 19.0982105 ], [ 73.0149317, 19.0982121 ], [ 73.0149038, 19.0982233 ], [ 73.0148817, 19.0982428 ], [ 73.0148817, 19.0982428 ], [ 73.0149141, 19.0979307 ], [ 73.0149141, 19.0979307 ], [ 73.015269, 19.0975257 ], [ 73.015269, 19.0975257 ], [ 73.0158782, 19.0968305 ], [ 73.0161613, 19.0965153 ], [ 73.0163454, 19.0962714 ], [ 73.0164502, 19.09609 ], [ 73.0165519, 19.0958788 ], [ 73.0166173, 19.0956928 ], [ 73.0168396, 19.095004 ] ], [ [ 73.0168396, 19.095004 ], [ 73.0169392, 19.0950905 ], [ 73.0171337, 19.0951523 ], [ 73.0171337, 19.0951523 ], [ 73.0181951, 19.0954724 ] ], [ [ 73.0181951, 19.0954724 ], [ 73.0191304, 19.0957553 ] ], [ [ 73.0191304, 19.0957553 ], [ 73.020062, 19.0960361 ], [ 73.020062, 19.0960361 ], [ 73.020443, 19.0961512 ], [ 73.0211118, 19.0961626 ], [ 73.0211118, 19.0961626 ], [ 73.0221579, 19.0961805 ], [ 73.0226188, 19.0962533 ], [ 73.0226188, 19.0962533 ], [ 73.022857, 19.0962878 ], [ 73.0235131, 19.0963826 ], [ 73.0235131, 19.0963826 ], [ 73.024468, 19.0965207 ], [ 73.024468, 19.0965207 ], [ 73.0246424, 19.0965459 ], [ 73.0246424, 19.0965459 ], [ 73.0255727, 19.0966805 ], [ 73.0255727, 19.0966805 ], [ 73.0262958, 19.0967937 ], [ 73.0262958, 19.0967937 ], [ 73.0258307, 19.0996188 ], [ 73.0243776, 19.1034098 ], [ 73.0243776, 19.1034098 ], [ 73.0237382, 19.1031753 ], [ 73.0237382, 19.1031753 ], [ 73.0230007, 19.1029283 ], [ 73.0230007, 19.1029283 ], [ 73.0231441, 19.1025556 ], [ 73.0231441, 19.1025556 ], [ 73.0215212, 19.1021722 ], [ 73.0215212, 19.1021722 ], [ 73.0213158, 19.1021225 ], [ 73.0212686, 19.1020869 ], [ 73.021262, 19.1020359 ], [ 73.021285, 19.1017535 ], [ 73.0213072, 19.1015188 ], [ 73.0213378, 19.101245 ] ] ] } },
{ "type": "Feature", "properties": { "point_ids": [ 1232, 9609, 9538, 8302, 1287, 1503, 2310, 2400, 2623, 3682, 3770, 5040, 5883, 5989, 6135, 7818, 8786, 7627, 1405, 993, 7553, 7809, 1741, 2605, 4233, 7383, 353, 9512, 8895, 8534, 8238, 5154, 3817, 7327, 3166, 7955, 7739, 5120, 2636, 2365, 654, 486, 3518, 7337, 8276, 9094, 4880, 7370, 7890, 7230, 6112, 8589, 1518, 2428, 5197, 9598, 4767, 4626, 4362, 2137, 1551, 109, 9632, 4339, 4256, 1239, 861, 499, 3376, 8266, 9882, 4544, 7283, 7831, 3481, 4069, 3020, 1750, 3590, 60, 1053, 2334, 3179, 3442, 7829, 8414, 8935, 9266, 9441, 9621, 3090, 8875, 9900, 4965, 5441, 7313, 3692, 6076, 9844, 9638, 7709, 9719, 5323, 4774, 3972, 1167, 5285, 5266, 4713, 9791, 3265, 4728, 1866, 884, 328, 8564, 7363, 2801, 6621, 1400, 2019, 8594, 5667, 9603, 9451, 7361, 3922, 2087, 575, 452, 2728, 9999, 288, 7700, 3192, 2585, 5775, 4288, 5071, 5316, 7958, 8137, 1634, 3423, 4765, 5448, 8313, 1492, 1407, 3162, 5344, 2080, 6253, 9697, 8706, 8568, 8486, 7763, 6822, 5514, 5263, 823 ], "length_m": 15830.731117860334, "travel_time_min": 27.365358867762104, "n_points": 162, "route_id": 26, "cluster_id": 5 }, "geometry": { "type": "MultiLineString", "coordinates": [ [ [ 73.0213378, 19.101245 ], [ 73.0213072, 19.1015188 ], [ 73.021285, 19.1017535 ], [ 73.021262, 19.1020359 ], [ 73.0212686, 19.1020869 ], [ 73.0213158, 19.1021225 ], [ 73.0215212, 19.1021722 ], [ 73.0215212, 19.1021722 ], [ 73.0231441, 19.1025556 ], [ 73.0231441, 19.1025556 ], [ 73.0230007, 19.1029283 ], [ 73.0230007, 19.1029283 ], [ 73.0237382, 19.1031753 ], [ 73.0237382, 19.1031753 ], [ 73.0243776, 19.1034098 ], [ 73.0243776, 19.1034098 ], [ 73.0241977, 19.1038813 ], [ 73.0234134, 19.1059491 ], [ 73.0231724, 19.1064299 ], [ 73.0228948, 19.1069836 ], [ 73.0228948, 19.1069836 ], [ 73.023058, 19.1070498 ], [ 73.023058, 19.1070498 ], [ 73.0232467, 19.1071264 ], [ 73.0232467, 19.1071264 ], [ 73.0240071, 19.1073654 ], [ 73.0240071, 19.1073654 ], [ 73.0248765, 19.1076466 ], [ 73.0248765, 19.1076466 ], [ 73.0258165, 19.1079506 ], [ 73.0258165, 19.1079506 ], [ 73.0267486, 19.1082521 ], [ 73.0267486, 19.1082521 ], [ 73.0268621, 19.1079891 ], [ 73.026901, 19.1078856 ], [ 73.0270999, 19.1073589 ], [ 73.0271678, 19.1071698 ], [ 73.0271742, 19.1071542 ], [ 73.0271916, 19.1071022 ], [ 73.027262, 19.1068915 ], [ 73.027262, 19.1068915 ], [ 73.0274506, 19.1063891 ], [ 73.0275786, 19.1060202 ], [ 73.0275786, 19.1060202 ], [ 73.0280642, 19.1047481 ], [ 73.0280642, 19.1047481 ], [ 73.028374, 19.1039379 ], [ 73.0284556, 19.1037244 ], [ 73.0284556, 19.1037244 ], [ 73.0284973, 19.103573 ], [ 73.0284973, 19.103573 ], [ 73.028553, 19.103419 ], [ 73.0285968, 19.1032874 ], [ 73.0285968, 19.1032874 ], [ 73.0287725, 19.1029121 ], [ 73.0287991, 19.1028008 ], [ 73.0287694, 19.1027383 ], [ 73.0286751, 19.1026622 ], [ 73.0287163, 19.1023968 ], [ 73.0287628, 19.102176 ], [ 73.0287554, 19.1020188 ], [ 73.0287989, 19.1018898 ], [ 73.0288827, 19.1017825 ], [ 73.0289589, 19.1016531 ], [ 73.029026, 19.10149 ], [ 73.029083, 19.1013774 ], [ 73.0291795, 19.1012698 ], [ 73.0293306, 19.1011814 ], [ 73.0296415, 19.1010721 ], [ 73.0298268, 19.1009614 ], [ 73.0299852, 19.1008027 ], [ 73.0300998, 19.1006144 ], [ 73.0301661, 19.1003445 ] ], [ [ 73.0301661, 19.1003445 ], [ 73.0300998, 19.1006144 ], [ 73.0299852, 19.1008027 ], [ 73.0298268, 19.1009614 ], [ 73.0296415, 19.1010721 ], [ 73.0293306, 19.1011814 ], [ 73.0291795, 19.1012698 ], [ 73.029083, 19.1013774 ], [ 73.029026, 19.10149 ], [ 73.0289589, 19.1016531 ], [ 73.0288827, 19.1017825 ], [ 73.0287989, 19.1018898 ], [ 73.0287554, 19.1020188 ], [ 73.0287628, 19.102176 ], [ 73.0287163, 19.1023968 ], [ 73.0286751, 19.1026622 ], [ 73.0287694, 19.1027383 ], [ 73.0287991, 19.1028008 ], [ 73.0287725, 19.1029121 ], [ 73.0285968, 19.1032874 ], [ 73.0285968, 19.1032874 ], [ 73.028553, 19.103419 ], [ 73.0284973, 19.103573 ], [ 73.0284973, 19.103573 ], [ 73.0284556, 19.1037244 ], [ 73.0284556, 19.1037244 ], [ 73.028374, 19.1039379 ], [ 73.0280642, 19.1047481 ], [ 73.0280642, 19.1047481 ], [ 73.0275786, 19.1060202 ], [ 73.0275786, 19.1060202 ], [ 73.0274506, 19.1063891 ], [ 73.027262, 19.1068915 ], [ 73.027262, 19.1068915 ], [ 73.0271916, 19.1071022 ], [ 73.0271742, 19.1071542 ], [ 73.0271678, 19.1071698 ], [ 73.0270999, 19.1073589 ], [ 73.026901, 19.1078856 ], [ 73.0268621, 19.1079891 ], [ 73.0267486, 19.1082521 ], [ 73.0267486, 19.1082521 ], [ 73.0258165, 19.1079506 ], [ 73.0258165, 19.1079506 ], [ 73.0248765, 19.1076466 ], [ 73.0248765, 19.1076466 ], [ 73.0240071, 19.1073654 ], [ 73.0240071, 19.1073654 ], [ 73.0232467, 19.1071264 ], [ 73.0232467, 19.1071264 ], [ 73.023058, 19.1070498 ], [ 73.023058, 19.1070498 ], [ 73.0244506, 19.103434 ], [ 73.0244506, 19.103434 ], [ 73.0256594, 19.1002895 ] ], [ [ 73.0256594, 19.1002895 ], [ 73.025909, 19.0996401 ], [ 73.0262453, 19.0975962 ], [ 73.0263755, 19.0968047 ], [ 73.0263755, 19.0968047 ], [ 73.02638, 19.0967757 ], [ 73.02639, 19.0967105 ], [ 73.02639, 19.0967105 ], [ 73.0263104, 19.0966995 ], [ 73.0263104, 19.0966995 ], [ 73.0255877, 19.0965905 ] ], [ [ 73.0255877, 19.0965905 ], [ 73.0246581, 19.0964504 ] ], [ [ 73.0246581, 19.0964504 ], [ 73.0244852, 19.0964243 ] ], [ [ 73.0244852, 19.0964243 ], [ 73.0235292, 19.0962831 ] ], [ [ 73.0235292, 19.0962831 ], [ 73.0226342, 19.0961529 ] ], [ [ 73.0226342, 19.0961529 ], [ 73.0221647, 19.0960801 ], [ 73.0218408, 19.0960706 ], [ 73.0218408, 19.0960706 ], [ 73.0218277, 19.0959397 ], [ 73.0218253, 19.0958995 ], [ 73.0218384, 19.0957598 ], [ 73.021847, 19.0957409 ], [ 73.0218657, 19.0957219 ], [ 73.0219123, 19.0957174 ], [ 73.0219775, 19.0957051 ], [ 73.0220246, 19.095682 ], [ 73.0220888, 19.0955919 ], [ 73.0221693, 19.0954208 ], [ 73.022227, 19.0951941 ] ], [ [ 73.022227, 19.0951941 ], [ 73.0221693, 19.0954208 ], [ 73.0220888, 19.0955919 ], [ 73.0220246, 19.095682 ], [ 73.0219775, 19.0957051 ], [ 73.0219123, 19.0957174 ], [ 73.0218657, 19.0957219 ], [ 73.021847, 19.0957409 ], [ 73.0218384, 19.0957598 ], [ 73.0218253, 19.0958995 ], [ 73.0218277, 19.0959397 ], [ 73.0218408, 19.0960706 ] ], [ [ 73.0218408, 19.0960706 ], [ 73.0212981, 19.0960698 ], [ 73.02111, 19.0960676 ], [ 73.02111, 19.0960676 ], [ 73.0211118, 19.0961626 ] ], [ [ 73.0211118, 19.0961626 ], [ 73.0211486, 19.0967628 ], [ 73.0211947, 19.0975536 ], [ 73.0212186, 19.0978712 ], [ 73.0212533, 19.0980308 ], [ 73.0213087, 19.0981941 ], [ 73.021552, 19.0987309 ], [ 73.0217583, 19.0992185 ], [ 73.0218042, 19.0993269 ] ], [ [ 73.0218042, 19.0993269 ], [ 73.0232371, 19.0987859 ], [ 73.0232755, 19.0987356 ], [ 73.0232757, 19.0986228 ], [ 73.0229773, 19.0979466 ], [ 73.02288, 19.0977397 ] ], [ [ 73.02288, 19.0977397 ], [ 73.0229773, 19.0979466 ], [ 73.0232757, 19.0986228 ], [ 73.0232755, 19.0987356 ], [ 73.0232371, 19.0987859 ], [ 73.0218042, 19.0993269 ], [ 73.0218042, 19.0993269 ], [ 73.0220123, 19.0998992 ], [ 73.0222682, 19.1005108 ] ], [ [ 73.0222682, 19.1005108 ], [ 73.0232649, 19.1001646 ] ], [ [ 73.0232649, 19.1001646 ], [ 73.0222682, 19.1005108 ] ], [ [ 73.0222682, 19.1005108 ], [ 73.0226743, 19.1014813 ] ], [ [ 73.0226743, 19.1014813 ], [ 73.0222682, 19.1005108 ] ], [ [ 73.0222682, 19.1005108 ], [ 73.0220123, 19.0998992 ], [ 73.0218042, 19.0993269 ] ], [ [ 73.0218042, 19.0993269 ], [ 73.0217583, 19.0992185 ], [ 73.021552, 19.0987309 ], [ 73.0213087, 19.0981941 ], [ 73.0212533, 19.0980308 ], [ 73.0212186, 19.0978712 ], [ 73.0211947, 19.0975536 ], [ 73.0211486, 19.0967628 ], [ 73.0211118, 19.0961626 ] ], [ [ 73.0211118, 19.0961626 ], [ 73.02111, 19.0960676 ], [ 73.02111, 19.0960676 ], [ 73.0208919, 19.0960662 ], [ 73.0204728, 19.09606 ], [ 73.0200959, 19.0959437 ] ], [ [ 73.0200959, 19.0959437 ], [ 73.020062, 19.0960361 ], [ 73.020062, 19.0960361 ], [ 73.0197105, 19.0970192 ], [ 73.0193743, 19.0991876 ], [ 73.0193157, 19.0995659 ], [ 73.0193069, 19.0996334 ] ], [ [ 73.0193069, 19.0996334 ], [ 73.0189245, 19.0995154 ], [ 73.0189245, 19.0995154 ], [ 73.0188708, 19.0999268 ] ], [ [ 73.0188708, 19.0999268 ], [ 73.0189245, 19.0995154 ] ], [ [ 73.0189245, 19.0995154 ], [ 73.0179784, 19.0992236 ], [ 73.0178942, 19.0991976 ] ], [ [ 73.0178942, 19.0991976 ], [ 73.0179847, 19.0989455 ], [ 73.0191304, 19.0957553 ] ], [ [ 73.0191304, 19.0957553 ], [ 73.0191637, 19.0956626 ] ], [ [ 73.0191637, 19.0956626 ], [ 73.018229, 19.0953784 ] ], [ [ 73.018229, 19.0953784 ], [ 73.0181951, 19.0954724 ] ], [ [ 73.0181951, 19.0954724 ], [ 73.0191304, 19.0957553 ], [ 73.0191304, 19.0957553 ], [ 73.020062, 19.0960361 ] ], [ [ 73.020062, 19.0960361 ], [ 73.0200959, 19.0959437 ] ], [ [ 73.0200959, 19.0959437 ], [ 73.0191637, 19.0956626 ], [ 73.0191637, 19.0956626 ], [ 73.0201715, 19.0928562 ] ], [ [ 73.0201715, 19.0928562 ], [ 73.0210844, 19.0931177 ] ], [ [ 73.0210844, 19.0931177 ], [ 73.021307, 19.0924933 ], [ 73.0215044, 19.0922744 ], [ 73.0220798, 19.0920035 ] ], [ [ 73.0220798, 19.0920035 ], [ 73.0222152, 19.0919398 ] ], [ [ 73.0222152, 19.0919398 ], [ 73.022541, 19.0924777 ], [ 73.0227373, 19.0927505 ], [ 73.0229524, 19.0930872 ], [ 73.0230114, 19.0931834 ], [ 73.0231216, 19.0934028 ], [ 73.0229305, 19.0942097 ], [ 73.0229305, 19.0942097 ], [ 73.0236112, 19.0943003 ], [ 73.0238462, 19.094325 ] ], [ [ 73.0238462, 19.094325 ], [ 73.0236112, 19.0943003 ], [ 73.0229305, 19.0942097 ] ], [ [ 73.0229305, 19.0942097 ], [ 73.0229006, 19.0944107 ], [ 73.0226342, 19.0961529 ] ], [ [ 73.0226342, 19.0961529 ], [ 73.0226188, 19.0962533 ], [ 73.0226188, 19.0962533 ], [ 73.022857, 19.0962878 ], [ 73.0235131, 19.0963826 ] ], [ [ 73.0235131, 19.0963826 ], [ 73.0235292, 19.0962831 ] ], [ [ 73.0235292, 19.0962831 ], [ 73.0235131, 19.0963826 ], [ 73.0235131, 19.0963826 ], [ 73.024468, 19.0965207 ] ], [ [ 73.024468, 19.0965207 ], [ 73.0246424, 19.0965459 ] ], [ [ 73.0246424, 19.0965459 ], [ 73.0255727, 19.0966805 ] ], [ [ 73.0255727, 19.0966805 ], [ 73.0262958, 19.0967937 ] ], [ [ 73.0262958, 19.0967937 ], [ 73.0263755, 19.0968047 ] ], [ [ 73.0263755, 19.0968047 ], [ 73.02638, 19.0967757 ], [ 73.02639, 19.0967105 ], [ 73.02639, 19.0967105 ], [ 73.0264832, 19.0960279 ], [ 73.0269379, 19.0931697 ], [ 73.0269963, 19.0928315 ], [ 73.0270857, 19.0923134 ], [ 73.0270857, 19.0923134 ], [ 73.0269806, 19.0923054 ] ], [ [ 73.0269806, 19.0923054 ], [ 73.0268379, 19.0931278 ], [ 73.0267394, 19.0934716 ], [ 73.0266257, 19.0938685 ], [ 73.0264895, 19.0947252 ], [ 73.0263957, 19.0953148 ] ], [ [ 73.0263957, 19.0953148 ], [ 73.0254256, 19.0951778 ] ], [ [ 73.0254256, 19.0951778 ], [ 73.0263957, 19.0953148 ] ], [ [ 73.0263957, 19.0953148 ], [ 73.026389, 19.0960124 ], [ 73.0263104, 19.0966995 ] ], [ [ 73.0263104, 19.0966995 ], [ 73.0262958, 19.0967937 ] ], [ [ 73.0262958, 19.0967937 ], [ 73.0263755, 19.0968047 ], [ 73.0263755, 19.0968047 ], [ 73.02638, 19.0967757 ], [ 73.02639, 19.0967105 ], [ 73.02639, 19.0967105 ], [ 73.0264832, 19.0960279 ], [ 73.0269379, 19.0931697 ], [ 73.0269963, 19.0928315 ], [ 73.0270857, 19.0923134 ], [ 73.0270857, 19.0923134 ], [ 73.0272766, 19.0912215 ], [ 73.0272766, 19.0912215 ], [ 73.027609, 19.091057 ], [ 73.0276947, 19.0910272 ], [ 73.0277962, 19.0910272 ], [ 73.0279293, 19.0910442 ], [ 73.028006, 19.0910485 ], [ 73.0281278, 19.0910059 ], [ 73.0282135, 19.0909867 ], [ 73.0282834, 19.0909867 ], [ 73.0283533, 19.091008 ], [ 73.0284616, 19.0910933 ], [ 73.0287817, 19.0914462 ], [ 73.0288264, 19.0915336 ], [ 73.0288391, 19.0916391 ], [ 73.0288551, 19.0920521 ], [ 73.0288806, 19.0922028 ], [ 73.0289699, 19.0923384 ], [ 73.029334, 19.0927172 ] ], [ [ 73.029334, 19.0927172 ], [ 73.0289699, 19.0923384 ], [ 73.0288806, 19.0922028 ], [ 73.0288551, 19.0920521 ], [ 73.0288391, 19.0916391 ], [ 73.0288264, 19.0915336 ], [ 73.0287817, 19.0914462 ], [ 73.0284616, 19.0910933 ], [ 73.0283533, 19.091008 ], [ 73.0282834, 19.0909867 ], [ 73.0282135, 19.0909867 ], [ 73.0281278, 19.0910059 ], [ 73.028006, 19.0910485 ], [ 73.0279293, 19.0910442 ], [ 73.0277962, 19.0910272 ], [ 73.0276947, 19.0910272 ], [ 73.027609, 19.091057 ], [ 73.0272766, 19.0912215 ], [ 73.0272766, 19.0912215 ], [ 73.0273465, 19.090822 ], [ 73.0274552, 19.0901252 ], [ 73.0274552, 19.0901252 ], [ 73.0275718, 19.0892914 ], [ 73.0275718, 19.0892914 ], [ 73.027591, 19.0891809 ], [ 73.027591, 19.0891809 ], [ 73.0278374, 19.0877644 ], [ 73.0280294, 19.0863098 ], [ 73.0280294, 19.0863098 ], [ 73.0280417, 19.0862023 ], [ 73.0280417, 19.0862023 ], [ 73.0279268, 19.0861906 ], [ 73.0279268, 19.0861906 ], [ 73.026717, 19.086046 ], [ 73.0257189, 19.0859246 ], [ 73.0252879, 19.0858725 ], [ 73.0248637, 19.0858213 ], [ 73.0248637, 19.0858213 ], [ 73.0248476, 19.0859276 ] ], [ [ 73.0248476, 19.0859276 ], [ 73.0248637, 19.0858213 ] ], [ [ 73.0248637, 19.0858213 ], [ 73.0248031, 19.085814 ], [ 73.0232659, 19.0856287 ] ], [ [ 73.0232659, 19.0856287 ], [ 73.023172, 19.0856176 ], [ 73.023172, 19.0856176 ], [ 73.0231147, 19.0857182 ] ], [ [ 73.0231147, 19.0857182 ], [ 73.023172, 19.0856176 ], [ 73.023172, 19.0856176 ], [ 73.0220621, 19.0854873 ], [ 73.0220097, 19.0854811 ] ], [ [ 73.0220097, 19.0854811 ], [ 73.0214738, 19.0854193 ], [ 73.0208926, 19.0853522 ], [ 73.0208126, 19.0853429 ], [ 73.0201885, 19.0852709 ], [ 73.0200488, 19.0852548 ], [ 73.0195034, 19.0851918 ], [ 73.0188717, 19.0851189 ], [ 73.0173326, 19.085295 ], [ 73.0173326, 19.085295 ], [ 73.0173027, 19.0850219 ], [ 73.0172202, 19.0841823 ], [ 73.0171962, 19.0838718 ], [ 73.0171973, 19.0834502 ], [ 73.0172168, 19.0832226 ], [ 73.0172256, 19.0831208 ], [ 73.0172931, 19.0824306 ], [ 73.0172976, 19.0823844 ], [ 73.017326, 19.082102 ] ] ] } },
{ "type": "Feature", "properties": { "point_ids": [ 367, 9118, 7541, 7268, 5190, 5188, 4718, 3541, 2557, 2211, 603, 489, 4403, 750, 9703, 9109, 8524, 9508, 9801, 7501, 6187, 9466, 9203, 3838, 9315 ], "length_m": 9142.2351985604091, "travel_time_min": 14.166583708227668, "n_points": 25, "route_id": 27, "cluster_id": 5 }, "geometry": { "type": "MultiLineString", "coordinates": [ [ [ 73.017326, 19.082102 ], [ 73.0174211, 19.0813798 ], [ 73.0174289, 19.0813318 ], [ 73.0174569, 19.0811551 ], [ 73.0174745, 19.0810534 ], [ 73.0176269, 19.0802178 ], [ 73.0175305, 19.0800814 ], [ 73.0175709, 19.0797605 ], [ 73.0176008, 19.0795286 ], [ 73.0176662, 19.0793255 ], [ 73.0177922, 19.0790732 ], [ 73.0180615, 19.0786344 ], [ 73.0180615, 19.0786344 ], [ 73.0181615, 19.0783274 ], [ 73.0182187, 19.0779893 ], [ 73.0182187, 19.0779893 ], [ 73.0182421, 19.0778514 ], [ 73.0183185, 19.0773953 ], [ 73.0184315, 19.0765593 ], [ 73.0184315, 19.0765593 ], [ 73.0186014, 19.0752853 ], [ 73.0186532, 19.074935 ], [ 73.0186973, 19.0746368 ], [ 73.0187973, 19.0740376 ], [ 73.0188255, 19.0738686 ], [ 73.018872, 19.0736578 ], [ 73.0189525, 19.0732932 ], [ 73.0189525, 19.0732932 ], [ 73.0190039, 19.0730602 ], [ 73.0191257, 19.0725083 ], [ 73.0192042, 19.0721524 ], [ 73.019221, 19.0720601 ], [ 73.0192424, 19.0719098 ], [ 73.0192753, 19.0716399 ], [ 73.0193182, 19.0709377 ], [ 73.0193307, 19.0706039 ], [ 73.0193307, 19.0706039 ], [ 73.0193355, 19.0704724 ], [ 73.0193355, 19.0704724 ], [ 73.0193426, 19.0704677 ], [ 73.0193925, 19.0704467 ], [ 73.0194444, 19.0704308 ], [ 73.0194858, 19.0704269 ], [ 73.0195269, 19.0704242 ], [ 73.0195269, 19.0704242 ], [ 73.020367, 19.0704357 ], [ 73.0208453, 19.0704422 ], [ 73.0208453, 19.0704422 ], [ 73.0215701, 19.070452 ], [ 73.0215701, 19.070452 ], [ 73.0222995, 19.0704619 ], [ 73.0223862, 19.0704634 ], [ 73.0225129, 19.0704833 ], [ 73.0233765, 19.0707203 ], [ 73.0240403, 19.0708925 ], [ 73.0258822, 19.0708884 ], [ 73.0268203, 19.0708741 ], [ 73.0268203, 19.0708741 ], [ 73.0277371, 19.0708843 ], [ 73.0277371, 19.0708843 ], [ 73.0278383, 19.0708841 ], [ 73.0278383, 19.0708841 ], [ 73.0287494, 19.070875 ], [ 73.0291431, 19.0708711 ], [ 73.0301709, 19.0708608 ], [ 73.0302528, 19.0708764 ], [ 73.0303224, 19.0709212 ], [ 73.030436, 19.0710301 ], [ 73.0305642, 19.0711711 ], [ 73.0305642, 19.0711711 ], [ 73.0304274, 19.0720188 ], [ 73.0304274, 19.0720188 ], [ 73.0303226, 19.0726688 ], [ 73.0301267, 19.0738837 ], [ 73.0301267, 19.0738837 ], [ 73.0300628, 19.0742798 ], [ 73.0300233, 19.0744908 ], [ 73.030013, 19.0745511 ], [ 73.0298785, 19.0753388 ], [ 73.0298785, 19.0753388 ], [ 73.031489, 19.0755926 ], [ 73.031489, 19.0755926 ], [ 73.0314646, 19.0758916 ], [ 73.0313381, 19.0767931 ], [ 73.0313381, 19.0767931 ], [ 73.0316547, 19.0768388 ], [ 73.032079, 19.0769536 ], [ 73.0321462, 19.0770084 ], [ 73.03219, 19.0770751 ], [ 73.0322192, 19.0771694 ], [ 73.0322411, 19.0773419 ], [ 73.0322314, 19.0775834 ], [ 73.032246, 19.0778064 ], [ 73.0322679, 19.0778869 ], [ 73.032336, 19.077949 ], [ 73.0324042, 19.0780019 ], [ 73.032465, 19.0781077 ], [ 73.0325356, 19.0783492 ], [ 73.0326767, 19.0785746 ], [ 73.0327056, 19.0786417 ], [ 73.0328276, 19.0789242 ], [ 73.0329196, 19.0791615 ], [ 73.0329466, 19.0793026 ], [ 73.0329707, 19.0794421 ], [ 73.0330029, 19.0795111 ], [ 73.0330822, 19.0797914 ], [ 73.0330938, 19.0798794 ], [ 73.0330697, 19.0800811 ], [ 73.0330938, 19.08026 ], [ 73.0331619, 19.080452 ], [ 73.0333141, 19.0806535 ], [ 73.0333726, 19.0808357 ], [ 73.0333898, 19.0809495 ], [ 73.0333654, 19.0810545 ], [ 73.0333451, 19.0811414 ], [ 73.0333106, 19.0814471 ], [ 73.0333554, 19.0817398 ], [ 73.0334449, 19.0820358 ], [ 73.0334749, 19.0821704 ], [ 73.0335148, 19.0823493 ], [ 73.0335299, 19.0824173 ], [ 73.0336126, 19.0826289 ], [ 73.0336808, 19.0827577 ], [ 73.0338034, 19.0828699 ], [ 73.0339956, 19.0830093 ], [ 73.0340274, 19.0830367 ], [ 73.0341042, 19.0831027 ], [ 73.0341749, 19.083203 ], [ 73.034221, 19.0832683 ], [ 73.0343668, 19.0834065 ], [ 73.0344258, 19.0835092 ], [ 73.0344728, 19.0836955 ], [ 73.0345318, 19.0838058 ], [ 73.0346243, 19.0838996 ], [ 73.0347175, 19.0839628 ], [ 73.0349596, 19.0841112 ], [ 73.0350749, 19.0841999 ], [ 73.0351567, 19.0842582 ], [ 73.0352251, 19.0843419 ], [ 73.035256, 19.0844078 ], [ 73.0352991, 19.0845785 ], [ 73.0353112, 19.0847861 ], [ 73.0353039, 19.0848354 ], [ 73.0352577, 19.0851495 ], [ 73.0352707, 19.0852912 ], [ 73.0353258, 19.0854715 ], [ 73.0353807, 19.0855877 ], [ 73.0354134, 19.0857428 ], [ 73.0353988, 19.0858632 ], [ 73.0353307, 19.0861522 ], [ 73.0352966, 19.0864282 ], [ 73.0352897, 19.0864618 ], [ 73.0352382, 19.0867133 ], [ 73.0352382, 19.0869111 ], [ 73.0352966, 19.0871503 ], [ 73.0354378, 19.0874355 ], [ 73.0356275, 19.0876421 ], [ 73.0357133, 19.0877727 ], [ 73.0358179, 19.0879577 ], [ 73.0359936, 19.0882682 ], [ 73.0360392, 19.0883848 ], [ 73.0360553, 19.0884875 ], [ 73.0360861, 19.0887739 ], [ 73.0361196, 19.0890071 ], [ 73.0361813, 19.0893201 ], [ 73.0362202, 19.0895432 ], [ 73.0362497, 19.0898144 ], [ 73.0362631, 19.0899601 ], [ 73.0362779, 19.0900869 ], [ 73.0363141, 19.0901769 ], [ 73.0363771, 19.0902681 ], [ 73.0364831, 19.0903657 ], [ 73.036585, 19.0904303 ], [ 73.0366561, 19.0904734 ] ], [ [ 73.0366561, 19.0904734 ], [ 73.036585, 19.0904303 ], [ 73.0364831, 19.0903657 ], [ 73.0363771, 19.0902681 ], [ 73.0363141, 19.0901769 ], [ 73.0362779, 19.0900869 ], [ 73.0362631, 19.0899601 ], [ 73.0362497, 19.0898144 ], [ 73.0362202, 19.0895432 ], [ 73.0361813, 19.0893201 ], [ 73.0361196, 19.0890071 ], [ 73.0360861, 19.0887739 ], [ 73.0360553, 19.0884875 ], [ 73.0360392, 19.0883848 ], [ 73.0359936, 19.0882682 ], [ 73.0358179, 19.0879577 ], [ 73.0357133, 19.0877727 ], [ 73.0356275, 19.0876421 ], [ 73.0354378, 19.0874355 ], [ 73.0352966, 19.0871503 ], [ 73.0352382, 19.0869111 ], [ 73.0352382, 19.0867133 ], [ 73.0352897, 19.0864618 ], [ 73.0352966, 19.0864282 ], [ 73.0353307, 19.0861522 ], [ 73.0353988, 19.0858632 ], [ 73.0354134, 19.0857428 ], [ 73.0353807, 19.0855877 ], [ 73.0353258, 19.0854715 ], [ 73.0352707, 19.0852912 ], [ 73.0352577, 19.0851495 ], [ 73.0353039, 19.0848354 ], [ 73.0353112, 19.0847861 ], [ 73.0352991, 19.0845785 ], [ 73.035256, 19.0844078 ], [ 73.0352251, 19.0843419 ], [ 73.0351567, 19.0842582 ], [ 73.0350749, 19.0841999 ], [ 73.0349596, 19.0841112 ], [ 73.0347175, 19.0839628 ], [ 73.0346243, 19.0838996 ], [ 73.0345318, 19.0838058 ], [ 73.0344728, 19.0836955 ], [ 73.0344258, 19.0835092 ], [ 73.0343668, 19.0834065 ], [ 73.034221, 19.0832683 ], [ 73.0341749, 19.083203 ], [ 73.0341042, 19.0831027 ], [ 73.0340274, 19.0830367 ], [ 73.0339956, 19.0830093 ], [ 73.0338034, 19.0828699 ], [ 73.0336808, 19.0827577 ], [ 73.0336126, 19.0826289 ], [ 73.0335299, 19.0824173 ], [ 73.0335148, 19.0823493 ], [ 73.0334749, 19.0821704 ], [ 73.0334449, 19.0820358 ], [ 73.0333554, 19.0817398 ], [ 73.0333106, 19.0814471 ], [ 73.0333451, 19.0811414 ], [ 73.0333654, 19.0810545 ], [ 73.0333898, 19.0809495 ], [ 73.0333726, 19.0808357 ], [ 73.0333141, 19.0806535 ], [ 73.0331619, 19.080452 ], [ 73.0330938, 19.08026 ], [ 73.0330697, 19.0800811 ], [ 73.0330938, 19.0798794 ], [ 73.0330822, 19.0797914 ], [ 73.0330029, 19.0795111 ], [ 73.0329707, 19.0794421 ], [ 73.0329466, 19.0793026 ], [ 73.0329196, 19.0791615 ], [ 73.0328276, 19.0789242 ], [ 73.0327056, 19.0786417 ], [ 73.0326767, 19.0785746 ], [ 73.0325356, 19.0783492 ], [ 73.032465, 19.0781077 ], [ 73.0324042, 19.0780019 ], [ 73.032336, 19.077949 ], [ 73.0322679, 19.0778869 ], [ 73.032246, 19.0778064 ], [ 73.0322314, 19.0775834 ], [ 73.0322411, 19.0773419 ], [ 73.0322192, 19.0771694 ], [ 73.03219, 19.0770751 ], [ 73.0321462, 19.0770084 ], [ 73.032079, 19.0769536 ], [ 73.0316547, 19.0768388 ], [ 73.0313381, 19.0767931 ], [ 73.0313381, 19.0767931 ], [ 73.0296604, 19.0765593 ], [ 73.0296604, 19.0765593 ], [ 73.0295378, 19.0772457 ], [ 73.0295378, 19.0772457 ], [ 73.0294953, 19.0775841 ], [ 73.0294953, 19.0775841 ], [ 73.0294668, 19.077859 ], [ 73.0294668, 19.077859 ], [ 73.0294172, 19.0783367 ], [ 73.0293661, 19.078798 ], [ 73.0293134, 19.0792925 ], [ 73.0293057, 19.0793629 ], [ 73.0292537, 19.0798374 ], [ 73.0290087, 19.0801131 ], [ 73.0288813, 19.0809526 ], [ 73.0288813, 19.0809526 ], [ 73.0290104, 19.0810598 ], [ 73.0290351, 19.0811122 ], [ 73.0290505, 19.0811733 ], [ 73.0290597, 19.0812461 ], [ 73.0290597, 19.0814092 ], [ 73.0290351, 19.0815723 ], [ 73.0290131, 19.0817243 ], [ 73.0290131, 19.0817243 ], [ 73.0282306, 19.0816761 ], [ 73.0282306, 19.0816761 ], [ 73.0282604, 19.0824237 ], [ 73.0282849, 19.0833727 ] ], [ [ 73.0282849, 19.0833727 ], [ 73.0274384, 19.0834034 ], [ 73.0272972, 19.0834264 ] ], [ [ 73.0272972, 19.0834264 ], [ 73.0276769, 19.084351 ] ], [ [ 73.0276769, 19.084351 ], [ 73.0280865, 19.0854231 ] ], [ [ 73.0280865, 19.0854231 ], [ 73.0281401, 19.0856945 ], [ 73.0282118, 19.086237 ], [ 73.0282118, 19.086237 ], [ 73.0280417, 19.0862023 ], [ 73.0280417, 19.0862023 ], [ 73.0279268, 19.0861906 ], [ 73.0279268, 19.0861906 ], [ 73.0279146, 19.0862981 ] ], [ [ 73.0279146, 19.0862981 ], [ 73.0277305, 19.0873382 ], [ 73.0276592, 19.0877409 ], [ 73.0274653, 19.0891672 ], [ 73.0274653, 19.0891672 ], [ 73.0274508, 19.0892738 ] ], [ [ 73.0274508, 19.0892738 ], [ 73.0272874, 19.090104 ] ], [ [ 73.0272874, 19.090104 ], [ 73.0271743, 19.0906278 ], [ 73.0271619, 19.0906853 ], [ 73.0271462, 19.0907581 ], [ 73.0269806, 19.0923054 ] ], [ [ 73.0269806, 19.0923054 ], [ 73.0261306, 19.0921851 ], [ 73.0261306, 19.0921851 ], [ 73.0257616, 19.0921284 ], [ 73.0253833, 19.0920653 ] ] ] } },
{ "type": "Feature", "properties": { "point_ids": [ 20, 9594, 8691, 8574, 7408, 6648, 5929, 5704, 5295, 3290, 3171, 2293, 1959, 1865, 1506, 9960, 7682, 474, 9008, 6136, 2423, 2004, 1317, 5294, 957, 389, 595, 3024, 6304, 7631, 9926, 6356, 4220, 3219, 4359, 4107, 2397, 4059, 1788, 1707, 5698, 5036, 1951, 8704, 6616, 5247, 5187, 4463, 4373, 2089, 5651, 3418, 8201, 4200, 8995, 5107, 4445, 6202, 5649, 6378, 883, 3037, 7651, 3695, 6032, 4673, 1373, 712, 2212, 2241, 5892, 5733, 4026, 8168, 9073, 394, 7114, 6481, 5208, 2260, 7926, 9771, 886, 6248, 3936, 2415, 1688, 6584, 6896, 9241, 7772, 6853, 7088, 7381, 8629, 9757, 9031, 7589, 2187, 700, 1020, 121, 9546, 3611, 9159, 9100, 7963, 5415, 5366, 6796, 4879, 3017, 3433, 898, 3136, 7187, 1926, 4989, 4266, 7013, 5068, 2642, 4755, 7524, 7690, 1675, 3170, 1223, 3876, 3044, 9779, 742, 5443, 3619, 7912, 3871, 7085, 5094, 4799, 1511, 4276, 9800, 4181, 204, 6473, 8849, 8951, 8024, 2409, 6347, 5141, 637, 7001, 3603, 1326, 6192, 9066, 9572, 4424, 2511, 7793, 522, 8834, 992, 1626, 2996, 901, 110, 4151, 4709, 352, 1988, 2032, 2130, 4349, 1547, 7152, 7752, 6087, 6031, 362, 6364, 8542, 4801, 4979, 8236, 1679, 5939, 7333, 1711, 8634, 7270, 8349, 9016, 7850, 6376, 5988, 5967, 1699, 9371, 8002, 6045, 3550, 1694, 9898, 2344, 586, 4423, 7845, 664, 4724, 4421, 1639, 3753, 4072, 5080, 285, 9556, 8552, 4772, 2902, 8556, 711, 2459, 3215, 3643, 4678, 7726, 768 ], "length_m": 19974.922269708226, "travel_time_min": 40.79391256329334, "n_points": 229, "route_id": 28, "cluster_id": 19 }, "geometry": { "type": "MultiLineString", "coordinates": [ [ [ 73.0138175, 19.1005916 ], [ 73.0144965, 19.0992617 ], [ 73.0146973, 19.0988876 ], [ 73.014727, 19.0988323 ], [ 73.0147556, 19.0987795 ], [ 73.0149761, 19.098372 ], [ 73.0149761, 19.098372 ], [ 73.0150004, 19.0983612 ], [ 73.0150222, 19.0983414 ], [ 73.0150355, 19.0983158 ] ], [ [ 73.0150355, 19.0983158 ], [ 73.0150389, 19.0982874 ], [ 73.0150318, 19.0982596 ], [ 73.0150151, 19.0982358 ], [ 73.0149908, 19.0982187 ] ], [ [ 73.0149908, 19.0982187 ], [ 73.0149619, 19.0982105 ], [ 73.0149317, 19.0982121 ], [ 73.0149038, 19.0982233 ], [ 73.0148817, 19.0982428 ], [ 73.0148817, 19.0982428 ], [ 73.0149141, 19.0979307 ] ], [ [ 73.0149141, 19.0979307 ], [ 73.015269, 19.0975257 ], [ 73.015269, 19.0975257 ], [ 73.0156465, 19.0974497 ] ], [ [ 73.0156465, 19.0974497 ], [ 73.0154328, 19.0977003 ], [ 73.0149908, 19.0982187 ], [ 73.0149908, 19.0982187 ], [ 73.0149619, 19.0982105 ], [ 73.0149317, 19.0982121 ], [ 73.0149038, 19.0982233 ], [ 73.0148817, 19.0982428 ], [ 73.0148817, 19.0982428 ], [ 73.0148679, 19.0982682 ], [ 73.0148679, 19.0982682 ], [ 73.014864, 19.0982933 ], [ 73.014864, 19.0982933 ], [ 73.0148683, 19.0983183 ], [ 73.0148805, 19.0983409 ], [ 73.0148993, 19.098359 ] ], [ [ 73.0148993, 19.098359 ], [ 73.0149231, 19.0983708 ], [ 73.0149495, 19.0983753 ], [ 73.0149761, 19.098372 ], [ 73.0149761, 19.098372 ], [ 73.0150004, 19.0983612 ], [ 73.0150222, 19.0983414 ], [ 73.0150355, 19.0983158 ], [ 73.0150355, 19.0983158 ], [ 73.0159107, 19.0985868 ] ], [ [ 73.0159107, 19.0985868 ], [ 73.0170203, 19.0989304 ], [ 73.0170203, 19.0989304 ], [ 73.0174797, 19.0990709 ], [ 73.0178942, 19.0991976 ] ], [ [ 73.0178942, 19.0991976 ], [ 73.0174797, 19.0990709 ], [ 73.0170203, 19.0989304 ] ], [ [ 73.0170203, 19.0989304 ], [ 73.0174885, 19.0975139 ], [ 73.0179291, 19.096239 ], [ 73.0181951, 19.0954724 ], [ 73.0181951, 19.0954724 ], [ 73.018229, 19.0953784 ], [ 73.018229, 19.0953784 ], [ 73.0173852, 19.095122 ], [ 73.0171722, 19.0950573 ], [ 73.0171722, 19.0950573 ], [ 73.0171337, 19.0951523 ] ], [ [ 73.0171337, 19.0951523 ], [ 73.0171722, 19.0950573 ], [ 73.0171722, 19.0950573 ], [ 73.0169754, 19.0949975 ], [ 73.0168396, 19.095004 ] ], [ [ 73.0168396, 19.095004 ], [ 73.0170182, 19.0943461 ], [ 73.0176515, 19.0922569 ], [ 73.0176712, 19.0921465 ], [ 73.0176783, 19.0920097 ], [ 73.017664, 19.0918952 ], [ 73.0176177, 19.0917673 ], [ 73.0175524, 19.0916451 ], [ 73.0174634, 19.0915228 ], [ 73.017353, 19.0914229 ], [ 73.0171931, 19.0913249 ], [ 73.0170025, 19.0912645 ], [ 73.0170025, 19.0912645 ], [ 73.0167335, 19.0912718 ], [ 73.0133811, 19.0914837 ], [ 73.0128127, 19.0914996 ], [ 73.012486, 19.0914556 ] ], [ [ 73.012486, 19.0914556 ], [ 73.0123039, 19.0914344 ], [ 73.011932, 19.0913456 ] ], [ [ 73.011932, 19.0913456 ], [ 73.0118915, 19.0914655 ], [ 73.0118915, 19.0914655 ], [ 73.011946, 19.0914837 ], [ 73.0123094, 19.0915739 ], [ 73.0123094, 19.0915739 ], [ 73.012485, 19.0915922 ] ], [ [ 73.012485, 19.0915922 ], [ 73.0128317, 19.0916635 ], [ 73.0161073, 19.0914706 ], [ 73.0161073, 19.0914706 ], [ 73.0160956, 19.0912329 ] ], [ [ 73.0160956, 19.0912329 ], [ 73.0148815, 19.091306 ] ], [ [ 73.0148815, 19.091306 ], [ 73.0148759, 19.0911757 ], [ 73.0148695, 19.0910277 ], [ 73.0148324, 19.0907631 ], [ 73.0147127, 19.0902263 ] ], [ [ 73.0147127, 19.0902263 ], [ 73.0151381, 19.0903918 ], [ 73.0155914, 19.0905334 ], [ 73.0157271, 19.0905597 ], [ 73.0158664, 19.0905659 ], [ 73.0160097, 19.0905602 ] ], [ [ 73.0160097, 19.0905602 ], [ 73.0160222, 19.0907532 ], [ 73.0160384, 19.0910055 ], [ 73.016089, 19.0910984 ], [ 73.016089, 19.0910984 ], [ 73.01612, 19.0910008 ], [ 73.0160381, 19.0897285 ], [ 73.0160264, 19.0896515 ], [ 73.0159853, 19.0895719 ], [ 73.0156804, 19.0891804 ], [ 73.0152763, 19.0886615 ] ], [ [ 73.0152763, 19.0886615 ], [ 73.0152125, 19.0886997 ] ], [ [ 73.0152125, 19.0886997 ], [ 73.0145702, 19.0890844 ] ], [ [ 73.0145702, 19.0890844 ], [ 73.0141232, 19.0893522 ] ], [ [ 73.0141232, 19.0893522 ], [ 73.0137853, 19.0895546 ] ], [ [ 73.0137853, 19.0895546 ], [ 73.0136288, 19.0896324 ] ], [ [ 73.0136288, 19.0896324 ], [ 73.0132348, 19.0893941 ], [ 73.0132348, 19.0893941 ], [ 73.0131799, 19.089453 ], [ 73.0131334, 19.0894809 ], [ 73.0130532, 19.0895149 ], [ 73.0129919, 19.0895289 ], [ 73.0129116, 19.0895468 ], [ 73.0128293, 19.0895528 ], [ 73.0127596, 19.0895328 ], [ 73.0127279, 19.0895328 ], [ 73.0126286, 19.0895668 ] ], [ [ 73.0126286, 19.0895668 ], [ 73.0127279, 19.0895328 ], [ 73.0127596, 19.0895328 ], [ 73.0128293, 19.0895528 ], [ 73.0129116, 19.0895468 ], [ 73.0129919, 19.0895289 ], [ 73.0130532, 19.0895149 ], [ 73.0131334, 19.0894809 ], [ 73.0131799, 19.089453 ], [ 73.0132348, 19.0893941 ] ], [ [ 73.0132348, 19.0893941 ], [ 73.0128322, 19.0891361 ] ], [ [ 73.0128322, 19.0891361 ], [ 73.0129205, 19.0889387 ], [ 73.0130037, 19.08881 ], [ 73.0130801, 19.0887454 ], [ 73.0132137, 19.0886916 ], [ 73.0132137, 19.0886916 ], [ 73.0132839, 19.0887976 ], [ 73.0132839, 19.0887976 ], [ 73.0136047, 19.088605 ] ], [ [ 73.0136047, 19.088605 ], [ 73.0132839, 19.0887976 ], [ 73.0132839, 19.0887976 ], [ 73.0132137, 19.0886916 ] ], [ [ 73.0132137, 19.0886916 ], [ 73.0130357, 19.0884229 ] ], [ [ 73.0130357, 19.0884229 ], [ 73.0127676, 19.0885813 ], [ 73.0126242, 19.0883138 ] ], [ [ 73.0126242, 19.0883138 ], [ 73.0127676, 19.0885813 ], [ 73.0130357, 19.0884229 ] ], [ [ 73.0130357, 19.0884229 ], [ 73.012767, 19.0879792 ], [ 73.012767, 19.0879792 ], [ 73.012482, 19.0881275 ], [ 73.0123184, 19.0881985 ] ], [ [ 73.0123184, 19.0881985 ], [ 73.012482, 19.0881275 ], [ 73.012767, 19.0879792 ], [ 73.012767, 19.0879792 ], [ 73.0126151, 19.0877284 ], [ 73.0126151, 19.0877284 ], [ 73.0124012, 19.0873751 ], [ 73.0124012, 19.0873751 ], [ 73.0115991, 19.0878412 ] ], [ [ 73.0115991, 19.0878412 ], [ 73.0124012, 19.0873751 ], [ 73.0124012, 19.0873751 ], [ 73.0122909, 19.0872057 ] ], [ [ 73.0122909, 19.0872057 ], [ 73.0126351, 19.0870128 ] ], [ [ 73.0126351, 19.0870128 ], [ 73.0122909, 19.0872057 ], [ 73.0122909, 19.0872057 ], [ 73.0119396, 19.0866661 ] ], [ [ 73.0119396, 19.0866661 ], [ 73.0126208, 19.0862673 ], [ 73.0126208, 19.0862673 ], [ 73.0131704, 19.0859455 ] ], [ [ 73.0131704, 19.0859455 ], [ 73.0134649, 19.0863622 ] ], [ [ 73.0134649, 19.0863622 ], [ 73.0138787, 19.0869502 ], [ 73.0138787, 19.0869502 ], [ 73.0126151, 19.0877284 ], [ 73.0126151, 19.0877284 ], [ 73.012767, 19.0879792 ], [ 73.012767, 19.0879792 ], [ 73.0130357, 19.0884229 ], [ 73.0130357, 19.0884229 ], [ 73.0132137, 19.0886916 ] ], [ [ 73.0132137, 19.0886916 ], [ 73.0130801, 19.0887454 ], [ 73.0130037, 19.08881 ], [ 73.0129205, 19.0889387 ], [ 73.0128322, 19.0891361 ], [ 73.0128322, 19.0891361 ], [ 73.0125864, 19.0889726 ], [ 73.0120799, 19.0887233 ] ], [ [ 73.0120799, 19.0887233 ], [ 73.0119556, 19.0889424 ], [ 73.011859, 19.0892263 ], [ 73.011829, 19.0897503 ], [ 73.0118135, 19.0901623 ] ], [ [ 73.0118135, 19.0901623 ], [ 73.0116747, 19.090104 ], [ 73.0114606, 19.0899833 ] ], [ [ 73.0114606, 19.0899833 ], [ 73.0116747, 19.090104 ], [ 73.0118135, 19.0901623 ] ], [ [ 73.0118135, 19.0901623 ], [ 73.011829, 19.0897503 ], [ 73.011859, 19.0892263 ], [ 73.0119556, 19.0889424 ], [ 73.0120799, 19.0887233 ] ], [ [ 73.0120799, 19.0887233 ], [ 73.0115931, 19.088572 ], [ 73.0112231, 19.0885356 ], [ 73.0106733, 19.0886144 ], [ 73.0104423, 19.0886481 ] ], [ [ 73.0104423, 19.0886481 ], [ 73.0099281, 19.0887233 ], [ 73.0099281, 19.0887233 ], [ 73.0101835, 19.0891175 ] ], [ [ 73.0101835, 19.0891175 ], [ 73.0105258, 19.0889219 ], [ 73.0106587, 19.0888514 ] ], [ [ 73.0106587, 19.0888514 ], [ 73.0105258, 19.0889219 ], [ 73.0101835, 19.0891175 ] ], [ [ 73.0101835, 19.0891175 ], [ 73.0099281, 19.0887233 ], [ 73.0099281, 19.0887233 ], [ 73.0095304, 19.0887994 ], [ 73.0095304, 19.0887994 ], [ 73.0091985, 19.0882709 ], [ 73.0091985, 19.0882709 ], [ 73.0091127, 19.0881425 ], [ 73.0091127, 19.0881425 ], [ 73.0089932, 19.0882109 ] ], [ [ 73.0089932, 19.0882109 ], [ 73.0081923, 19.0886451 ] ], [ [ 73.0081923, 19.0886451 ], [ 73.0082961, 19.0888055 ], [ 73.0082961, 19.0888055 ], [ 73.0086497, 19.0893385 ] ], [ [ 73.0086497, 19.0893385 ], [ 73.008883, 19.0896901 ] ], [ [ 73.008883, 19.0896901 ], [ 73.0091462, 19.0900867 ], [ 73.0091462, 19.0900867 ], [ 73.009405, 19.0904768 ] ], [ [ 73.009405, 19.0904768 ], [ 73.0096615, 19.0908635 ] ], [ [ 73.0096615, 19.0908635 ], [ 73.0099245, 19.0912598 ] ], [ [ 73.0099245, 19.0912598 ], [ 73.0101832, 19.0916497 ] ], [ [ 73.0101832, 19.0916497 ], [ 73.0109965, 19.0911796 ], [ 73.0112444, 19.0915606 ] ], [ [ 73.0112444, 19.0915606 ], [ 73.0114551, 19.091438 ] ], [ [ 73.0114551, 19.091438 ], [ 73.0112444, 19.0915606 ] ], [ [ 73.0112444, 19.0915606 ], [ 73.0109965, 19.0911796 ], [ 73.0101832, 19.0916497 ] ], [ [ 73.0101832, 19.0916497 ], [ 73.0093209, 19.0921481 ] ], [ [ 73.0093209, 19.0921481 ], [ 73.0101832, 19.0916497 ] ], [ [ 73.0101832, 19.0916497 ], [ 73.0099245, 19.0912598 ], [ 73.0099245, 19.0912598 ], [ 73.0096615, 19.0908635 ], [ 73.0096615, 19.0908635 ], [ 73.0103502, 19.0904574 ] ], [ [ 73.0103502, 19.0904574 ], [ 73.0096615, 19.0908635 ], [ 73.0096615, 19.0908635 ], [ 73.0085697, 19.0915135 ] ], [ [ 73.0085697, 19.0915135 ], [ 73.0077277, 19.091575 ] ], [ [ 73.0077277, 19.091575 ], [ 73.0076978, 19.0911176 ], [ 73.0076978, 19.0911176 ], [ 73.0083628, 19.0910727 ] ], [ [ 73.0083628, 19.0910727 ], [ 73.0076978, 19.0911176 ], [ 73.0076978, 19.0911176 ], [ 73.0076687, 19.0906659 ] ], [ [ 73.0076687, 19.0906659 ], [ 73.0082697, 19.0906251 ] ], [ [ 73.0082697, 19.0906251 ], [ 73.0076687, 19.0906659 ], [ 73.0076687, 19.0906659 ], [ 73.0070126, 19.0907171 ] ], [ [ 73.0070126, 19.0907171 ], [ 73.0069728, 19.0902814 ] ], [ [ 73.0069728, 19.0902814 ], [ 73.0067279, 19.0899122 ] ], [ [ 73.0067279, 19.0899122 ], [ 73.0069728, 19.0902814 ], [ 73.0069728, 19.0902814 ], [ 73.0066374, 19.090413 ], [ 73.0066374, 19.090413 ], [ 73.0063381, 19.0905305 ], [ 73.0063381, 19.0905305 ], [ 73.0060608, 19.0901254 ] ], [ [ 73.0060608, 19.0901254 ], [ 73.0063381, 19.0905305 ], [ 73.0063381, 19.0905305 ], [ 73.0063562, 19.0907683 ], [ 73.0063562, 19.0907683 ], [ 73.0056526, 19.0908232 ] ], [ [ 73.0056526, 19.0908232 ], [ 73.0063562, 19.0907683 ] ], [ [ 73.0063562, 19.0907683 ], [ 73.0063899, 19.0912126 ] ], [ [ 73.0063899, 19.0912126 ], [ 73.0064246, 19.0916701 ], [ 73.0064246, 19.0916701 ], [ 73.005707, 19.0917225 ] ], [ [ 73.005707, 19.0917225 ], [ 73.0064246, 19.0916701 ], [ 73.0064246, 19.0916701 ], [ 73.0064582, 19.0921123 ] ], [ [ 73.0064582, 19.0921123 ], [ 73.0057341, 19.0921712 ] ], [ [ 73.0057341, 19.0921712 ], [ 73.0064582, 19.0921123 ] ], [ [ 73.0064582, 19.0921123 ], [ 73.0071242, 19.092058 ] ], [ [ 73.0071242, 19.092058 ], [ 73.0077558, 19.0920066 ], [ 73.0077558, 19.0920066 ], [ 73.0085875, 19.0919389 ] ], [ [ 73.0085875, 19.0919389 ], [ 73.0085697, 19.0915135 ] ], [ [ 73.0085697, 19.0915135 ], [ 73.0096615, 19.0908635 ], [ 73.0096615, 19.0908635 ], [ 73.009405, 19.0904768 ] ], [ [ 73.009405, 19.0904768 ], [ 73.0091462, 19.0900867 ], [ 73.0091462, 19.0900867 ], [ 73.0085263, 19.0904932 ] ], [ [ 73.0085263, 19.0904932 ], [ 73.0091462, 19.0900867 ], [ 73.0091462, 19.0900867 ], [ 73.0098379, 19.0896763 ] ], [ [ 73.0098379, 19.0896763 ], [ 73.0091462, 19.0900867 ], [ 73.0091462, 19.0900867 ], [ 73.008883, 19.0896901 ], [ 73.008883, 19.0896901 ], [ 73.0095731, 19.0892724 ] ], [ [ 73.0095731, 19.0892724 ], [ 73.008883, 19.0896901 ] ], [ [ 73.008883, 19.0896901 ], [ 73.0086497, 19.0893385 ] ], [ [ 73.0086497, 19.0893385 ], [ 73.0082961, 19.0888055 ] ], [ [ 73.0082961, 19.0888055 ], [ 73.0081923, 19.0886451 ] ], [ [ 73.0081923, 19.0886451 ], [ 73.0068822, 19.0894085 ], [ 73.0068299, 19.089439 ] ], [ [ 73.0068299, 19.089439 ], [ 73.0066564, 19.0891661 ], [ 73.0066473, 19.0891518 ], [ 73.0064532, 19.0888476 ] ], [ [ 73.0064532, 19.0888476 ], [ 73.0071447, 19.0884489 ] ], [ [ 73.0071447, 19.0884489 ], [ 73.0064532, 19.0888476 ], [ 73.0064532, 19.0888476 ], [ 73.0060873, 19.0890586 ], [ 73.0060873, 19.0890586 ], [ 73.0054158, 19.0894458 ] ], [ [ 73.0054158, 19.0894458 ], [ 73.0060873, 19.0890586 ], [ 73.0060873, 19.0890586 ], [ 73.0064532, 19.0888476 ], [ 73.0064532, 19.0888476 ], [ 73.0066473, 19.0891518 ], [ 73.0066564, 19.0891661 ], [ 73.0068299, 19.089439 ], [ 73.0068299, 19.089439 ], [ 73.0055719, 19.090181 ], [ 73.0055037, 19.090216 ], [ 73.0054354, 19.0902465 ], [ 73.0054354, 19.0902465 ], [ 73.0053914, 19.0902466 ], [ 73.0053497, 19.0902599 ], [ 73.0053146, 19.090285 ], [ 73.0052897, 19.0903193 ] ], [ [ 73.0052897, 19.0903193 ], [ 73.0052776, 19.0903593 ], [ 73.0052796, 19.0904009 ], [ 73.0052955, 19.0904397 ], [ 73.0053236, 19.0904718 ], [ 73.0053236, 19.0904718 ], [ 73.0053636, 19.0904948 ], [ 73.0054096, 19.0905036 ], [ 73.005456, 19.0904974 ], [ 73.0054974, 19.0904767 ], [ 73.005529, 19.090444 ] ], [ [ 73.005529, 19.090444 ], [ 73.0055471, 19.0904031 ], [ 73.0055496, 19.0903589 ], [ 73.0055374, 19.0903189 ], [ 73.0055124, 19.0902847 ], [ 73.0054772, 19.0902597 ], [ 73.0054354, 19.0902465 ] ], [ [ 73.0054354, 19.0902465 ], [ 73.0054194, 19.0901785 ], [ 73.0053914, 19.0901128 ], [ 73.0053592, 19.0900538 ], [ 73.0050875, 19.0896351 ], [ 73.0046523, 19.0889646 ], [ 73.0046523, 19.0889646 ], [ 73.0045727, 19.0890106 ], [ 73.0045727, 19.0890106 ], [ 73.004105, 19.0892807 ], [ 73.004105, 19.0892807 ], [ 73.0044799, 19.0898765 ] ], [ [ 73.0044799, 19.0898765 ], [ 73.0047193, 19.0902571 ] ], [ [ 73.0047193, 19.0902571 ], [ 73.0048264, 19.0904275 ], [ 73.0049757, 19.0906648 ], [ 73.0049757, 19.0906648 ], [ 73.0045606, 19.0909021 ], [ 73.0045606, 19.0909021 ], [ 73.0046234, 19.09185 ] ], [ [ 73.0046234, 19.09185 ], [ 73.0041333, 19.0918864 ], [ 73.0040883, 19.091172 ], [ 73.0040883, 19.091172 ], [ 73.0036453, 19.0914251 ], [ 73.0036723, 19.0917268 ] ], [ [ 73.0036723, 19.0917268 ], [ 73.0036453, 19.0914251 ], [ 73.0040883, 19.091172 ] ], [ [ 73.0040883, 19.091172 ], [ 73.0045606, 19.0909021 ] ], [ [ 73.0045606, 19.0909021 ], [ 73.0049757, 19.0906648 ] ], [ [ 73.0049757, 19.0906648 ], [ 73.0048264, 19.0904275 ], [ 73.0047193, 19.0902571 ], [ 73.0047193, 19.0902571 ], [ 73.0044799, 19.0898765 ], [ 73.0044799, 19.0898765 ], [ 73.0040548, 19.0901165 ] ], [ [ 73.0040548, 19.0901165 ], [ 73.0036409, 19.0903502 ], [ 73.0036409, 19.0903502 ], [ 73.0032246, 19.0905852 ] ], [ [ 73.0032246, 19.0905852 ], [ 73.0028213, 19.0908129 ] ], [ [ 73.0028213, 19.0908129 ], [ 73.0024503, 19.0902365 ] ], [ [ 73.0024503, 19.0902365 ], [ 73.0020893, 19.0896757 ], [ 73.0020893, 19.0896757 ], [ 73.0016728, 19.0899201 ], [ 73.0009981, 19.0888867 ], [ 73.0009981, 19.0888867 ], [ 73.0009713, 19.088881 ], [ 73.0009317, 19.0888671 ], [ 73.0005965, 19.0886839 ], [ 73.0005606, 19.0886633 ], [ 73.0005307, 19.0886408 ], [ 73.0005069, 19.0886143 ], [ 72.9996077, 19.0873586 ], [ 72.9996077, 19.0873586 ], [ 72.9991302, 19.0866918 ], [ 72.9990532, 19.0865843 ], [ 72.9987438, 19.0861565 ], [ 72.9986993, 19.0857792 ], [ 72.9986993, 19.0857792 ], [ 72.9986814, 19.085628 ], [ 72.9986104, 19.0854704 ], [ 72.9986104, 19.0854704 ], [ 72.9984545, 19.0852571 ], [ 72.9984545, 19.0852571 ], [ 72.9982436, 19.0854004 ], [ 72.9979654, 19.0855556 ], [ 72.9979654, 19.0855556 ], [ 72.9986493, 19.0865442 ], [ 72.9990315, 19.0870828 ], [ 72.9994703, 19.0876155 ], [ 72.9999042, 19.0881422 ], [ 73.0000161, 19.0883058 ], [ 73.0000922, 19.0885074 ], [ 73.0002337, 19.0888148 ], [ 73.0003013, 19.0890344 ], [ 73.0004132, 19.089216 ], [ 73.0015254, 19.0902245 ], [ 73.0027763, 19.0912319 ] ], [ [ 73.0027763, 19.0912319 ], [ 73.0015254, 19.0902245 ], [ 73.0004132, 19.089216 ], [ 73.0003013, 19.0890344 ], [ 73.0002337, 19.0888148 ], [ 73.0000922, 19.0885074 ], [ 73.0000161, 19.0883058 ], [ 72.9999042, 19.0881422 ], [ 72.9994703, 19.0876155 ], [ 72.9990315, 19.0870828 ], [ 72.9986493, 19.0865442 ], [ 72.9979654, 19.0855556 ], [ 72.9979654, 19.0855556 ], [ 72.9982436, 19.0854004 ], [ 72.9984545, 19.0852571 ], [ 72.9984545, 19.0852571 ], [ 72.9986104, 19.0854704 ], [ 72.9986104, 19.0854704 ], [ 72.9991226, 19.0851616 ], [ 72.9991226, 19.0851616 ], [ 72.9995745, 19.0848892 ], [ 73.0001271, 19.0845561 ], [ 73.000178, 19.0845054 ], [ 73.000178, 19.0845054 ], [ 73.000288, 19.0846173 ], [ 73.0003805, 19.0851016 ], [ 73.0004476, 19.0852499 ], [ 73.0004862, 19.085443 ], [ 73.0004862, 19.085443 ], [ 73.0006987, 19.0854081 ], [ 73.0008226, 19.0853446 ], [ 73.0009748, 19.0853112 ], [ 73.0011022, 19.0853346 ], [ 73.0011588, 19.085475 ], [ 73.0011694, 19.085552 ], [ 73.0012402, 19.0855419 ], [ 73.0013039, 19.0854951 ], [ 73.0013676, 19.0854717 ], [ 73.001449, 19.0854249 ], [ 73.0015977, 19.0853312 ], [ 73.0019896, 19.0850601 ], [ 73.0019896, 19.0850601 ], [ 73.0028149, 19.0862988 ], [ 73.0028149, 19.0862988 ], [ 73.0029143, 19.0864448 ], [ 73.0029143, 19.0864448 ], [ 73.0033014, 19.0870494 ], [ 73.00353, 19.087402 ], [ 73.00353, 19.087402 ], [ 73.0041488, 19.0883566 ], [ 73.0041488, 19.0883566 ], [ 73.0042006, 19.0884365 ], [ 73.0045727, 19.0890106 ], [ 73.0045727, 19.0890106 ], [ 73.004928, 19.0895587 ], [ 73.0051147, 19.0898467 ] ], [ [ 73.0051147, 19.0898467 ], [ 73.0052242, 19.090042 ], [ 73.0052897, 19.0903193 ] ], [ [ 73.0052897, 19.0903193 ], [ 73.0052776, 19.0903593 ], [ 73.0052796, 19.0904009 ], [ 73.0052955, 19.0904397 ], [ 73.0053236, 19.0904718 ], [ 73.0053236, 19.0904718 ], [ 73.005346, 19.0905655 ], [ 73.0053612, 19.0906547 ], [ 73.0053676, 19.0907068 ], [ 73.0053773, 19.0907855 ], [ 73.0053886, 19.091025 ], [ 73.0053886, 19.091025 ], [ 73.0054727, 19.0923894 ], [ 73.0055055, 19.0929201 ], [ 73.0055101, 19.0929959 ], [ 73.0056035, 19.0939455 ], [ 73.0057177, 19.0952959 ], [ 73.0057177, 19.0952959 ], [ 73.0057343, 19.095511 ], [ 73.0057373, 19.0957518 ], [ 73.0057313, 19.0960187 ], [ 73.0057118, 19.0962524 ], [ 73.0056863, 19.0964567 ], [ 73.0056334, 19.0967358 ], [ 73.0054655, 19.0973091 ], [ 73.0054655, 19.0973091 ], [ 73.0055967, 19.097346 ], [ 73.0055967, 19.097346 ], [ 73.0057204, 19.0969142 ], [ 73.0057355, 19.0968613 ], [ 73.005762, 19.0967686 ], [ 73.0057917, 19.0966146 ] ], [ [ 73.0057917, 19.0966146 ], [ 73.0058182, 19.0964736 ], [ 73.0058443, 19.0962647 ], [ 73.0058509, 19.0961857 ], [ 73.0058514, 19.0961797 ], [ 73.0058642, 19.0960249 ], [ 73.0058688, 19.0958225 ], [ 73.0058704, 19.0957524 ], [ 73.0058673, 19.0955083 ], [ 73.0058555, 19.0952875 ], [ 73.0058555, 19.0952875 ], [ 73.0062083, 19.0952661 ], [ 73.0068406, 19.0952277 ], [ 73.0072174, 19.0952048 ] ], [ [ 73.0072174, 19.0952048 ], [ 73.0079003, 19.0951634 ] ], [ [ 73.0079003, 19.0951634 ], [ 73.0079506, 19.0951603 ], [ 73.0079887, 19.095158 ], [ 73.0080252, 19.0951558 ], [ 73.0085338, 19.0951249 ] ], [ [ 73.0085338, 19.0951249 ], [ 73.0086655, 19.0951169 ] ], [ [ 73.0086655, 19.0951169 ], [ 73.0087678, 19.0951107 ] ], [ [ 73.0087678, 19.0951107 ], [ 73.0094405, 19.0950698 ], [ 73.0094755, 19.0950677 ], [ 73.0095178, 19.0950651 ], [ 73.0103892, 19.0950123 ] ], [ [ 73.0103892, 19.0950123 ], [ 73.0104754, 19.095007 ] ], [ [ 73.0104754, 19.095007 ], [ 73.010478, 19.0953045 ], [ 73.0104849, 19.0953989 ], [ 73.0105537, 19.0955062 ], [ 73.0106442, 19.0955793 ], [ 73.0107533, 19.0955973 ], [ 73.0110287, 19.0956428 ], [ 73.0110997, 19.0956643 ], [ 73.0111491, 19.0956916 ], [ 73.0111899, 19.0957239 ], [ 73.0112214, 19.0957794 ], [ 73.0112341, 19.0958514 ], [ 73.0112283, 19.0959322 ], [ 73.0111903, 19.0960676 ] ], [ [ 73.0111903, 19.0960676 ], [ 73.0113143, 19.096047 ], [ 73.0114498, 19.096026 ], [ 73.0115089, 19.0960072 ], [ 73.0115638, 19.0959882 ], [ 73.0116387, 19.0959569 ], [ 73.0117297, 19.0959393 ], [ 73.0120294, 19.0959237 ], [ 73.0123373, 19.095943 ] ], [ [ 73.0123373, 19.095943 ], [ 73.0123398, 19.0959146 ], [ 73.0123806, 19.0957746 ], [ 73.0124139, 19.0956924 ], [ 73.0124235, 19.0956254 ], [ 73.0124235, 19.0956254 ], [ 73.012859, 19.0956121 ], [ 73.012859, 19.0956121 ], [ 73.0129355, 19.0956098 ], [ 73.0129355, 19.0956098 ], [ 73.0130509, 19.0956083 ], [ 73.0130995, 19.0956184 ], [ 73.0130661, 19.0958364 ] ], [ [ 73.0130661, 19.0958364 ], [ 73.0130995, 19.0956184 ], [ 73.0130509, 19.0956083 ], [ 73.0129355, 19.0956098 ], [ 73.0129355, 19.0956098 ], [ 73.0129449, 19.0953921 ] ], [ [ 73.0129449, 19.0953921 ], [ 73.0129355, 19.0956098 ], [ 73.0129355, 19.0956098 ], [ 73.012859, 19.0956121 ] ], [ [ 73.012859, 19.0956121 ], [ 73.0124235, 19.0956254 ], [ 73.0124235, 19.0956254 ], [ 73.0124139, 19.0956924 ], [ 73.0123806, 19.0957746 ], [ 73.0123398, 19.0959146 ], [ 73.0123373, 19.095943 ] ], [ [ 73.0123373, 19.095943 ], [ 73.0123312, 19.0960109 ], [ 73.012352, 19.0968032 ], [ 73.0123524, 19.0968194 ], [ 73.0123605, 19.0971275 ] ], [ [ 73.0123605, 19.0971275 ], [ 73.0117878, 19.0971738 ] ], [ [ 73.0117878, 19.0971738 ], [ 73.0113831, 19.0971971 ], [ 73.0112284, 19.0972161 ] ], [ [ 73.0112284, 19.0972161 ], [ 73.0111578, 19.0972248 ] ], [ [ 73.0111578, 19.0972248 ], [ 73.0110911, 19.0973075 ], [ 73.0109597, 19.0974317 ], [ 73.0107407, 19.0974961 ] ], [ [ 73.0107407, 19.0974961 ], [ 73.01077, 19.0979332 ], [ 73.0114431, 19.0979188 ] ], [ [ 73.0114431, 19.0979188 ], [ 73.0118101, 19.0979179 ], [ 73.0118101, 19.0979179 ], [ 73.0118127, 19.0981358 ], [ 73.0117719, 19.0982738 ], [ 73.0117097, 19.0983915 ], [ 73.0116395, 19.0984924 ], [ 73.0116395, 19.0984924 ], [ 73.0120401, 19.0984992 ], [ 73.0120626, 19.0985161 ] ], [ [ 73.0120626, 19.0985161 ], [ 73.0120401, 19.0984992 ], [ 73.0116395, 19.0984924 ] ] ] } },
{ "type": "Feature", "properties": { "point_ids": [ 9250, 7593, 7548, 9952, 7804, 4188, 564, 9493, 2436, 6592, 290, 5634, 2992, 7422, 8725, 6363, 5337, 4001, 3258, 6532, 3779, 9152, 7068, 1936, 2123, 4080, 4262, 7561, 5593, 4898, 3941, 533, 412, 273, 1403, 9509, 4685, 2529, 5831, 9383, 6561, 4964, 4562, 2139, 5576, 7420, 9384, 4593, 7127, 8365, 513, 9833, 1460, 4033, 2324, 3813, 6169, 6081, 5579, 8386, 1715, 771, 765, 1986, 9142, 4917, 9939, 7887, 679, 6265, 5546, 7701, 7339, 9148, 6290, 5628, 3711, 2906, 3143, 6345, 6631, 496, 8966, 5314, 4433, 3342, 3775, 929, 5318, 2337, 5394, 5696, 7048, 891, 8209, 1007, 1978, 4428, 885, 6722, 9133, 6043, 2560, 3994, 9086, 291, 4545, 6275, 7118, 8590, 9324, 8565, 3057, 7082, 3011, 2914, 5466, 8256, 9089, 9772, 6233, 5449, 8326, 7077, 5706, 5475, 7846, 5779, 1585, 6005, 1885, 314, 1896, 6913, 5390, 618, 2218, 5312, 3222, 8819, 7784, 9891, 9916, 7967, 926, 7109, 4614, 9741, 9557, 5731, 5712, 154, 870, 1894, 5410, 6877, 9865, 9577, 3405, 7842, 6126, 5079, 4594, 4058, 2479, 9455, 5395, 3806, 2913, 7263, 6607, 4758, 2246, 1903, 640, 9116, 2930, 369, 9173, 2486, 2732, 3284, 3538, 5252, 8515, 3404, 7253, 829, 6480, 7280, 5196, 928, 638, 2198, 9195, 465, 3966, 3347, 6753, 4147, 5548, 9492, 2184, 8282, 7143, 9696, 5385, 6963, 6247, 4325, 2903, 2787, 2003, 6242, 6940, 7476, 7992, 9712, 975, 9136, 9035, 8287, 3672, 9025, 6836, 6647, 5740, 5979, 1816, 5587, 2863, 2897, 2899, 6535, 9197, 1439, 8965, 8462, 7766, 7178, 3496, 8469, 8268, 315, 5726, 9233, 775, 8032, 6704, 4891, 4483, 3997, 1457, 1591, 2418, 4020, 5730, 8047, 7468, 7634, 5728, 2243, 305, 5455 ], "length_m": 19845.00802371652, "travel_time_min": 43.66932829337032, "n_points": 264, "route_id": 29, "cluster_id": 19 }, "geometry": { "type": "MultiLineString", "coordinates": [ [ [ 73.0116395, 19.0984924 ], [ 73.0113265, 19.0989557 ] ], [ [ 73.0113265, 19.0989557 ], [ 73.0112329, 19.0990943 ] ], [ [ 73.0112329, 19.0990943 ], [ 73.0111653, 19.0991762 ], [ 73.0108534, 19.1000438 ] ], [ [ 73.0108534, 19.1000438 ], [ 73.0105351, 19.1009293 ], [ 73.0105351, 19.1009293 ], [ 73.0105969, 19.1009475 ] ], [ [ 73.0105969, 19.1009475 ], [ 73.0105351, 19.1009293 ] ], [ [ 73.0105351, 19.1009293 ], [ 73.0103869, 19.1013414 ], [ 73.0103765, 19.1014678 ] ], [ [ 73.0103765, 19.1014678 ], [ 73.0101546, 19.1021529 ], [ 73.0100818, 19.1023778 ], [ 73.0097431, 19.103482 ] ], [ [ 73.0097431, 19.103482 ], [ 73.0093099, 19.1033628 ], [ 73.0093099, 19.1033628 ], [ 73.0096665, 19.1022111 ] ], [ [ 73.0096665, 19.1022111 ], [ 73.0090185, 19.1020055 ], [ 73.0090185, 19.1020055 ], [ 73.0090212, 19.1019485 ] ], [ [ 73.0090212, 19.1019485 ], [ 73.0092334, 19.1013606 ] ], [ [ 73.0092334, 19.1013606 ], [ 73.0075524, 19.1008864 ], [ 73.0075524, 19.1008864 ], [ 73.0077793, 19.10015 ] ], [ [ 73.0077793, 19.10015 ], [ 73.0079068, 19.100186 ], [ 73.0086459, 19.1003947 ] ], [ [ 73.0086459, 19.1003947 ], [ 73.008969, 19.0994143 ], [ 73.008969, 19.0994143 ], [ 73.0086967, 19.099332 ], [ 73.0086578, 19.0993129 ], [ 73.0086391, 19.0992863 ], [ 73.0086341, 19.0992479 ], [ 73.0086346, 19.0992365 ], [ 73.0088228, 19.0985238 ] ], [ [ 73.0088228, 19.0985238 ], [ 73.0086346, 19.0992365 ], [ 73.0086341, 19.0992479 ], [ 73.0086391, 19.0992863 ], [ 73.0086578, 19.0993129 ], [ 73.0086967, 19.099332 ], [ 73.008969, 19.0994143 ], [ 73.008969, 19.0994143 ], [ 73.0093968, 19.0995373 ], [ 73.0094464, 19.0995474 ], [ 73.009488, 19.0995398 ], [ 73.0095269, 19.0995144 ], [ 73.009553, 19.0994358 ] ], [ [ 73.009553, 19.0994358 ], [ 73.0096143, 19.0994528 ] ], [ [ 73.0096143, 19.0994528 ], [ 73.009553, 19.0994358 ] ], [ [ 73.009553, 19.0994358 ], [ 73.0097546, 19.0987115 ], [ 73.0097833, 19.0986188 ], [ 73.0098108, 19.0985299 ] ], [ [ 73.0098108, 19.0985299 ], [ 73.0088926, 19.0982719 ], [ 73.0087976, 19.0982452 ], [ 73.00839, 19.0981307 ], [ 73.00839, 19.0981307 ], [ 73.0077271, 19.0979445 ] ], [ [ 73.0077271, 19.0979445 ], [ 73.0077064, 19.0980152 ], [ 73.0076739, 19.0981263 ], [ 73.0076513, 19.0982035 ], [ 73.0076513, 19.0982035 ], [ 73.006792, 19.0979744 ] ], [ [ 73.006792, 19.0979744 ], [ 73.0066466, 19.0984505 ], [ 73.0066466, 19.0984505 ], [ 73.0065652, 19.098717 ], [ 73.0065652, 19.098717 ], [ 73.0064851, 19.0989791 ], [ 73.0064064, 19.099237 ], [ 73.0064027, 19.099249 ], [ 73.0063444, 19.0994399 ] ], [ [ 73.0063444, 19.0994399 ], [ 73.0062586, 19.0997205 ] ], [ [ 73.0062586, 19.0997205 ], [ 73.0060723, 19.0996679 ], [ 73.0053117, 19.0994491 ] ], [ [ 73.0053117, 19.0994491 ], [ 73.0052052, 19.0993951 ], [ 73.005025, 19.0993407 ], [ 73.005025, 19.0993407 ], [ 73.0050256, 19.0993106 ], [ 73.0050192, 19.0992811 ], [ 73.0050063, 19.0992536 ], [ 73.0050063, 19.0992536 ], [ 73.0049916, 19.0992338 ], [ 73.0049734, 19.0992168 ], [ 73.0049525, 19.099203 ], [ 73.0049293, 19.0991929 ], [ 73.0049046, 19.0991867 ], [ 73.0048791, 19.0991847 ], [ 73.0048536, 19.0991868 ], [ 73.004829, 19.0991932 ], [ 73.0048059, 19.0992034 ], [ 73.0048059, 19.0992034 ], [ 73.0047849, 19.0992174 ], [ 73.0047668, 19.0992346 ], [ 73.0047603, 19.0992435 ], [ 73.0047603, 19.0992435 ], [ 73.0046047, 19.0992131 ], [ 73.0045076, 19.0992301 ], [ 73.0045076, 19.0992301 ], [ 73.0043618, 19.0991956 ], [ 73.0043618, 19.0991956 ], [ 73.0043334, 19.0992865 ], [ 73.0042464, 19.0995646 ], [ 73.0042095, 19.0996824 ], [ 73.0041698, 19.0998092 ] ], [ [ 73.0041698, 19.0998092 ], [ 73.0040741, 19.1001151 ], [ 73.0039143, 19.1006287 ] ], [ [ 73.0039143, 19.1006287 ], [ 73.0032992, 19.1004508 ] ], [ [ 73.0032992, 19.1004508 ], [ 73.0033856, 19.1001696 ] ], [ [ 73.0033856, 19.1001696 ], [ 73.0034584, 19.0999326 ], [ 73.0035079, 19.0997744 ] ], [ [ 73.0035079, 19.0997744 ], [ 73.0029542, 19.0996197 ], [ 73.0018039, 19.099316 ] ], [ [ 73.0018039, 19.099316 ], [ 73.0016547, 19.0997582 ] ], [ [ 73.0016547, 19.0997582 ], [ 73.0012144, 19.0996199 ], [ 73.0012144, 19.0996199 ], [ 73.0011533, 19.0996074 ] ], [ [ 73.0011533, 19.0996074 ], [ 73.0011801, 19.0995436 ], [ 73.0011979, 19.0994744 ], [ 73.0012235, 19.0993986 ], [ 73.0013169, 19.0991622 ] ], [ [ 73.0013169, 19.0991622 ], [ 73.0006999, 19.0989898 ] ], [ [ 73.0006999, 19.0989898 ], [ 73.0004302, 19.0989144 ], [ 73.0001294, 19.0988304 ], [ 73.0001294, 19.0988304 ], [ 73.0001539, 19.0987376 ], [ 73.0001512, 19.0987027 ], [ 73.0001324, 19.098673 ], [ 73.0001029, 19.0986565 ], [ 72.9995809, 19.0985188 ] ], [ [ 72.9995809, 19.0985188 ], [ 72.9997765, 19.0978937 ] ], [ [ 72.9997765, 19.0978937 ], [ 72.9995476, 19.0978288 ], [ 72.9992789, 19.0977526 ] ], [ [ 72.9992789, 19.0977526 ], [ 72.9978754, 19.0973778 ] ], [ [ 72.9978754, 19.0973778 ], [ 72.9979954, 19.0979802 ], [ 72.997992, 19.098019 ], [ 72.9979733, 19.0980507 ], [ 72.9979357, 19.098071 ], [ 72.9976594, 19.0981356 ] ], [ [ 72.9976594, 19.0981356 ], [ 72.9979357, 19.098071 ], [ 72.9979733, 19.0980507 ], [ 72.997992, 19.098019 ], [ 72.9979954, 19.0979802 ], [ 72.9978754, 19.0973778 ] ], [ [ 72.9978754, 19.0973778 ], [ 72.9992789, 19.0977526 ] ], [ [ 72.9992789, 19.0977526 ], [ 72.9989706, 19.0986714 ] ], [ [ 72.9989706, 19.0986714 ], [ 72.9992789, 19.0977526 ], [ 72.9992789, 19.0977526 ], [ 72.9995476, 19.0978288 ], [ 72.9997765, 19.0978937 ], [ 72.9997765, 19.0978937 ], [ 73.0013851, 19.0983499 ] ], [ [ 73.0013851, 19.0983499 ], [ 73.0017174, 19.0984442 ], [ 73.0020672, 19.0985434 ] ], [ [ 73.0020672, 19.0985434 ], [ 73.0017174, 19.0984442 ], [ 73.0013851, 19.0983499 ] ], [ [ 73.0013851, 19.0983499 ], [ 73.0016097, 19.0976725 ], [ 73.0019397, 19.0966446 ], [ 73.0019801, 19.0965188 ] ], [ [ 73.0019801, 19.0965188 ], [ 73.0020263, 19.0963766 ], [ 73.0021476, 19.0960031 ] ], [ [ 73.0021476, 19.0960031 ], [ 73.0014964, 19.0958191 ] ], [ [ 73.0014964, 19.0958191 ], [ 73.0012378, 19.0957467 ], [ 73.001064, 19.0956981 ], [ 73.0008486, 19.0956378 ], [ 73.0008097, 19.0955846 ], [ 73.0007909, 19.095525 ], [ 73.0007963, 19.0954756 ], [ 73.000973, 19.0948726 ] ], [ [ 73.000973, 19.0948726 ], [ 73.0007963, 19.0954756 ], [ 73.0007909, 19.095525 ], [ 73.0008097, 19.0955846 ], [ 73.0008486, 19.0956378 ], [ 73.001064, 19.0956981 ], [ 73.0012378, 19.0957467 ], [ 73.0014964, 19.0958191 ] ], [ [ 73.0014964, 19.0958191 ], [ 73.0021476, 19.0960031 ], [ 73.0021476, 19.0960031 ], [ 73.0020263, 19.0963766 ], [ 73.0019801, 19.0965188 ] ], [ [ 73.0019801, 19.0965188 ], [ 73.0023856, 19.096637 ], [ 73.0024577, 19.096658 ], [ 73.002801, 19.096758 ], [ 73.002801, 19.096758 ], [ 73.0029949, 19.0961528 ], [ 73.0030133, 19.0960953 ] ], [ [ 73.0030133, 19.0960953 ], [ 73.002687, 19.0957672 ], [ 73.0025338, 19.0956574 ] ], [ [ 73.0025338, 19.0956574 ], [ 73.002687, 19.0957672 ], [ 73.0030133, 19.0960953 ] ], [ [ 73.0030133, 19.0960953 ], [ 73.0029949, 19.0961528 ], [ 73.002801, 19.096758 ] ], [ [ 73.002801, 19.096758 ], [ 73.0033795, 19.0969266 ], [ 73.0033795, 19.0969266 ], [ 73.0035381, 19.0964451 ] ], [ [ 73.0035381, 19.0964451 ], [ 73.0033795, 19.0969266 ] ], [ [ 73.0033795, 19.0969266 ], [ 73.0036443, 19.0971201 ], [ 73.0038516, 19.0972716 ], [ 73.0038901, 19.0972997 ], [ 73.0040769, 19.0974362 ], [ 73.0043634, 19.0976456 ] ], [ [ 73.0043634, 19.0976456 ], [ 73.0042274, 19.0980805 ], [ 73.0041337, 19.09838 ] ], [ [ 73.0041337, 19.09838 ], [ 73.0036597, 19.0982489 ] ], [ [ 73.0036597, 19.0982489 ], [ 73.0030039, 19.0980675 ] ], [ [ 73.0030039, 19.0980675 ], [ 73.0036597, 19.0982489 ], [ 73.0036597, 19.0982489 ], [ 73.0034435, 19.0989336 ] ], [ [ 73.0034435, 19.0989336 ], [ 73.0037443, 19.0990188 ], [ 73.0043618, 19.0991956 ] ], [ [ 73.0043618, 19.0991956 ], [ 73.0045076, 19.0992301 ] ], [ [ 73.0045076, 19.0992301 ], [ 73.0045853, 19.0992798 ], [ 73.0047329, 19.099324 ] ], [ [ 73.0047329, 19.099324 ], [ 73.0047353, 19.0993481 ], [ 73.004742, 19.0993714 ], [ 73.004753, 19.0993933 ], [ 73.0047727, 19.0994143 ], [ 73.0047727, 19.0994143 ], [ 73.0047861, 19.09943 ], [ 73.0048071, 19.0994437 ], [ 73.0048304, 19.0994538 ], [ 73.0048551, 19.0994599 ], [ 73.0048806, 19.0994618 ], [ 73.0049061, 19.0994595 ], [ 73.0049221, 19.0994582 ], [ 73.0049221, 19.0994582 ], [ 73.0049592, 19.0994396 ], [ 73.0049839, 19.0994206 ], [ 73.0049839, 19.0994206 ], [ 73.0050037, 19.099397 ], [ 73.005025, 19.0993407 ] ], [ [ 73.005025, 19.0993407 ], [ 73.0050256, 19.0993106 ], [ 73.0050192, 19.0992811 ], [ 73.0050063, 19.0992536 ], [ 73.0050063, 19.0992536 ], [ 73.0050538, 19.098988 ], [ 73.0055967, 19.097346 ] ], [ [ 73.0055967, 19.097346 ], [ 73.0054655, 19.0973091 ] ], [ [ 73.0054655, 19.0973091 ], [ 73.0052389, 19.0979996 ] ], [ [ 73.0052389, 19.0979996 ], [ 73.0049241, 19.0989276 ], [ 73.0049241, 19.0989276 ], [ 73.0048059, 19.0992034 ], [ 73.0048059, 19.0992034 ], [ 73.0047849, 19.0992174 ], [ 73.0047668, 19.0992346 ], [ 73.0047603, 19.0992435 ], [ 73.0047603, 19.0992435 ], [ 73.0047522, 19.0992545 ], [ 73.0047415, 19.0992765 ], [ 73.0047329, 19.099324 ], [ 73.0047329, 19.099324 ], [ 73.0047353, 19.0993481 ], [ 73.004742, 19.0993714 ], [ 73.004753, 19.0993933 ], [ 73.0047727, 19.0994143 ], [ 73.0047727, 19.0994143 ], [ 73.0047861, 19.09943 ], [ 73.0048071, 19.0994437 ], [ 73.0048304, 19.0994538 ], [ 73.0048551, 19.0994599 ], [ 73.0048806, 19.0994618 ], [ 73.0049061, 19.0994595 ], [ 73.0049221, 19.0994582 ], [ 73.0049221, 19.0994582 ], [ 73.0049592, 19.0994396 ], [ 73.0049839, 19.0994206 ], [ 73.0049839, 19.0994206 ], [ 73.0051857, 19.0994696 ], [ 73.0053117, 19.0994491 ], [ 73.0053117, 19.0994491 ], [ 73.0060723, 19.0996679 ], [ 73.0062586, 19.0997205 ], [ 73.0062586, 19.0997205 ], [ 73.0070851, 19.0999539 ], [ 73.0075246, 19.1000781 ], [ 73.007567, 19.1000901 ], [ 73.0077793, 19.10015 ], [ 73.0077793, 19.10015 ], [ 73.0075524, 19.1008864 ] ], [ [ 73.0075524, 19.1008864 ], [ 73.0074208, 19.1013128 ] ], [ [ 73.0074208, 19.1013128 ], [ 73.0072588, 19.1018384 ], [ 73.0072069, 19.1020068 ], [ 73.0072069, 19.1020068 ], [ 73.0074173, 19.1020737 ], [ 73.0084534, 19.1023799 ] ], [ [ 73.0084534, 19.1023799 ], [ 73.0074173, 19.1020737 ], [ 73.0072069, 19.1020068 ], [ 73.0072069, 19.1020068 ], [ 73.0072588, 19.1018384 ], [ 73.0074208, 19.1013128 ], [ 73.0074208, 19.1013128 ], [ 73.0070073, 19.1012202 ], [ 73.0068947, 19.1012329 ], [ 73.0068544, 19.1012937 ], [ 73.0067337, 19.1017499 ] ], [ [ 73.0067337, 19.1017499 ], [ 73.0068544, 19.1012937 ], [ 73.0068947, 19.1012329 ], [ 73.0070073, 19.1012202 ], [ 73.0074208, 19.1013128 ], [ 73.0074208, 19.1013128 ], [ 73.0075524, 19.1008864 ], [ 73.0075524, 19.1008864 ], [ 73.0058829, 19.1004171 ] ], [ [ 73.0058829, 19.1004171 ], [ 73.0056687, 19.1010971 ] ], [ [ 73.0056687, 19.1010971 ], [ 73.005051, 19.1009133 ] ], [ [ 73.005051, 19.1009133 ], [ 73.0056687, 19.1010971 ], [ 73.0056687, 19.1010971 ], [ 73.0058829, 19.1004171 ], [ 73.0058829, 19.1004171 ], [ 73.0075524, 19.1008864 ], [ 73.0075524, 19.1008864 ], [ 73.0077793, 19.10015 ] ], [ [ 73.0077793, 19.10015 ], [ 73.007567, 19.1000901 ], [ 73.0075246, 19.1000781 ], [ 73.0070851, 19.0999539 ], [ 73.0062586, 19.0997205 ], [ 73.0062586, 19.0997205 ], [ 73.0063444, 19.0994399 ], [ 73.0063444, 19.0994399 ], [ 73.0054582, 19.0991908 ] ], [ [ 73.0054582, 19.0991908 ], [ 73.0063444, 19.0994399 ], [ 73.0063444, 19.0994399 ], [ 73.0064027, 19.099249 ], [ 73.0064064, 19.099237 ], [ 73.0064851, 19.0989791 ], [ 73.0065652, 19.098717 ], [ 73.0065652, 19.098717 ], [ 73.0056595, 19.0984663 ] ], [ [ 73.0056595, 19.0984663 ], [ 73.0065652, 19.098717 ], [ 73.0065652, 19.098717 ], [ 73.0066466, 19.0984505 ], [ 73.0066466, 19.0984505 ], [ 73.0075268, 19.0986853 ], [ 73.0075268, 19.0986853 ], [ 73.0077559, 19.0987464 ], [ 73.008387, 19.0989147 ] ], [ [ 73.008387, 19.0989147 ], [ 73.0077559, 19.0987464 ], [ 73.0075268, 19.0986853 ], [ 73.0075268, 19.0986853 ], [ 73.0076698, 19.0982084 ] ], [ [ 73.0076698, 19.0982084 ], [ 73.0085847, 19.0984524 ] ], [ [ 73.0085847, 19.0984524 ], [ 73.0076698, 19.0982084 ], [ 73.0076698, 19.0982084 ], [ 73.0076513, 19.0982035 ], [ 73.0076513, 19.0982035 ], [ 73.0076739, 19.0981263 ], [ 73.0077064, 19.0980152 ], [ 73.0077271, 19.0979445 ], [ 73.0077271, 19.0979445 ], [ 73.006553, 19.0976146 ] ], [ [ 73.006553, 19.0976146 ], [ 73.0067387, 19.096941 ], [ 73.0068739, 19.0964508 ] ], [ [ 73.0068739, 19.0964508 ], [ 73.0076668, 19.0966568 ] ], [ [ 73.0076668, 19.0966568 ], [ 73.0080658, 19.0967605 ] ], [ [ 73.0080658, 19.0967605 ], [ 73.008632, 19.0969327 ] ], [ [ 73.008632, 19.0969327 ], [ 73.0086921, 19.0968216 ], [ 73.0086655, 19.0951169 ], [ 73.0086655, 19.0951169 ], [ 73.0085338, 19.0951249 ], [ 73.0085338, 19.0951249 ], [ 73.0080252, 19.0951558 ], [ 73.0079887, 19.095158 ], [ 73.0079506, 19.0951603 ], [ 73.0079003, 19.0951634 ] ], [ [ 73.0079003, 19.0951634 ], [ 73.0075997, 19.0961561 ] ], [ [ 73.0075997, 19.0961561 ], [ 73.0079003, 19.0951634 ] ], [ [ 73.0079003, 19.0951634 ], [ 73.0079506, 19.0951603 ], [ 73.0079887, 19.095158 ], [ 73.0080252, 19.0951558 ], [ 73.0085338, 19.0951249 ] ], [ [ 73.0085338, 19.0951249 ], [ 73.0086655, 19.0951169 ], [ 73.0086655, 19.0951169 ], [ 73.0087678, 19.0951107 ] ], [ [ 73.0087678, 19.0951107 ], [ 73.0094405, 19.0950698 ], [ 73.0094755, 19.0950677 ], [ 73.0095178, 19.0950651 ], [ 73.0103892, 19.0950123 ], [ 73.0103892, 19.0950123 ], [ 73.0102531, 19.0933117 ] ], [ [ 73.0102531, 19.0933117 ], [ 73.0103892, 19.0950123 ], [ 73.0103892, 19.0950123 ], [ 73.0104754, 19.095007 ] ], [ [ 73.0104754, 19.095007 ], [ 73.01144, 19.0949485 ], [ 73.0123925, 19.0948906 ], [ 73.0123925, 19.0948906 ], [ 73.0127155, 19.094871 ], [ 73.0128625, 19.0948621 ], [ 73.0129334, 19.0948578 ] ], [ [ 73.0129334, 19.0948578 ], [ 73.0128625, 19.0948621 ], [ 73.0127155, 19.094871 ], [ 73.0123925, 19.0948906 ] ], [ [ 73.0123925, 19.0948906 ], [ 73.0123316, 19.0938595 ], [ 73.0122922, 19.0931919 ] ], [ [ 73.0122922, 19.0931919 ], [ 73.0122625, 19.0927873 ], [ 73.0122532, 19.0927355 ], [ 73.0122335, 19.0926254 ], [ 73.0122335, 19.0926254 ], [ 73.0122254, 19.09258 ], [ 73.0121268, 19.092065 ], [ 73.0121042, 19.0919933 ], [ 73.0120752, 19.0919216 ], [ 73.0120752, 19.0919216 ], [ 73.0120483, 19.0918627 ], [ 73.0119313, 19.0916158 ], [ 73.011911, 19.0915573 ], [ 73.0118958, 19.0915016 ], [ 73.0118915, 19.0914655 ], [ 73.0118915, 19.0914655 ], [ 73.011932, 19.0913456 ], [ 73.011932, 19.0913456 ], [ 73.0116397, 19.0912479 ], [ 73.0116006, 19.0912269 ], [ 73.0116006, 19.0912269 ], [ 73.0117078, 19.0910083 ], [ 73.0117709, 19.0909237 ], [ 73.0118278, 19.0908715 ], [ 73.0119297, 19.0907968 ], [ 73.0119784, 19.0907629 ], [ 73.0120504, 19.0907192 ] ], [ [ 73.0120504, 19.0907192 ], [ 73.0119784, 19.0907629 ], [ 73.0119297, 19.0907968 ], [ 73.0118278, 19.0908715 ], [ 73.0117709, 19.0909237 ], [ 73.0117078, 19.0910083 ], [ 73.0116006, 19.0912269 ], [ 73.0116006, 19.0912269 ], [ 73.0112402, 19.0910334 ], [ 73.0110019, 19.0908437 ], [ 73.0107482, 19.090592 ], [ 73.0105192, 19.0902995 ], [ 73.0095304, 19.0887994 ], [ 73.0095304, 19.0887994 ], [ 73.0099281, 19.0887233 ], [ 73.0099281, 19.0887233 ], [ 73.0104423, 19.0886481 ], [ 73.0104423, 19.0886481 ], [ 73.0104933, 19.088554 ], [ 73.0104933, 19.088554 ], [ 73.0103949, 19.0884417 ], [ 73.0103705, 19.0884085 ], [ 73.0103613, 19.0883623 ], [ 73.0103858, 19.0883147 ], [ 73.0104377, 19.0882772 ] ], [ [ 73.0104377, 19.0882772 ], [ 73.0103858, 19.0883147 ], [ 73.0103613, 19.0883623 ], [ 73.0103705, 19.0884085 ], [ 73.0103949, 19.0884417 ], [ 73.0104933, 19.088554 ], [ 73.0104933, 19.088554 ], [ 73.0105382, 19.0884896 ], [ 73.010595, 19.0883724 ], [ 73.0106232, 19.0883035 ], [ 73.0106557, 19.0882562 ], [ 73.010717, 19.0882037 ] ], [ [ 73.010717, 19.0882037 ], [ 73.0103427, 19.087601 ], [ 73.0103427, 19.087601 ], [ 73.0108231, 19.0873198 ] ], [ [ 73.0108231, 19.0873198 ], [ 73.0109171, 19.0872647 ], [ 73.0109171, 19.0872647 ], [ 73.0108391, 19.087145 ], [ 73.0108391, 19.087145 ], [ 73.0095763, 19.0852069 ], [ 73.0094926, 19.0850786 ], [ 73.0089206, 19.0842007 ], [ 73.0083389, 19.0832884 ], [ 73.0082851, 19.083204 ], [ 73.0082851, 19.083204 ], [ 73.0081803, 19.0832765 ], [ 73.0081803, 19.0832765 ], [ 73.008582, 19.083891 ], [ 73.008582, 19.083891 ], [ 73.0093956, 19.0851359 ], [ 73.0094794, 19.0852641 ], [ 73.0097647, 19.0856809 ], [ 73.0097647, 19.0856809 ], [ 73.0099485, 19.0859817 ], [ 73.0099485, 19.0859817 ], [ 73.0094018, 19.0863061 ], [ 73.0094018, 19.0863061 ], [ 73.0087423, 19.0866777 ], [ 73.0087195, 19.0867043 ], [ 73.0087128, 19.0867448 ], [ 73.0087262, 19.0867943 ], [ 73.0089484, 19.0871463 ] ], [ [ 73.0089484, 19.0871463 ], [ 73.0091762, 19.0874628 ], [ 73.0091963, 19.0874761 ], [ 73.0092211, 19.087478 ], [ 73.0092486, 19.0874717 ], [ 73.0099182, 19.0871011 ] ], [ [ 73.0099182, 19.0871011 ], [ 73.0101424, 19.0874325 ] ], [ [ 73.0101424, 19.0874325 ], [ 73.0099182, 19.0871011 ], [ 73.0099182, 19.0871011 ], [ 73.0104697, 19.0867791 ] ], [ [ 73.0104697, 19.0867791 ], [ 73.0107445, 19.0871997 ], [ 73.0107445, 19.0871997 ], [ 73.0101903, 19.0875199 ], [ 73.0091127, 19.0881425 ], [ 73.0091127, 19.0881425 ], [ 73.0089932, 19.0882109 ] ], [ [ 73.0089932, 19.0882109 ], [ 73.0090757, 19.0883435 ], [ 73.0090757, 19.0883435 ], [ 73.0094197, 19.0888664 ] ], [ [ 73.0094197, 19.0888664 ], [ 73.0104089, 19.09037 ], [ 73.0106462, 19.0906731 ], [ 73.0109105, 19.0909354 ], [ 73.0111639, 19.091137 ], [ 73.0115842, 19.0913628 ], [ 73.0118915, 19.0914655 ], [ 73.0118915, 19.0914655 ], [ 73.0118958, 19.0915016 ], [ 73.011911, 19.0915573 ], [ 73.0119313, 19.0916158 ], [ 73.0120483, 19.0918627 ], [ 73.0120752, 19.0919216 ], [ 73.0120752, 19.0919216 ], [ 73.0121042, 19.0919933 ], [ 73.0121268, 19.092065 ], [ 73.0122254, 19.09258 ], [ 73.0122335, 19.0926254 ], [ 73.0122335, 19.0926254 ], [ 73.0124242, 19.0925929 ], [ 73.0124365, 19.0925922 ], [ 73.014889, 19.0924553 ] ], [ [ 73.014889, 19.0924553 ], [ 73.0148984, 19.0925657 ], [ 73.0148984, 19.0925657 ], [ 73.0142426, 19.0926024 ] ], [ [ 73.0142426, 19.0926024 ], [ 73.0142761, 19.0930452 ], [ 73.0142761, 19.0930452 ], [ 73.0139497, 19.0930632 ] ], [ [ 73.0139497, 19.0930632 ], [ 73.0138538, 19.0930685 ], [ 73.0138538, 19.0930685 ], [ 73.0136927, 19.0930774 ] ], [ [ 73.0136927, 19.0930774 ], [ 73.0138538, 19.0930685 ], [ 73.0138538, 19.0930685 ], [ 73.0138171, 19.0926261 ], [ 73.0138171, 19.0926261 ], [ 73.0124452, 19.0927028 ] ], [ [ 73.0124452, 19.0927028 ], [ 73.0138171, 19.0926261 ] ], [ [ 73.0138171, 19.0926261 ], [ 73.0142426, 19.0926024 ] ], [ [ 73.0142426, 19.0926024 ], [ 73.0148984, 19.0925657 ] ], [ [ 73.0148984, 19.0925657 ], [ 73.0153126, 19.0925426 ] ], [ [ 73.0153126, 19.0925426 ], [ 73.0153574, 19.093138 ] ], [ [ 73.0153574, 19.093138 ], [ 73.0153126, 19.0925426 ] ], [ [ 73.0153126, 19.0925426 ], [ 73.0159163, 19.0925089 ], [ 73.0159374, 19.0925138 ], [ 73.0159553, 19.0925239 ], [ 73.01597, 19.0925354 ], [ 73.0159842, 19.0925529 ], [ 73.0159952, 19.092572 ], [ 73.0160031, 19.0925904 ], [ 73.0160128, 19.0926257 ] ], [ [ 73.0160128, 19.0926257 ], [ 73.0157878, 19.0934915 ] ], [ [ 73.0157878, 19.0934915 ], [ 73.0157288, 19.0937186 ], [ 73.0156712, 19.0939403 ], [ 73.0155935, 19.0942393 ] ], [ [ 73.0155935, 19.0942393 ], [ 73.0150976, 19.0942614 ] ], [ [ 73.0150976, 19.0942614 ], [ 73.0155935, 19.0942393 ] ], [ [ 73.0155935, 19.0942393 ], [ 73.0154728, 19.0947036 ], [ 73.0145224, 19.0947613 ] ], [ [ 73.0145224, 19.0947613 ], [ 73.0145225, 19.0948609 ], [ 73.0145252, 19.0949775 ], [ 73.0145064, 19.0950738 ], [ 73.0145064, 19.0950738 ], [ 73.0148068, 19.0951245 ], [ 73.0150536, 19.095198 ], [ 73.0150938, 19.0952639 ], [ 73.0151153, 19.0954109 ], [ 73.0150107, 19.0960826 ], [ 73.0149704, 19.0961891 ], [ 73.0148919, 19.0962377 ] ], [ [ 73.0148919, 19.0962377 ], [ 73.0147198, 19.0962182 ], [ 73.0144824, 19.0962214 ], [ 73.0143891, 19.096335 ], [ 73.0143071, 19.0963177 ], [ 73.0143071, 19.0963177 ], [ 73.0142851, 19.0964177 ], [ 73.0142475, 19.0965221 ], [ 73.0142429, 19.0965355 ], [ 73.0142429, 19.0965355 ], [ 73.0141816, 19.096713 ], [ 73.0141677, 19.09678 ], [ 73.0141694, 19.0968876 ] ], [ [ 73.0141694, 19.0968876 ], [ 73.0142161, 19.0969222 ], [ 73.0142329, 19.0969549 ], [ 73.0142298, 19.0970131 ], [ 73.0141926, 19.0971814 ] ], [ [ 73.0141926, 19.0971814 ], [ 73.0141866, 19.0972271 ], [ 73.0141714, 19.0972691 ], [ 73.0141083, 19.0973485 ], [ 73.0140768, 19.0973878 ], [ 73.0140588, 19.0974237 ], [ 73.0140114, 19.0975642 ], [ 73.013938, 19.0977203 ], [ 73.0138464, 19.0978506 ] ], [ [ 73.0138464, 19.0978506 ], [ 73.0136323, 19.0977343 ], [ 73.0134019, 19.0975342 ] ], [ [ 73.0134019, 19.0975342 ], [ 73.0133481, 19.0977156 ], [ 73.0133296, 19.0978202 ], [ 73.0133343, 19.0981327 ], [ 73.0133021, 19.0983151 ] ], [ [ 73.0133021, 19.0983151 ], [ 73.0133343, 19.0981327 ], [ 73.0133296, 19.0978202 ], [ 73.0133481, 19.0977156 ], [ 73.0134019, 19.0975342 ] ], [ [ 73.0134019, 19.0975342 ], [ 73.013294, 19.0974405 ], [ 73.013294, 19.0974405 ], [ 73.013341, 19.0971652 ], [ 73.013341, 19.0971652 ], [ 73.0133852, 19.097065 ], [ 73.0133806, 19.0969089 ], [ 73.0133539, 19.0967101 ], [ 73.0133258, 19.0965382 ], [ 73.0132651, 19.096437 ], [ 73.0132497, 19.0963199 ] ], [ [ 73.0132497, 19.0963199 ], [ 73.0132651, 19.096437 ], [ 73.0133258, 19.0965382 ], [ 73.0133539, 19.0967101 ], [ 73.0133806, 19.0969089 ], [ 73.0133852, 19.097065 ], [ 73.013341, 19.0971652 ] ], [ [ 73.013341, 19.0971652 ], [ 73.013294, 19.0974405 ], [ 73.013294, 19.0974405 ], [ 73.0132503, 19.0974026 ], [ 73.0130337, 19.0972183 ], [ 73.0127892, 19.0971359 ], [ 73.0125138, 19.0971197 ], [ 73.0123605, 19.0971275 ], [ 73.0123605, 19.0971275 ], [ 73.0117878, 19.0971738 ], [ 73.0117878, 19.0971738 ], [ 73.0118101, 19.0979179 ], [ 73.0118101, 19.0979179 ], [ 73.0118127, 19.0981358 ], [ 73.0117719, 19.0982738 ], [ 73.0117097, 19.0983915 ], [ 73.0116395, 19.0984924 ], [ 73.0116395, 19.0984924 ], [ 73.0113265, 19.0989557 ], [ 73.0113265, 19.0989557 ], [ 73.0112329, 19.0990943 ], [ 73.0112329, 19.0990943 ], [ 73.0111653, 19.0991762 ], [ 73.0108534, 19.1000438 ], [ 73.0108534, 19.1000438 ], [ 73.0105351, 19.1009293 ], [ 73.0105351, 19.1009293 ], [ 73.0103869, 19.1013414 ], [ 73.0103765, 19.1014678 ] ], [ [ 73.0103765, 19.1014678 ], [ 73.0104487, 19.1013597 ], [ 73.0105969, 19.1009475 ], [ 73.0105969, 19.1009475 ], [ 73.0109145, 19.1000641 ], [ 73.0109145, 19.1000641 ], [ 73.0119674, 19.1004144 ] ], [ [ 73.0119674, 19.1004144 ], [ 73.0119025, 19.1005052 ], [ 73.0117968, 19.1007049 ], [ 73.0117155, 19.1008817 ], [ 73.0114228, 19.1015616 ], [ 73.0113862, 19.1016077 ], [ 73.0113049, 19.1016692 ], [ 73.0112561, 19.1016884 ], [ 73.0112114, 19.1016846 ], [ 73.0105429, 19.1014925 ] ] ] } },
{ "type": "Feature", "properties": { "point_ids": [ 1462, 8472, 2707, 7915, 2983, 6450, 2468, 9709, 7736, 7395, 3449, 8756, 7140, 5074, 3928, 2558 ], "length_m": 4763.9607287897115, "travel_time_min": 7.7109514217692832, "n_points": 16, "route_id": 30, "cluster_id": 19 }, "geometry": { "type": "MultiLineString", "coordinates": [ [ [ 73.0105429, 19.1014925 ], [ 73.0112114, 19.1016846 ], [ 73.0112561, 19.1016884 ], [ 73.0113049, 19.1016692 ], [ 73.0113862, 19.1016077 ], [ 73.0114228, 19.1015616 ], [ 73.0117155, 19.1008817 ], [ 73.0117968, 19.1007049 ], [ 73.0119025, 19.1005052 ], [ 73.0119674, 19.1004144 ] ], [ [ 73.0119674, 19.1004144 ], [ 73.0109145, 19.1000641 ] ], [ [ 73.0109145, 19.1000641 ], [ 73.0112271, 19.0991944 ], [ 73.0112329, 19.0990943 ], [ 73.0112329, 19.0990943 ], [ 73.0113265, 19.0989557 ] ], [ [ 73.0113265, 19.0989557 ], [ 73.0116395, 19.0984924 ], [ 73.0116395, 19.0984924 ], [ 73.0117097, 19.0983915 ], [ 73.0117719, 19.0982738 ], [ 73.0118127, 19.0981358 ], [ 73.0118101, 19.0979179 ], [ 73.0118101, 19.0979179 ], [ 73.0117878, 19.0971738 ], [ 73.0117878, 19.0971738 ], [ 73.0123605, 19.0971275 ], [ 73.0123605, 19.0971275 ], [ 73.0123524, 19.0968194 ], [ 73.012352, 19.0968032 ], [ 73.0123312, 19.0960109 ], [ 73.0123373, 19.095943 ], [ 73.0123373, 19.095943 ], [ 73.0123398, 19.0959146 ], [ 73.0123806, 19.0957746 ], [ 73.0124139, 19.0956924 ], [ 73.0124235, 19.0956254 ], [ 73.0124235, 19.0956254 ], [ 73.0124141, 19.0954031 ], [ 73.0124141, 19.0954031 ], [ 73.0124061, 19.095214 ], [ 73.0123925, 19.0948906 ], [ 73.0123925, 19.0948906 ], [ 73.0123316, 19.0938595 ], [ 73.0122922, 19.0931919 ], [ 73.0122922, 19.0931919 ], [ 73.0122625, 19.0927873 ], [ 73.0122532, 19.0927355 ], [ 73.0122335, 19.0926254 ], [ 73.0122335, 19.0926254 ], [ 73.0122254, 19.09258 ], [ 73.0121268, 19.092065 ], [ 73.0121042, 19.0919933 ], [ 73.0120752, 19.0919216 ], [ 73.0120752, 19.0919216 ], [ 73.0120786, 19.0918566 ], [ 73.0120781, 19.0918045 ], [ 73.0120837, 19.0917531 ], [ 73.012097, 19.091712 ], [ 73.0121217, 19.091667 ], [ 73.0121538, 19.0916289 ], [ 73.012197, 19.0916028 ], [ 73.0122453, 19.0915843 ], [ 73.0123094, 19.0915739 ], [ 73.0123094, 19.0915739 ], [ 73.012485, 19.0915922 ], [ 73.012485, 19.0915922 ], [ 73.0128186, 19.0915802 ], [ 73.0133877, 19.0915643 ], [ 73.0167356, 19.0913551 ], [ 73.0169961, 19.0913502 ], [ 73.0171526, 19.0914023 ], [ 73.0173005, 19.0914874 ], [ 73.0173979, 19.0915754 ], [ 73.0174787, 19.0916864 ], [ 73.0175387, 19.0917988 ], [ 73.0175801, 19.0919132 ], [ 73.0175925, 19.0920124 ], [ 73.017586, 19.0921378 ], [ 73.017568, 19.092239 ], [ 73.0169365, 19.0943221 ], [ 73.0167143, 19.0949653 ] ], [ [ 73.0167143, 19.0949653 ], [ 73.0164879, 19.0956508 ], [ 73.0164193, 19.0958377 ], [ 73.016322, 19.096023 ], [ 73.0162112, 19.0962003 ], [ 73.0160396, 19.0964284 ], [ 73.0157611, 19.0967479 ], [ 73.0146204, 19.0980704 ], [ 73.0145528, 19.0981994 ], [ 73.0145528, 19.0981994 ], [ 73.0143269, 19.0986305 ], [ 73.0139814, 19.0992722 ], [ 73.0136335, 19.0998458 ], [ 73.0134006, 19.1003238 ], [ 73.0124766, 19.102285 ], [ 73.0124669, 19.1023073 ], [ 73.0124097, 19.1024388 ], [ 73.0118275, 19.1040889 ] ], [ [ 73.0118275, 19.1040889 ], [ 73.0116164, 19.104486 ], [ 73.0114424, 19.1050505 ], [ 73.0112856, 19.1055786 ], [ 73.0111688, 19.1059163 ], [ 73.0109856, 19.1063604 ], [ 73.0109856, 19.1063604 ], [ 73.0109447, 19.106468 ], [ 73.0109447, 19.106468 ], [ 73.0111774, 19.1065541 ], [ 73.0111774, 19.1065541 ], [ 73.0112205, 19.106447 ], [ 73.0112205, 19.106447 ], [ 73.0113926, 19.1060016 ], [ 73.011516, 19.1056434 ], [ 73.0116664, 19.1051222 ], [ 73.0118425, 19.1045515 ], [ 73.0119365, 19.1041208 ] ], [ [ 73.0119365, 19.1041208 ], [ 73.0121563, 19.1034974 ], [ 73.012173, 19.10345 ], [ 73.0121916, 19.1033973 ], [ 73.0122118, 19.1033401 ], [ 73.0125164, 19.1024772 ], [ 73.0125816, 19.1023273 ], [ 73.013058, 19.1013049 ], [ 73.0135238, 19.1003499 ], [ 73.0137572, 19.099884 ], [ 73.0141066, 19.0993237 ], [ 73.014449, 19.0986921 ], [ 73.0145813, 19.098441 ] ] ] } },
{ "type": "Feature", "properties": { "point_ids": [ 21, 785, 3947, 5846, 9958, 1993, 8672, 3369, 106, 5916, 4901, 8285, 6810, 6503, 6316, 9369, 887, 930, 1254, 1485, 4114, 6326, 8062, 2285, 6257, 9275, 6523, 9310, 2484, 9552, 9024, 8247, 7404, 7241, 6271, 1006, 675, 5037, 9839, 9802, 7988, 6839, 5795, 5239, 9531, 9242, 8780, 7042, 8632, 2299, 2068, 8923, 5900, 5849, 3700, 7724, 7594, 3983, 1814, 1523, 7918, 7592, 2153, 8848, 7764, 7550, 6759, 1763, 363, 9249, 6849, 1340, 803, 8608, 6717, 5812, 3646, 2058, 4187, 4225, 1318, 999, 1080, 6321, 7547, 3081, 1413, 7277, 1049, 8385, 4932, 289, 9617, 6129, 4218, 3826, 2521, 1393, 3386, 9414, 1058, 7517, 1556, 231, 4230, 1751, 2693, 955, 1273, 3203, 4706, 5403, 5597, 7096, 9583, 4929, 8679, 459, 566, 643, 774, 1211, 3241, 3331, 4607, 8328, 5563, 6218, 7983, 2784, 9680, 8011, 1954, 9251, 4912, 4458, 3267, 763, 9377, 7884, 4082, 150, 1895, 460, 6132, 7182, 7913, 6684, 4847, 1742, 3755, 4386, 4420, 4565, 5559, 5673, 6182, 6235, 7367, 9279, 732, 4652, 9390, 3033, 2192, 5288, 6033, 2984, 8514, 631, 6599, 8056, 407, 1952, 2520, 5333, 9525, 3061, 9092, 3224, 5192, 9917, 8637, 7158, 4896, 4613, 4512, 1934, 163, 7900, 5211, 7312, 254, 1406, 1505, 3146, 4364, 7184, 7599, 5105, 313, 9819, 753, 9334, 3450, 9085, 7008, 7674, 6449, 2844, 2594, 2745, 7990, 8695, 2304, 1178, 3735, 5503, 8654, 7035, 6365, 5526, 5213, 5179, 3274, 2495, 473, 390, 7938, 3412, 2711, 9811, 9807, 9186, 7876, 6617, 4781, 577, 191, 3226, 2420, 8762, 6323, 4517, 879, 8206, 8142, 4893, 4730, 3796, 2989, 9387, 3183, 5431, 4012, 7012, 7847, 7625, 262, 7888, 6604, 6602, 6926, 866, 8773, 8741, 2419, 594, 8550, 4209, 6234, 7328, 1592, 9345, 3819, 3570, 3385, 6951, 9923, 2117, 9635, 1924, 2998, 5272, 9601, 8896, 8887, 8448, 6167, 7675, 6215, 9491, 4567, 859, 9769, 4245, 1191, 4196, 5478, 5656, 8376, 5578, 1698, 4295, 7391, 4484, 3748, 6593, 1805, 2771, 787, 4779, 1662, 9963, 4278, 4248, 4739, 4751, 2096, 7460, 1976, 1632, 6037, 5401, 5580, 8053, 2203, 2298, 6539, 7866, 7079, 5604, 2348, 2288, 632, 456, 2437, 2270, 4084, 2733, 8367, 6691, 5613, 8906, 6296, 2093, 7481, 4304, 5038, 6522, 2118, 3562, 3930, 8541, 4163, 8170, 8829, 1530, 4309, 4330, 7595, 8658, 5392, 1121, 5434, 8403, 9037, 2455, 3431, 4864, 6063, 3283, 6729, 7875, 3299, 4489, 5594, 4641, 6733, 613, 9044, 7447, 1918, 3216, 5741, 6387, 8899, 3132, 4534, 6554, 1531, 2234, 3909, 4382, 5520, 6745, 7459, 9405, 7155, 8945, 8750 ], "length_m": 19368.984386940851, "travel_time_min": 39.400938763892363, "n_points": 401, "route_id": 31, "cluster_id": 3 }, "geometry": { "type": "MultiLineString", "coordinates": [ [ [ 73.0265622, 19.0539102 ], [ 73.0297167, 19.0539682 ], [ 73.0303105, 19.0539828 ], [ 73.0304024, 19.0539824 ], [ 73.0323232, 19.0540162 ] ], [ [ 73.0323232, 19.0540162 ], [ 73.0323992, 19.0539815 ] ], [ [ 73.0323992, 19.0539815 ], [ 73.0323262, 19.0539439 ] ], [ [ 73.0323262, 19.0539439 ], [ 73.0323232, 19.0540162 ] ], [ [ 73.0323232, 19.0540162 ], [ 73.0322424, 19.0546929 ], [ 73.0321502, 19.0551913 ] ], [ [ 73.0321502, 19.0551913 ], [ 73.0322182, 19.0551958 ] ], [ [ 73.0322182, 19.0551958 ], [ 73.0321502, 19.0551913 ], [ 73.0321502, 19.0551913 ], [ 73.0320879, 19.0555113 ], [ 73.0320318, 19.0557993 ] ], [ [ 73.0320318, 19.0557993 ], [ 73.0310356, 19.0557812 ], [ 73.0309456, 19.0557795 ], [ 73.0303503, 19.0557686 ], [ 73.0303503, 19.0557686 ], [ 73.0298074, 19.0557587 ] ], [ [ 73.0298074, 19.0557587 ], [ 73.0303503, 19.0557686 ], [ 73.0303503, 19.0557686 ], [ 73.030361, 19.0554758 ] ], [ [ 73.030361, 19.0554758 ], [ 73.0303503, 19.0557686 ] ], [ [ 73.0303503, 19.0557686 ], [ 73.0309456, 19.0557795 ], [ 73.0310356, 19.0557812 ], [ 73.0320318, 19.0557993 ] ], [ [ 73.0320318, 19.0557993 ], [ 73.0319595, 19.0561688 ], [ 73.0318899, 19.056524 ], [ 73.031766, 19.0571612 ], [ 73.0315729, 19.0581504 ], [ 73.0315457, 19.05829 ] ], [ [ 73.0315457, 19.05829 ], [ 73.031616, 19.0582983 ] ], [ [ 73.031616, 19.0582983 ], [ 73.0319599, 19.0565253 ], [ 73.0321008, 19.0558005 ] ], [ [ 73.0321008, 19.0558005 ], [ 73.0322182, 19.0551958 ] ], [ [ 73.0322182, 19.0551958 ], [ 73.0323134, 19.054713 ], [ 73.0323992, 19.0539815 ], [ 73.0323992, 19.0539815 ], [ 73.0324549, 19.0512316 ], [ 73.0324549, 19.0512316 ], [ 73.0324764, 19.0499868 ], [ 73.0324764, 19.0499868 ], [ 73.0324829, 19.0496075 ], [ 73.0324984, 19.0487834 ] ], [ [ 73.0324984, 19.0487834 ], [ 73.032501, 19.0485548 ], [ 73.032501, 19.0485548 ], [ 73.0324239, 19.0485038 ] ], [ [ 73.0324239, 19.0485038 ], [ 73.0321183, 19.048302 ], [ 73.0315744, 19.0479428 ] ], [ [ 73.0315744, 19.0479428 ], [ 73.0310692, 19.0487028 ] ], [ [ 73.0310692, 19.0487028 ], [ 73.0315744, 19.0479428 ], [ 73.0315744, 19.0479428 ], [ 73.0314511, 19.0478613 ], [ 73.0312188, 19.0477079 ], [ 73.0312188, 19.0477079 ], [ 73.0305542, 19.047269 ] ], [ [ 73.0305542, 19.047269 ], [ 73.0302656, 19.0476743 ], [ 73.029883, 19.0482117 ] ], [ [ 73.029883, 19.0482117 ], [ 73.0290647, 19.0481588 ], [ 73.0287592, 19.048139 ] ], [ [ 73.0287592, 19.048139 ], [ 73.0280882, 19.0480771 ] ], [ [ 73.0280882, 19.0480771 ], [ 73.0285152, 19.0476215 ] ], [ [ 73.0285152, 19.0476215 ], [ 73.0280882, 19.0480771 ], [ 73.0280882, 19.0480771 ], [ 73.0279869, 19.0480262 ], [ 73.0277813, 19.0478913 ], [ 73.0277152, 19.047855 ], [ 73.0277152, 19.047855 ], [ 73.0275037, 19.0477389 ] ], [ [ 73.0275037, 19.0477389 ], [ 73.0268657, 19.0484414 ] ], [ [ 73.0268657, 19.0484414 ], [ 73.0261203, 19.0478361 ] ], [ [ 73.0261203, 19.0478361 ], [ 73.0250776, 19.0469895 ] ], [ [ 73.0250776, 19.0469895 ], [ 73.0249065, 19.0468505 ], [ 73.0249065, 19.0468505 ], [ 73.0249529, 19.0467972 ], [ 73.0249529, 19.0467972 ], [ 73.0249535, 19.0467607 ], [ 73.0249472, 19.0467243 ], [ 73.0249342, 19.0466895 ], [ 73.0249149, 19.0466575 ], [ 73.0248899, 19.0466291 ], [ 73.02486, 19.0466054 ], [ 73.02486, 19.0466054 ], [ 73.0248125, 19.0465617 ], [ 73.0247654, 19.0465179 ], [ 73.0247654, 19.0465179 ], [ 73.024729, 19.0464776 ], [ 73.0246954, 19.0464378 ], [ 73.0246908, 19.0464324 ] ], [ [ 73.0246908, 19.0464324 ], [ 73.0246037, 19.0462981 ] ], [ [ 73.0246037, 19.0462981 ], [ 73.0243481, 19.0457634 ] ], [ [ 73.0243481, 19.0457634 ], [ 73.0242403, 19.0458149 ] ], [ [ 73.0242403, 19.0458149 ], [ 73.0239978, 19.0460304 ], [ 73.0239978, 19.0460304 ], [ 73.0237892, 19.0462158 ] ], [ [ 73.0237892, 19.0462158 ], [ 73.0235543, 19.0464246 ], [ 73.0235543, 19.0464246 ], [ 73.0233757, 19.0465833 ] ], [ [ 73.0233757, 19.0465833 ], [ 73.0234091, 19.0466924 ] ], [ [ 73.0234091, 19.0466924 ], [ 73.0233757, 19.0465833 ], [ 73.0233757, 19.0465833 ], [ 73.0232088, 19.0463024 ] ], [ [ 73.0232088, 19.0463024 ], [ 73.0234547, 19.0461056 ] ], [ [ 73.0234547, 19.0461056 ], [ 73.0232088, 19.0463024 ] ], [ [ 73.0232088, 19.0463024 ], [ 73.0230761, 19.046079 ], [ 73.0230761, 19.046079 ], [ 73.0228511, 19.0457864 ] ], [ [ 73.0228511, 19.0457864 ], [ 73.0226884, 19.0455611 ], [ 73.0226884, 19.0455611 ], [ 73.0224088, 19.0452473 ] ], [ [ 73.0224088, 19.0452473 ], [ 73.0221049, 19.0449229 ] ], [ [ 73.0221049, 19.0449229 ], [ 73.022062, 19.0448771 ] ], [ [ 73.022062, 19.0448771 ], [ 73.0217704, 19.0451244 ], [ 73.0217266, 19.0451638 ], [ 73.0216986, 19.0451999 ], [ 73.0216949, 19.0452209 ], [ 73.02169, 19.0452492 ], [ 73.021699, 19.0452985 ], [ 73.0217652, 19.0456245 ], [ 73.0216195, 19.0457673 ], [ 73.0216195, 19.0457673 ], [ 73.0216402, 19.0457878 ], [ 73.0218218, 19.0459821 ], [ 73.0218665, 19.0461652 ], [ 73.0218389, 19.0463707 ] ], [ [ 73.0218389, 19.0463707 ], [ 73.0218665, 19.0461652 ], [ 73.0218218, 19.0459821 ], [ 73.0216402, 19.0457878 ], [ 73.0216195, 19.0457673 ] ], [ [ 73.0216195, 19.0457673 ], [ 73.02144, 19.0455896 ], [ 73.0212771, 19.0453901 ] ], [ [ 73.0212771, 19.0453901 ], [ 73.0212294, 19.0453019 ], [ 73.0212234, 19.0452496 ], [ 73.0212043, 19.0450826 ], [ 73.0211674, 19.0448289 ], [ 73.0211476, 19.0447123 ] ], [ [ 73.0211476, 19.0447123 ], [ 73.0209727, 19.0446979 ], [ 73.0209727, 19.0446979 ], [ 73.0207421, 19.0451921 ], [ 73.0205467, 19.0455461 ] ], [ [ 73.0205467, 19.0455461 ], [ 73.0207421, 19.0451921 ], [ 73.0209727, 19.0446979 ] ], [ [ 73.0209727, 19.0446979 ], [ 73.0208207, 19.0447013 ], [ 73.0207754, 19.0447156 ], [ 73.0207303, 19.0447509 ], [ 73.0207127, 19.0447612 ], [ 73.0206983, 19.0447621 ], [ 73.0205631, 19.0447187 ], [ 73.0205132, 19.0447228 ], [ 73.0204795, 19.0447642 ], [ 73.0204261, 19.044916 ], [ 73.0203198, 19.0449568 ], [ 73.0194726, 19.0451485 ], [ 73.0194726, 19.0451485 ], [ 73.0193302, 19.0445415 ] ], [ [ 73.0193302, 19.0445415 ], [ 73.0191865, 19.0438532 ], [ 73.0191807, 19.0438133 ], [ 73.0191811, 19.043797 ], [ 73.0191845, 19.0437806 ], [ 73.0191971, 19.0437662 ], [ 73.0192177, 19.0437556 ], [ 73.0192392, 19.0437517 ], [ 73.0192641, 19.0437495 ], [ 73.0196065, 19.0437543 ] ], [ [ 73.0196065, 19.0437543 ], [ 73.0196043, 19.0435795 ], [ 73.019604, 19.0435575 ], [ 73.0196036, 19.0435276 ] ], [ [ 73.0196036, 19.0435276 ], [ 73.019604, 19.0435575 ], [ 73.0196043, 19.0435795 ], [ 73.0196065, 19.0437543 ] ], [ [ 73.0196065, 19.0437543 ], [ 73.0192641, 19.0437495 ], [ 73.0192392, 19.0437517 ], [ 73.0192177, 19.0437556 ], [ 73.0191971, 19.0437662 ], [ 73.0191845, 19.0437806 ], [ 73.0191811, 19.043797 ], [ 73.0191807, 19.0438133 ], [ 73.0191865, 19.0438532 ], [ 73.0193302, 19.0445415 ], [ 73.0193302, 19.0445415 ], [ 73.0194726, 19.0451485 ] ], [ [ 73.0194726, 19.0451485 ], [ 73.0195519, 19.0454699 ], [ 73.0196564, 19.0458824 ], [ 73.0196693, 19.0459332 ], [ 73.0196693, 19.0459332 ], [ 73.0197383, 19.0462055 ] ], [ [ 73.0197383, 19.0462055 ], [ 73.0198102, 19.0464892 ] ], [ [ 73.0198102, 19.0464892 ], [ 73.0198213, 19.0465331 ], [ 73.0199183, 19.0467507 ] ], [ [ 73.0199183, 19.0467507 ], [ 73.0199446, 19.0468125 ], [ 73.0199912, 19.0469642 ], [ 73.0200663, 19.0471557 ] ], [ [ 73.0200663, 19.0471557 ], [ 73.0202006, 19.0475507 ] ], [ [ 73.0202006, 19.0475507 ], [ 73.0203294, 19.0479466 ] ], [ [ 73.0203294, 19.0479466 ], [ 73.0204729, 19.0478547 ], [ 73.020608, 19.0476902 ], [ 73.0207258, 19.0474845 ] ], [ [ 73.0207258, 19.0474845 ], [ 73.0207638, 19.0474606 ], [ 73.0208053, 19.047442 ], [ 73.0208629, 19.0474321 ], [ 73.0209195, 19.0474393 ], [ 73.0209898, 19.0474749 ], [ 73.0210492, 19.0475158 ], [ 73.0210964, 19.0475229 ], [ 73.0212847, 19.0474452 ], [ 73.0213302, 19.0474527 ], [ 73.0213722, 19.04748 ], [ 73.0215277, 19.0476038 ], [ 73.0215806, 19.0476685 ], [ 73.0217053, 19.0477036 ], [ 73.0218458, 19.0477522 ], [ 73.0218458, 19.0477522 ], [ 73.0221623, 19.0473041 ], [ 73.0221623, 19.0473041 ], [ 73.022347, 19.0470919 ], [ 73.022347, 19.0470919 ], [ 73.022451, 19.0469724 ], [ 73.0224818, 19.0469357 ], [ 73.0224818, 19.0469357 ], [ 73.0225261, 19.0469674 ], [ 73.0227907, 19.0471712 ] ], [ [ 73.0227907, 19.0471712 ], [ 73.0230163, 19.0473416 ] ], [ [ 73.0230163, 19.0473416 ], [ 73.0230977, 19.0472486 ] ], [ [ 73.0230977, 19.0472486 ], [ 73.0235106, 19.0476003 ] ], [ [ 73.0235106, 19.0476003 ], [ 73.0240628, 19.0469683 ], [ 73.0240809, 19.0469063 ], [ 73.0240586, 19.0468482 ], [ 73.0239612, 19.0467646 ], [ 73.0239369, 19.0467443 ] ], [ [ 73.0239369, 19.0467443 ], [ 73.0235543, 19.0464246 ], [ 73.0235543, 19.0464246 ], [ 73.0237892, 19.0462158 ] ], [ [ 73.0237892, 19.0462158 ], [ 73.0233807, 19.045813 ] ], [ [ 73.0233807, 19.045813 ], [ 73.0230761, 19.046079 ], [ 73.0230761, 19.046079 ], [ 73.0226746, 19.046359 ] ], [ [ 73.0226746, 19.046359 ], [ 73.0226605, 19.0464529 ] ], [ [ 73.0226605, 19.0464529 ], [ 73.0225274, 19.04645 ], [ 73.022368, 19.0464654 ], [ 73.0223093, 19.0466681 ] ], [ [ 73.0223093, 19.0466681 ], [ 73.0222821, 19.0467898 ] ], [ [ 73.0222821, 19.0467898 ], [ 73.0222369, 19.0469664 ], [ 73.0222361, 19.0469891 ], [ 73.0222457, 19.0470078 ], [ 73.022347, 19.0470919 ], [ 73.022347, 19.0470919 ], [ 73.0221623, 19.0473041 ] ], [ [ 73.0221623, 19.0473041 ], [ 73.0218458, 19.0477522 ], [ 73.0218458, 19.0477522 ], [ 73.0217794, 19.0479093 ], [ 73.0217066, 19.0480491 ] ], [ [ 73.0217066, 19.0480491 ], [ 73.0221428, 19.0483503 ] ], [ [ 73.0221428, 19.0483503 ], [ 73.0219958, 19.0485093 ] ], [ [ 73.0219958, 19.0485093 ], [ 73.0217576, 19.0487811 ] ], [ [ 73.0217576, 19.0487811 ], [ 73.0215396, 19.0490312 ] ], [ [ 73.0215396, 19.0490312 ], [ 73.021957, 19.0493785 ] ], [ [ 73.021957, 19.0493785 ], [ 73.0215396, 19.0490312 ], [ 73.0215396, 19.0490312 ], [ 73.0217576, 19.0487811 ] ], [ [ 73.0217576, 19.0487811 ], [ 73.021476, 19.0485299 ], [ 73.02135, 19.0484168 ], [ 73.0212254, 19.0483444 ], [ 73.0210215, 19.04835 ], [ 73.0210215, 19.04835 ], [ 73.0210054, 19.0481226 ], [ 73.0209411, 19.0479451 ], [ 73.0209196, 19.047798 ] ], [ [ 73.0209196, 19.047798 ], [ 73.0209411, 19.0479451 ], [ 73.0210054, 19.0481226 ], [ 73.0210215, 19.04835 ] ], [ [ 73.0210215, 19.04835 ], [ 73.0209312, 19.0483664 ], [ 73.0208414, 19.0483764 ] ], [ [ 73.0208414, 19.0483764 ], [ 73.0204484, 19.0484201 ] ], [ [ 73.0204484, 19.0484201 ], [ 73.0203845, 19.0481851 ] ], [ [ 73.0203845, 19.0481851 ], [ 73.0202546, 19.0482922 ], [ 73.0201026, 19.0483987 ], [ 73.0199467, 19.048454 ] ], [ [ 73.0199467, 19.048454 ], [ 73.01995, 19.0492094 ] ], [ [ 73.01995, 19.0492094 ], [ 73.0202134, 19.0491982 ] ], [ [ 73.0202134, 19.0491982 ], [ 73.0206216, 19.0491809 ], [ 73.0206216, 19.0491809 ], [ 73.0205581, 19.0489021 ] ], [ [ 73.0205581, 19.0489021 ], [ 73.0206216, 19.0491809 ] ], [ [ 73.0206216, 19.0491809 ], [ 73.0206345, 19.0495433 ], [ 73.0206345, 19.0495433 ], [ 73.0209609, 19.049566 ] ], [ [ 73.0209609, 19.049566 ], [ 73.0206345, 19.0495433 ], [ 73.0206345, 19.0495433 ], [ 73.0206104, 19.0498449 ], [ 73.0206104, 19.0498449 ], [ 73.0208014, 19.0499771 ] ], [ [ 73.0208014, 19.0499771 ], [ 73.0209658, 19.0500909 ] ], [ [ 73.0209658, 19.0500909 ], [ 73.0208014, 19.0499771 ] ], [ [ 73.0208014, 19.0499771 ], [ 73.0206104, 19.0498449 ] ], [ [ 73.0206104, 19.0498449 ], [ 73.0205207, 19.0509664 ] ], [ [ 73.0205207, 19.0509664 ], [ 73.0205403, 19.0512062 ] ], [ [ 73.0205403, 19.0512062 ], [ 73.02055, 19.0512643 ], [ 73.0206567, 19.051655 ], [ 73.0207453, 19.0518038 ] ], [ [ 73.0207453, 19.0518038 ], [ 73.0207293, 19.0515767 ], [ 73.0206177, 19.0511831 ], [ 73.020609, 19.0511277 ] ], [ [ 73.020609, 19.0511277 ], [ 73.0205207, 19.0509664 ] ], [ [ 73.0205207, 19.0509664 ], [ 73.0198052, 19.0517454 ], [ 73.0195712, 19.0520516 ] ], [ [ 73.0195712, 19.0520516 ], [ 73.0193726, 19.051889 ], [ 73.0192695, 19.0517317 ], [ 73.0192658, 19.0516178 ] ], [ [ 73.0192658, 19.0516178 ], [ 73.0192624, 19.0515135 ], [ 73.0194044, 19.0498959 ], [ 73.0194372, 19.0492312 ] ], [ [ 73.0194372, 19.0492312 ], [ 73.019475, 19.0485042 ] ], [ [ 73.019475, 19.0485042 ], [ 73.0195147, 19.0475505 ], [ 73.0195019, 19.0473027 ] ], [ [ 73.0195019, 19.0473027 ], [ 73.0192121, 19.0473083 ] ], [ [ 73.0192121, 19.0473083 ], [ 73.0191194, 19.04731 ], [ 73.0188855, 19.0473143 ], [ 73.0186516, 19.0473186 ], [ 73.0186028, 19.0473222 ], [ 73.0185712, 19.0473251 ], [ 73.0185419, 19.0473301 ], [ 73.0185142, 19.0473384 ], [ 73.0184883, 19.0473508 ], [ 73.0184647, 19.0473647 ], [ 73.0184394, 19.0473769 ], [ 73.0183843, 19.0473963 ], [ 73.0183198, 19.0474029 ], [ 73.0182472, 19.0474019 ], [ 73.0182, 19.0473963 ], [ 73.017485, 19.0473119 ], [ 73.017485, 19.0473119 ], [ 73.0175377, 19.0469807 ] ], [ [ 73.0175377, 19.0469807 ], [ 73.017711, 19.0458923 ], [ 73.0177494, 19.0454546 ] ], [ [ 73.0177494, 19.0454546 ], [ 73.017766, 19.0453768 ], [ 73.0177582, 19.0453181 ], [ 73.0177437, 19.0452828 ], [ 73.0177437, 19.0452828 ], [ 73.0177669, 19.0450218 ], [ 73.0177577, 19.0447067 ], [ 73.0177464, 19.0443226 ] ], [ [ 73.0177464, 19.0443226 ], [ 73.0177289, 19.0437268 ] ], [ [ 73.0177289, 19.0437268 ], [ 73.0177208, 19.0435002 ], [ 73.0177208, 19.0435002 ], [ 73.0176675, 19.0423223 ], [ 73.017626, 19.0414067 ], [ 73.017626, 19.0414067 ], [ 73.0175788, 19.0403596 ], [ 73.0175788, 19.0403596 ], [ 73.0183739, 19.0403342 ], [ 73.0183739, 19.0403342 ], [ 73.0185332, 19.0425412 ], [ 73.0185296, 19.0435125 ] ], [ [ 73.0185296, 19.0435125 ], [ 73.0181981, 19.0435075 ], [ 73.0177208, 19.0435002 ], [ 73.0177208, 19.0435002 ], [ 73.0177289, 19.0437268 ] ], [ [ 73.0177289, 19.0437268 ], [ 73.0185288, 19.0437392 ] ], [ [ 73.0185288, 19.0437392 ], [ 73.0177289, 19.0437268 ] ], [ [ 73.0177289, 19.0437268 ], [ 73.0177464, 19.0443226 ], [ 73.0177464, 19.0443226 ], [ 73.0177577, 19.0447067 ], [ 73.0177669, 19.0450218 ], [ 73.0177437, 19.0452828 ], [ 73.0177437, 19.0452828 ], [ 73.0176425, 19.0452674 ], [ 73.0175618, 19.0453081 ], [ 73.0175129, 19.0454009 ], [ 73.0175129, 19.0454009 ], [ 73.0175446, 19.0454466 ], [ 73.017585, 19.0454835 ], [ 73.0176438, 19.0454885 ], [ 73.0177006, 19.0454871 ], [ 73.0177494, 19.0454546 ] ], [ [ 73.0177494, 19.0454546 ], [ 73.017711, 19.0458923 ], [ 73.0175377, 19.0469807 ] ], [ [ 73.0175377, 19.0469807 ], [ 73.0172343, 19.0469295 ], [ 73.0166705, 19.0468345 ], [ 73.0164652, 19.0467999 ] ], [ [ 73.0164652, 19.0467999 ], [ 73.0162001, 19.0465235 ] ], [ [ 73.0162001, 19.0465235 ], [ 73.0164652, 19.0467999 ] ], [ [ 73.0164652, 19.0467999 ], [ 73.0161021, 19.0471232 ], [ 73.0156698, 19.0474858 ] ], [ [ 73.0156698, 19.0474858 ], [ 73.0149078, 19.0481428 ], [ 73.0147045, 19.0483181 ] ], [ [ 73.0147045, 19.0483181 ], [ 73.0152258, 19.048871 ], [ 73.015582, 19.0492666 ] ], [ [ 73.015582, 19.0492666 ], [ 73.0150699, 19.0497018 ] ], [ [ 73.0150699, 19.0497018 ], [ 73.0152889, 19.0499513 ] ], [ [ 73.0152889, 19.0499513 ], [ 73.0148219, 19.0503328 ] ], [ [ 73.0148219, 19.0503328 ], [ 73.0148281, 19.0503394 ], [ 73.0148281, 19.0503394 ], [ 73.0150601, 19.0505992 ] ], [ [ 73.0150601, 19.0505992 ], [ 73.0155119, 19.0502138 ] ], [ [ 73.0155119, 19.0502138 ], [ 73.015669, 19.0503114 ], [ 73.0159284, 19.050374 ], [ 73.0159284, 19.050374 ], [ 73.0159171, 19.0505721 ], [ 73.0159124, 19.0507412 ] ], [ [ 73.0159124, 19.0507412 ], [ 73.0163267, 19.0507654 ] ], [ [ 73.0163267, 19.0507654 ], [ 73.0163092, 19.0510256 ] ], [ [ 73.0163092, 19.0510256 ], [ 73.016909, 19.0510472 ], [ 73.016909, 19.0510472 ], [ 73.0169819, 19.0504373 ] ], [ [ 73.0169819, 19.0504373 ], [ 73.0170697, 19.0499132 ], [ 73.0171399, 19.049494 ] ], [ [ 73.0171399, 19.049494 ], [ 73.0177707, 19.0495804 ] ], [ [ 73.0177707, 19.0495804 ], [ 73.0180945, 19.0496303 ], [ 73.018489, 19.049691 ], [ 73.018489, 19.049691 ], [ 73.0185254, 19.0481157 ] ], [ [ 73.0185254, 19.0481157 ], [ 73.018489, 19.049691 ] ], [ [ 73.018489, 19.049691 ], [ 73.0180945, 19.0496303 ], [ 73.0177707, 19.0495804 ], [ 73.0177707, 19.0495804 ], [ 73.0178412, 19.0487991 ], [ 73.017869, 19.0487622 ], [ 73.0179107, 19.0487456 ], [ 73.0183457, 19.0487859 ] ], [ [ 73.0183457, 19.0487859 ], [ 73.0179107, 19.0487456 ], [ 73.017869, 19.0487622 ], [ 73.0178412, 19.0487991 ], [ 73.0177707, 19.0495804 ], [ 73.0177707, 19.0495804 ], [ 73.0171399, 19.049494 ] ], [ [ 73.0171399, 19.049494 ], [ 73.0170697, 19.0499132 ], [ 73.0169819, 19.0504373 ] ], [ [ 73.0169819, 19.0504373 ], [ 73.016909, 19.0510472 ] ], [ [ 73.016909, 19.0510472 ], [ 73.0168008, 19.0517577 ], [ 73.0168008, 19.0517577 ], [ 73.0167353, 19.0518606 ], [ 73.0167353, 19.0518606 ], [ 73.0167166, 19.0519462 ] ], [ [ 73.0167166, 19.0519462 ], [ 73.0168136, 19.051964 ] ], [ [ 73.0168136, 19.051964 ], [ 73.0169018, 19.0519393 ] ], [ [ 73.0169018, 19.0519393 ], [ 73.0176073, 19.0520054 ] ], [ [ 73.0176073, 19.0520054 ], [ 73.0169018, 19.0519393 ], [ 73.0169018, 19.0519393 ], [ 73.0168333, 19.0518762 ], [ 73.0168333, 19.0518762 ], [ 73.0167353, 19.0518606 ], [ 73.0167353, 19.0518606 ], [ 73.0163796, 19.0517892 ], [ 73.0161248, 19.0518488 ], [ 73.0161248, 19.0518488 ], [ 73.0160464, 19.0519372 ] ], [ [ 73.0160464, 19.0519372 ], [ 73.0159101, 19.052091 ], [ 73.0155932, 19.0522591 ] ], [ [ 73.0155932, 19.0522591 ], [ 73.0153461, 19.0528878 ] ], [ [ 73.0153461, 19.0528878 ], [ 73.015541, 19.0529624 ] ], [ [ 73.015541, 19.0529624 ], [ 73.0156142, 19.0530099 ] ], [ [ 73.0156142, 19.0530099 ], [ 73.0161615, 19.0531058 ], [ 73.0162956, 19.0523171 ] ], [ [ 73.0162956, 19.0523171 ], [ 73.0161615, 19.0531058 ], [ 73.0156142, 19.0530099 ], [ 73.0156142, 19.0530099 ], [ 73.015541, 19.0529624 ], [ 73.015541, 19.0529624 ], [ 73.0153461, 19.0528878 ] ], [ [ 73.0153461, 19.0528878 ], [ 73.0149991, 19.0527183 ], [ 73.0149991, 19.0527183 ], [ 73.0146904, 19.0526002 ] ], [ [ 73.0146904, 19.0526002 ], [ 73.0144109, 19.0530013 ] ], [ [ 73.0144109, 19.0530013 ], [ 73.0146904, 19.0526002 ] ], [ [ 73.0146904, 19.0526002 ], [ 73.0147999, 19.0524954 ], [ 73.014807, 19.0524643 ], [ 73.0148013, 19.0524267 ], [ 73.0144456, 19.0520762 ] ], [ [ 73.0144456, 19.0520762 ], [ 73.0142276, 19.0522631 ] ], [ [ 73.0142276, 19.0522631 ], [ 73.0139465, 19.0524565 ], [ 73.0139278, 19.0524724 ] ], [ [ 73.0139278, 19.0524724 ], [ 73.0132439, 19.0517499 ], [ 73.0132439, 19.0517499 ], [ 73.0131788, 19.0518049 ], [ 73.0131788, 19.0518049 ], [ 73.0129145, 19.0514876 ] ], [ [ 73.0129145, 19.0514876 ], [ 73.0121089, 19.0506184 ], [ 73.0120428, 19.0505926 ] ], [ [ 73.0120428, 19.0505926 ], [ 73.0120578, 19.0506833 ], [ 73.0128341, 19.0515512 ], [ 73.0128341, 19.0515512 ], [ 73.0131209, 19.0518539 ] ], [ [ 73.0131209, 19.0518539 ], [ 73.0131788, 19.0518049 ], [ 73.0131788, 19.0518049 ], [ 73.0132439, 19.0517499 ] ], [ [ 73.0132439, 19.0517499 ], [ 73.0132908, 19.0517102 ], [ 73.0135812, 19.0514764 ] ], [ [ 73.0135812, 19.0514764 ], [ 73.0138546, 19.051257 ], [ 73.0138546, 19.051257 ], [ 73.0140154, 19.0514482 ], [ 73.014116, 19.0515454 ], [ 73.014116, 19.0515454 ], [ 73.0142817, 19.0517293 ] ], [ [ 73.0142817, 19.0517293 ], [ 73.014116, 19.0515454 ], [ 73.014116, 19.0515454 ], [ 73.0143542, 19.0514275 ], [ 73.0145661, 19.051346 ], [ 73.0146783, 19.0513366 ] ], [ [ 73.0146783, 19.0513366 ], [ 73.0148445, 19.0513227 ], [ 73.0148519, 19.0517536 ], [ 73.0150838, 19.0517454 ] ], [ [ 73.0150838, 19.0517454 ], [ 73.0153127, 19.0517373 ], [ 73.0153744, 19.0517269 ], [ 73.0153744, 19.0517269 ], [ 73.0154106, 19.0516333 ], [ 73.0154717, 19.0516146 ], [ 73.0155847, 19.0516134 ] ], [ [ 73.0155847, 19.0516134 ], [ 73.0157035, 19.0516375 ] ], [ [ 73.0157035, 19.0516375 ], [ 73.0156463, 19.0518395 ] ], [ [ 73.0156463, 19.0518395 ], [ 73.0156338, 19.0518817 ] ], [ [ 73.0156338, 19.0518817 ], [ 73.0160464, 19.0519372 ], [ 73.0160464, 19.0519372 ], [ 73.0161248, 19.0518488 ], [ 73.0161248, 19.0518488 ], [ 73.0161739, 19.051916 ], [ 73.0161739, 19.051916 ], [ 73.0163588, 19.0518715 ], [ 73.0167166, 19.0519462 ], [ 73.0167166, 19.0519462 ], [ 73.0165377, 19.0532841 ], [ 73.016542, 19.053626 ], [ 73.0165425, 19.0536707 ], [ 73.0165433, 19.0537356 ], [ 73.0165437, 19.0537656 ], [ 73.016546, 19.0544806 ], [ 73.0165302, 19.0546484 ], [ 73.0164584, 19.0548141 ], [ 73.0163394, 19.0549397 ], [ 73.0161501, 19.0550979 ], [ 73.0158653, 19.0553359 ], [ 73.015839, 19.0553579 ], [ 73.015557, 19.0555935 ], [ 73.0155298, 19.0556162 ], [ 73.0151473, 19.0559312 ], [ 73.0150967, 19.0559737 ], [ 73.0148101, 19.0562146 ], [ 73.0142432, 19.0566914 ], [ 73.0141547, 19.0567782 ], [ 73.0141547, 19.0567782 ], [ 73.0142483, 19.0568251 ], [ 73.0142483, 19.0568251 ], [ 73.0143041, 19.056853 ], [ 73.015574, 19.0568794 ], [ 73.015574, 19.0568794 ], [ 73.0155598, 19.0574844 ], [ 73.0155598, 19.0574844 ], [ 73.0166871, 19.0575082 ], [ 73.0166871, 19.0575082 ], [ 73.0167046, 19.0570019 ] ], [ [ 73.0167046, 19.0570019 ], [ 73.0166871, 19.0575082 ], [ 73.0166871, 19.0575082 ], [ 73.0155598, 19.0574844 ], [ 73.0155598, 19.0574844 ], [ 73.015574, 19.0568794 ], [ 73.015574, 19.0568794 ], [ 73.016708, 19.056903 ], [ 73.0168905, 19.0569068 ], [ 73.0168905, 19.0569068 ], [ 73.0169808, 19.0568728 ] ], [ [ 73.0169808, 19.0568728 ], [ 73.0168927, 19.0568129 ], [ 73.0168927, 19.0568129 ], [ 73.0155762, 19.0567853 ], [ 73.0155762, 19.0567853 ], [ 73.0143063, 19.0567587 ], [ 73.0143063, 19.0567587 ], [ 73.0164004, 19.055005 ], [ 73.0164004, 19.055005 ], [ 73.0164428, 19.055022 ], [ 73.0165212, 19.055036 ], [ 73.016609, 19.0550434 ], [ 73.0167285, 19.0550515 ], [ 73.0167871, 19.0550578 ], [ 73.0168328, 19.0550718 ], [ 73.0168679, 19.0551086 ], [ 73.0168936, 19.0551546 ], [ 73.0169077, 19.0552028 ], [ 73.0169499, 19.0555163 ], [ 73.0169478, 19.0559762 ], [ 73.017142, 19.0559775 ] ], [ [ 73.017142, 19.0559775 ], [ 73.0169478, 19.0559762 ], [ 73.0169499, 19.0555163 ], [ 73.0169077, 19.0552028 ], [ 73.0168936, 19.0551546 ], [ 73.0168679, 19.0551086 ], [ 73.0168328, 19.0550718 ], [ 73.0167871, 19.0550578 ], [ 73.0167285, 19.0550515 ], [ 73.016609, 19.0550434 ], [ 73.0165212, 19.055036 ], [ 73.0164428, 19.055022 ], [ 73.0164004, 19.055005 ] ], [ [ 73.0164004, 19.055005 ], [ 73.0165374, 19.0548693 ], [ 73.0166222, 19.0546758 ], [ 73.0166438, 19.0544803 ], [ 73.0166417, 19.0537653 ], [ 73.0166387, 19.0536872 ], [ 73.0166363, 19.0536258 ], [ 73.0166345, 19.0535803 ], [ 73.0166232, 19.0532892 ], [ 73.0167013, 19.0527095 ], [ 73.0167442, 19.0524249 ], [ 73.0167927, 19.052103 ], [ 73.0168136, 19.051964 ] ], [ [ 73.0168136, 19.051964 ], [ 73.0168333, 19.0518762 ], [ 73.0168333, 19.0518762 ], [ 73.0168008, 19.0517577 ], [ 73.0168008, 19.0517577 ], [ 73.016909, 19.0510472 ], [ 73.016909, 19.0510472 ], [ 73.0169819, 19.0504373 ], [ 73.0169819, 19.0504373 ], [ 73.0170697, 19.0499132 ], [ 73.0171399, 19.049494 ], [ 73.0171399, 19.049494 ], [ 73.0172844, 19.0485768 ], [ 73.0173532, 19.0481396 ] ] ] } },
{ "type": "Feature", "properties": { "point_ids": [ 9366, 4881, 844, 2021, 3417, 2867, 6077, 5257, 2764, 8724, 2788, 7180, 3333, 9736, 8926, 8825, 8783, 7903, 6100, 5209, 4223, 4138, 4133, 4078, 2053, 1004, 865, 792, 731, 323, 9710, 9322, 9814, 9579, 8715, 7794, 7330, 7237, 6777, 6472, 6467, 6314, 3863, 3392, 1906, 6457, 6201, 9797, 622, 8275, 5952, 5888, 4690, 8884, 8508, 6403, 6176, 1184, 5909, 5126, 4195, 3000, 2724, 1737, 1286, 855, 9120, 8504, 7921, 3178, 3492, 7334, 4145, 5407, 8318, 687, 746, 3892, 6431, 8272, 7258, 1938, 630, 1663, 2394, 2618, 8451, 3254, 6197, 9076, 2621, 2426, 3019, 572, 2723, 3857, 9257, 7415, 5175, 2020, 1109, 8430, 9046, 6969, 4616, 9980, 8461, 9536, 9125, 5960, 1147, 1030, 5619, 8187, 9296, 9178, 8030, 4448, 8578, 6162, 6060, 4334, 3145, 1714, 819, 8881, 6360, 5024, 4139, 2358, 1760, 1138, 9738, 8833, 8166, 7691, 7364, 7115, 6986, 6798, 6774, 6027, 5976, 5045, 4634, 3356, 3103, 2535, 1723, 298, 6716, 2179, 8685, 5444, 5181, 3517, 4310, 7128, 8976, 8264, 7452, 5623, 3354, 3295, 346, 2494, 4823, 1733, 6770, 6627, 5480, 5161, 4426, 2654, 2036, 6570, 6550, 3589, 3476 ], "length_m": 19077.195091175592, "travel_time_min": 28.885801783944959, "n_points": 179, "route_id": 32, "cluster_id": 3 }, "geometry": { "type": "MultiLineString", "coordinates": [ [ [ 73.0173532, 19.0481396 ], [ 73.0173933, 19.047888 ], [ 73.0174497, 19.0475334 ], [ 73.017485, 19.0473119 ], [ 73.017485, 19.0473119 ], [ 73.0182, 19.0473963 ], [ 73.0182472, 19.0474019 ], [ 73.0183198, 19.0474029 ], [ 73.0183843, 19.0473963 ], [ 73.0184394, 19.0473769 ], [ 73.0184647, 19.0473647 ], [ 73.0184883, 19.0473508 ], [ 73.0185142, 19.0473384 ], [ 73.0185419, 19.0473301 ], [ 73.0185712, 19.0473251 ], [ 73.0186028, 19.0473222 ], [ 73.0186516, 19.0473186 ], [ 73.0188855, 19.0473143 ], [ 73.0191194, 19.04731 ], [ 73.0192121, 19.0473083 ], [ 73.0192121, 19.0473083 ], [ 73.0195019, 19.0473027 ], [ 73.0195019, 19.0473027 ], [ 73.0196241, 19.0472898 ], [ 73.0197447, 19.0472565 ], [ 73.0200663, 19.0471557 ], [ 73.0200663, 19.0471557 ], [ 73.0199912, 19.0469642 ], [ 73.0199446, 19.0468125 ], [ 73.0199183, 19.0467507 ], [ 73.0199183, 19.0467507 ], [ 73.0198213, 19.0465331 ], [ 73.0198102, 19.0464892 ], [ 73.0198102, 19.0464892 ], [ 73.0197383, 19.0462055 ], [ 73.0197383, 19.0462055 ], [ 73.0196693, 19.0459332 ], [ 73.0196693, 19.0459332 ], [ 73.0195111, 19.0459331 ], [ 73.0191892, 19.0459361 ], [ 73.0191649, 19.0462245 ], [ 73.0195365, 19.0462539 ], [ 73.0195292, 19.0465181 ] ], [ [ 73.0195292, 19.0465181 ], [ 73.0195365, 19.0462539 ], [ 73.0191649, 19.0462245 ], [ 73.0191892, 19.0459361 ], [ 73.0195111, 19.0459331 ], [ 73.0196693, 19.0459332 ], [ 73.0196693, 19.0459332 ], [ 73.0196564, 19.0458824 ], [ 73.0195519, 19.0454699 ], [ 73.0194726, 19.0451485 ] ], [ [ 73.0194726, 19.0451485 ], [ 73.0193302, 19.0445415 ], [ 73.0193302, 19.0445415 ], [ 73.0191865, 19.0438532 ], [ 73.0191807, 19.0438133 ], [ 73.0191811, 19.043797 ], [ 73.0191845, 19.0437806 ], [ 73.0191971, 19.0437662 ], [ 73.0192177, 19.0437556 ], [ 73.0192392, 19.0437517 ], [ 73.0192641, 19.0437495 ], [ 73.0196065, 19.0437543 ] ], [ [ 73.0196065, 19.0437543 ], [ 73.0207135, 19.0437298 ], [ 73.0211328, 19.0437153 ] ], [ [ 73.0211328, 19.0437153 ], [ 73.0212101, 19.0437126 ], [ 73.0214933, 19.0436545 ] ], [ [ 73.0214933, 19.0436545 ], [ 73.0218335, 19.0436459 ], [ 73.0219063, 19.043643 ], [ 73.0222573, 19.043629 ], [ 73.0222573, 19.043629 ], [ 73.0223079, 19.043671 ], [ 73.0223697, 19.0436963 ], [ 73.0223697, 19.0436963 ], [ 73.0224677, 19.0437618 ], [ 73.022549, 19.0438272 ], [ 73.0227432, 19.0439963 ], [ 73.0228256, 19.0440737 ], [ 73.0229567, 19.044209 ], [ 73.0235271, 19.0447976 ], [ 73.0235271, 19.0447976 ], [ 73.02387, 19.0451903 ], [ 73.0240369, 19.0454422 ], [ 73.0240369, 19.0454422 ], [ 73.0237657, 19.0456196 ] ], [ [ 73.0237657, 19.0456196 ], [ 73.0240369, 19.0454422 ], [ 73.0240369, 19.0454422 ], [ 73.0241247, 19.0455747 ], [ 73.0242403, 19.0458149 ], [ 73.0242403, 19.0458149 ], [ 73.0245114, 19.0463865 ], [ 73.0245945, 19.0465358 ], [ 73.0245945, 19.0465358 ], [ 73.0245951, 19.0465851 ], [ 73.0245932, 19.0466231 ], [ 73.0245874, 19.0466582 ], [ 73.0245796, 19.0466914 ], [ 73.024564, 19.0467489 ] ], [ [ 73.024564, 19.0467489 ], [ 73.0244824, 19.0468425 ], [ 73.0220587, 19.0496235 ], [ 73.0217474, 19.0499585 ], [ 73.0217474, 19.0499585 ], [ 73.0216688, 19.0502119 ] ], [ [ 73.0216688, 19.0502119 ], [ 73.0200474, 19.0519273 ], [ 73.0198545, 19.0521858 ], [ 73.0196887, 19.0524604 ], [ 73.0195515, 19.0527488 ], [ 73.0194443, 19.0530482 ], [ 73.0193678, 19.053356 ], [ 73.0193229, 19.0536693 ] ], [ [ 73.0193229, 19.0536693 ], [ 73.0193102, 19.0539816 ], [ 73.0193075, 19.0542068 ], [ 73.0193002, 19.0543873 ], [ 73.0192258, 19.0576349 ], [ 73.0191815, 19.0585076 ], [ 73.0191169, 19.0604135 ], [ 73.0191133, 19.0607678 ], [ 73.0191029, 19.0612432 ], [ 73.0190976, 19.0614808 ], [ 73.0190976, 19.0614808 ], [ 73.0191634, 19.0618686 ], [ 73.0191657, 19.0621275 ], [ 73.0191546, 19.0625389 ], [ 73.0191581, 19.0629262 ], [ 73.0191621, 19.0631596 ], [ 73.0191435, 19.0635838 ], [ 73.0191204, 19.0639457 ], [ 73.0190996, 19.0642357 ], [ 73.0190446, 19.0653387 ], [ 73.0190524, 19.0654479 ], [ 73.0191033, 19.0659758 ], [ 73.0191817, 19.0666535 ], [ 73.0191817, 19.0666535 ], [ 73.0191902, 19.0667273 ], [ 73.0192119, 19.0668519 ], [ 73.0192336, 19.0669766 ], [ 73.0192686, 19.0671768 ], [ 73.0192686, 19.0671768 ], [ 73.0194076, 19.0671551 ], [ 73.0194076, 19.0671551 ], [ 73.0193752, 19.0669695 ], [ 73.0193293, 19.0667056 ], [ 73.0193293, 19.0667056 ], [ 73.0192225, 19.0659669 ], [ 73.0192225, 19.0659669 ], [ 73.019154, 19.0654429 ], [ 73.0191477, 19.0653408 ], [ 73.0192398, 19.064243 ], [ 73.0192605, 19.0639545 ], [ 73.0192674, 19.0638467 ], [ 73.0192839, 19.0635884 ], [ 73.0193025, 19.0631575 ], [ 73.0193025, 19.0631575 ], [ 73.0193005, 19.0630403 ], [ 73.0193005, 19.0630403 ], [ 73.0192985, 19.0629285 ], [ 73.0192876, 19.0622877 ], [ 73.0192949, 19.061722 ], [ 73.0193072, 19.0607714 ], [ 73.0193108, 19.0604171 ], [ 73.0193345, 19.0596739 ] ], [ [ 73.0193345, 19.0596739 ], [ 73.0194146, 19.0596766 ], [ 73.0196796, 19.0590126 ], [ 73.0197388, 19.0573826 ], [ 73.0198094, 19.0537498 ] ], [ [ 73.0198094, 19.0537498 ], [ 73.0198096, 19.0536352 ], [ 73.0198169, 19.0534991 ], [ 73.0198244, 19.0533599 ], [ 73.0198618, 19.0531722 ], [ 73.019936, 19.0529412 ], [ 73.0200521, 19.0527084 ], [ 73.0202233, 19.0524207 ], [ 73.0204636, 19.0521151 ], [ 73.0207453, 19.0518038 ], [ 73.0207453, 19.0518038 ], [ 73.0216437, 19.0508109 ], [ 73.0218312, 19.0506037 ], [ 73.0218866, 19.0505425 ], [ 73.0219665, 19.0504542 ], [ 73.0220968, 19.0503102 ] ], [ [ 73.0220968, 19.0503102 ], [ 73.0218808, 19.0501563 ], [ 73.0218808, 19.0501563 ], [ 73.0219233, 19.0501087 ] ], [ [ 73.0219233, 19.0501087 ], [ 73.0219721, 19.0500546 ], [ 73.0220535, 19.0499545 ], [ 73.0265841, 19.044756 ], [ 73.0269699, 19.0443958 ] ], [ [ 73.0269699, 19.0443958 ], [ 73.0270368, 19.0443233 ], [ 73.0277834, 19.0435134 ], [ 73.0279798, 19.0432954 ], [ 73.0281549, 19.043057 ], [ 73.0283044, 19.0428035 ], [ 73.0284268, 19.0425373 ], [ 73.028521, 19.0422611 ], [ 73.0285859, 19.0419776 ], [ 73.0290039, 19.0385343 ] ], [ [ 73.0290039, 19.0385343 ], [ 73.0291395, 19.0381235 ], [ 73.0298779, 19.0330755 ], [ 73.0298779, 19.0330755 ], [ 73.0298988, 19.0329483 ], [ 73.0298988, 19.0329483 ], [ 73.0295797, 19.0328215 ], [ 73.0295797, 19.0328215 ], [ 73.029559, 19.0329635 ], [ 73.029559, 19.0329635 ], [ 73.0295282, 19.0331738 ], [ 73.0295282, 19.0331738 ], [ 73.02881, 19.0380805 ], [ 73.0288152, 19.0385131 ] ], [ [ 73.0288152, 19.0385131 ], [ 73.0283983, 19.0419479 ], [ 73.0283372, 19.0422144 ], [ 73.0282488, 19.0424738 ], [ 73.0281338, 19.0427238 ], [ 73.0279934, 19.0429618 ], [ 73.027829, 19.0431857 ], [ 73.0276394, 19.0433962 ], [ 73.0268267, 19.0442778 ] ], [ [ 73.0268267, 19.0442778 ], [ 73.0264154, 19.0446246 ], [ 73.0248713, 19.0463964 ] ], [ [ 73.0248713, 19.0463964 ], [ 73.0248171, 19.046428 ], [ 73.0247809, 19.0464383 ], [ 73.0247407, 19.046441 ], [ 73.0246908, 19.0464324 ], [ 73.0246908, 19.0464324 ], [ 73.0246037, 19.0462981 ] ], [ [ 73.0246037, 19.0462981 ], [ 73.0243481, 19.0457634 ], [ 73.0243481, 19.0457634 ], [ 73.0242307, 19.0455178 ], [ 73.0239688, 19.0451298 ], [ 73.0236096, 19.0447216 ] ], [ [ 73.0236096, 19.0447216 ], [ 73.0231477, 19.0442487 ], [ 73.0229118, 19.0440072 ], [ 73.0228248, 19.0439126 ], [ 73.022688, 19.0437456 ], [ 73.0226581, 19.0437035 ], [ 73.0226334, 19.0436403 ], [ 73.0226247, 19.0435736 ] ], [ [ 73.0226247, 19.0435736 ], [ 73.0226394, 19.0435131 ], [ 73.0226342, 19.0434511 ], [ 73.0226096, 19.0433936 ], [ 73.0225678, 19.0433456 ], [ 73.0225127, 19.0433118 ], [ 73.0225127, 19.0433118 ], [ 73.0224786, 19.0432283 ], [ 73.0224528, 19.0431374 ], [ 73.0224382, 19.0430583 ], [ 73.0224214, 19.0429331 ], [ 73.022386, 19.0424458 ], [ 73.022367, 19.0421846 ], [ 73.0223594, 19.0420799 ], [ 73.0223418, 19.0418381 ], [ 73.022336, 19.0417706 ] ], [ [ 73.022336, 19.0417706 ], [ 73.022318, 19.0417019 ], [ 73.0222866, 19.0416341 ], [ 73.0222488, 19.0415787 ], [ 73.0221807, 19.0415064 ], [ 73.0221807, 19.0415064 ], [ 73.0215745, 19.0408942 ], [ 73.0215745, 19.0408942 ], [ 73.0219025, 19.0406152 ], [ 73.0219025, 19.0406152 ], [ 73.0223709, 19.0402166 ], [ 73.0223877, 19.040189 ], [ 73.0223964, 19.0401558 ], [ 73.0223989, 19.0392907 ], [ 73.0223999, 19.0392218 ], [ 73.0223948, 19.0391861 ], [ 73.0223796, 19.0391562 ] ], [ [ 73.0223796, 19.0391562 ], [ 73.0213584, 19.0400449 ] ], [ [ 73.0213584, 19.0400449 ], [ 73.0219025, 19.0406152 ] ], [ [ 73.0219025, 19.0406152 ], [ 73.0215745, 19.0408942 ] ], [ [ 73.0215745, 19.0408942 ], [ 73.0210263, 19.0403405 ], [ 73.0210263, 19.0403405 ], [ 73.0209473, 19.0404107 ], [ 73.0209473, 19.0404107 ], [ 73.0221071, 19.0415712 ], [ 73.0221685, 19.0416359 ], [ 73.0221973, 19.0416778 ], [ 73.022222, 19.0417303 ], [ 73.0222366, 19.0417854 ], [ 73.0222415, 19.0418459 ], [ 73.0222558, 19.0421886 ], [ 73.0222606, 19.0423055 ], [ 73.0222606, 19.0423055 ], [ 73.0222666, 19.0424514 ], [ 73.0222772, 19.0427169 ], [ 73.022292, 19.0430628 ], [ 73.0222864, 19.0432135 ], [ 73.0222622, 19.043362 ] ], [ [ 73.0222622, 19.043362 ], [ 73.0222312, 19.0434045 ], [ 73.0222126, 19.043453 ], [ 73.0222126, 19.043453 ], [ 73.022208, 19.0435151 ], [ 73.0222233, 19.0435757 ], [ 73.0222573, 19.043629 ], [ 73.0222573, 19.043629 ], [ 73.0223079, 19.043671 ], [ 73.0223697, 19.0436963 ], [ 73.0223697, 19.0436963 ], [ 73.0224308, 19.0437026 ], [ 73.0224913, 19.0436924 ], [ 73.0225464, 19.0436666 ], [ 73.0225915, 19.0436272 ], [ 73.0226247, 19.0435736 ], [ 73.0226247, 19.0435736 ], [ 73.0226394, 19.0435131 ], [ 73.0226342, 19.0434511 ], [ 73.0226096, 19.0433936 ], [ 73.0225678, 19.0433456 ], [ 73.0225127, 19.0433118 ], [ 73.0225127, 19.0433118 ], [ 73.0224786, 19.0432283 ], [ 73.0224528, 19.0431374 ], [ 73.0224382, 19.0430583 ], [ 73.0224214, 19.0429331 ], [ 73.022386, 19.0424458 ], [ 73.022367, 19.0421846 ], [ 73.0223594, 19.0420799 ], [ 73.0223418, 19.0418381 ], [ 73.022336, 19.0417706 ] ], [ [ 73.022336, 19.0417706 ], [ 73.0223468, 19.0417281 ], [ 73.0223618, 19.0416924 ], [ 73.0223832, 19.0416589 ], [ 73.0224077, 19.0416259 ], [ 73.0224408, 19.0415903 ], [ 73.0224687, 19.041564 ], [ 73.0225157, 19.0415242 ], [ 73.0229125, 19.0411887 ], [ 73.023281, 19.0408791 ], [ 73.023281, 19.0408791 ], [ 73.0233608, 19.0408119 ] ], [ [ 73.0233608, 19.0408119 ], [ 73.0237498, 19.040484 ], [ 73.0237994, 19.0404422 ], [ 73.0241679, 19.0401316 ] ], [ [ 73.0241679, 19.0401316 ], [ 73.0249354, 19.0394847 ] ], [ [ 73.0249354, 19.0394847 ], [ 73.0248774, 19.0394243 ] ], [ [ 73.0248774, 19.0394243 ], [ 73.0241065, 19.0400723 ], [ 73.0241065, 19.0400723 ], [ 73.0238029, 19.0403275 ], [ 73.0232738, 19.0407722 ], [ 73.0232607, 19.0407875 ], [ 73.0232607, 19.0407875 ], [ 73.0224018, 19.041505 ], [ 73.0223723, 19.0415185 ], [ 73.0223401, 19.0415274 ], [ 73.0223013, 19.0415312 ], [ 73.0222564, 19.0415299 ], [ 73.0222141, 19.0415205 ], [ 73.0221807, 19.0415064 ], [ 73.0221807, 19.0415064 ], [ 73.0215745, 19.0408942 ], [ 73.0215745, 19.0408942 ], [ 73.0210263, 19.0403405 ] ], [ [ 73.0210263, 19.0403405 ], [ 73.0209473, 19.0404107 ], [ 73.0209473, 19.0404107 ], [ 73.0206104, 19.0407107 ] ], [ [ 73.0206104, 19.0407107 ], [ 73.0211404, 19.0412558 ], [ 73.0215125, 19.041629 ], [ 73.0216888, 19.0418084 ], [ 73.0216888, 19.0418084 ], [ 73.0215041, 19.0419455 ] ], [ [ 73.0215041, 19.0419455 ], [ 73.0214138, 19.0420124 ], [ 73.0213024, 19.0419116 ] ], [ [ 73.0213024, 19.0419116 ], [ 73.0214138, 19.0420124 ], [ 73.0215041, 19.0419455 ], [ 73.0215041, 19.0419455 ], [ 73.0216888, 19.0418084 ], [ 73.0216888, 19.0418084 ], [ 73.0217363, 19.0418568 ], [ 73.0217508, 19.041885 ], [ 73.0217597, 19.0419165 ], [ 73.0217793, 19.0423291 ] ], [ [ 73.0217793, 19.0423291 ], [ 73.0222606, 19.0423055 ] ], [ [ 73.0222606, 19.0423055 ], [ 73.0222666, 19.0424514 ], [ 73.0222772, 19.0427169 ], [ 73.022292, 19.0430628 ], [ 73.0222864, 19.0432135 ], [ 73.0222622, 19.043362 ], [ 73.0222622, 19.043362 ], [ 73.0222312, 19.0434045 ], [ 73.0222126, 19.043453 ], [ 73.0222126, 19.043453 ], [ 73.0221514, 19.0434762 ], [ 73.0220848, 19.0434917 ], [ 73.0219676, 19.0435072 ], [ 73.021903, 19.0435118 ], [ 73.0218299, 19.0435169 ], [ 73.0216921, 19.043524 ], [ 73.0214897, 19.0435344 ] ], [ [ 73.0214897, 19.0435344 ], [ 73.0212018, 19.0434861 ], [ 73.0207052, 19.0435033 ], [ 73.0206402, 19.0435047 ], [ 73.0199186, 19.0435206 ], [ 73.0196036, 19.0435276 ] ], [ [ 73.0196036, 19.0435276 ], [ 73.019604, 19.0435575 ], [ 73.0196043, 19.0435795 ], [ 73.0196065, 19.0437543 ], [ 73.0196065, 19.0437543 ], [ 73.0207135, 19.0437298 ], [ 73.0211328, 19.0437153 ], [ 73.0211328, 19.0437153 ], [ 73.0212101, 19.0437126 ], [ 73.0214933, 19.0436545 ], [ 73.0214933, 19.0436545 ], [ 73.0218335, 19.0436459 ], [ 73.0219063, 19.043643 ], [ 73.0222573, 19.043629 ], [ 73.0222573, 19.043629 ], [ 73.0223079, 19.043671 ], [ 73.0223697, 19.0436963 ], [ 73.0223697, 19.0436963 ], [ 73.0224677, 19.0437618 ], [ 73.022549, 19.0438272 ], [ 73.0227432, 19.0439963 ], [ 73.0228256, 19.0440737 ], [ 73.0229567, 19.044209 ], [ 73.0235271, 19.0447976 ], [ 73.0235271, 19.0447976 ], [ 73.02387, 19.0451903 ], [ 73.0240369, 19.0454422 ], [ 73.0240369, 19.0454422 ], [ 73.0241247, 19.0455747 ], [ 73.0242403, 19.0458149 ], [ 73.0242403, 19.0458149 ], [ 73.0245114, 19.0463865 ], [ 73.0245945, 19.0465358 ], [ 73.0245945, 19.0465358 ], [ 73.0246132, 19.0465778 ], [ 73.0246262, 19.0466284 ], [ 73.0246295, 19.0466738 ], [ 73.0246295, 19.0466738 ], [ 73.0246289, 19.0467072 ], [ 73.0246353, 19.0467436 ], [ 73.0246483, 19.0467784 ], [ 73.0246676, 19.0468105 ], [ 73.0246925, 19.0468389 ], [ 73.0247224, 19.0468626 ], [ 73.0247563, 19.046881 ], [ 73.024793, 19.0468934 ], [ 73.0248315, 19.0468996 ], [ 73.024864, 19.0468993 ] ], [ [ 73.024864, 19.0468993 ], [ 73.0249065, 19.0468505 ], [ 73.0249065, 19.0468505 ], [ 73.0250776, 19.0469895 ] ], [ [ 73.0250776, 19.0469895 ], [ 73.0261203, 19.0478361 ] ], [ [ 73.0261203, 19.0478361 ], [ 73.0259512, 19.0480392 ], [ 73.0258407, 19.0482148 ], [ 73.0257905, 19.0484284 ], [ 73.0257508, 19.0494754 ] ], [ [ 73.0257508, 19.0494754 ], [ 73.0252598, 19.0494475 ], [ 73.025233, 19.0496807 ] ], [ [ 73.025233, 19.0496807 ], [ 73.0252598, 19.0494475 ], [ 73.0257508, 19.0494754 ], [ 73.0257508, 19.0494754 ], [ 73.0257905, 19.0484284 ], [ 73.0258407, 19.0482148 ], [ 73.0259512, 19.0480392 ], [ 73.0261203, 19.0478361 ], [ 73.0261203, 19.0478361 ], [ 73.0268657, 19.0484414 ] ], [ [ 73.0268657, 19.0484414 ], [ 73.0275037, 19.0477389 ], [ 73.0275037, 19.0477389 ], [ 73.0282861, 19.0468774 ], [ 73.028477, 19.0466672 ], [ 73.0293806, 19.0456722 ] ], [ [ 73.0293806, 19.0456722 ], [ 73.0300596, 19.0462893 ] ], [ [ 73.0300596, 19.0462893 ], [ 73.0293806, 19.0456722 ], [ 73.0293806, 19.0456722 ], [ 73.0295396, 19.0454971 ], [ 73.0295508, 19.0454346 ], [ 73.0295338, 19.0453802 ], [ 73.0289906, 19.0449329 ], [ 73.0278024, 19.0439541 ] ], [ [ 73.0278024, 19.0439541 ], [ 73.0285819, 19.0430857 ], [ 73.0287058, 19.042913 ] ], [ [ 73.0287058, 19.042913 ], [ 73.0300784, 19.0440456 ] ], [ [ 73.0300784, 19.0440456 ], [ 73.0305492, 19.0435915 ], [ 73.0305492, 19.0435915 ], [ 73.030989, 19.0431054 ], [ 73.0310177, 19.0430932 ], [ 73.0310556, 19.0430995 ], [ 73.031421, 19.0434149 ] ], [ [ 73.031421, 19.0434149 ], [ 73.0314734, 19.0434431 ], [ 73.0315175, 19.0434478 ], [ 73.0315702, 19.0434404 ], [ 73.0317246, 19.0433616 ], [ 73.0319178, 19.0432559 ], [ 73.0322326, 19.0431226 ], [ 73.0323284, 19.0431065 ], [ 73.0324382, 19.0431116 ], [ 73.0325275, 19.0431815 ], [ 73.0325907, 19.0433038 ], [ 73.0326539, 19.0434392 ], [ 73.0326801, 19.0435237 ], [ 73.0326893, 19.0435659 ], [ 73.0327122, 19.0437451 ], [ 73.0327502, 19.0438067 ], [ 73.0327681, 19.0438267 ], [ 73.0328217, 19.0438466 ], [ 73.0330411, 19.0439677 ] ], [ [ 73.0330411, 19.0439677 ], [ 73.0328217, 19.0438466 ], [ 73.0327681, 19.0438267 ], [ 73.0327502, 19.0438067 ], [ 73.0327122, 19.0437451 ], [ 73.0326893, 19.0435659 ], [ 73.0326801, 19.0435237 ], [ 73.0326539, 19.0434392 ], [ 73.0325907, 19.0433038 ], [ 73.0325275, 19.0431815 ], [ 73.0324382, 19.0431116 ], [ 73.0323284, 19.0431065 ], [ 73.0322326, 19.0431226 ], [ 73.0319178, 19.0432559 ], [ 73.0317246, 19.0433616 ], [ 73.0315702, 19.0434404 ], [ 73.0315175, 19.0434478 ], [ 73.0314734, 19.0434431 ], [ 73.031421, 19.0434149 ] ], [ [ 73.031421, 19.0434149 ], [ 73.0310556, 19.0430995 ], [ 73.0310177, 19.0430932 ], [ 73.030989, 19.0431054 ], [ 73.0305492, 19.0435915 ] ], [ [ 73.0305492, 19.0435915 ], [ 73.031383, 19.0442534 ] ], [ [ 73.031383, 19.0442534 ], [ 73.0316936, 19.0439345 ] ], [ [ 73.0316936, 19.0439345 ], [ 73.031383, 19.0442534 ] ], [ [ 73.031383, 19.0442534 ], [ 73.0309133, 19.0447206 ] ], [ [ 73.0309133, 19.0447206 ], [ 73.0307075, 19.0445542 ] ], [ [ 73.0307075, 19.0445542 ], [ 73.0309133, 19.0447206 ], [ 73.0309133, 19.0447206 ], [ 73.0310391, 19.0448258 ], [ 73.0314786, 19.0451775 ], [ 73.0316463, 19.0453131 ], [ 73.0317085, 19.045382 ], [ 73.0317559, 19.0454755 ], [ 73.0318255, 19.0456937 ], [ 73.0319008, 19.0459298 ], [ 73.0321538, 19.0467226 ], [ 73.0325514, 19.0476317 ] ], [ [ 73.0325514, 19.0476317 ], [ 73.0324906, 19.0478115 ], [ 73.0324239, 19.0485038 ], [ 73.0324239, 19.0485038 ], [ 73.0324182, 19.0488467 ], [ 73.0323992, 19.0499819 ], [ 73.0323992, 19.0499819 ], [ 73.0323783, 19.0512354 ] ], [ [ 73.0323783, 19.0512354 ], [ 73.0323262, 19.0539439 ] ], [ [ 73.0323262, 19.0539439 ], [ 73.0323232, 19.0540162 ] ] ] } },
{ "type": "Feature", "properties": { "point_ids": [ 5117, 5998, 4518, 3639, 2706, 1837, 8316, 9702, 1055 ], "length_m": 2973.3557220597959, "travel_time_min": 6.5032499143187321, "n_points": 9, "route_id": 33, "cluster_id": 3 }, "geometry": { "type": "MultiLineString", "coordinates": [ [ [ 73.0323232, 19.0540162 ], [ 73.0322424, 19.0546929 ], [ 73.0321502, 19.0551913 ], [ 73.0321502, 19.0551913 ], [ 73.0322182, 19.0551958 ], [ 73.0322182, 19.0551958 ], [ 73.0325812, 19.0553577 ], [ 73.0331635, 19.0556262 ], [ 73.0333811, 19.0556988 ], [ 73.0335076, 19.0557168 ], [ 73.0336252, 19.0557013 ], [ 73.0338962, 19.055631 ], [ 73.0340041, 19.0556273 ], [ 73.0344943, 19.0558098 ], [ 73.0346578, 19.0558129 ], [ 73.0349234, 19.0557419 ], [ 73.0351058, 19.0556937 ], [ 73.0351916, 19.0556912 ], [ 73.0352479, 19.0557166 ], [ 73.0352828, 19.0557571 ], [ 73.0353659, 19.0559891 ], [ 73.0354491, 19.0561197 ], [ 73.0355215, 19.0561957 ], [ 73.0355752, 19.0562705 ], [ 73.035602, 19.0563073 ], [ 73.0356328, 19.0563592 ], [ 73.0356623, 19.0564023 ], [ 73.0356932, 19.0564695 ], [ 73.035728, 19.0565329 ], [ 73.0357964, 19.0566444 ], [ 73.03583, 19.0566875 ], [ 73.0359238, 19.0567966 ], [ 73.0360284, 19.0569081 ], [ 73.0361009, 19.0569994 ], [ 73.036235, 19.0571477 ], [ 73.0363744, 19.0572823 ], [ 73.0364999, 19.0573772 ], [ 73.0365604, 19.0574087 ], [ 73.0370472, 19.057662 ], [ 73.0372983, 19.0577664 ], [ 73.0377102, 19.0578842 ], [ 73.0377602, 19.057923 ], [ 73.0377719, 19.0579906 ], [ 73.0377531, 19.0580616 ], [ 73.0376887, 19.0581504 ], [ 73.0375091, 19.0582789 ], [ 73.037391, 19.0583912 ], [ 73.0373508, 19.0584673 ], [ 73.0373481, 19.0585813 ], [ 73.0373722, 19.058736 ], [ 73.0373588, 19.0588247 ], [ 73.0373052, 19.0589413 ], [ 73.0372193, 19.0590605 ], [ 73.0371024, 19.0592613 ], [ 73.0370321, 19.0594559 ], [ 73.0369669, 19.059584 ], [ 73.0368867, 19.0596816 ], [ 73.0367929, 19.0597146 ], [ 73.0366534, 19.0596867 ], [ 73.0365354, 19.0596841 ], [ 73.0363584, 19.0596892 ], [ 73.0361867, 19.0597348 ], [ 73.0359802, 19.059854 ] ], [ [ 73.0359802, 19.059854 ], [ 73.0361867, 19.0597348 ], [ 73.0363584, 19.0596892 ], [ 73.0365354, 19.0596841 ], [ 73.0366534, 19.0596867 ], [ 73.0367929, 19.0597146 ], [ 73.0368867, 19.0596816 ], [ 73.0369669, 19.059584 ], [ 73.0370321, 19.0594559 ], [ 73.0371024, 19.0592613 ], [ 73.0372193, 19.0590605 ], [ 73.0373052, 19.0589413 ], [ 73.0373588, 19.0588247 ], [ 73.0373722, 19.058736 ], [ 73.0373481, 19.0585813 ], [ 73.0373508, 19.0584673 ], [ 73.037391, 19.0583912 ], [ 73.0375091, 19.0582789 ], [ 73.0376887, 19.0581504 ], [ 73.0377531, 19.0580616 ], [ 73.0377719, 19.0579906 ], [ 73.0377602, 19.057923 ], [ 73.0377102, 19.0578842 ], [ 73.0372983, 19.0577664 ], [ 73.0370472, 19.057662 ], [ 73.0365604, 19.0574087 ], [ 73.0364999, 19.0573772 ], [ 73.0363744, 19.0572823 ], [ 73.036235, 19.0571477 ], [ 73.0361009, 19.0569994 ], [ 73.0360284, 19.0569081 ], [ 73.0359238, 19.0567966 ], [ 73.03583, 19.0566875 ], [ 73.0357964, 19.0566444 ], [ 73.035728, 19.0565329 ], [ 73.0356932, 19.0564695 ], [ 73.0356623, 19.0564023 ], [ 73.0356328, 19.0563592 ], [ 73.035602, 19.0563073 ], [ 73.0355752, 19.0562705 ], [ 73.0355215, 19.0561957 ], [ 73.0354491, 19.0561197 ], [ 73.0353659, 19.0559891 ], [ 73.0352828, 19.0557571 ], [ 73.0352479, 19.0557166 ], [ 73.0351916, 19.0556912 ], [ 73.0351058, 19.0556937 ], [ 73.0349234, 19.0557419 ], [ 73.0346578, 19.0558129 ], [ 73.0344943, 19.0558098 ], [ 73.0340041, 19.0556273 ], [ 73.0338962, 19.055631 ], [ 73.0336252, 19.0557013 ], [ 73.0335076, 19.0557168 ], [ 73.0333811, 19.0556988 ], [ 73.0331635, 19.0556262 ], [ 73.0325812, 19.0553577 ], [ 73.0322182, 19.0551958 ], [ 73.0322182, 19.0551958 ], [ 73.0323134, 19.054713 ], [ 73.0323992, 19.0539815 ], [ 73.0323992, 19.0539815 ], [ 73.0323262, 19.0539439 ], [ 73.0323262, 19.0539439 ], [ 73.0303878, 19.0539076 ], [ 73.0302847, 19.053905 ], [ 73.0269659, 19.0538418 ], [ 73.026565, 19.0538379 ] ] ] } },
{ "type": "Feature", "properties": { "point_ids": [ 24, 482, 1567, 1672, 3610, 6712, 9442, 6421, 518, 872, 4416, 2617, 5778, 4942, 1641, 960, 5243, 7502, 6848, 7906, 9880, 9592, 8903, 8766, 5095, 4733, 4714, 1922, 1919, 2305, 9735, 6095, 1943, 1646, 1157, 1727, 9640, 8813, 7762, 1251, 2353, 4894, 5084, 5092, 1891, 2892, 8723, 2766, 4686, 1636, 9518, 8323, 6967, 6666, 6614, 5941, 5671, 4239, 2741, 2062, 1461, 245, 88, 2726, 8693, 8116, 7694, 6894, 3984, 1575, 821, 9714, 9129, 8546, 7917, 7855, 5160, 5043, 4949, 3172, 2482, 1950, 1356, 405, 8775, 8558, 4060, 1769, 5776, 5180, 4019, 3710, 5199, 4707, 1428, 3780, 3402, 5703, 4366, 2067, 8674, 3384, 8123, 7454, 9188, 7092, 5469, 5267, 4467, 4042, 2541, 4320, 1214, 9494, 6868, 5924, 5894, 8781, 5059, 3830, 2384, 8057, 2161, 3738, 3707, 2085, 1700, 9347, 8710, 8138, 6006, 317, 1498, 9507, 4951, 2972, 2412, 7704, 9549, 8806, 6950, 6899, 2891, 3400, 2457, 1931, 7685, 8774, 3536, 3055, 494, 6066, 5848, 1490, 1713, 2610, 6456, 8707, 7308, 348, 6272, 4679, 6195, 8098, 8025, 8199, 1576, 1032, 8857, 9637, 8720, 3647, 3499, 1042, 8894, 9349, 2213, 3161, 6486, 6601, 7200, 9305, 3164, 8990, 7581, 4434, 8638, 1861, 1245, 6158, 3324, 6075, 5510, 7959, 6942, 5021, 4862, 495, 6090, 1221, 7031, 8343, 8874, 4848, 5791, 7489, 8220, 655, 3548, 4705, 5096, 7735, 8810, 151, 4346, 4651, 4888, 3032, 3156, 6050, 423, 5718, 4910, 2156, 4441, 9875, 9352, 1802, 9879, 1654, 2209, 6109, 3240, 1443, 1163, 6308, 3828, 216, 6888, 2104, 8445, 1083, 4506, 7665, 9650, 1451, 1124, 228, 4079, 6041, 7991, 1158, 5046, 6758, 2054, 2399, 6785, 7061, 846, 1532, 1817, 5035, 7882, 6989, 3697, 8563, 9654, 5920, 822, 6749, 9309, 515, 1307, 553, 190, 888, 5381, 9205, 2997, 4556, 9087, 7713, 4287, 4046, 7190, 4559, 7843, 8517, 6725, 8311, 6869, 6731, 6662, 8484, 7874, 7353, 5145, 3877, 1761, 1432, 896 ], "length_m": 19481.995071976387, "travel_time_min": 34.668605847520794, "n_points": 301, "route_id": 34, "cluster_id": 9 }, "geometry": { "type": "MultiLineString", "coordinates": [ [ [ 73.0173075, 19.0751088 ], [ 73.0174032, 19.075127 ] ], [ [ 73.0174032, 19.075127 ], [ 73.0173075, 19.0751088 ] ], [ [ 73.0173075, 19.0751088 ], [ 73.0171188, 19.0760703 ] ], [ [ 73.0171188, 19.0760703 ], [ 73.0169251, 19.0770576 ], [ 73.0169251, 19.0770576 ], [ 73.0170224, 19.0770777 ] ], [ [ 73.0170224, 19.0770777 ], [ 73.0169251, 19.0770576 ] ], [ [ 73.0169251, 19.0770576 ], [ 73.0167982, 19.0777046 ], [ 73.0168638, 19.0783075 ] ], [ [ 73.0168638, 19.0783075 ], [ 73.0168732, 19.0784038 ] ], [ [ 73.0168732, 19.0784038 ], [ 73.0169614, 19.0783973 ], [ 73.016951, 19.0783006 ], [ 73.016951, 19.0783006 ], [ 73.0168638, 19.0783075 ], [ 73.0168638, 19.0783075 ], [ 73.0161028, 19.0783682 ], [ 73.0147374, 19.0784769 ] ], [ [ 73.0147374, 19.0784769 ], [ 73.0147462, 19.0785733 ] ], [ [ 73.0147462, 19.0785733 ], [ 73.0147374, 19.0784769 ], [ 73.0147374, 19.0784769 ], [ 73.0143549, 19.0785074 ], [ 73.0143549, 19.0785074 ], [ 73.0142799, 19.0777154 ] ], [ [ 73.0142799, 19.0777154 ], [ 73.0143622, 19.0777089 ], [ 73.0158868, 19.0775877 ] ], [ [ 73.0158868, 19.0775877 ], [ 73.0143622, 19.0777089 ], [ 73.0142799, 19.0777154 ], [ 73.0142799, 19.0777154 ], [ 73.0141677, 19.0765318 ], [ 73.014154, 19.0763873 ], [ 73.0140893, 19.0757048 ], [ 73.0140335, 19.0750425 ], [ 73.0139255, 19.0739761 ], [ 73.0138523, 19.0731852 ] ], [ [ 73.0138523, 19.0731852 ], [ 73.0139487, 19.0731812 ] ], [ [ 73.0139487, 19.0731812 ], [ 73.0144329, 19.0731614 ], [ 73.0178538, 19.0728843 ] ], [ [ 73.0178538, 19.0728843 ], [ 73.0180968, 19.0729168 ], [ 73.0182428, 19.0729673 ], [ 73.0183532, 19.0730245 ], [ 73.018479, 19.0731199 ], [ 73.018563, 19.0732217 ], [ 73.0186263, 19.0733488 ], [ 73.0186512, 19.0734415 ], [ 73.0186618, 19.0735498 ], [ 73.018659, 19.0736517 ], [ 73.0186407, 19.0738504 ], [ 73.0185737, 19.0746236 ], [ 73.0184719, 19.0752704 ] ], [ [ 73.0184719, 19.0752704 ], [ 73.018304, 19.0765417 ], [ 73.018304, 19.0765417 ], [ 73.0184315, 19.0765593 ], [ 73.0184315, 19.0765593 ], [ 73.0186014, 19.0752853 ], [ 73.0186532, 19.074935 ], [ 73.0186973, 19.0746368 ], [ 73.0187973, 19.0740376 ], [ 73.0188255, 19.0738686 ], [ 73.018872, 19.0736578 ], [ 73.0189525, 19.0732932 ], [ 73.0189525, 19.0732932 ], [ 73.0188086, 19.0734146 ], [ 73.0187676, 19.0734465 ], [ 73.0187331, 19.0734711 ], [ 73.0187019, 19.0734839 ], [ 73.0186753, 19.0734844 ], [ 73.0186497, 19.0734775 ], [ 73.0186316, 19.0734603 ], [ 73.0186092, 19.0734228 ], [ 73.0185753, 19.0733581 ] ], [ [ 73.0185753, 19.0733581 ], [ 73.0186092, 19.0734228 ], [ 73.0186316, 19.0734603 ], [ 73.0186497, 19.0734775 ], [ 73.0186753, 19.0734844 ], [ 73.0187019, 19.0734839 ], [ 73.0187331, 19.0734711 ], [ 73.0187676, 19.0734465 ], [ 73.0188086, 19.0734146 ], [ 73.0189525, 19.0732932 ] ], [ [ 73.0189525, 19.0732932 ], [ 73.0190039, 19.0730602 ], [ 73.0191257, 19.0725083 ], [ 73.0192042, 19.0721524 ], [ 73.019221, 19.0720601 ], [ 73.0192424, 19.0719098 ], [ 73.0192753, 19.0716399 ], [ 73.0193182, 19.0709377 ], [ 73.0193307, 19.0706039 ], [ 73.0193307, 19.0706039 ], [ 73.0193355, 19.0704724 ] ], [ [ 73.0193355, 19.0704724 ], [ 73.019341, 19.0703247 ], [ 73.019341, 19.0703247 ], [ 73.0193531, 19.0699958 ] ], [ [ 73.0193531, 19.0699958 ], [ 73.0193729, 19.0696213 ], [ 73.0193803, 19.0690927 ], [ 73.019386, 19.0689623 ], [ 73.0193975, 19.068552 ], [ 73.0194095, 19.0681258 ], [ 73.0194113, 19.0680608 ], [ 73.0194201, 19.0677478 ], [ 73.0194221, 19.0677186 ], [ 73.0194243, 19.0672572 ], [ 73.0194076, 19.0671551 ], [ 73.0194076, 19.0671551 ], [ 73.0196038, 19.0671267 ], [ 73.0196497, 19.0671133 ] ], [ [ 73.0196497, 19.0671133 ], [ 73.0194982, 19.0668305 ], [ 73.019454, 19.0667752 ], [ 73.0194243, 19.0667544 ], [ 73.0193894, 19.066735 ], [ 73.0193293, 19.0667056 ] ], [ [ 73.0193293, 19.0667056 ], [ 73.0192225, 19.0659669 ] ], [ [ 73.0192225, 19.0659669 ], [ 73.019154, 19.0654429 ], [ 73.0191477, 19.0653408 ], [ 73.0192398, 19.064243 ], [ 73.0192605, 19.0639545 ], [ 73.0192674, 19.0638467 ], [ 73.0192839, 19.0635884 ], [ 73.0193025, 19.0631575 ], [ 73.0193025, 19.0631575 ], [ 73.0193005, 19.0630403 ] ], [ [ 73.0193005, 19.0630403 ], [ 73.0194794, 19.0630383 ] ], [ [ 73.0194794, 19.0630383 ], [ 73.0193005, 19.0630403 ], [ 73.0193005, 19.0630403 ], [ 73.0192985, 19.0629285 ], [ 73.0192876, 19.0622877 ], [ 73.0192949, 19.061722 ], [ 73.0193072, 19.0607714 ], [ 73.0193108, 19.0604171 ], [ 73.0193345, 19.0596739 ] ], [ [ 73.0193345, 19.0596739 ], [ 73.0193713, 19.0585175 ], [ 73.0194158, 19.0576412 ], [ 73.0194934, 19.0542323 ], [ 73.0195022, 19.0540486 ], [ 73.0195125, 19.0536849 ], [ 73.019555, 19.0533887 ], [ 73.0196272, 19.0530977 ], [ 73.0197287, 19.0528146 ], [ 73.0198583, 19.052542 ], [ 73.020015, 19.0522824 ], [ 73.0201972, 19.0520384 ], [ 73.0218808, 19.0501563 ], [ 73.0218808, 19.0501563 ], [ 73.0220968, 19.0503102 ], [ 73.0220968, 19.0503102 ], [ 73.0219665, 19.0504542 ], [ 73.0218866, 19.0505425 ], [ 73.0218312, 19.0506037 ], [ 73.0216437, 19.0508109 ], [ 73.0207453, 19.0518038 ], [ 73.0207453, 19.0518038 ], [ 73.0207293, 19.0515767 ], [ 73.0206177, 19.0511831 ], [ 73.020609, 19.0511277 ], [ 73.020609, 19.0511277 ], [ 73.0205403, 19.0512062 ], [ 73.0205403, 19.0512062 ], [ 73.019952, 19.0518534 ], [ 73.0197388, 19.0521092 ], [ 73.0195424, 19.0524001 ], [ 73.019399, 19.0527056 ], [ 73.0192908, 19.0530066 ], [ 73.0192701, 19.0533218 ], [ 73.0193229, 19.0536693 ], [ 73.0193229, 19.0536693 ], [ 73.0193102, 19.0539816 ], [ 73.0193075, 19.0542068 ], [ 73.0193002, 19.0543873 ], [ 73.0192258, 19.0576349 ], [ 73.0191815, 19.0585076 ], [ 73.0191169, 19.0604135 ], [ 73.0191133, 19.0607678 ], [ 73.0191029, 19.0612432 ], [ 73.0190976, 19.0614808 ], [ 73.0190976, 19.0614808 ], [ 73.0190591, 19.0618964 ], [ 73.0190305, 19.062338 ], [ 73.0190069, 19.0625713 ] ], [ [ 73.0190069, 19.0625713 ], [ 73.0190066, 19.0629237 ], [ 73.0189503, 19.0662448 ], [ 73.0189291, 19.0663956 ], [ 73.0188778, 19.0665329 ], [ 73.0187991, 19.0666526 ], [ 73.0186754, 19.0667555 ], [ 73.0185085, 19.0668432 ], [ 73.0183425, 19.0669021 ], [ 73.0181867, 19.0669496 ], [ 73.0180196, 19.0669876 ] ], [ [ 73.0180196, 19.0669876 ], [ 73.0178502, 19.0670008 ], [ 73.0159442, 19.067149 ], [ 73.015082, 19.0672166 ], [ 73.0145528, 19.0672617 ] ], [ [ 73.0145528, 19.0672617 ], [ 73.0125513, 19.0674324 ] ], [ [ 73.0125513, 19.0674324 ], [ 73.0120314, 19.0673748 ], [ 73.0095542, 19.067549 ], [ 73.0090569, 19.067584 ] ], [ [ 73.0090569, 19.067584 ], [ 73.0089259, 19.0675932 ] ], [ [ 73.0089259, 19.0675932 ], [ 73.0089459, 19.0679158 ], [ 73.0089459, 19.0679158 ], [ 73.0090769, 19.0679066 ] ], [ [ 73.0090769, 19.0679066 ], [ 73.0090569, 19.067584 ], [ 73.0090569, 19.067584 ], [ 73.0090446, 19.0673859 ] ], [ [ 73.0090446, 19.0673859 ], [ 73.0098092, 19.0673285 ], [ 73.0111521, 19.067228 ] ], [ [ 73.0111521, 19.067228 ], [ 73.0130272, 19.0670875 ], [ 73.0145997, 19.0669698 ] ], [ [ 73.0145997, 19.0669698 ], [ 73.0130272, 19.0670875 ], [ 73.0111521, 19.067228 ] ], [ [ 73.0111521, 19.067228 ], [ 73.0111339, 19.066955 ], [ 73.0111161, 19.0669071 ], [ 73.0110588, 19.0668806 ], [ 73.0099389, 19.0666035 ], [ 73.0099389, 19.0666035 ], [ 73.0099776, 19.0664645 ], [ 73.0101817, 19.0657305 ], [ 73.010215, 19.0656106 ], [ 73.0102396, 19.0655715 ], [ 73.0102721, 19.0655485 ], [ 73.0103131, 19.0655452 ], [ 73.010354, 19.0655549 ], [ 73.0108217, 19.0656606 ], [ 73.0108217, 19.0656606 ], [ 73.0108562, 19.0656684 ], [ 73.0108886, 19.0656757 ] ], [ [ 73.0108886, 19.0656757 ], [ 73.0108964, 19.0651167 ], [ 73.0108964, 19.0651167 ], [ 73.0109013, 19.0647688 ] ], [ [ 73.0109013, 19.0647688 ], [ 73.0109052, 19.0644884 ], [ 73.0109052, 19.0644884 ], [ 73.0109063, 19.0644114 ] ], [ [ 73.0109063, 19.0644114 ], [ 73.0108388, 19.0644116 ], [ 73.0108388, 19.0644116 ], [ 73.010487, 19.0644119 ] ], [ [ 73.010487, 19.0644119 ], [ 73.0105086, 19.0629604 ], [ 73.0105086, 19.0629604 ], [ 73.0106932, 19.0629625 ], [ 73.0108516, 19.0629386 ], [ 73.0108516, 19.0629386 ], [ 73.0108588, 19.0629439 ], [ 73.0108588, 19.0629439 ], [ 73.0108497, 19.0636114 ] ], [ [ 73.0108497, 19.0636114 ], [ 73.0109174, 19.0636124 ] ], [ [ 73.0109174, 19.0636124 ], [ 73.0109267, 19.0629384 ], [ 73.0109267, 19.0629384 ], [ 73.0109361, 19.0629276 ], [ 73.010942, 19.0629148 ], [ 73.0109442, 19.062901 ], [ 73.0109423, 19.0628871 ], [ 73.0109367, 19.0628742 ], [ 73.0109276, 19.0628632 ], [ 73.0109276, 19.0628632 ], [ 73.0109126, 19.0628534 ], [ 73.0109126, 19.0628534 ], [ 73.0109253, 19.0621109 ] ], [ [ 73.0109253, 19.0621109 ], [ 73.0109126, 19.0628534 ], [ 73.0109126, 19.0628534 ], [ 73.0108931, 19.0628486 ] ], [ [ 73.0108931, 19.0628486 ], [ 73.0108767, 19.0628497 ] ], [ [ 73.0108767, 19.0628497 ], [ 73.0108598, 19.0628564 ], [ 73.0108462, 19.0628678 ], [ 73.0108373, 19.0628829 ], [ 73.010834, 19.0628999 ], [ 73.0108369, 19.0629169 ], [ 73.0108454, 19.0629322 ], [ 73.0108454, 19.0629322 ], [ 73.0108516, 19.0629386 ], [ 73.0108516, 19.0629386 ], [ 73.0108588, 19.0629439 ], [ 73.0108588, 19.0629439 ], [ 73.0108756, 19.0629509 ], [ 73.0108938, 19.0629523 ], [ 73.0109115, 19.062948 ], [ 73.0109267, 19.0629384 ], [ 73.0109267, 19.0629384 ], [ 73.0118839, 19.0629527 ] ], [ [ 73.0118839, 19.0629527 ], [ 73.0118792, 19.0633678 ] ], [ [ 73.0118792, 19.0633678 ], [ 73.0118763, 19.0636266 ], [ 73.0118689, 19.0642976 ] ], [ [ 73.0118689, 19.0642976 ], [ 73.0127107, 19.0643142 ] ], [ [ 73.0127107, 19.0643142 ], [ 73.012712, 19.0642322 ], [ 73.012712, 19.0642322 ], [ 73.0129241, 19.0642231 ], [ 73.0130899, 19.0642185 ], [ 73.0133498, 19.0642247 ] ], [ [ 73.0133498, 19.0642247 ], [ 73.0136636, 19.0642863 ], [ 73.0136593, 19.0645051 ], [ 73.013658, 19.0647924 ], [ 73.0136521, 19.0653778 ] ], [ [ 73.0136521, 19.0653778 ], [ 73.0139241, 19.0654244 ], [ 73.0139241, 19.0654244 ], [ 73.01393, 19.0648335 ] ], [ [ 73.01393, 19.0648335 ], [ 73.0142654, 19.064843 ], [ 73.0142654, 19.064843 ], [ 73.0142708, 19.0644877 ], [ 73.0142789, 19.0639627 ] ], [ [ 73.0142789, 19.0639627 ], [ 73.0146049, 19.0639687 ], [ 73.0146049, 19.0639687 ], [ 73.0148686, 19.06399 ] ], [ [ 73.0148686, 19.06399 ], [ 73.0152316, 19.0640194 ], [ 73.0152203, 19.0642966 ] ], [ [ 73.0152203, 19.0642966 ], [ 73.015393, 19.0642856 ], [ 73.0154381, 19.0645329 ], [ 73.0156007, 19.0645389 ], [ 73.0156275, 19.0649009 ] ], [ [ 73.0156275, 19.0649009 ], [ 73.0158001, 19.0648942 ] ], [ [ 73.0158001, 19.0648942 ], [ 73.0159584, 19.0648487 ], [ 73.0160376, 19.0647023 ], [ 73.0160961, 19.0646373 ], [ 73.0161718, 19.0646405 ], [ 73.0161923, 19.0646485 ] ], [ [ 73.0161923, 19.0646485 ], [ 73.0162528, 19.064672 ], [ 73.0162922, 19.0646568 ], [ 73.0163817, 19.0645169 ], [ 73.0164987, 19.064351 ], [ 73.0165848, 19.0643445 ], [ 73.0169435, 19.0643677 ], [ 73.0169435, 19.0643677 ], [ 73.0170613, 19.0641012 ], [ 73.0171534, 19.063916 ], [ 73.0172405, 19.0637557 ] ], [ [ 73.0172405, 19.0637557 ], [ 73.0173795, 19.0636872 ], [ 73.0174961, 19.0635853 ], [ 73.0175108, 19.0633567 ] ], [ [ 73.0175108, 19.0633567 ], [ 73.0175645, 19.0632604 ] ], [ [ 73.0175645, 19.0632604 ], [ 73.0175735, 19.0630058 ], [ 73.0178161, 19.0623411 ] ], [ [ 73.0178161, 19.0623411 ], [ 73.0176937, 19.0623244 ] ], [ [ 73.0176937, 19.0623244 ], [ 73.0174536, 19.062252 ], [ 73.0172941, 19.0622105 ], [ 73.0171731, 19.0621547 ], [ 73.0171625, 19.0620875 ], [ 73.0171899, 19.0619399 ], [ 73.0172228, 19.0616714 ], [ 73.0172618, 19.0616012 ], [ 73.0172641, 19.0615062 ], [ 73.0171095, 19.0614662 ], [ 73.0168262, 19.0614646 ] ], [ [ 73.0168262, 19.0614646 ], [ 73.0168311, 19.0611424 ] ], [ [ 73.0168311, 19.0611424 ], [ 73.0168777, 19.0610409 ] ], [ [ 73.0168777, 19.0610409 ], [ 73.0169005, 19.0601209 ] ], [ [ 73.0169005, 19.0601209 ], [ 73.0168128, 19.0601203 ] ], [ [ 73.0168128, 19.0601203 ], [ 73.0167918, 19.060983 ], [ 73.0167904, 19.0610404 ], [ 73.0167904, 19.0610404 ], [ 73.0164148, 19.0610381 ], [ 73.016069, 19.0610359 ] ], [ [ 73.016069, 19.0610359 ], [ 73.0147537, 19.0610279 ] ], [ [ 73.0147537, 19.0610279 ], [ 73.0147529, 19.061131 ] ], [ [ 73.0147529, 19.061131 ], [ 73.0147537, 19.0610279 ] ], [ [ 73.0147537, 19.0610279 ], [ 73.014032, 19.0610235 ], [ 73.014032, 19.0610235 ], [ 73.0140489, 19.0601012 ], [ 73.0140489, 19.0601012 ], [ 73.0147972, 19.0601064 ] ], [ [ 73.0147972, 19.0601064 ], [ 73.0148029, 19.0591071 ] ], [ [ 73.0148029, 19.0591071 ], [ 73.0155215, 19.0591137 ] ], [ [ 73.0155215, 19.0591137 ], [ 73.0157167, 19.0591175 ], [ 73.0157167, 19.0591175 ], [ 73.0157237, 19.0595056 ], [ 73.0157237, 19.0595056 ], [ 73.0157213, 19.0596248 ] ], [ [ 73.0157213, 19.0596248 ], [ 73.0151446, 19.0596358 ] ], [ [ 73.0151446, 19.0596358 ], [ 73.0157213, 19.0596248 ], [ 73.0157213, 19.0596248 ], [ 73.0164335, 19.0596734 ] ], [ [ 73.0164335, 19.0596734 ], [ 73.0157213, 19.0596248 ], [ 73.0157213, 19.0596248 ], [ 73.0157237, 19.0595056 ], [ 73.0157237, 19.0595056 ], [ 73.0157167, 19.0591175 ], [ 73.0157167, 19.0591175 ], [ 73.0166406, 19.0591239 ] ], [ [ 73.0166406, 19.0591239 ], [ 73.0166649, 19.0582797 ] ], [ [ 73.0166649, 19.0582797 ], [ 73.0166726, 19.0580123 ], [ 73.0166726, 19.0580123 ], [ 73.0166799, 19.0577558 ], [ 73.0166799, 19.0577558 ], [ 73.0166871, 19.0575082 ] ], [ [ 73.0166871, 19.0575082 ], [ 73.0166799, 19.0577558 ] ], [ [ 73.0166799, 19.0577558 ], [ 73.0166726, 19.0580123 ] ], [ [ 73.0166726, 19.0580123 ], [ 73.0166649, 19.0582797 ] ], [ [ 73.0166649, 19.0582797 ], [ 73.0155414, 19.0582664 ] ], [ [ 73.0155414, 19.0582664 ], [ 73.0155478, 19.0579938 ] ], [ [ 73.0155478, 19.0579938 ], [ 73.0155514, 19.0577248 ] ], [ [ 73.0155514, 19.0577248 ], [ 73.0155598, 19.0574844 ] ], [ [ 73.0155598, 19.0574844 ], [ 73.015574, 19.0568794 ] ], [ [ 73.015574, 19.0568794 ], [ 73.0155762, 19.0567853 ], [ 73.0155762, 19.0567853 ], [ 73.0143063, 19.0567587 ] ], [ [ 73.0143063, 19.0567587 ], [ 73.0141547, 19.0567782 ] ], [ [ 73.0141547, 19.0567782 ], [ 73.0140428, 19.0569205 ] ], [ [ 73.0140428, 19.0569205 ], [ 73.0141389, 19.0569501 ] ], [ [ 73.0141389, 19.0569501 ], [ 73.0140428, 19.0569205 ] ], [ [ 73.0140428, 19.0569205 ], [ 73.0140075, 19.0571281 ], [ 73.0139992, 19.0575831 ], [ 73.0139973, 19.0576879 ], [ 73.0139966, 19.0577272 ], [ 73.013981, 19.0585984 ], [ 73.013981, 19.0585984 ], [ 73.0129418, 19.0585766 ], [ 73.0129418, 19.0585766 ], [ 73.0124234, 19.0590308 ] ], [ [ 73.0124234, 19.0590308 ], [ 73.0124234, 19.0590767 ], [ 73.0124235, 19.0600761 ] ], [ [ 73.0124235, 19.0600761 ], [ 73.0139533, 19.0600997 ] ], [ [ 73.0139533, 19.0600997 ], [ 73.0140489, 19.0601012 ], [ 73.0140489, 19.0601012 ], [ 73.0140671, 19.0591004 ] ], [ [ 73.0140671, 19.0591004 ], [ 73.0140762, 19.0586004 ], [ 73.0140762, 19.0586004 ], [ 73.013981, 19.0585984 ] ], [ [ 73.013981, 19.0585984 ], [ 73.0139533, 19.0600997 ], [ 73.0139533, 19.0600997 ], [ 73.0139326, 19.0609825 ] ], [ [ 73.0139326, 19.0609825 ], [ 73.0139355, 19.0610747 ], [ 73.0139355, 19.0610747 ], [ 73.0139278, 19.0614977 ], [ 73.013916, 19.0621429 ], [ 73.013916, 19.0621429 ], [ 73.0140116, 19.0621439 ], [ 73.0140116, 19.0621439 ], [ 73.0140234, 19.0614988 ], [ 73.0140234, 19.0614988 ], [ 73.0143167, 19.0615024 ] ], [ [ 73.0143167, 19.0615024 ], [ 73.0147259, 19.0615073 ] ], [ [ 73.0147259, 19.0615073 ], [ 73.0151668, 19.0615126 ] ], [ [ 73.0151668, 19.0615126 ], [ 73.0162129, 19.0615252 ] ], [ [ 73.0162129, 19.0615252 ], [ 73.0162384, 19.0619792 ], [ 73.0162384, 19.0619792 ], [ 73.0161452, 19.0619924 ] ], [ [ 73.0161452, 19.0619924 ], [ 73.0161507, 19.0621738 ], [ 73.016228, 19.0622121 ] ], [ [ 73.016228, 19.0622121 ], [ 73.0159794, 19.0622369 ], [ 73.0157762, 19.0622445 ] ], [ [ 73.0157762, 19.0622445 ], [ 73.0157777, 19.0623284 ], [ 73.0157702, 19.0623523 ], [ 73.0157531, 19.062368 ], [ 73.015726, 19.0623708 ], [ 73.0154082, 19.0623744 ], [ 73.0153391, 19.0623744 ] ], [ [ 73.0153391, 19.0623744 ], [ 73.0153445, 19.062159 ] ], [ [ 73.0153445, 19.062159 ], [ 73.0152783, 19.0621536 ], [ 73.0152783, 19.0621536 ], [ 73.0150992, 19.0621746 ] ], [ [ 73.0150992, 19.0621746 ], [ 73.0147337, 19.0621657 ] ], [ [ 73.0147337, 19.0621657 ], [ 73.0143072, 19.0621177 ] ], [ [ 73.0143072, 19.0621177 ], [ 73.0142966, 19.0629597 ] ], [ [ 73.0142966, 19.0629597 ], [ 73.0140998, 19.0629491 ] ], [ [ 73.0140998, 19.0629491 ], [ 73.0139869, 19.0629099 ], [ 73.0139869, 19.0629099 ], [ 73.0138941, 19.0629072 ] ], [ [ 73.0138941, 19.0629072 ], [ 73.0138908, 19.0629826 ] ], [ [ 73.0138908, 19.0629826 ], [ 73.0139403, 19.0630822 ], [ 73.0139403, 19.0630822 ], [ 73.0139427, 19.0635743 ] ], [ [ 73.0139427, 19.0635743 ], [ 73.0133279, 19.0636909 ], [ 73.0127317, 19.063804 ], [ 73.012712, 19.0642322 ], [ 73.012712, 19.0642322 ], [ 73.0127107, 19.0643142 ] ], [ [ 73.0127107, 19.0643142 ], [ 73.012775, 19.0650793 ], [ 73.0127955, 19.0653228 ] ], [ [ 73.0127955, 19.0653228 ], [ 73.0128237, 19.0654289 ], [ 73.0128237, 19.0654289 ], [ 73.0122399, 19.065373 ] ], [ [ 73.0122399, 19.065373 ], [ 73.0128237, 19.0654289 ], [ 73.0128237, 19.0654289 ], [ 73.0127955, 19.0653228 ], [ 73.0127955, 19.0653228 ], [ 73.0133067, 19.0653175 ] ], [ [ 73.0133067, 19.0653175 ], [ 73.0136521, 19.0653778 ] ], [ [ 73.0136521, 19.0653778 ], [ 73.0139241, 19.0654244 ] ], [ [ 73.0139241, 19.0654244 ], [ 73.0138853, 19.0656102 ], [ 73.0138073, 19.0657589 ] ], [ [ 73.0138073, 19.0657589 ], [ 73.0140684, 19.0659847 ], [ 73.0142196, 19.0660662 ], [ 73.0143734, 19.0660899 ], [ 73.0145175, 19.0660749 ], [ 73.0146628, 19.0660356 ], [ 73.0158126, 19.0655187 ], [ 73.0159859, 19.0654035 ] ], [ [ 73.0159859, 19.0654035 ], [ 73.0162968, 19.0651722 ], [ 73.0165831, 19.0649314 ], [ 73.0167176, 19.0647746 ], [ 73.0169435, 19.0643677 ] ], [ [ 73.0169435, 19.0643677 ], [ 73.0167541, 19.0641916 ], [ 73.0166468, 19.0641029 ], [ 73.0165882, 19.0640095 ], [ 73.01654, 19.0639021 ], [ 73.0165366, 19.0638143 ] ], [ [ 73.0165366, 19.0638143 ], [ 73.0161694, 19.0635587 ], [ 73.0159865, 19.0634754 ], [ 73.0159471, 19.0633529 ], [ 73.0159021, 19.0632576 ], [ 73.0158629, 19.0631813 ], [ 73.0158248, 19.0631788 ], [ 73.0158188, 19.063165 ], [ 73.0157821, 19.0630798 ], [ 73.0157214, 19.0629696 ], [ 73.0156618, 19.0629514 ], [ 73.0155632, 19.0628854 ], [ 73.0154305, 19.0628711 ] ], [ [ 73.0154305, 19.0628711 ], [ 73.0155632, 19.0628854 ], [ 73.0156618, 19.0629514 ], [ 73.0157214, 19.0629696 ], [ 73.0157821, 19.0630798 ], [ 73.0158188, 19.063165 ], [ 73.0158248, 19.0631788 ], [ 73.0158629, 19.0631813 ], [ 73.0159021, 19.0632576 ], [ 73.0159471, 19.0633529 ], [ 73.0159865, 19.0634754 ], [ 73.0161694, 19.0635587 ], [ 73.0165366, 19.0638143 ] ], [ [ 73.0165366, 19.0638143 ], [ 73.016623, 19.0636711 ], [ 73.016623, 19.0636711 ], [ 73.0166677, 19.0635865 ], [ 73.0167105, 19.0631584 ] ], [ [ 73.0167105, 19.0631584 ], [ 73.0168711, 19.063185 ], [ 73.0169555, 19.0631996 ], [ 73.0169908, 19.063263 ], [ 73.0170027, 19.0634007 ], [ 73.0170114, 19.0634233 ], [ 73.017053, 19.0634413 ], [ 73.0172008, 19.0634461 ], [ 73.0172431, 19.0634456 ], [ 73.0172431, 19.0633139 ], [ 73.017241, 19.0632051 ], [ 73.0172664, 19.0631891 ] ], [ [ 73.0172664, 19.0631891 ], [ 73.017241, 19.0632051 ], [ 73.0172431, 19.0633139 ], [ 73.0172431, 19.0634456 ], [ 73.0172008, 19.0634461 ], [ 73.017053, 19.0634413 ], [ 73.0170114, 19.0634233 ], [ 73.0170027, 19.0634007 ], [ 73.0169908, 19.063263 ], [ 73.0169555, 19.0631996 ], [ 73.0168711, 19.063185 ], [ 73.0167105, 19.0631584 ], [ 73.0167105, 19.0631584 ], [ 73.0167396, 19.0629429 ], [ 73.0167526, 19.0627867 ] ], [ [ 73.0167526, 19.0627867 ], [ 73.0163796, 19.0627733 ], [ 73.0162482, 19.0627681 ], [ 73.0161547, 19.0627512 ], [ 73.0160352, 19.0627297 ] ], [ [ 73.0160352, 19.0627297 ], [ 73.0161547, 19.0627512 ], [ 73.0162482, 19.0627681 ], [ 73.0163796, 19.0627733 ], [ 73.0167526, 19.0627867 ] ], [ [ 73.0167526, 19.0627867 ], [ 73.0167763, 19.0626988 ], [ 73.0167255, 19.0623356 ] ], [ [ 73.0167255, 19.0623356 ], [ 73.016749, 19.0622984 ], [ 73.016818, 19.0621986 ], [ 73.0168157, 19.0619536 ] ], [ [ 73.0168157, 19.0619536 ], [ 73.0168252, 19.0615326 ] ], [ [ 73.0168252, 19.0615326 ], [ 73.0168262, 19.0614646 ], [ 73.0168262, 19.0614646 ], [ 73.0171095, 19.0614662 ], [ 73.0172641, 19.0615062 ], [ 73.0172618, 19.0616012 ], [ 73.0172228, 19.0616714 ], [ 73.0171899, 19.0619399 ], [ 73.0171625, 19.0620875 ], [ 73.0171731, 19.0621547 ], [ 73.0172941, 19.0622105 ], [ 73.0174536, 19.062252 ], [ 73.0176937, 19.0623244 ] ], [ [ 73.0176937, 19.0623244 ], [ 73.0174648, 19.0629751 ], [ 73.0174551, 19.0632556 ], [ 73.0174551, 19.0632556 ], [ 73.0175108, 19.0633567 ] ], [ [ 73.0175108, 19.0633567 ], [ 73.017701, 19.0633662 ], [ 73.0184936, 19.0634027 ], [ 73.0186617, 19.0634104 ], [ 73.0187832, 19.0633647 ] ] ] } },
{ "type": "Feature", "properties": { "point_ids": [ 264, 6610, 7754, 612, 113, 8804, 6957, 780, 7014, 3999, 5501, 358, 3497, 1726, 692, 6998, 397, 9201, 9221, 8824, 8622, 8871, 9674, 5974, 9541, 8423, 8303, 7226, 4415, 4317, 1745, 1155, 736, 8721, 9106, 4546, 4526, 5225, 9784, 6140, 3557, 2076, 9505, 6120, 5811, 2721, 5056, 1644, 9477, 8205, 1571, 9887, 8920, 9829, 118, 8336, 9422, 44, 3422, 9585, 8241, 4123, 8363, 2098, 1065, 948, 9559, 6091, 2713, 653, 633, 6303, 5824, 4909, 9297, 947, 4738, 2576, 2326, 629, 146, 4627, 3840, 6209, 833, 310, 642, 3912, 1668, 176, 5919, 1768, 1721, 997, 5467, 4930, 4251, 4623, 4664, 2531, 8843, 7271, 565, 9721, 8985, 8449, 8387, 6931, 5062, 3722, 1298, 1051, 5097, 3581, 796, 9658, 6572, 6659, 8719, 8689, 5878, 7585, 3076, 5113, 4341, 2442, 2438, 1695, 255, 2090, 5281, 8841, 2932, 1870, 1219, 9817, 9210, 6300, 2656, 6191, 4095, 1362, 6829, 185, 9300, 1887, 1851, 4808, 5327, 8470, 6794, 6732, 5279, 3859, 3270, 6916, 2121, 1282, 1916, 1977, 8042, 8246, 9248, 9596, 1836, 2747, 2496, 9859, 9743, 7789, 3919, 325, 9985, 8434, 6881, 2231, 8111, 5746, 5311, 3613, 3330, 3236, 2776, 414, 8748, 7228, 5886, 4824, 9503, 8603, 3926, 5569, 7981, 3848, 6432, 1766, 8370, 8495, 4098, 9625, 7555, 7017, 356, 9206, 2331, 5274, 8518, 1473, 6374, 7721, 5835, 6119, 8395, 5489, 4017, 8963, 441, 4155, 4399, 4521 ], "length_m": 19955.787698150591, "travel_time_min": 34.41450716793117, "n_points": 220, "route_id": 35, "cluster_id": 9 }, "geometry": { "type": "MultiLineString", "coordinates": [ [ [ 73.0187832, 19.0633647 ], [ 73.0187907, 19.0629201 ], [ 73.018792, 19.0626874 ], [ 73.0187927, 19.0625702 ], [ 73.0187945, 19.0622416 ], [ 73.018822, 19.0607609 ], [ 73.0188314, 19.0604068 ], [ 73.0189029, 19.0572748 ], [ 73.0189113, 19.0569091 ], [ 73.0189121, 19.0568859 ], [ 73.0189347, 19.0561966 ], [ 73.018952, 19.0556724 ], [ 73.018984, 19.0543807 ], [ 73.0189894, 19.0542366 ], [ 73.0190248, 19.0534579 ], [ 73.0190388, 19.0532676 ], [ 73.0190598, 19.0530656 ], [ 73.0191019, 19.0528623 ], [ 73.0191728, 19.0526588 ], [ 73.0192726, 19.0524679 ], [ 73.0194245, 19.0522525 ], [ 73.0195712, 19.0520516 ], [ 73.0195712, 19.0520516 ], [ 73.0198052, 19.0517454 ], [ 73.0205207, 19.0509664 ], [ 73.0205207, 19.0509664 ], [ 73.0205403, 19.0512062 ], [ 73.0205403, 19.0512062 ], [ 73.019952, 19.0518534 ], [ 73.0197388, 19.0521092 ], [ 73.0195424, 19.0524001 ], [ 73.019399, 19.0527056 ], [ 73.0192908, 19.0530066 ], [ 73.0192701, 19.0533218 ], [ 73.0193229, 19.0536693 ], [ 73.0193229, 19.0536693 ], [ 73.0193102, 19.0539816 ], [ 73.0193075, 19.0542068 ], [ 73.0193002, 19.0543873 ], [ 73.0192258, 19.0576349 ], [ 73.0191815, 19.0585076 ], [ 73.0191169, 19.0604135 ], [ 73.0191133, 19.0607678 ], [ 73.0191029, 19.0612432 ], [ 73.0190976, 19.0614808 ] ], [ [ 73.0190976, 19.0614808 ], [ 73.0191634, 19.0618686 ], [ 73.0191657, 19.0621275 ], [ 73.0191546, 19.0625389 ], [ 73.0191581, 19.0629262 ], [ 73.0191621, 19.0631596 ], [ 73.0191435, 19.0635838 ], [ 73.0191204, 19.0639457 ], [ 73.0190996, 19.0642357 ], [ 73.0190446, 19.0653387 ], [ 73.0190524, 19.0654479 ], [ 73.0191033, 19.0659758 ], [ 73.0191817, 19.0666535 ] ], [ [ 73.0191817, 19.0666535 ], [ 73.019142, 19.0667212 ], [ 73.0191256, 19.0667607 ], [ 73.0191125, 19.0668016 ], [ 73.0191052, 19.0668362 ], [ 73.0190897, 19.0669908 ] ], [ [ 73.0190897, 19.0669908 ], [ 73.0190294, 19.0673661 ], [ 73.0190347, 19.0674618 ], [ 73.0190532, 19.0675381 ], [ 73.0190678, 19.0676257 ], [ 73.0190782, 19.0677384 ], [ 73.0190157, 19.0695722 ] ], [ [ 73.0190157, 19.0695722 ], [ 73.0189973, 19.0700708 ], [ 73.018978, 19.0705923 ] ], [ [ 73.018978, 19.0705923 ], [ 73.0189548, 19.0709191 ], [ 73.0189119, 19.0716213 ], [ 73.0188871, 19.0717552 ], [ 73.0188531, 19.0718862 ], [ 73.0187448, 19.072213 ], [ 73.0187071, 19.0723778 ], [ 73.018663, 19.0726374 ], [ 73.0185753, 19.0733581 ] ], [ [ 73.0185753, 19.0733581 ], [ 73.0186092, 19.0734228 ], [ 73.0186316, 19.0734603 ], [ 73.0186497, 19.0734775 ], [ 73.0186753, 19.0734844 ], [ 73.0187019, 19.0734839 ], [ 73.0187331, 19.0734711 ], [ 73.0187676, 19.0734465 ], [ 73.0188086, 19.0734146 ], [ 73.0189525, 19.0732932 ], [ 73.0189525, 19.0732932 ], [ 73.0190039, 19.0730602 ], [ 73.0191257, 19.0725083 ], [ 73.0192042, 19.0721524 ], [ 73.019221, 19.0720601 ], [ 73.0192424, 19.0719098 ], [ 73.0192753, 19.0716399 ], [ 73.0193182, 19.0709377 ], [ 73.0193307, 19.0706039 ], [ 73.0193307, 19.0706039 ], [ 73.0193355, 19.0704724 ], [ 73.0193355, 19.0704724 ], [ 73.0193426, 19.0704677 ], [ 73.0193925, 19.0704467 ], [ 73.0194444, 19.0704308 ], [ 73.0194858, 19.0704269 ], [ 73.0195269, 19.0704242 ], [ 73.0195269, 19.0704242 ], [ 73.020367, 19.0704357 ], [ 73.0208453, 19.0704422 ] ], [ [ 73.0208453, 19.0704422 ], [ 73.0215701, 19.070452 ], [ 73.0215701, 19.070452 ], [ 73.0222995, 19.0704619 ], [ 73.0223862, 19.0704634 ], [ 73.0225129, 19.0704833 ], [ 73.0233765, 19.0707203 ], [ 73.0240403, 19.0708925 ], [ 73.0258822, 19.0708884 ], [ 73.0268203, 19.0708741 ], [ 73.0268203, 19.0708741 ], [ 73.0268181, 19.0707784 ], [ 73.0268181, 19.0707784 ], [ 73.0268106, 19.0697228 ], [ 73.0268106, 19.0697228 ], [ 73.0268518, 19.0696648 ], [ 73.0268418, 19.0692478 ], [ 73.0268642, 19.0667828 ], [ 73.0268773, 19.0662141 ], [ 73.0268936, 19.065993 ], [ 73.0269359, 19.0658587 ], [ 73.027018, 19.065739 ], [ 73.027053, 19.0657034 ], [ 73.027053, 19.0657034 ], [ 73.0270017, 19.0656705 ] ], [ [ 73.0270017, 19.0656705 ], [ 73.0268902, 19.0658047 ], [ 73.0268324, 19.0659273 ], [ 73.0268123, 19.0660812 ], [ 73.0268017, 19.0665752 ], [ 73.0267959, 19.0667819 ], [ 73.0268017, 19.0673601 ], [ 73.0267899, 19.0683146 ], [ 73.0267757, 19.068813 ], [ 73.0267734, 19.0696593 ], [ 73.0268106, 19.0697228 ], [ 73.0268106, 19.0697228 ], [ 73.0268181, 19.0707784 ], [ 73.0268181, 19.0707784 ], [ 73.0240593, 19.0708046 ], [ 73.0225321, 19.0703859 ], [ 73.0223882, 19.0703674 ], [ 73.0223011, 19.0703629 ], [ 73.0215742, 19.070353 ] ], [ [ 73.0215742, 19.070353 ], [ 73.020369, 19.0703367 ], [ 73.0196881, 19.0703274 ] ], [ [ 73.0196881, 19.0703274 ], [ 73.0195806, 19.0703032 ], [ 73.0195304, 19.0702793 ], [ 73.0194823, 19.0702436 ], [ 73.0194407, 19.0701985 ], [ 73.0193998, 19.070127 ], [ 73.0193531, 19.0699958 ], [ 73.0193531, 19.0699958 ], [ 73.0193729, 19.0696213 ], [ 73.0193803, 19.0690927 ], [ 73.019386, 19.0689623 ], [ 73.0193975, 19.068552 ], [ 73.0194095, 19.0681258 ], [ 73.0194113, 19.0680608 ], [ 73.0194201, 19.0677478 ], [ 73.0194221, 19.0677186 ], [ 73.0194243, 19.0672572 ], [ 73.0194076, 19.0671551 ], [ 73.0194076, 19.0671551 ], [ 73.0192686, 19.0671768 ] ], [ [ 73.0192686, 19.0671768 ], [ 73.0192839, 19.0672576 ], [ 73.0192724, 19.0677437 ], [ 73.0192236, 19.0695791 ] ], [ [ 73.0192236, 19.0695791 ], [ 73.0191053, 19.0698398 ] ], [ [ 73.0191053, 19.0698398 ], [ 73.0190983, 19.0701763 ], [ 73.0190983, 19.0701763 ], [ 73.0190896, 19.070596 ], [ 73.0190896, 19.070596 ], [ 73.0190684, 19.0709249 ], [ 73.0190254, 19.0716271 ], [ 73.0189929, 19.0718925 ], [ 73.0189565, 19.0721186 ], [ 73.0189087, 19.0722418 ], [ 73.0188531, 19.0723423 ], [ 73.0187883, 19.0724366 ], [ 73.0187168, 19.0725097 ], [ 73.0186222, 19.0725866 ], [ 73.0185006, 19.0726384 ], [ 73.0183419, 19.0726808 ], [ 73.0182414, 19.0726974 ], [ 73.0181231, 19.0727163 ], [ 73.0178478, 19.0727555 ], [ 73.0144263, 19.0730326 ], [ 73.0139403, 19.0730901 ], [ 73.0139403, 19.0730901 ], [ 73.0138459, 19.0731013 ], [ 73.0138459, 19.0731013 ], [ 73.0138002, 19.0731067 ], [ 73.0137571, 19.0731102 ], [ 73.0137571, 19.0731102 ], [ 73.0137628, 19.0731907 ] ], [ [ 73.0137628, 19.0731907 ], [ 73.0138077, 19.073187 ], [ 73.0138523, 19.0731852 ], [ 73.0138523, 19.0731852 ], [ 73.0138459, 19.0731013 ], [ 73.0138459, 19.0731013 ], [ 73.0138002, 19.0731067 ], [ 73.0137571, 19.0731102 ], [ 73.0137571, 19.0731102 ], [ 73.0118297, 19.0732655 ] ], [ [ 73.0118297, 19.0732655 ], [ 73.0118372, 19.0733494 ], [ 73.0118372, 19.0733494 ], [ 73.0118463, 19.0734505 ] ], [ [ 73.0118463, 19.0734505 ], [ 73.0118372, 19.0733494 ] ], [ [ 73.0118372, 19.0733494 ], [ 73.0118297, 19.0732655 ] ], [ [ 73.0118297, 19.0732655 ], [ 73.0117902, 19.0728266 ] ], [ [ 73.0117902, 19.0728266 ], [ 73.0117535, 19.0724186 ] ], [ [ 73.0117535, 19.0724186 ], [ 73.0117231, 19.0720812 ] ], [ [ 73.0117231, 19.0720812 ], [ 73.0116842, 19.0716484 ] ], [ [ 73.0116842, 19.0716484 ], [ 73.0124824, 19.0715881 ] ], [ [ 73.0124824, 19.0715881 ], [ 73.0124628, 19.0712229 ] ], [ [ 73.0124628, 19.0712229 ], [ 73.0124525, 19.0710312 ], [ 73.0123928, 19.0708119 ], [ 73.0123842, 19.0705614 ] ], [ [ 73.0123842, 19.0705614 ], [ 73.0127206, 19.07054 ] ], [ [ 73.0127206, 19.07054 ], [ 73.0127434, 19.0707857 ] ], [ [ 73.0127434, 19.0707857 ], [ 73.0127643, 19.0711099 ] ], [ [ 73.0127643, 19.0711099 ], [ 73.0127434, 19.0707857 ], [ 73.0127434, 19.0707857 ], [ 73.0127206, 19.07054 ], [ 73.0127206, 19.07054 ], [ 73.0133345, 19.0704867 ] ], [ [ 73.0133345, 19.0704867 ], [ 73.0136998, 19.070458 ] ], [ [ 73.0136998, 19.070458 ], [ 73.0141702, 19.0704211 ] ], [ [ 73.0141702, 19.0704211 ], [ 73.0141953, 19.0706449 ], [ 73.0141953, 19.0706449 ], [ 73.0146195, 19.0706123 ], [ 73.0149855, 19.0705788 ] ], [ [ 73.0149855, 19.0705788 ], [ 73.0146195, 19.0706123 ], [ 73.0141953, 19.0706449 ], [ 73.0141953, 19.0706449 ], [ 73.014213, 19.0708139 ], [ 73.014213, 19.0708139 ], [ 73.014219, 19.0708714 ], [ 73.014219, 19.0708714 ], [ 73.0142342, 19.0710364 ] ], [ [ 73.0142342, 19.0710364 ], [ 73.0142726, 19.0714528 ] ], [ [ 73.0142726, 19.0714528 ], [ 73.014604, 19.0714277 ] ], [ [ 73.014604, 19.0714277 ], [ 73.0145775, 19.0708419 ] ], [ [ 73.0145775, 19.0708419 ], [ 73.0148636, 19.0708194 ], [ 73.0149142, 19.0708144 ], [ 73.0149142, 19.0708144 ], [ 73.0152845, 19.0707884 ] ], [ [ 73.0152845, 19.0707884 ], [ 73.0153387, 19.0713722 ] ], [ [ 73.0153387, 19.0713722 ], [ 73.0159041, 19.0713294 ] ], [ [ 73.0159041, 19.0713294 ], [ 73.0159291, 19.0711456 ] ], [ [ 73.0159291, 19.0711456 ], [ 73.0164304, 19.0710924 ] ], [ [ 73.0164304, 19.0710924 ], [ 73.0164497, 19.0712882 ], [ 73.0164497, 19.0712882 ], [ 73.0169176, 19.0712528 ] ], [ [ 73.0169176, 19.0712528 ], [ 73.0174316, 19.071214 ], [ 73.0174316, 19.071214 ], [ 73.0174089, 19.0709385 ] ], [ [ 73.0174089, 19.0709385 ], [ 73.0173666, 19.0705141 ] ], [ [ 73.0173666, 19.0705141 ], [ 73.0173498, 19.0702241 ], [ 73.0173498, 19.0702241 ], [ 73.0168178, 19.0701108 ] ], [ [ 73.0168178, 19.0701108 ], [ 73.0163473, 19.0700105 ], [ 73.0163473, 19.0700105 ], [ 73.0161435, 19.0699671 ] ], [ [ 73.0161435, 19.0699671 ], [ 73.0160394, 19.0699449 ] ], [ [ 73.0160394, 19.0699449 ], [ 73.0151552, 19.0696895 ] ], [ [ 73.0151552, 19.0696895 ], [ 73.014937, 19.0696433 ], [ 73.0148153, 19.0696295 ], [ 73.0145096, 19.0695398 ], [ 73.0145096, 19.0695398 ], [ 73.0144803, 19.0698981 ], [ 73.0145013, 19.0699327 ], [ 73.014529, 19.069945 ], [ 73.0148285, 19.0699298 ] ], [ [ 73.0148285, 19.0699298 ], [ 73.014529, 19.069945 ], [ 73.0145013, 19.0699327 ], [ 73.0144803, 19.0698981 ], [ 73.0145096, 19.0695398 ] ], [ [ 73.0145096, 19.0695398 ], [ 73.0144648, 19.0694616 ], [ 73.0143383, 19.0692615 ], [ 73.0141342, 19.0689648 ] ], [ [ 73.0141342, 19.0689648 ], [ 73.0145688, 19.0689166 ], [ 73.0146125, 19.0691381 ] ], [ [ 73.0146125, 19.0691381 ], [ 73.0145688, 19.0689166 ], [ 73.0141342, 19.0689648 ], [ 73.0141342, 19.0689648 ], [ 73.014022, 19.0688843 ], [ 73.013764, 19.0688245 ], [ 73.0133661, 19.0688638 ] ], [ [ 73.0133661, 19.0688638 ], [ 73.0132815, 19.0688746 ] ], [ [ 73.0132815, 19.0688746 ], [ 73.0131143, 19.0688974 ], [ 73.0127753, 19.0689723 ] ], [ [ 73.0127753, 19.0689723 ], [ 73.0126907, 19.0689459 ], [ 73.0126153, 19.0689369 ], [ 73.0125077, 19.0689393 ], [ 73.0124112, 19.068961 ], [ 73.0123363, 19.0690031 ], [ 73.0122789, 19.0690638 ], [ 73.01224, 19.0691244 ] ], [ [ 73.01224, 19.0691244 ], [ 73.0122555, 19.0692979 ] ], [ [ 73.0122555, 19.0692979 ], [ 73.0116344, 19.0693274 ] ], [ [ 73.0116344, 19.0693274 ], [ 73.0113327, 19.0693443 ] ], [ [ 73.0113327, 19.0693443 ], [ 73.0111251, 19.0693537 ] ], [ [ 73.0111251, 19.0693537 ], [ 73.011086, 19.068914 ] ], [ [ 73.011086, 19.068914 ], [ 73.0110359, 19.0683501 ] ], [ [ 73.0110359, 19.0683501 ], [ 73.0104138, 19.0683963 ] ], [ [ 73.0104138, 19.0683963 ], [ 73.0104522, 19.0689453 ] ], [ [ 73.0104522, 19.0689453 ], [ 73.0097739, 19.0689937 ] ], [ [ 73.0097739, 19.0689937 ], [ 73.0098096, 19.0694188 ] ], [ [ 73.0098096, 19.0694188 ], [ 73.0099171, 19.0707021 ] ], [ [ 73.0099171, 19.0707021 ], [ 73.0099241, 19.0707857 ], [ 73.0099439, 19.0710221 ] ], [ [ 73.0099439, 19.0710221 ], [ 73.0099819, 19.0714754 ] ], [ [ 73.0099819, 19.0714754 ], [ 73.0106895, 19.0714146 ] ], [ [ 73.0106895, 19.0714146 ], [ 73.0107124, 19.0717219 ] ], [ [ 73.0107124, 19.0717219 ], [ 73.0107339, 19.072124 ] ], [ [ 73.0107339, 19.072124 ], [ 73.0101295, 19.0721715 ] ], [ [ 73.0101295, 19.0721715 ], [ 73.0101637, 19.0725633 ] ], [ [ 73.0101637, 19.0725633 ], [ 73.0098107, 19.0725861 ] ], [ [ 73.0098107, 19.0725861 ], [ 73.0101637, 19.0725633 ], [ 73.0101637, 19.0725633 ], [ 73.0102005, 19.0729089 ] ], [ [ 73.0102005, 19.0729089 ], [ 73.0102274, 19.0732718 ] ], [ [ 73.0102274, 19.0732718 ], [ 73.0102005, 19.0729089 ], [ 73.0102005, 19.0729089 ], [ 73.0098418, 19.0729552 ], [ 73.0098279, 19.0727903 ] ], [ [ 73.0098279, 19.0727903 ], [ 73.0098418, 19.0729552 ], [ 73.0102005, 19.0729089 ], [ 73.0102005, 19.0729089 ], [ 73.0103523, 19.0728913 ], [ 73.0105247, 19.0728779 ], [ 73.0108953, 19.0728656 ], [ 73.0108953, 19.0728656 ], [ 73.0109232, 19.0733395 ] ], [ [ 73.0109232, 19.0733395 ], [ 73.0102365, 19.0733939 ], [ 73.0094948, 19.0734537 ], [ 73.0094948, 19.0734537 ], [ 73.009383, 19.0734627 ] ], [ [ 73.009383, 19.0734627 ], [ 73.0093909, 19.0735511 ] ], [ [ 73.0093909, 19.0735511 ], [ 73.009503, 19.0735418 ] ], [ [ 73.009503, 19.0735418 ], [ 73.0094948, 19.0734537 ], [ 73.0094948, 19.0734537 ], [ 73.0093361, 19.0717598 ], [ 73.0093361, 19.0717598 ], [ 73.0092288, 19.0717658 ] ], [ [ 73.0092288, 19.0717658 ], [ 73.0093361, 19.0717598 ], [ 73.0093361, 19.0717598 ], [ 73.0092418, 19.0707539 ] ], [ [ 73.0092418, 19.0707539 ], [ 73.0099171, 19.0707021 ], [ 73.0099171, 19.0707021 ], [ 73.0105326, 19.0706549 ], [ 73.0105326, 19.0706549 ], [ 73.0105639, 19.0709373 ], [ 73.0106417, 19.0709313 ] ], [ [ 73.0106417, 19.0709313 ], [ 73.0105639, 19.0709373 ], [ 73.0105326, 19.0706549 ], [ 73.0105326, 19.0706549 ], [ 73.0105327, 19.0705177 ], [ 73.0105013, 19.0702312 ], [ 73.0104951, 19.0700311 ], [ 73.0104951, 19.0700311 ], [ 73.0104752, 19.0693859 ] ], [ [ 73.0104752, 19.0693859 ], [ 73.0109305, 19.0693634 ], [ 73.0109305, 19.0693634 ], [ 73.010945, 19.0698362 ] ], [ [ 73.010945, 19.0698362 ], [ 73.0109305, 19.0693634 ], [ 73.0109305, 19.0693634 ], [ 73.0111097, 19.0693545 ], [ 73.0111251, 19.0693537 ], [ 73.0111251, 19.0693537 ], [ 73.0113327, 19.0693443 ], [ 73.0113327, 19.0693443 ], [ 73.0116344, 19.0693274 ], [ 73.0116344, 19.0693274 ], [ 73.0122555, 19.0692979 ], [ 73.0122555, 19.0692979 ], [ 73.01224, 19.0691244 ], [ 73.01224, 19.0691244 ], [ 73.0122789, 19.0690638 ], [ 73.0123363, 19.0690031 ], [ 73.0124112, 19.068961 ], [ 73.0125077, 19.0689393 ], [ 73.0126153, 19.0689369 ], [ 73.0126907, 19.0689459 ], [ 73.0127753, 19.0689723 ], [ 73.0127753, 19.0689723 ], [ 73.0131143, 19.0688974 ], [ 73.0132815, 19.0688746 ], [ 73.0132815, 19.0688746 ], [ 73.0132565, 19.0685469 ], [ 73.0132413, 19.0681862 ] ], [ [ 73.0132413, 19.0681862 ], [ 73.0127338, 19.0682239 ] ], [ [ 73.0127338, 19.0682239 ], [ 73.0121858, 19.0682648 ] ], [ [ 73.0121858, 19.0682648 ], [ 73.0121594, 19.0678471 ], [ 73.0121594, 19.0678471 ], [ 73.0121485, 19.0676736 ] ], [ [ 73.0121485, 19.0676736 ], [ 73.0125625, 19.067572 ], [ 73.0125625, 19.067572 ], [ 73.0145707, 19.0674007 ] ], [ [ 73.0145707, 19.0674007 ], [ 73.0149497, 19.0673684 ], [ 73.0150938, 19.0673561 ], [ 73.015955, 19.0672886 ], [ 73.0180314, 19.0671267 ] ], [ [ 73.0180314, 19.0671267 ], [ 73.0187939, 19.067054 ], [ 73.0194453, 19.0670048 ], [ 73.0195686, 19.0669873 ], [ 73.0196889, 19.0669453 ], [ 73.0198047, 19.0668858 ], [ 73.0198983, 19.0668084 ], [ 73.0199752, 19.0667134 ], [ 73.0200284, 19.0666027 ], [ 73.0200518, 19.0664871 ], [ 73.0200551, 19.0663565 ], [ 73.0200474, 19.0661436 ], [ 73.0200014, 19.065439 ], [ 73.0199743, 19.0652565 ], [ 73.0199183, 19.0651204 ], [ 73.0197957, 19.0649605 ], [ 73.0196616, 19.064797 ], [ 73.0195798, 19.0646955 ], [ 73.0195216, 19.0645799 ], [ 73.0194663, 19.0644195 ], [ 73.0194285, 19.0642237 ], [ 73.0193951, 19.0638405 ] ], [ [ 73.0193951, 19.0638405 ], [ 73.0193661, 19.0636187 ], [ 73.0193025, 19.0631575 ], [ 73.0193025, 19.0631575 ], [ 73.0193005, 19.0630403 ] ], [ [ 73.0193005, 19.0630403 ], [ 73.0194794, 19.0630383 ], [ 73.0194794, 19.0630383 ], [ 73.0194855, 19.0633455 ], [ 73.0194941, 19.0635313 ], [ 73.0195018, 19.0636135 ], [ 73.0195108, 19.0637096 ], [ 73.0195329, 19.0638903 ], [ 73.0195856, 19.0642053 ], [ 73.0196224, 19.0643936 ], [ 73.0196707, 19.064531 ], [ 73.0197162, 19.0646203 ], [ 73.0197872, 19.0647051 ], [ 73.0199213, 19.0648693 ], [ 73.0200573, 19.0650478 ], [ 73.0201296, 19.0652263 ], [ 73.0201595, 19.065431 ], [ 73.0201962, 19.0659952 ], [ 73.0202053, 19.0661356 ], [ 73.0202134, 19.0663547 ], [ 73.0202091, 19.0665016 ], [ 73.0201787, 19.0666533 ], [ 73.0201081, 19.066794 ], [ 73.0200102, 19.0669132 ], [ 73.0198948, 19.0670098 ], [ 73.0197525, 19.0670832 ], [ 73.0196497, 19.0671133 ] ], [ [ 73.0196497, 19.0671133 ], [ 73.0196038, 19.0671267 ], [ 73.0194076, 19.0671551 ], [ 73.0194076, 19.0671551 ], [ 73.0192686, 19.0671768 ], [ 73.0192686, 19.0671768 ], [ 73.0192255, 19.067162 ], [ 73.0192135, 19.0671569 ], [ 73.0192042, 19.0671499 ], [ 73.0190897, 19.0669908 ] ], [ [ 73.0190897, 19.0669908 ], [ 73.0190345, 19.0668651 ], [ 73.0189236, 19.0666519 ], [ 73.0187697, 19.0664538 ], [ 73.0187406, 19.066394 ], [ 73.0187326, 19.0663313 ], [ 73.0187351, 19.0662416 ], [ 73.0187832, 19.0633647 ], [ 73.0187832, 19.0633647 ], [ 73.0186669, 19.06331 ], [ 73.0184985, 19.0633023 ], [ 73.0177061, 19.063266 ], [ 73.0175645, 19.0632604 ], [ 73.0175645, 19.0632604 ], [ 73.0174551, 19.0632556 ], [ 73.0174551, 19.0632556 ], [ 73.0175108, 19.0633567 ], [ 73.0175108, 19.0633567 ], [ 73.0174961, 19.0635853 ], [ 73.0173795, 19.0636872 ], [ 73.0172405, 19.0637557 ], [ 73.0172405, 19.0637557 ], [ 73.0171534, 19.063916 ], [ 73.0170613, 19.0641012 ], [ 73.0169435, 19.0643677 ], [ 73.0169435, 19.0643677 ], [ 73.0167176, 19.0647746 ], [ 73.0165831, 19.0649314 ], [ 73.0162968, 19.0651722 ], [ 73.0159859, 19.0654035 ], [ 73.0159859, 19.0654035 ], [ 73.0158126, 19.0655187 ], [ 73.0146628, 19.0660356 ], [ 73.0145175, 19.0660749 ], [ 73.0143734, 19.0660899 ], [ 73.0142196, 19.0660662 ], [ 73.0140684, 19.0659847 ], [ 73.0138073, 19.0657589 ] ], [ [ 73.0138073, 19.0657589 ], [ 73.01368, 19.065872 ], [ 73.0135351, 19.0659613 ], [ 73.0131124, 19.0660642 ], [ 73.0127564, 19.0660917 ] ], [ [ 73.0127564, 19.0660917 ], [ 73.0123282, 19.0660653 ], [ 73.0118977, 19.0659907 ], [ 73.0110441, 19.0657835 ], [ 73.0110059, 19.0657621 ], [ 73.0109728, 19.0657281 ], [ 73.0109401, 19.0657001 ], [ 73.0108886, 19.0656757 ], [ 73.0108886, 19.0656757 ], [ 73.0108562, 19.0656684 ], [ 73.0108217, 19.0656606 ] ], [ [ 73.0108217, 19.0656606 ], [ 73.010354, 19.0655549 ], [ 73.0103131, 19.0655452 ], [ 73.0102721, 19.0655485 ], [ 73.0102396, 19.0655715 ], [ 73.010215, 19.0656106 ], [ 73.0101817, 19.0657305 ], [ 73.0099776, 19.0664645 ], [ 73.0099389, 19.0666035 ], [ 73.0099389, 19.0666035 ], [ 73.0098693, 19.0665863 ], [ 73.0097545, 19.0665579 ], [ 73.008982, 19.0663774 ], [ 73.008982, 19.0663774 ], [ 73.0088802, 19.0663536 ], [ 73.0088802, 19.0663536 ], [ 73.0088549, 19.0664499 ], [ 73.0088823, 19.0668921 ], [ 73.008914, 19.0673933 ], [ 73.008914, 19.0673933 ], [ 73.0089259, 19.0675932 ], [ 73.0089259, 19.0675932 ], [ 73.0089459, 19.0679158 ], [ 73.0089459, 19.0679158 ], [ 73.0089552, 19.0680659 ] ], [ [ 73.0089552, 19.0680659 ], [ 73.0090168, 19.0690576 ], [ 73.0090168, 19.0690576 ], [ 73.0089975, 19.0690689 ], [ 73.0089809, 19.0690836 ], [ 73.0089809, 19.0690836 ], [ 73.0089611, 19.069114 ], [ 73.0089528, 19.0691489 ], [ 73.0089571, 19.0691844 ] ], [ [ 73.0089571, 19.0691844 ], [ 73.0089733, 19.0692167 ], [ 73.0089998, 19.0692422 ], [ 73.0089998, 19.0692422 ], [ 73.0090333, 19.069258 ], [ 73.0090704, 19.0692627 ], [ 73.0091072, 19.0692559 ], [ 73.0091396, 19.0692382 ], [ 73.0091396, 19.0692382 ], [ 73.0091642, 19.0692116 ], [ 73.0091785, 19.0691788 ], [ 73.0091807, 19.0691435 ], [ 73.0091708, 19.0691094 ], [ 73.0091497, 19.0690801 ], [ 73.0091497, 19.0690801 ], [ 73.0090862, 19.0680573 ], [ 73.0090862, 19.0680573 ], [ 73.0090769, 19.0679066 ] ], [ [ 73.0090769, 19.0679066 ], [ 73.0095796, 19.0678713 ], [ 73.0120503, 19.0676977 ], [ 73.0121485, 19.0676736 ], [ 73.0121485, 19.0676736 ], [ 73.0121594, 19.0678471 ], [ 73.0121594, 19.0678471 ], [ 73.0121858, 19.0682648 ] ], [ [ 73.0121858, 19.0682648 ], [ 73.0127338, 19.0682239 ], [ 73.0127338, 19.0682239 ], [ 73.0127753, 19.0689723 ], [ 73.0127753, 19.0689723 ], [ 73.0128564, 19.0690221 ], [ 73.0129129, 19.0690893 ], [ 73.012955, 19.0691838 ], [ 73.0129879, 19.0693132 ], [ 73.0130051, 19.0695712 ], [ 73.0130085, 19.0700592 ] ], [ [ 73.0130085, 19.0700592 ], [ 73.0136719, 19.0699675 ] ], [ [ 73.0136719, 19.0699675 ], [ 73.0136998, 19.070458 ] ], [ [ 73.0136998, 19.070458 ], [ 73.0133345, 19.0704867 ], [ 73.0133345, 19.0704867 ], [ 73.013354, 19.0707523 ] ], [ [ 73.013354, 19.0707523 ], [ 73.0133586, 19.0708153 ], [ 73.0133647, 19.0708816 ] ], [ [ 73.0133647, 19.0708816 ], [ 73.0133817, 19.0711196 ] ], [ [ 73.0133817, 19.0711196 ], [ 73.0134103, 19.0715179 ], [ 73.0134103, 19.0715179 ], [ 73.0130179, 19.0715476 ], [ 73.0130179, 19.0715476 ], [ 73.0130608, 19.0719591 ] ], [ [ 73.0130608, 19.0719591 ], [ 73.0125404, 19.0719946 ] ], [ [ 73.0125404, 19.0719946 ], [ 73.0130608, 19.0719591 ] ], [ [ 73.0130608, 19.0719591 ], [ 73.0138065, 19.0718374 ] ], [ [ 73.0138065, 19.0718374 ], [ 73.0130608, 19.0719591 ] ], [ [ 73.0130608, 19.0719591 ], [ 73.0130715, 19.0723214 ] ], [ [ 73.0130715, 19.0723214 ], [ 73.0135877, 19.0722833 ], [ 73.014241, 19.0722338 ] ], [ [ 73.014241, 19.0722338 ], [ 73.0142067, 19.0718117 ] ], [ [ 73.0142067, 19.0718117 ], [ 73.014241, 19.0722338 ] ] ] } },
{ "type": "Feature", "properties": { "point_ids": [ 5655, 7065, 6179, 1645, 382, 7349, 7113, 5493, 5275, 3676, 5172, 9006, 8419, 6022, 2432, 9261, 8000, 7814, 4786, 7741, 9358, 1186, 1648, 9770, 877, 2811, 5027, 5176, 8075, 4822, 6880, 8361, 1205, 2042, 4113, 4875, 7177, 6352, 8521, 6843, 6346, 5219, 1525, 9799, 8079, 1297, 7778, 7059, 4701, 3973, 432 ], "length_m": 2022.1301653617816, "travel_time_min": 4.8941843454113689, "n_points": 51, "route_id": 36, "cluster_id": 9 }, "geometry": { "type": "MultiLineString", "coordinates": [ [ [ 73.014241, 19.0722338 ], [ 73.0154105, 19.0721452 ] ], [ [ 73.0154105, 19.0721452 ], [ 73.0154444, 19.0725107 ] ], [ [ 73.0154444, 19.0725107 ], [ 73.0154784, 19.0728755 ] ], [ [ 73.0154784, 19.0728755 ], [ 73.0154444, 19.0725107 ], [ 73.0154444, 19.0725107 ], [ 73.0157515, 19.0724865 ], [ 73.0160165, 19.0724645 ] ], [ [ 73.0160165, 19.0724645 ], [ 73.0165624, 19.0724203 ] ], [ [ 73.0165624, 19.0724203 ], [ 73.0170163, 19.0723836 ] ], [ [ 73.0170163, 19.0723836 ], [ 73.0165624, 19.0724203 ], [ 73.0165624, 19.0724203 ], [ 73.0164711, 19.0715008 ] ], [ [ 73.0164711, 19.0715008 ], [ 73.0164497, 19.0712882 ], [ 73.0164497, 19.0712882 ], [ 73.0164304, 19.0710924 ], [ 73.0164304, 19.0710924 ], [ 73.0163799, 19.0705843 ], [ 73.0163452, 19.0702657 ], [ 73.0163473, 19.0700105 ], [ 73.0163473, 19.0700105 ], [ 73.0161435, 19.0699671 ], [ 73.0161435, 19.0699671 ], [ 73.0160394, 19.0699449 ] ], [ [ 73.0160394, 19.0699449 ], [ 73.0151552, 19.0696895 ] ], [ [ 73.0151552, 19.0696895 ], [ 73.0151098, 19.0689566 ] ], [ [ 73.0151098, 19.0689566 ], [ 73.0150704, 19.0684823 ], [ 73.0150704, 19.0684823 ], [ 73.0150305, 19.0680532 ] ], [ [ 73.0150305, 19.0680532 ], [ 73.0150704, 19.0684823 ], [ 73.0150704, 19.0684823 ], [ 73.0153552, 19.0685589 ], [ 73.0155548, 19.0685947 ], [ 73.0156356, 19.0685919 ], [ 73.0156356, 19.0685919 ], [ 73.0157406, 19.0685882 ], [ 73.0158679, 19.0685394 ], [ 73.0159339, 19.0685118 ], [ 73.0159339, 19.0685118 ], [ 73.0159395, 19.0686036 ], [ 73.0159447, 19.0686699 ], [ 73.0159594, 19.0688491 ], [ 73.0159627, 19.0689119 ] ], [ [ 73.0159627, 19.0689119 ], [ 73.0159594, 19.0688491 ], [ 73.0159447, 19.0686699 ], [ 73.0159395, 19.0686036 ], [ 73.0159339, 19.0685118 ], [ 73.0159339, 19.0685118 ], [ 73.0161708, 19.0684125 ], [ 73.0163807, 19.0683605 ] ], [ [ 73.0163807, 19.0683605 ], [ 73.0161435, 19.0699671 ] ], [ [ 73.0161435, 19.0699671 ], [ 73.0163473, 19.0700105 ], [ 73.0163473, 19.0700105 ], [ 73.0168178, 19.0701108 ], [ 73.0168178, 19.0701108 ], [ 73.0173498, 19.0702241 ], [ 73.0173498, 19.0702241 ], [ 73.0173666, 19.0705141 ], [ 73.0173666, 19.0705141 ], [ 73.0174089, 19.0709385 ], [ 73.0174089, 19.0709385 ], [ 73.0174316, 19.071214 ], [ 73.0174316, 19.071214 ], [ 73.0174483, 19.0714158 ] ], [ [ 73.0174483, 19.0714158 ], [ 73.0174723, 19.0717059 ], [ 73.0174723, 19.0717059 ], [ 73.0181233, 19.0716693 ] ], [ [ 73.0181233, 19.0716693 ], [ 73.0180973, 19.0722718 ], [ 73.0180692, 19.072654 ], [ 73.0179195, 19.0726775 ] ], [ [ 73.0179195, 19.0726775 ], [ 73.0179377, 19.0729485 ] ] ] } },
{ "type": "Feature", "properties": { "point_ids": [ 25, 4726, 1475, 6567, 4269, 9151, 7824, 4022, 2825, 3480, 1625, 5002, 9759, 7154, 5277, 3021, 472, 6471, 1365, 383, 8816, 8998, 357, 7714, 8620, 9444, 9180, 6958, 8892, 527, 167, 9681, 1256, 3762, 3513, 6598, 3933, 9038, 4867, 1803, 9567, 6948, 6920, 6329, 5236, 2113, 8018, 9286, 3158, 2195, 1220, 9929, 7021, 6903, 5361, 5296, 2128, 1601, 94, 7157, 1387, 1371, 132, 1433, 8907, 8292, 6863, 3982, 1063, 122, 5715, 1968, 2219, 2537, 5425, 6977, 9634, 9731, 2049, 2193, 105, 471, 166, 4954, 840, 916, 2041, 2343, 4007, 5767, 1085, 5420, 126, 4096, 9938, 8149, 8492, 8919, 2717, 7292, 6776, 9828, 6020, 7407, 9840, 3641, 6832, 5050, 4826, 9020, 4482, 9235, 3907, 2649, 3955, 8164, 8421, 932, 4271, 8109, 1392, 2746, 1364, 5533, 7130, 8571, 8767, 9306, 6425, 9835, 83, 431, 2812, 7775, 1213, 481, 7894, 9553, 9832, 9831, 8974, 8368, 9222, 5617, 5177, 7591, 517, 691, 5540, 1561, 5527, 170, 5942, 8569, 1203, 6142, 5695, 3620, 4660, 6911, 9649, 9782, 5614, 7384, 8913, 3113, 4476, 5495, 8189, 9683, 7099, 483, 1550, 1979, 5681, 5891, 6342, 7836, 7978, 9114, 9862, 3111, 2917, 1291, 7076, 7186, 7965, 4395, 4519, 4920, 8008, 5015, 8828, 381, 3175, 5762, 9028, 3194, 3135, 6392, 7615, 8455, 7638, 4648, 4103, 2129, 7753, 8934, 9519, 1082, 5360, 2817, 656, 6388, 1863, 32, 2091, 2065, 6295, 6692, 3184, 2387, 4061, 7805, 1990, 9193, 4663, 2055, 304, 5039, 543, 674, 2411, 2522, 7399, 716, 2922, 3311, 4213, 5981, 8007, 8177, 7403, 1844, 3399, 4294, 2854, 6058, 8796, 1799, 5138, 8269, 9461, 9313, 4859, 3669, 149, 5857, 5402, 2664, 5240, 5163, 2262, 6343, 1164, 6239, 727, 1329, 5629, 8033, 8809, 8093, 96, 4900, 4914, 8830, 1482, 4827, 2843, 1345, 9737, 8668, 5130, 9796, 7932, 7238, 385, 8739, 567, 6781, 5805, 1056, 3313, 6973, 7989, 9467, 7053, 8879, 8784, 728, 3082, 4045, 6417, 7953, 4055, 9410, 4532, 7689, 5030, 1509 ], "length_m": 19947.114294931256, "travel_time_min": 39.755929223353185, "n_points": 310, "route_id": 37, "cluster_id": 6 }, "geometry": { "type": "MultiLineString", "coordinates": [ [ [ 73.0039704, 19.1699331 ], [ 73.0039853, 19.1693123 ], [ 73.0038123, 19.169188 ] ], [ [ 73.0038123, 19.169188 ], [ 73.0038592, 19.1690676 ], [ 73.0038592, 19.1690676 ], [ 73.0039159, 19.1689279 ] ], [ [ 73.0039159, 19.1689279 ], [ 73.0037874, 19.1688925 ], [ 73.0037874, 19.1688925 ], [ 73.0039451, 19.168463 ], [ 73.0039451, 19.168463 ], [ 73.0038979, 19.1684418 ] ], [ [ 73.0038979, 19.1684418 ], [ 73.0035573, 19.1682889 ], [ 73.0034022, 19.1682261 ], [ 73.003319, 19.1681669 ] ], [ [ 73.003319, 19.1681669 ], [ 73.0031785, 19.1681688 ], [ 73.0027213, 19.1681621 ], [ 73.0025915, 19.1681619 ], [ 73.0025915, 19.1681619 ], [ 73.0025754, 19.1682718 ] ], [ [ 73.0025754, 19.1682718 ], [ 73.0025915, 19.1681619 ], [ 73.0025915, 19.1681619 ], [ 73.0025598, 19.1678664 ] ], [ [ 73.0025598, 19.1678664 ], [ 73.003067, 19.1678718 ] ], [ [ 73.003067, 19.1678718 ], [ 73.0030674, 19.1676244 ], [ 73.0030853, 19.1675718 ], [ 73.0031548, 19.167364 ] ], [ [ 73.0031548, 19.167364 ], [ 73.003169, 19.1674508 ], [ 73.0032424, 19.1675643 ], [ 73.0034585, 19.1676366 ] ], [ [ 73.0034585, 19.1676366 ], [ 73.0036661, 19.167706 ], [ 73.0037895, 19.1677502 ], [ 73.0040478, 19.1678068 ] ], [ [ 73.0040478, 19.1678068 ], [ 73.004121, 19.1678228 ], [ 73.004121, 19.1678228 ], [ 73.0041682, 19.167584 ], [ 73.0041682, 19.167584 ], [ 73.004432, 19.1676045 ], [ 73.0049258, 19.1675988 ] ], [ [ 73.0049258, 19.1675988 ], [ 73.0052387, 19.1675934 ] ], [ [ 73.0052387, 19.1675934 ], [ 73.0057398, 19.1675963 ], [ 73.0057398, 19.1675963 ], [ 73.0057592, 19.1673093 ], [ 73.0057873, 19.1672282 ], [ 73.0058388, 19.1672022 ] ], [ [ 73.0058388, 19.1672022 ], [ 73.0060094, 19.1671905 ], [ 73.0060094, 19.1671905 ], [ 73.0062496, 19.1672034 ], [ 73.0063712, 19.1671955 ] ], [ [ 73.0063712, 19.1671955 ], [ 73.0065345, 19.1671849 ], [ 73.0066608, 19.16719 ], [ 73.0066608, 19.16719 ], [ 73.0069935, 19.1672457 ] ], [ [ 73.0069935, 19.1672457 ], [ 73.0069026, 19.1674134 ], [ 73.0068411, 19.1675026 ], [ 73.0067719, 19.167572 ], [ 73.0067119, 19.1676399 ] ], [ [ 73.0067119, 19.1676399 ], [ 73.0067018, 19.1676745 ], [ 73.0067051, 19.1677722 ], [ 73.0066945, 19.167853 ], [ 73.0066945, 19.167853 ], [ 73.007204, 19.1678485 ] ], [ [ 73.007204, 19.1678485 ], [ 73.0066945, 19.167853 ] ], [ [ 73.0066945, 19.167853 ], [ 73.0067051, 19.1677722 ], [ 73.0067018, 19.1676745 ], [ 73.0067119, 19.1676399 ] ], [ [ 73.0067119, 19.1676399 ], [ 73.0067719, 19.167572 ], [ 73.0068411, 19.1675026 ], [ 73.0069026, 19.1674134 ], [ 73.0069935, 19.1672457 ], [ 73.0069935, 19.1672457 ], [ 73.0066608, 19.16719 ], [ 73.0066608, 19.16719 ], [ 73.0067119, 19.1667866 ] ], [ [ 73.0067119, 19.1667866 ], [ 73.007184, 19.1668377 ] ], [ [ 73.007184, 19.1668377 ], [ 73.0067119, 19.1667866 ], [ 73.0067119, 19.1667866 ], [ 73.0065434, 19.1667601 ], [ 73.0064334, 19.1667423 ], [ 73.0064334, 19.1667423 ], [ 73.0061658, 19.1666992 ], [ 73.006105, 19.1666906 ] ], [ [ 73.006105, 19.1666906 ], [ 73.0052778, 19.1665986 ], [ 73.0052778, 19.1665986 ], [ 73.0052916, 19.166559 ], [ 73.0052916, 19.166559 ], [ 73.0053966, 19.1664313 ], [ 73.0054612, 19.166219 ], [ 73.0054612, 19.166219 ], [ 73.0054874, 19.1661367 ], [ 73.005602, 19.1660049 ] ], [ [ 73.005602, 19.1660049 ], [ 73.005288, 19.1659081 ], [ 73.0051349, 19.1658739 ] ], [ [ 73.0051349, 19.1658739 ], [ 73.0050561, 19.1658467 ] ], [ [ 73.0050561, 19.1658467 ], [ 73.0051349, 19.1658739 ], [ 73.0051349, 19.1658739 ], [ 73.0050981, 19.1660449 ], [ 73.0050731, 19.1661528 ] ], [ [ 73.0050731, 19.1661528 ], [ 73.0051688, 19.1661608 ], [ 73.0052806, 19.1661697 ], [ 73.005355, 19.1661804 ], [ 73.0054612, 19.166219 ], [ 73.0054612, 19.166219 ], [ 73.0053966, 19.1664313 ], [ 73.0052916, 19.166559 ], [ 73.0052916, 19.166559 ], [ 73.0052778, 19.1665986 ], [ 73.0052778, 19.1665986 ], [ 73.0051148, 19.1669254 ] ], [ [ 73.0051148, 19.1669254 ], [ 73.0052778, 19.1665986 ], [ 73.0052778, 19.1665986 ], [ 73.0052916, 19.166559 ], [ 73.0052916, 19.166559 ], [ 73.0048071, 19.1664473 ], [ 73.0043518, 19.1663443 ] ], [ [ 73.0043518, 19.1663443 ], [ 73.0044003, 19.1659876 ], [ 73.0044003, 19.1659876 ], [ 73.0044359, 19.1657724 ], [ 73.0044359, 19.1657724 ], [ 73.0044937, 19.1654233 ], [ 73.0045657, 19.1649888 ], [ 73.0045908, 19.1648375 ], [ 73.0045908, 19.1648375 ], [ 73.0047979, 19.1647656 ], [ 73.004918, 19.1647215 ] ], [ [ 73.004918, 19.1647215 ], [ 73.0049918, 19.1646419 ], [ 73.0049918, 19.1646419 ], [ 73.0049639, 19.1644989 ], [ 73.0049666, 19.1644001 ], [ 73.0049787, 19.1643082 ], [ 73.0050015, 19.164205 ], [ 73.0050183, 19.1641074 ], [ 73.0050437, 19.1640523 ], [ 73.0050793, 19.1640042 ], [ 73.0051007, 19.163982 ], [ 73.0051108, 19.1639618 ], [ 73.0051168, 19.1639162 ], [ 73.0051281, 19.163879 ], [ 73.0051515, 19.1638581 ], [ 73.005232, 19.1638282 ] ], [ [ 73.005232, 19.1638282 ], [ 73.0051306, 19.1637505 ] ], [ [ 73.0051306, 19.1637505 ], [ 73.005232, 19.1638282 ], [ 73.005232, 19.1638282 ], [ 73.0053224, 19.1638975 ], [ 73.005372, 19.1640026 ], [ 73.0053908, 19.1640938 ], [ 73.0053735, 19.1643551 ] ], [ [ 73.0053735, 19.1643551 ], [ 73.0051829, 19.1644359 ], [ 73.0049918, 19.1646419 ] ], [ [ 73.0049918, 19.1646419 ], [ 73.004918, 19.1647215 ] ], [ [ 73.004918, 19.1647215 ], [ 73.0047979, 19.1647656 ], [ 73.0045908, 19.1648375 ], [ 73.0045908, 19.1648375 ], [ 73.0046897, 19.1642963 ], [ 73.0046897, 19.1642963 ], [ 73.0046005, 19.1642973 ] ], [ [ 73.0046005, 19.1642973 ], [ 73.0044904, 19.1649699 ] ], [ [ 73.0044904, 19.1649699 ], [ 73.0044104, 19.1649499 ], [ 73.0042397, 19.1649323 ], [ 73.0040531, 19.1649335 ], [ 73.0038882, 19.1649544 ] ], [ [ 73.0038882, 19.1649544 ], [ 73.0040531, 19.1649335 ], [ 73.0042397, 19.1649323 ], [ 73.0044104, 19.1649499 ], [ 73.0044904, 19.1649699 ], [ 73.0044904, 19.1649699 ], [ 73.0044067, 19.1654319 ], [ 73.0043544, 19.1657762 ], [ 73.0043281, 19.1659493 ] ], [ [ 73.0043281, 19.1659493 ], [ 73.0039282, 19.1658977 ], [ 73.0039274, 19.1658129 ], [ 73.0039266, 19.1657281 ], [ 73.0039265, 19.1656694 ], [ 73.0039216, 19.1655142 ], [ 73.0039137, 19.1655023 ], [ 73.0039034, 19.1654985 ], [ 73.0038863, 19.1654985 ], [ 73.003853, 19.1655009 ], [ 73.0037733, 19.1655074 ], [ 73.0035004, 19.1655429 ], [ 73.003439, 19.1655509 ], [ 73.0033599, 19.1655612 ], [ 73.0030532, 19.1656025 ], [ 73.0029572, 19.1656122 ], [ 73.0028438, 19.1656086 ] ], [ [ 73.0028438, 19.1656086 ], [ 73.0028724, 19.16517 ] ], [ [ 73.0028724, 19.16517 ], [ 73.0028764, 19.1651206 ], [ 73.0028906, 19.1648201 ] ], [ [ 73.0028906, 19.1648201 ], [ 73.0029979, 19.164819 ], [ 73.0031178, 19.1648346 ] ], [ [ 73.0031178, 19.1648346 ], [ 73.0029979, 19.164819 ], [ 73.0028906, 19.1648201 ] ], [ [ 73.0028906, 19.1648201 ], [ 73.0029156, 19.1647101 ], [ 73.0029156, 19.1647101 ], [ 73.0029151, 19.1646337 ], [ 73.0029151, 19.1646337 ], [ 73.0029247, 19.1645419 ], [ 73.0029378, 19.1642856 ] ], [ [ 73.0029378, 19.1642856 ], [ 73.0029247, 19.1645419 ], [ 73.0029151, 19.1646337 ], [ 73.0029151, 19.1646337 ], [ 73.0029156, 19.1647101 ], [ 73.0029156, 19.1647101 ], [ 73.0028203, 19.1647108 ], [ 73.0026692, 19.1647078 ], [ 73.0025054, 19.1647026 ], [ 73.0024455, 19.1647047 ], [ 73.0024455, 19.1647047 ], [ 73.0024404, 19.1647546 ] ], [ [ 73.0024404, 19.1647546 ], [ 73.0022829, 19.1647447 ], [ 73.0020919, 19.1647265 ], [ 73.0020359, 19.1647312 ], [ 73.0020359, 19.1647312 ], [ 73.0020164, 19.165123 ] ], [ [ 73.0020164, 19.165123 ], [ 73.0020112, 19.1652546 ], [ 73.0020064, 19.165452 ], [ 73.0019127, 19.1654623 ], [ 73.0019303, 19.1656099 ] ], [ [ 73.0019303, 19.1656099 ], [ 73.0020989, 19.1655792 ], [ 73.0026286, 19.1655988 ] ], [ [ 73.0026286, 19.1655988 ], [ 73.0026284, 19.1656642 ], [ 73.0026281, 19.1658225 ], [ 73.00265, 19.1660668 ], [ 73.0026539, 19.1661722 ], [ 73.0026539, 19.1661722 ], [ 73.0026596, 19.1662359 ], [ 73.002667, 19.1663145 ], [ 73.002673, 19.1663647 ], [ 73.002673, 19.1663647 ], [ 73.0027388, 19.1663593 ], [ 73.0031553, 19.1663513 ], [ 73.0033205, 19.1663519 ], [ 73.003333, 19.166404 ], [ 73.003338, 19.1664727 ] ], [ [ 73.003338, 19.1664727 ], [ 73.0033167, 19.1666264 ], [ 73.0029616, 19.1666326 ], [ 73.0026934, 19.166646 ] ], [ [ 73.0026934, 19.166646 ], [ 73.0026878, 19.1669042 ] ], [ [ 73.0026878, 19.1669042 ], [ 73.0026079, 19.166864 ], [ 73.0024348, 19.166878 ], [ 73.0022261, 19.1669388 ], [ 73.0020255, 19.1670525 ], [ 73.0018575, 19.1671141 ], [ 73.0016926, 19.1671692 ], [ 73.0016926, 19.1671692 ], [ 73.0016383, 19.1672812 ], [ 73.0015405, 19.1674707 ], [ 73.0013908, 19.167567 ], [ 73.0013465, 19.1675798 ] ], [ [ 73.0013465, 19.1675798 ], [ 73.0013908, 19.167567 ], [ 73.0015405, 19.1674707 ], [ 73.0016383, 19.1672812 ], [ 73.0016926, 19.1671692 ] ], [ [ 73.0016926, 19.1671692 ], [ 73.0017486, 19.1670538 ], [ 73.0018096, 19.1668034 ], [ 73.0017836, 19.1665173 ], [ 73.0017368, 19.1663099 ] ], [ [ 73.0017368, 19.1663099 ], [ 73.001659, 19.1660051 ], [ 73.0016007, 19.1657986 ], [ 73.0015759, 19.165663 ], [ 73.0015759, 19.165663 ], [ 73.0010188, 19.1657482 ], [ 73.0010188, 19.1657482 ], [ 73.0006635, 19.1657394 ] ], [ [ 73.0006635, 19.1657394 ], [ 73.0006903, 19.1660041 ] ], [ [ 73.0006903, 19.1660041 ], [ 73.0006635, 19.1657394 ] ], [ [ 73.0006635, 19.1657394 ], [ 72.9997372, 19.1657163 ], [ 72.9996495, 19.1657112 ] ], [ [ 72.9996495, 19.1657112 ], [ 72.9995317, 19.1656962 ] ], [ [ 72.9995317, 19.1656962 ], [ 72.9993922, 19.1667229 ], [ 72.9991791, 19.1685792 ], [ 72.9991791, 19.1685792 ], [ 72.9991701, 19.1686761 ] ], [ [ 72.9991701, 19.1686761 ], [ 72.9992871, 19.1686867 ] ], [ [ 72.9992871, 19.1686867 ], [ 72.9993529, 19.168694 ], [ 72.9996115, 19.1687225 ], [ 72.9998344, 19.1687471 ], [ 73.0000354, 19.1687706 ], [ 73.0001794, 19.1687875 ], [ 73.0013717, 19.1689701 ], [ 73.0014429, 19.1689656 ] ], [ [ 73.0014429, 19.1689656 ], [ 73.0014828, 19.1689786 ], [ 73.0015879, 19.168923 ], [ 73.0019161, 19.1688416 ], [ 73.0021696, 19.1688479 ], [ 73.0024565, 19.169037 ], [ 73.0026965, 19.1690703 ], [ 73.0026965, 19.1690703 ], [ 73.0027549, 19.1691518 ], [ 73.002834, 19.1692196 ], [ 73.00289, 19.169286 ], [ 73.0029578, 19.1694643 ], [ 73.0029767, 19.1695995 ], [ 73.0031433, 19.1696999 ], [ 73.0032138, 19.1697383 ] ], [ [ 73.0032138, 19.1697383 ], [ 73.0033939, 19.1698146 ], [ 73.0033939, 19.1698146 ], [ 73.0033162, 19.1700319 ], [ 73.0033162, 19.1700319 ], [ 73.002941, 19.1699546 ], [ 73.00281, 19.1699783 ], [ 73.0025241, 19.169938 ], [ 73.0024801, 19.1705596 ] ], [ [ 73.0024801, 19.1705596 ], [ 73.0025241, 19.169938 ], [ 73.00281, 19.1699783 ], [ 73.002941, 19.1699546 ], [ 73.0033162, 19.1700319 ], [ 73.0033162, 19.1700319 ], [ 73.003116, 19.1705919 ] ], [ [ 73.003116, 19.1705919 ], [ 73.0029994, 19.1705601 ], [ 73.0028898, 19.1705317 ], [ 73.0028203, 19.1708085 ], [ 73.0028203, 19.1708085 ], [ 73.0026945, 19.1707896 ], [ 73.0026788, 19.1707871 ], [ 73.0027065, 19.170663 ], [ 73.0026225, 19.1706491 ] ], [ [ 73.0026225, 19.1706491 ], [ 73.0027065, 19.170663 ], [ 73.0026788, 19.1707871 ], [ 73.0026945, 19.1707896 ], [ 73.0028203, 19.1708085 ], [ 73.0028203, 19.1708085 ], [ 73.0028898, 19.1705317 ], [ 73.0029994, 19.1705601 ], [ 73.003116, 19.1705919 ], [ 73.003116, 19.1705919 ], [ 73.0031778, 19.1706088 ], [ 73.0031778, 19.1706088 ], [ 73.0031974, 19.1705533 ], [ 73.0032607, 19.1703742 ], [ 73.0033356, 19.1701625 ] ], [ [ 73.0033356, 19.1701625 ], [ 73.0034502, 19.1698384 ], [ 73.0034502, 19.1698384 ], [ 73.0033939, 19.1698146 ], [ 73.0033939, 19.1698146 ], [ 73.0032138, 19.1697383 ] ], [ [ 73.0032138, 19.1697383 ], [ 73.0031433, 19.1696999 ], [ 73.0029767, 19.1695995 ], [ 73.0029578, 19.1694643 ], [ 73.00289, 19.169286 ], [ 73.002834, 19.1692196 ], [ 73.0027549, 19.1691518 ], [ 73.0026965, 19.1690703 ] ], [ [ 73.0026965, 19.1690703 ], [ 73.0024565, 19.169037 ], [ 73.0021696, 19.1688479 ], [ 73.0019161, 19.1688416 ], [ 73.0015879, 19.168923 ], [ 73.0014828, 19.1689786 ], [ 73.0014429, 19.1689656 ] ], [ [ 73.0014429, 19.1689656 ], [ 73.0013835, 19.1689155 ], [ 73.0000429, 19.1687058 ], [ 72.9992982, 19.1685898 ] ], [ [ 72.9992982, 19.1685898 ], [ 72.9991791, 19.1685792 ], [ 72.9991791, 19.1685792 ], [ 72.9991701, 19.1686761 ] ], [ [ 72.9991701, 19.1686761 ], [ 72.9991221, 19.1691926 ], [ 72.9990763, 19.1699153 ], [ 72.9990495, 19.1704855 ], [ 72.9990526, 19.1709211 ], [ 72.9990512, 19.1720871 ] ], [ [ 72.9990512, 19.1720871 ], [ 72.9990511, 19.1721992 ], [ 72.9990786, 19.1724772 ], [ 72.9990801, 19.1726156 ], [ 72.999063, 19.172735 ], [ 72.9990289, 19.1728989 ], [ 72.9989643, 19.1730836 ], [ 72.9986217, 19.1738445 ], [ 72.9986217, 19.1738445 ], [ 72.9984027, 19.1743538 ], [ 72.9984027, 19.1743538 ], [ 72.9981808, 19.1748728 ], [ 72.9981808, 19.1748728 ], [ 72.9979718, 19.1754332 ], [ 72.9979718, 19.1754332 ], [ 72.99784, 19.1757864 ], [ 72.9978137, 19.175857 ], [ 72.9978137, 19.175857 ], [ 72.9977076, 19.1761414 ], [ 72.9977076, 19.1761414 ], [ 72.9975797, 19.1764913 ], [ 72.9975797, 19.1764913 ], [ 72.9969755, 19.1780749 ], [ 72.9969196, 19.1781956 ], [ 72.9969196, 19.1781956 ], [ 72.9965958, 19.1789438 ], [ 72.9965958, 19.1789438 ], [ 72.996446, 19.1793173 ], [ 72.996446, 19.1793173 ], [ 72.9964133, 19.1794025 ], [ 72.996282, 19.1798334 ], [ 72.9962585, 19.1799476 ], [ 72.9962585, 19.1799476 ], [ 72.9961676, 19.1803476 ], [ 72.9961261, 19.1805227 ], [ 72.9961261, 19.1805227 ], [ 72.9960746, 19.1807399 ], [ 72.9959929, 19.1810043 ], [ 72.9959929, 19.1810043 ], [ 72.9959518, 19.1811373 ], [ 72.9959518, 19.1811373 ], [ 72.9959315, 19.1811822 ], [ 72.9958496, 19.1813469 ], [ 72.995685, 19.1815967 ], [ 72.9950877, 19.1822957 ], [ 72.9950877, 19.1822957 ], [ 72.9948299, 19.1825989 ], [ 72.9948299, 19.1825989 ], [ 72.9947508, 19.18263 ], [ 72.9946664, 19.1826439 ], [ 72.9945808, 19.1826399 ], [ 72.9944983, 19.1826181 ], [ 72.9944229, 19.1825796 ], [ 72.9944229, 19.1825796 ], [ 72.9943848, 19.1824418 ], [ 72.9943755, 19.1824079 ], [ 72.994319, 19.1822019 ], [ 72.9942741, 19.1820464 ], [ 72.9942579, 19.1820078 ], [ 72.9942473, 19.1819825 ], [ 72.9942023, 19.1819305 ], [ 72.9941472, 19.1818888 ], [ 72.9940741, 19.1818606 ], [ 72.9939827, 19.1818305 ], [ 72.9939514, 19.1818235 ], [ 72.9935365, 19.18173 ], [ 72.9934626, 19.1817117 ], [ 72.9934307, 19.1817005 ], [ 72.9932231, 19.1815985 ], [ 72.9913495, 19.1806775 ], [ 72.9912927, 19.1806482 ], [ 72.9912765, 19.1806316 ], [ 72.9912726, 19.1806143 ], [ 72.9912633, 19.1794325 ], [ 72.991248, 19.1774852 ], [ 72.9912466, 19.1773043 ], [ 72.9912386, 19.1763083 ], [ 72.9912385, 19.1760505 ], [ 72.9912383, 19.1749455 ], [ 72.9912334, 19.1742514 ], [ 72.9912304, 19.1741274 ], [ 72.9912287, 19.1740689 ], [ 72.991226, 19.1734254 ], [ 72.9912233, 19.1731771 ], [ 72.9912226, 19.1731133 ], [ 72.991218, 19.1724543 ], [ 72.9912164, 19.1722276 ], [ 72.9912008, 19.1700181 ], [ 72.9912301, 19.1693455 ], [ 72.9912309, 19.1692378 ] ], [ [ 72.9912309, 19.1692378 ], [ 72.991578, 19.1693213 ], [ 72.9916122, 19.169374 ], [ 72.9916179, 19.1694985 ], [ 72.9916341, 19.1695949 ], [ 72.9916841, 19.1696615 ], [ 72.9919257, 19.1697257 ], [ 72.9924411, 19.1699214 ] ], [ [ 72.9924411, 19.1699214 ], [ 72.9924257, 19.170215 ], [ 72.9924465, 19.1704347 ] ], [ [ 72.9924465, 19.1704347 ], [ 72.9924257, 19.170215 ], [ 72.9924411, 19.1699214 ], [ 72.9924411, 19.1699214 ], [ 72.992472, 19.1699372 ], [ 72.9925525, 19.1699676 ], [ 72.9926571, 19.1699879 ], [ 72.9931587, 19.1699676 ] ], [ [ 72.9931587, 19.1699676 ], [ 72.9926571, 19.1699879 ], [ 72.9925525, 19.1699676 ], [ 72.992472, 19.1699372 ], [ 72.9924411, 19.1699214 ], [ 72.9924411, 19.1699214 ], [ 72.9919257, 19.1697257 ], [ 72.9916841, 19.1696615 ], [ 72.9916341, 19.1695949 ], [ 72.9916179, 19.1694985 ], [ 72.9916122, 19.169374 ], [ 72.991578, 19.1693213 ], [ 72.9912309, 19.1692378 ], [ 72.9912309, 19.1692378 ], [ 72.9912344, 19.1687345 ], [ 72.9912344, 19.1687345 ], [ 72.9912345, 19.1687199 ], [ 72.9912337, 19.1686392 ], [ 72.991231, 19.1683621 ], [ 72.991225, 19.1681343 ], [ 72.991178, 19.1679304 ], [ 72.9910711, 19.1677568 ], [ 72.9910068, 19.1676855 ], [ 72.9910068, 19.1676855 ], [ 72.9911552, 19.1676004 ], [ 72.9913574, 19.1675986 ], [ 72.9918784, 19.1675939 ], [ 72.9919885, 19.1675929 ] ], [ [ 72.9919885, 19.1675929 ], [ 72.9918784, 19.1675939 ], [ 72.9913574, 19.1675986 ], [ 72.9911552, 19.1676004 ], [ 72.9910068, 19.1676855 ] ], [ [ 72.9910068, 19.1676855 ], [ 72.9909276, 19.1675978 ], [ 72.9895053, 19.1662765 ], [ 72.9893321, 19.1660284 ], [ 72.9892543, 19.1657871 ], [ 72.9892141, 19.1654351 ], [ 72.9892009, 19.1648328 ], [ 72.9891985, 19.1647255 ], [ 72.9891985, 19.1647255 ], [ 72.9890687, 19.1647291 ], [ 72.9890687, 19.1647291 ], [ 72.9890859, 19.1654429 ], [ 72.9891279, 19.1658114 ], [ 72.9891394, 19.1658472 ], [ 72.9892146, 19.1660805 ], [ 72.9894056, 19.166354 ], [ 72.9908328, 19.1676799 ], [ 72.9910048, 19.167877 ], [ 72.9910562, 19.1679716 ], [ 72.9910969, 19.1681488 ], [ 72.9911026, 19.1683635 ], [ 72.9911023, 19.1687298 ] ], [ [ 72.9911023, 19.1687298 ], [ 72.9912344, 19.1687345 ] ], [ [ 72.9912344, 19.1687345 ], [ 72.991551, 19.168756 ], [ 72.9921439, 19.1687963 ], [ 72.9935014, 19.1688969 ], [ 72.9945282, 19.1690652 ], [ 72.9959642, 19.1693006 ], [ 72.9964059, 19.1693857 ] ], [ [ 72.9964059, 19.1693857 ], [ 72.9962922, 19.1694463 ] ], [ [ 72.9962922, 19.1694463 ], [ 72.9960924, 19.1701129 ] ], [ [ 72.9960924, 19.1701129 ], [ 72.9962922, 19.1694463 ], [ 72.9962922, 19.1694463 ], [ 72.99568, 19.1697727 ] ], [ [ 72.99568, 19.1697727 ], [ 72.9957252, 19.1699209 ], [ 72.9957252, 19.1699209 ], [ 72.9959394, 19.1706233 ], [ 72.9960413, 19.1709349 ], [ 72.9958992, 19.1713631 ] ], [ [ 72.9958992, 19.1713631 ], [ 72.9960413, 19.1709349 ], [ 72.9959394, 19.1706233 ], [ 72.9957252, 19.1699209 ] ], [ [ 72.9957252, 19.1699209 ], [ 72.99568, 19.1697727 ], [ 72.99568, 19.1697727 ], [ 72.9945789, 19.1696912 ], [ 72.9940542, 19.1696684 ] ], [ [ 72.9940542, 19.1696684 ], [ 72.9945789, 19.1696912 ], [ 72.99568, 19.1697727 ], [ 72.99568, 19.1697727 ], [ 72.9962922, 19.1694463 ], [ 72.9962922, 19.1694463 ], [ 72.9964059, 19.1693857 ], [ 72.9964059, 19.1693857 ], [ 72.9977601, 19.1696076 ] ], [ [ 72.9977601, 19.1696076 ], [ 72.9984985, 19.1697257 ], [ 72.99876, 19.168572 ], [ 72.9989291, 19.167241 ] ], [ [ 72.9989291, 19.167241 ], [ 72.9989046, 19.1670015 ] ], [ [ 72.9989046, 19.1670015 ], [ 72.9989683, 19.1667763 ], [ 72.9990058, 19.1666241 ], [ 72.9988511, 19.166539 ] ], [ [ 72.9988511, 19.166539 ], [ 72.9980473, 19.1660481 ] ], [ [ 72.9980473, 19.1660481 ], [ 72.9973583, 19.1666277 ] ], [ [ 72.9973583, 19.1666277 ], [ 72.9969897, 19.1664377 ], [ 72.996313, 19.1660225 ], [ 72.996313, 19.1660225 ], [ 72.9962117, 19.1662861 ], [ 72.9961156, 19.166555 ] ], [ [ 72.9961156, 19.166555 ], [ 72.9962117, 19.1662861 ], [ 72.996313, 19.1660225 ] ], [ [ 72.996313, 19.1660225 ], [ 72.9960554, 19.1658786 ] ], [ [ 72.9960554, 19.1658786 ], [ 72.9958514, 19.1657416 ] ], [ [ 72.9958514, 19.1657416 ], [ 72.9956551, 19.1656246 ] ], [ [ 72.9956551, 19.1656246 ], [ 72.9959091, 19.1652321 ], [ 72.9959091, 19.1652321 ], [ 72.9957066, 19.1650947 ] ], [ [ 72.9957066, 19.1650947 ], [ 72.9959091, 19.1652321 ] ], [ [ 72.9959091, 19.1652321 ], [ 72.9961038, 19.1653505 ] ], [ [ 72.9961038, 19.1653505 ], [ 72.9963192, 19.1654833 ] ], [ [ 72.9963192, 19.1654833 ], [ 72.9965431, 19.1651529 ], [ 72.9965431, 19.1651529 ], [ 72.9959182, 19.1647642 ] ], [ [ 72.9959182, 19.1647642 ], [ 72.99607, 19.1646761 ], [ 72.9962497, 19.1645938 ], [ 72.9963559, 19.1645739 ], [ 72.9964561, 19.1645912 ], [ 72.9966052, 19.1646374 ] ], [ [ 72.9966052, 19.1646374 ], [ 72.9964561, 19.1645912 ], [ 72.9963559, 19.1645739 ], [ 72.9962497, 19.1645938 ], [ 72.99607, 19.1646761 ], [ 72.9959182, 19.1647642 ] ], [ [ 72.9959182, 19.1647642 ], [ 72.9952039, 19.1643198 ], [ 72.9952039, 19.1643198 ], [ 72.9951641, 19.1644403 ] ], [ [ 72.9951641, 19.1644403 ], [ 72.9952039, 19.1643198 ], [ 72.9952039, 19.1643198 ], [ 72.99457, 19.163934 ] ], [ [ 72.99457, 19.163934 ], [ 72.9944133, 19.1639 ] ], [ [ 72.9944133, 19.1639 ], [ 72.9943339, 19.1640661 ], [ 72.9942819, 19.1641376 ], [ 72.9942035, 19.1642233 ], [ 72.9941457, 19.1643042 ], [ 72.9941205, 19.1643911 ], [ 72.9940968, 19.1645411 ], [ 72.9940876, 19.164605 ], [ 72.9940449, 19.164739 ] ], [ [ 72.9940449, 19.164739 ], [ 72.9942555, 19.1647737 ], [ 72.9943295, 19.1647712 ], [ 72.9943295, 19.1647712 ], [ 72.9943693, 19.1647517 ], [ 72.9943825, 19.1647228 ], [ 72.9943937, 19.1646527 ], [ 72.9943978, 19.1645798 ], [ 72.9943947, 19.164527 ] ], [ [ 72.9943947, 19.164527 ], [ 72.9943978, 19.1645798 ], [ 72.9943937, 19.1646527 ], [ 72.9943825, 19.1647228 ], [ 72.9943693, 19.1647517 ], [ 72.9943295, 19.1647712 ] ], [ [ 72.9943295, 19.1647712 ], [ 72.9942931, 19.1649071 ], [ 72.9942931, 19.1649071 ], [ 72.9941792, 19.1648956 ] ], [ [ 72.9941792, 19.1648956 ], [ 72.9942931, 19.1649071 ] ], [ [ 72.9942931, 19.1649071 ], [ 72.9943662, 19.1649225 ], [ 72.9943866, 19.1649839 ], [ 72.9943594, 19.1651079 ], [ 72.9943594, 19.1651079 ], [ 72.9943134, 19.165318 ] ], [ [ 72.9943134, 19.165318 ], [ 72.9943594, 19.1651079 ], [ 72.9943594, 19.1651079 ], [ 72.9947477, 19.1651133 ] ], [ [ 72.9947477, 19.1651133 ], [ 72.9943594, 19.1651079 ], [ 72.9943594, 19.1651079 ], [ 72.9943866, 19.1649839 ], [ 72.9943662, 19.1649225 ], [ 72.9942931, 19.1649071 ], [ 72.9942931, 19.1649071 ], [ 72.9943295, 19.1647712 ], [ 72.9943295, 19.1647712 ], [ 72.9942555, 19.1647737 ], [ 72.9940449, 19.164739 ], [ 72.9940449, 19.164739 ], [ 72.9937543, 19.1646801 ], [ 72.9937031, 19.1646863 ] ], [ [ 72.9937031, 19.1646863 ], [ 72.9936894, 19.1648691 ], [ 72.9936819, 19.1649878 ] ], [ [ 72.9936819, 19.1649878 ], [ 72.9936692, 19.1651239 ], [ 72.9936654, 19.1651828 ] ], [ [ 72.9936654, 19.1651828 ], [ 72.9936692, 19.1651239 ], [ 72.9936819, 19.1649878 ] ], [ [ 72.9936819, 19.1649878 ], [ 72.9936894, 19.1648691 ], [ 72.9937031, 19.1646863 ] ], [ [ 72.9937031, 19.1646863 ], [ 72.9934782, 19.1646513 ], [ 72.9931918, 19.1646356 ], [ 72.9929924, 19.1645043 ], [ 72.9928335, 19.1644442 ], [ 72.9927262, 19.1644165 ] ], [ [ 72.9927262, 19.1644165 ], [ 72.9925828, 19.164408 ], [ 72.9924621, 19.1644477 ], [ 72.9922867, 19.1644719 ], [ 72.9917787, 19.1644571 ], [ 72.9917787, 19.1644571 ], [ 72.9916445, 19.1644506 ], [ 72.9916207, 19.1644509 ] ], [ [ 72.9916207, 19.1644509 ], [ 72.9916445, 19.1644506 ], [ 72.9917787, 19.1644571 ], [ 72.9917787, 19.1644571 ], [ 72.9917924, 19.1650002 ], [ 72.9918076, 19.1656039 ], [ 72.9918076, 19.1656039 ], [ 72.9917971, 19.165903 ], [ 72.9917958, 19.1662051 ], [ 72.9917913, 19.1664605 ], [ 72.9917954, 19.1665639 ], [ 72.9917856, 19.1667138 ], [ 72.9917733, 19.1668494 ], [ 72.9916105, 19.1668733 ], [ 72.9913619, 19.1668886 ], [ 72.9912274, 19.1668919 ], [ 72.9911588, 19.1670229 ], [ 72.9910992, 19.1671897 ] ], [ [ 72.9910992, 19.1671897 ], [ 72.9911588, 19.1670229 ], [ 72.9912274, 19.1668919 ], [ 72.9913619, 19.1668886 ], [ 72.9916105, 19.1668733 ], [ 72.9917733, 19.1668494 ], [ 72.9917856, 19.1667138 ], [ 72.9917954, 19.1665639 ], [ 72.9917913, 19.1664605 ], [ 72.9917958, 19.1662051 ], [ 72.9917971, 19.165903 ], [ 72.9918076, 19.1656039 ] ], [ [ 72.9918076, 19.1656039 ], [ 72.9913334, 19.1656127 ], [ 72.9913334, 19.1656127 ], [ 72.9913309, 19.1651467 ] ], [ [ 72.9913309, 19.1651467 ], [ 72.9908363, 19.165166 ], [ 72.9908363, 19.165166 ], [ 72.9906012, 19.1652022 ], [ 72.9903684, 19.1652171 ], [ 72.9903684, 19.1652171 ], [ 72.9903824, 19.165639 ], [ 72.9903824, 19.165639 ], [ 72.9903905, 19.1659072 ], [ 72.9901927, 19.1660656 ], [ 72.9901927, 19.1660656 ], [ 72.9903102, 19.1661593 ] ], [ [ 72.9903102, 19.1661593 ], [ 72.9901927, 19.1660656 ] ], [ [ 72.9901927, 19.1660656 ], [ 72.9903905, 19.1659072 ], [ 72.9903824, 19.165639 ] ], [ [ 72.9903824, 19.165639 ], [ 72.9903684, 19.1652171 ] ], [ [ 72.9903684, 19.1652171 ], [ 72.990345, 19.1646418 ], [ 72.990345, 19.1646418 ], [ 72.9901782, 19.1647153 ], [ 72.9900956, 19.1647162 ] ], [ [ 72.9900956, 19.1647162 ], [ 72.9901782, 19.1647153 ], [ 72.990345, 19.1646418 ] ], [ [ 72.990345, 19.1646418 ], [ 72.9908314, 19.164461 ] ], [ [ 72.9908314, 19.164461 ], [ 72.990832, 19.1643973 ], [ 72.9908389, 19.1637108 ], [ 72.9908389, 19.1637108 ], [ 72.9902753, 19.163705 ] ], [ [ 72.9902753, 19.163705 ], [ 72.990259, 19.1632016 ] ], [ [ 72.990259, 19.1632016 ], [ 72.9902753, 19.163705 ] ], [ [ 72.9902753, 19.163705 ], [ 72.9908389, 19.1637108 ], [ 72.9908389, 19.1637108 ], [ 72.9908391, 19.1636864 ], [ 72.9908488, 19.162722 ] ], [ [ 72.9908488, 19.162722 ], [ 72.9908493, 19.1626751 ] ], [ [ 72.9908493, 19.1626751 ], [ 72.9913539, 19.1626395 ], [ 72.9917992, 19.1626081 ] ], [ [ 72.9917992, 19.1626081 ], [ 72.991803, 19.1629514 ], [ 72.9918043, 19.163073 ] ], [ [ 72.9918043, 19.163073 ], [ 72.9918102, 19.1636082 ], [ 72.9917533, 19.1636755 ], [ 72.9917533, 19.1636755 ], [ 72.9919517, 19.1637479 ], [ 72.9920188, 19.1638037 ], [ 72.9920188, 19.1638037 ], [ 72.9923192, 19.1637454 ] ], [ [ 72.9923192, 19.1637454 ], [ 72.9920188, 19.1638037 ], [ 72.9920188, 19.1638037 ], [ 72.9920375, 19.164014 ], [ 72.9920831, 19.1641026 ], [ 72.9922038, 19.1640697 ], [ 72.9924399, 19.1639684 ], [ 72.9927649, 19.1638416 ] ], [ [ 72.9927649, 19.1638416 ], [ 72.9928239, 19.1637707 ], [ 72.9928118, 19.1636655 ], [ 72.9931374, 19.1635739 ], [ 72.9933654, 19.1635097 ] ], [ [ 72.9933654, 19.1635097 ], [ 72.9933096, 19.1634094 ], [ 72.9933176, 19.1633435 ], [ 72.993507, 19.1633183 ], [ 72.9938733, 19.1632344 ], [ 72.9941721, 19.1631561 ] ], [ [ 72.9941721, 19.1631561 ], [ 72.9942929, 19.1631528 ], [ 72.9944275, 19.1631284 ], [ 72.9946053, 19.1630941 ], [ 72.9947071, 19.1630958 ], [ 72.9947942, 19.1631207 ] ], [ [ 72.9947942, 19.1631207 ], [ 72.9948956, 19.1629531 ], [ 72.9950512, 19.1628683 ], [ 72.9950512, 19.1628683 ], [ 72.9950177, 19.1626388 ], [ 72.9950177, 19.1626388 ], [ 72.9950203, 19.1625942 ] ], [ [ 72.9950203, 19.1625942 ], [ 72.9944693, 19.1625801 ], [ 72.9943702, 19.1625645 ], [ 72.9943189, 19.162542 ], [ 72.9942946, 19.1625015 ], [ 72.9941593, 19.162488 ], [ 72.994085, 19.1624817 ] ], [ [ 72.994085, 19.1624817 ], [ 72.9941593, 19.162488 ], [ 72.9942946, 19.1625015 ], [ 72.9943189, 19.162542 ], [ 72.9943702, 19.1625645 ], [ 72.9944693, 19.1625801 ], [ 72.9950203, 19.1625942 ], [ 72.9950203, 19.1625942 ], [ 72.9950177, 19.1626388 ], [ 72.9950177, 19.1626388 ], [ 72.9950512, 19.1628683 ] ], [ [ 72.9950512, 19.1628683 ], [ 72.9950756, 19.16299 ], [ 72.9950825, 19.1630378 ], [ 72.9950995, 19.1631361 ], [ 72.9951938, 19.1631994 ] ], [ [ 72.9951938, 19.1631994 ], [ 72.9952848, 19.1632162 ], [ 72.9954592, 19.1632378 ], [ 72.9958905, 19.1632675 ], [ 72.9963674, 19.1632703 ] ], [ [ 72.9963674, 19.1632703 ], [ 72.9969138, 19.1632803 ], [ 72.9969138, 19.1632803 ], [ 72.9969448, 19.1633573 ], [ 72.9969448, 19.1633573 ], [ 72.9970972, 19.1634696 ], [ 72.9971751, 19.1634716 ], [ 72.9971751, 19.1634716 ], [ 72.997129, 19.1639471 ], [ 72.99707, 19.1643373 ] ], [ [ 72.99707, 19.1643373 ], [ 72.9972739, 19.1643228 ], [ 72.9978431, 19.164419 ] ], [ [ 72.9978431, 19.164419 ], [ 72.9978931, 19.1644275 ], [ 72.9984602, 19.1644887 ], [ 72.9985824, 19.1645019 ], [ 72.9989083, 19.1645371 ] ], [ [ 72.9989083, 19.1645371 ], [ 72.998922, 19.1648807 ] ], [ [ 72.998922, 19.1648807 ], [ 72.9984125, 19.1648351 ], [ 72.9984339, 19.1646694 ] ], [ [ 72.9984339, 19.1646694 ], [ 72.9984125, 19.1648351 ], [ 72.998922, 19.1648807 ] ], [ [ 72.998922, 19.1648807 ], [ 72.9989293, 19.1650638 ], [ 72.9989338, 19.1652735 ] ], [ [ 72.9989338, 19.1652735 ], [ 72.9980979, 19.1651418 ] ], [ [ 72.9980979, 19.1651418 ], [ 72.9980427, 19.1654074 ], [ 72.9979881, 19.1655736 ], [ 72.9979631, 19.1657594 ], [ 72.9979375, 19.1657529 ], [ 72.9978915, 19.1658736 ], [ 72.9978299, 19.165921 ] ], [ [ 72.9978299, 19.165921 ], [ 72.9968775, 19.1653525 ] ], [ [ 72.9968775, 19.1653525 ], [ 72.996952, 19.164919 ] ] ] } },
{ "type": "Feature", "properties": { "point_ids": [ 9628, 7377, 4277, 3674, 9403, 2034, 7219, 9524, 9705, 2051, 7051, 9866, 801, 7105, 282, 1029, 3628, 4136, 7401, 2200, 4841, 4845, 5642, 7563, 8511, 99, 6580, 6714, 7780, 5302, 5828, 5999, 7073, 9708, 9931, 2686, 9329, 322, 4340, 8869, 3029, 6701, 9655, 9821, 6038, 5106, 7063, 4857, 3173, 7416, 2144, 7996, 6726, 5928, 8532, 3884, 2463, 8927, 5668, 2688, 7609, 3811, 9548, 1131, 9219, 3766, 9122, 2634, 3867, 3969, 4122, 5798, 7491, 6900, 8293, 234, 1658, 4530, 8682, 9127, 9043, 1090, 6764, 4670, 6174, 6946, 7191, 8059, 8154, 1258, 1994, 6301, 222, 4167, 5459, 6675, 6046, 1325, 4675, 5693, 413, 9423, 7898, 4281, 6139, 2681, 1382, 3432, 3483, 3904, 9910, 673, 2175, 4053, 5596, 4865, 2525, 9881, 8858, 8335, 1305, 6451, 3634, 2988, 620, 7759, 4636, 3205, 1708, 6441, 8618, 1076, 466, 6279, 1436, 1183, 107, 7261, 7652, 3315, 668, 2965, 5146, 7530, 6698, 5678, 5536, 5451, 7808, 4558, 2015, 1000, 3995, 6673, 8060, 2026, 2596, 3630, 6688, 9341, 9367, 701, 2441, 4516, 4548, 6268, 7133, 2474, 7225, 4131, 2876, 2406, 9411, 7300, 1165, 281, 7233, 2155, 6424, 3478, 461, 6276, 6882, 4787, 5545, 6952, 3791, 3463, 6484, 5950, 5123, 4071, 307, 253, 2491, 2401, 2025, 9764, 3062, 8755, 2820, 1826, 8598, 9416, 8078, 6905, 145, 1706, 8557, 1420, 1142, 249, 8736, 7841, 7535, 2024, 2249, 9975, 7326, 6834, 6735, 6389, 5345, 3102, 2716, 2540, 1724, 3040, 3661, 5913, 9417, 1206, 6667, 2497, 350, 1852, 3769, 2599, 3367, 4436, 8159, 9940, 6741, 9663, 8422, 8787, 7733, 6152, 5738, 5351, 761, 7087, 9815, 3670, 6846, 8559, 4819, 6243, 1410, 9187, 5739, 3591 ], "length_m": 15743.987754291746, "travel_time_min": 30.000351928369248, "n_points": 262, "route_id": 38, "cluster_id": 6 }, "geometry": { "type": "MultiLineString", "coordinates": [ [ [ 72.996952, 19.164919 ], [ 72.9968878, 19.1647142 ], [ 72.9968644, 19.1646702 ], [ 72.996835, 19.1646037 ], [ 72.9968416, 19.1643595 ], [ 72.9968416, 19.1643595 ], [ 72.996316, 19.1642537 ], [ 72.9959992, 19.1641719 ] ], [ [ 72.9959992, 19.1641719 ], [ 72.996316, 19.1642537 ], [ 72.9968416, 19.1643595 ] ], [ [ 72.9968416, 19.1643595 ], [ 72.9968476, 19.1641409 ] ], [ [ 72.9968476, 19.1641409 ], [ 72.9968803, 19.1638772 ] ], [ [ 72.9968803, 19.1638772 ], [ 72.9969092, 19.163644 ] ], [ [ 72.9969092, 19.163644 ], [ 72.9969448, 19.1633573 ], [ 72.9969448, 19.1633573 ], [ 72.9969138, 19.1632803 ], [ 72.9969138, 19.1632803 ], [ 72.9969542, 19.163246 ] ], [ [ 72.9969542, 19.163246 ], [ 72.9974871, 19.1632449 ] ], [ [ 72.9974871, 19.1632449 ], [ 72.9976011, 19.1632443 ], [ 72.9977379, 19.163244 ] ], [ [ 72.9977379, 19.163244 ], [ 72.9979746, 19.1632434 ] ], [ [ 72.9979746, 19.1632434 ], [ 72.998258, 19.1632422 ], [ 72.998258, 19.1632422 ], [ 72.9982437, 19.1634991 ] ], [ [ 72.9982437, 19.1634991 ], [ 72.9985549, 19.1635055 ], [ 72.9988892, 19.1635124 ] ], [ [ 72.9988892, 19.1635124 ], [ 72.9988645, 19.1631843 ], [ 72.9988631, 19.1627821 ], [ 72.9987369, 19.1620705 ] ], [ [ 72.9987369, 19.1620705 ], [ 72.9982556, 19.1620487 ], [ 72.9982556, 19.1620487 ], [ 72.9982507, 19.1623092 ] ], [ [ 72.9982507, 19.1623092 ], [ 72.9982556, 19.1620487 ] ], [ [ 72.9982556, 19.1620487 ], [ 72.9979592, 19.1620564 ], [ 72.9979592, 19.1620564 ], [ 72.9976968, 19.1620548 ] ], [ [ 72.9976968, 19.1620548 ], [ 72.9976987, 19.1626029 ] ], [ [ 72.9976987, 19.1626029 ], [ 72.9976077, 19.1626205 ], [ 72.9974884, 19.1626217 ] ], [ [ 72.9974884, 19.1626217 ], [ 72.9972125, 19.1626245 ], [ 72.9969366, 19.1626273 ] ], [ [ 72.9969366, 19.1626273 ], [ 72.9963711, 19.1626189 ] ], [ [ 72.9963711, 19.1626189 ], [ 72.9961, 19.1626229 ] ], [ [ 72.9961, 19.1626229 ], [ 72.9960917, 19.1614942 ] ], [ [ 72.9960917, 19.1614942 ], [ 72.9963653, 19.1614962 ] ], [ [ 72.9963653, 19.1614962 ], [ 72.9963613, 19.1610354 ], [ 72.9963394, 19.1608633 ] ], [ [ 72.9963394, 19.1608633 ], [ 72.9963431, 19.1606247 ] ], [ [ 72.9963431, 19.1606247 ], [ 72.9967692, 19.1606238 ] ], [ [ 72.9967692, 19.1606238 ], [ 72.9967666, 19.1603572 ], [ 72.9967666, 19.1603572 ], [ 72.9971007, 19.160359 ], [ 72.997369, 19.1603606 ], [ 72.9975367, 19.1603566 ] ], [ [ 72.9975367, 19.1603566 ], [ 72.997369, 19.1603606 ], [ 72.9971007, 19.160359 ], [ 72.9967666, 19.1603572 ] ], [ [ 72.9967666, 19.1603572 ], [ 72.9967634, 19.1600358 ], [ 72.9967634, 19.1600358 ], [ 72.9967628, 19.1599699 ], [ 72.9967628, 19.1599699 ], [ 72.9967581, 19.1594936 ], [ 72.9967581, 19.1594936 ], [ 72.9967576, 19.1594462 ], [ 72.9967576, 19.1594462 ], [ 72.9967536, 19.1590406 ] ], [ [ 72.9967536, 19.1590406 ], [ 72.9967576, 19.1594462 ], [ 72.9967576, 19.1594462 ], [ 72.9967581, 19.1594936 ], [ 72.9967581, 19.1594936 ], [ 72.9969742, 19.1594972 ] ], [ [ 72.9969742, 19.1594972 ], [ 72.9967581, 19.1594936 ], [ 72.9967581, 19.1594936 ], [ 72.9967576, 19.1594462 ] ], [ [ 72.9967576, 19.1594462 ], [ 72.9967581, 19.1594936 ], [ 72.9967581, 19.1594936 ], [ 72.9967628, 19.1599699 ] ], [ [ 72.9967628, 19.1599699 ], [ 72.9970928, 19.1599714 ], [ 72.9973633, 19.1599728 ], [ 72.9976072, 19.159974 ], [ 72.9981837, 19.1599755 ] ], [ [ 72.9981837, 19.1599755 ], [ 72.998182, 19.1606194 ], [ 72.998182, 19.1606194 ], [ 72.997948, 19.1606212 ], [ 72.997948, 19.1606212 ], [ 72.9979452, 19.1608558 ], [ 72.9979452, 19.1608558 ], [ 72.9976978, 19.1608596 ] ], [ [ 72.9976978, 19.1608596 ], [ 72.997457, 19.1608642 ] ], [ [ 72.997457, 19.1608642 ], [ 72.9974538, 19.1611294 ], [ 72.9974449, 19.1614891 ] ], [ [ 72.9974449, 19.1614891 ], [ 72.9974396, 19.1620478 ] ], [ [ 72.9974396, 19.1620478 ], [ 72.9974449, 19.1614891 ], [ 72.9974449, 19.1614891 ], [ 72.9974538, 19.1611294 ], [ 72.997457, 19.1608642 ] ], [ [ 72.997457, 19.1608642 ], [ 72.9976978, 19.1608596 ] ], [ [ 72.9976978, 19.1608596 ], [ 72.9979452, 19.1608558 ], [ 72.9979452, 19.1608558 ], [ 72.997948, 19.1606212 ], [ 72.997948, 19.1606212 ], [ 72.998182, 19.1606194 ], [ 72.998182, 19.1606194 ], [ 72.9985741, 19.1606198 ] ], [ [ 72.9985741, 19.1606198 ], [ 72.9985702, 19.1598566 ] ], [ [ 72.9985702, 19.1598566 ], [ 72.9989513, 19.1598547 ], [ 72.9995697, 19.1598516 ], [ 72.9997206, 19.159874 ], [ 72.999938, 19.1599567 ] ], [ [ 72.999938, 19.1599567 ], [ 72.9997206, 19.159874 ], [ 72.9995697, 19.1598516 ], [ 72.9989513, 19.1598547 ], [ 72.9985702, 19.1598566 ], [ 72.9985702, 19.1598566 ], [ 72.9985681, 19.1594031 ], [ 72.9985669, 19.1591517 ], [ 72.9985664, 19.1590364 ] ], [ [ 72.9985664, 19.1590364 ], [ 72.9981864, 19.1590361 ] ], [ [ 72.9981864, 19.1590361 ], [ 72.9981878, 19.1585371 ] ], [ [ 72.9981878, 19.1585371 ], [ 72.9981892, 19.1579966 ], [ 72.9981892, 19.1579966 ], [ 72.9985616, 19.157994 ], [ 72.9985616, 19.157994 ], [ 72.9985627, 19.157882 ], [ 72.9985648, 19.1576721 ], [ 72.9985936, 19.157429 ], [ 72.9986965, 19.1569548 ] ], [ [ 72.9986965, 19.1569548 ], [ 72.9985936, 19.157429 ], [ 72.9985648, 19.1576721 ], [ 72.9985627, 19.157882 ], [ 72.9985616, 19.157994 ] ], [ [ 72.9985616, 19.157994 ], [ 72.9981892, 19.1579966 ] ], [ [ 72.9981892, 19.1579966 ], [ 72.9981907, 19.1574639 ] ], [ [ 72.9981907, 19.1574639 ], [ 72.9981909, 19.1573756 ], [ 72.9981921, 19.1569589 ] ], [ [ 72.9981921, 19.1569589 ], [ 72.9979445, 19.156955 ], [ 72.9978456, 19.1569535 ], [ 72.9967448, 19.1569363 ] ], [ [ 72.9967448, 19.1569363 ], [ 72.9965556, 19.1569339 ], [ 72.9964109, 19.15693 ] ], [ [ 72.9964109, 19.15693 ], [ 72.9965556, 19.1569339 ], [ 72.9967448, 19.1569363 ] ], [ [ 72.9967448, 19.1569363 ], [ 72.9967382, 19.1574724 ], [ 72.9967382, 19.1574724 ], [ 72.9967388, 19.1575376 ], [ 72.9967388, 19.1575376 ], [ 72.9967435, 19.1580111 ], [ 72.9967435, 19.1580111 ], [ 72.9967123, 19.1580112 ], [ 72.9961238, 19.1580124 ] ], [ [ 72.9961238, 19.1580124 ], [ 72.9967123, 19.1580112 ], [ 72.9967435, 19.1580111 ], [ 72.9967435, 19.1580111 ], [ 72.9967481, 19.1584802 ], [ 72.9967481, 19.1584802 ], [ 72.9953058, 19.1585211 ] ], [ [ 72.9953058, 19.1585211 ], [ 72.9952817, 19.1589915 ], [ 72.9952866, 19.1594711 ] ], [ [ 72.9952866, 19.1594711 ], [ 72.9953031, 19.1606012 ] ], [ [ 72.9953031, 19.1606012 ], [ 72.9951046, 19.1606278 ] ], [ [ 72.9951046, 19.1606278 ], [ 72.9951147, 19.1608803 ] ], [ [ 72.9951147, 19.1608803 ], [ 72.9953728, 19.1608677 ], [ 72.9953728, 19.1608677 ], [ 72.9955928, 19.1608667 ] ], [ [ 72.9955928, 19.1608667 ], [ 72.9955967, 19.1614895 ], [ 72.9955967, 19.1614895 ], [ 72.9953701, 19.1614874 ] ], [ [ 72.9953701, 19.1614874 ], [ 72.9951106, 19.1614849 ] ], [ [ 72.9951106, 19.1614849 ], [ 72.9951147, 19.1608803 ] ], [ [ 72.9951147, 19.1608803 ], [ 72.9951046, 19.1606278 ], [ 72.9951046, 19.1606278 ], [ 72.9949507, 19.1606656 ], [ 72.994532, 19.1608292 ], [ 72.9943469, 19.1608837 ], [ 72.9941873, 19.1608976 ], [ 72.9939613, 19.1608958 ], [ 72.9938839, 19.1608952 ], [ 72.9933672, 19.160891 ] ], [ [ 72.9933672, 19.160891 ], [ 72.993388, 19.1614066 ], [ 72.9933942, 19.1615103 ], [ 72.9933942, 19.1615103 ], [ 72.9932712, 19.1615506 ], [ 72.9931964, 19.1615912 ], [ 72.9931639, 19.1616803 ], [ 72.9931016, 19.161895 ] ], [ [ 72.9931016, 19.161895 ], [ 72.9931639, 19.1616803 ], [ 72.9931964, 19.1615912 ], [ 72.9932712, 19.1615506 ], [ 72.9933942, 19.1615103 ] ], [ [ 72.9933942, 19.1615103 ], [ 72.993388, 19.1614066 ], [ 72.9933672, 19.160891 ] ], [ [ 72.9933672, 19.160891 ], [ 72.9931895, 19.1608875 ] ], [ [ 72.9931895, 19.1608875 ], [ 72.9928824, 19.1609052 ], [ 72.9927202, 19.1609369 ], [ 72.9924935, 19.1610091 ], [ 72.9923701, 19.1610383 ], [ 72.9921944, 19.1610573 ], [ 72.9919838, 19.1610687 ], [ 72.9919074, 19.1610729 ] ], [ [ 72.9919074, 19.1610729 ], [ 72.9918165, 19.1610753 ], [ 72.9918165, 19.1610753 ], [ 72.991813, 19.1613885 ] ], [ [ 72.991813, 19.1613885 ], [ 72.9918165, 19.1610753 ], [ 72.9918165, 19.1610753 ], [ 72.9908651, 19.1610997 ] ], [ [ 72.9908651, 19.1610997 ], [ 72.9903716, 19.1610982 ], [ 72.9903716, 19.1610982 ], [ 72.9898904, 19.1611082 ] ], [ [ 72.9898904, 19.1611082 ], [ 72.989908, 19.1616944 ] ], [ [ 72.989908, 19.1616944 ], [ 72.9898904, 19.1611082 ], [ 72.9898904, 19.1611082 ], [ 72.9891823, 19.1611269 ] ], [ [ 72.9891823, 19.1611269 ], [ 72.9890428, 19.1611307 ] ], [ [ 72.9890428, 19.1611307 ], [ 72.9891823, 19.1611269 ], [ 72.9891823, 19.1611269 ], [ 72.9898904, 19.1611082 ], [ 72.9898904, 19.1611082 ], [ 72.9903716, 19.1610982 ], [ 72.9903716, 19.1610982 ], [ 72.9903491, 19.1605823 ] ], [ [ 72.9903491, 19.1605823 ], [ 72.9903285, 19.1601106 ], [ 72.9903279, 19.1600968 ], [ 72.9902882, 19.1597467 ], [ 72.9902882, 19.1597467 ], [ 72.9902424, 19.159655 ], [ 72.9902196, 19.1596092 ], [ 72.9902196, 19.1596092 ], [ 72.9901667, 19.1594902 ] ], [ [ 72.9901667, 19.1594902 ], [ 72.9902196, 19.1596092 ], [ 72.9902196, 19.1596092 ], [ 72.9902424, 19.159655 ], [ 72.9902882, 19.1597467 ] ], [ [ 72.9902882, 19.1597467 ], [ 72.9907259, 19.1597372 ], [ 72.9908171, 19.1597271 ], [ 72.9908842, 19.159703 ], [ 72.9909579, 19.1596612 ], [ 72.9911326, 19.1595432 ] ], [ [ 72.9911326, 19.1595432 ], [ 72.9914283, 19.1599176 ], [ 72.9914514, 19.1599469 ], [ 72.9919477, 19.1604543 ] ], [ [ 72.9919477, 19.1604543 ], [ 72.9919394, 19.1605115 ] ], [ [ 72.9919394, 19.1605115 ], [ 72.9919477, 19.1604543 ] ], [ [ 72.9919477, 19.1604543 ], [ 72.9919879, 19.1603985 ], [ 72.9923213, 19.1601355 ], [ 72.9928011, 19.1597571 ], [ 72.9929154, 19.1597141 ], [ 72.9931641, 19.1596815 ] ], [ [ 72.9931641, 19.1596815 ], [ 72.9931641, 19.159494 ], [ 72.9931439, 19.1593977 ], [ 72.9931122, 19.1593293 ], [ 72.992961, 19.1591484 ], [ 72.9926013, 19.1587177 ] ], [ [ 72.9926013, 19.1587177 ], [ 72.9924515, 19.1585293 ], [ 72.9924515, 19.1585293 ], [ 72.9924184, 19.1584815 ], [ 72.9921362, 19.1581325 ] ], [ [ 72.9921362, 19.1581325 ], [ 72.9924154, 19.1579065 ], [ 72.9927784, 19.1575796 ], [ 72.9929118, 19.1573968 ], [ 72.9929187, 19.1573873 ], [ 72.9929645, 19.1573246 ], [ 72.9930329, 19.1572309 ], [ 72.9931899, 19.1569464 ], [ 72.9932936, 19.1566811 ], [ 72.9933322, 19.1562681 ], [ 72.9933099, 19.156077 ], [ 72.9933015, 19.1560051 ], [ 72.9932947, 19.1559469 ] ], [ [ 72.9932947, 19.1559469 ], [ 72.9931659, 19.1559497 ] ], [ [ 72.9931659, 19.1559497 ], [ 72.9931726, 19.1560079 ], [ 72.9932032, 19.1562694 ], [ 72.9931672, 19.1566543 ], [ 72.9930723, 19.1568972 ], [ 72.9929227, 19.1571683 ], [ 72.9926802, 19.1575004 ], [ 72.9923307, 19.1578152 ], [ 72.9920385, 19.1580225 ] ], [ [ 72.9920385, 19.1580225 ], [ 72.9921362, 19.1581325 ] ], [ [ 72.9921362, 19.1581325 ], [ 72.9924184, 19.1584815 ], [ 72.9924515, 19.1585293 ], [ 72.9924515, 19.1585293 ], [ 72.9926013, 19.1587177 ] ], [ [ 72.9926013, 19.1587177 ], [ 72.9926579, 19.1586779 ], [ 72.9930833, 19.1583707 ] ], [ [ 72.9930833, 19.1583707 ], [ 72.9940976, 19.1583835 ] ], [ [ 72.9940976, 19.1583835 ], [ 72.9944361, 19.1583819 ] ], [ [ 72.9944361, 19.1583819 ], [ 72.9940976, 19.1583835 ], [ 72.9940976, 19.1583835 ], [ 72.9940973, 19.1588447 ] ], [ [ 72.9940973, 19.1588447 ], [ 72.9940976, 19.1583835 ], [ 72.9940976, 19.1583835 ], [ 72.9941119, 19.1577039 ], [ 72.9941026, 19.1576384 ] ], [ [ 72.9941026, 19.1576384 ], [ 72.9942267, 19.1576563 ], [ 72.994347, 19.1577054 ], [ 72.9945258, 19.1576978 ], [ 72.9945859, 19.1576824 ], [ 72.9947777, 19.1574674 ], [ 72.9950736, 19.1576164 ], [ 72.9952183, 19.1576502 ], [ 72.9953181, 19.1576423 ] ], [ [ 72.9953181, 19.1576423 ], [ 72.9953279, 19.1575988 ], [ 72.9953621, 19.1575633 ], [ 72.9954734, 19.1575 ] ], [ [ 72.9954734, 19.1575 ], [ 72.9955946, 19.1563086 ] ], [ [ 72.9955946, 19.1563086 ], [ 72.9956384, 19.1558956 ], [ 72.9956625, 19.1558354 ], [ 72.9956927, 19.1558177 ], [ 72.9957544, 19.1558044 ], [ 72.9964069, 19.1557999 ], [ 72.9964069, 19.1557999 ], [ 72.9964049, 19.1557393 ], [ 72.9964031, 19.1556099 ], [ 72.9964024, 19.1555687 ], [ 72.9964024, 19.1555687 ], [ 72.9962622, 19.1555658 ] ], [ [ 72.9962622, 19.1555658 ], [ 72.9964024, 19.1555687 ], [ 72.9964024, 19.1555687 ], [ 72.9970787, 19.1555617 ], [ 72.9975206, 19.1555571 ] ], [ [ 72.9975206, 19.1555571 ], [ 72.9985938, 19.1555439 ], [ 72.9985938, 19.1555439 ], [ 72.9985876, 19.1552938 ], [ 72.9985876, 19.1552938 ], [ 72.9982827, 19.1552925 ] ], [ [ 72.9982827, 19.1552925 ], [ 72.9985876, 19.1552938 ], [ 72.9985876, 19.1552938 ], [ 72.9985938, 19.1555439 ] ], [ [ 72.9985938, 19.1555439 ], [ 72.9990569, 19.155546 ], [ 72.9990569, 19.155546 ], [ 73.0002018, 19.1556067 ], [ 73.0002018, 19.1556067 ], [ 73.0003236, 19.1556129 ] ], [ [ 73.0003236, 19.1556129 ], [ 73.0002018, 19.1556067 ] ], [ [ 73.0002018, 19.1556067 ], [ 72.9990569, 19.155546 ], [ 72.9990569, 19.155546 ], [ 72.9993799, 19.1542399 ], [ 72.9995207, 19.1536705 ], [ 72.9995207, 19.1536705 ], [ 72.9995828, 19.1534195 ], [ 72.9995828, 19.1534195 ], [ 72.9996442, 19.153171 ], [ 72.9996976, 19.1515126 ], [ 72.9997081, 19.151248 ], [ 72.9997081, 19.151248 ], [ 72.999604, 19.1503467 ], [ 72.999604, 19.1503467 ], [ 72.9995919, 19.1502418 ], [ 72.9995881, 19.1500262 ], [ 72.9995825, 19.1497148 ], [ 72.9995825, 19.1497148 ], [ 72.9995735, 19.1492115 ], [ 72.9995691, 19.1489622 ], [ 72.9995536, 19.1480958 ], [ 72.9995536, 19.1480958 ], [ 73.0004258, 19.1480696 ], [ 73.0004258, 19.1480696 ], [ 73.0005984, 19.1481237 ], [ 73.0005984, 19.1481237 ], [ 73.0006532, 19.148196 ], [ 73.0007201, 19.1482361 ], [ 73.0008147, 19.148268 ], [ 73.0022241, 19.1482918 ], [ 73.0022241, 19.1482918 ], [ 73.0024113, 19.1484089 ], [ 73.0024113, 19.1484089 ], [ 73.0025492, 19.1485428 ], [ 73.0025492, 19.1485428 ], [ 73.003482, 19.1494492 ], [ 73.0036072, 19.149591 ], [ 73.0041088, 19.1503524 ], [ 73.0041893, 19.1504588 ], [ 73.0042469, 19.1504981 ], [ 73.0042912, 19.1505158 ], [ 73.0043767, 19.1505223 ], [ 73.0043767, 19.1505223 ], [ 73.0045608, 19.1514039 ], [ 73.0049685, 19.153175 ], [ 73.0051012, 19.1539478 ], [ 73.0054191, 19.155506 ], [ 73.005519, 19.1561986 ] ], [ [ 73.005519, 19.1561986 ], [ 73.0053567, 19.1562208 ], [ 73.0053052, 19.1562901 ], [ 73.0053226, 19.1563224 ], [ 73.0053382, 19.1564022 ], [ 73.0053388, 19.1565654 ], [ 73.0053305, 19.1566289 ] ], [ [ 73.0053305, 19.1566289 ], [ 73.0053388, 19.1565654 ], [ 73.0053382, 19.1564022 ], [ 73.0053226, 19.1563224 ], [ 73.0053052, 19.1562901 ], [ 73.0053567, 19.1562208 ], [ 73.005519, 19.1561986 ] ], [ [ 73.005519, 19.1561986 ], [ 73.0055221, 19.1562204 ], [ 73.005542, 19.1566928 ], [ 73.0054738, 19.1574539 ], [ 73.0053971, 19.1582683 ], [ 73.0053594, 19.1586693 ], [ 73.0052613, 19.1597655 ], [ 73.0051306, 19.1609124 ], [ 73.0049741, 19.1624387 ], [ 73.0048924, 19.163118 ], [ 73.004792, 19.1635878 ], [ 73.0046005, 19.1642973 ], [ 73.0046005, 19.1642973 ], [ 73.0044904, 19.1649699 ], [ 73.0044904, 19.1649699 ], [ 73.0044067, 19.1654319 ], [ 73.0043544, 19.1657762 ], [ 73.0043281, 19.1659493 ] ], [ [ 73.0043281, 19.1659493 ], [ 73.004248, 19.1664772 ], [ 73.0040478, 19.1678068 ], [ 73.0040478, 19.1678068 ], [ 73.004121, 19.1678228 ], [ 73.004121, 19.1678228 ], [ 73.0041682, 19.167584 ], [ 73.0041682, 19.167584 ], [ 73.004432, 19.1676045 ], [ 73.0049258, 19.1675988 ], [ 73.0049258, 19.1675988 ], [ 73.0052387, 19.1675934 ], [ 73.0052387, 19.1675934 ], [ 73.0052353, 19.1676929 ], [ 73.0052293, 19.1677794 ], [ 73.005206, 19.1678848 ], [ 73.0050899, 19.1678897 ], [ 73.0050038, 19.1679004 ], [ 73.0050026, 19.1679844 ], [ 73.0050018, 19.16813 ], [ 73.0050142, 19.1682078 ], [ 73.0050142, 19.1682078 ], [ 73.0051253, 19.1682071 ], [ 73.0051253, 19.1682071 ], [ 73.0051487, 19.1685123 ], [ 73.0051759, 19.1687429 ] ], [ [ 73.0051759, 19.1687429 ], [ 73.0051487, 19.1685123 ], [ 73.0051253, 19.1682071 ], [ 73.0051253, 19.1682071 ], [ 73.0050142, 19.1682078 ], [ 73.0050142, 19.1682078 ], [ 73.0049751, 19.1682907 ], [ 73.0049217, 19.1685019 ], [ 73.0049125, 19.1686371 ], [ 73.0049182, 19.1687707 ], [ 73.0049445, 19.1689188 ] ], [ [ 73.0049445, 19.1689188 ], [ 73.0049445, 19.168983 ], [ 73.0049795, 19.16908 ], [ 73.0050729, 19.1691266 ], [ 73.0053044, 19.1691924 ], [ 73.0055395, 19.1692651 ] ], [ [ 73.0055395, 19.1692651 ], [ 73.0057412, 19.1693588 ], [ 73.0058008, 19.1693701 ] ], [ [ 73.0058008, 19.1693701 ], [ 73.0057412, 19.1693588 ], [ 73.0055395, 19.1692651 ] ], [ [ 73.0055395, 19.1692651 ], [ 73.0056195, 19.1691216 ], [ 73.0056492, 19.1689305 ] ], [ [ 73.0056492, 19.1689305 ], [ 73.0056281, 19.1688473 ], [ 73.0056467, 19.168736 ], [ 73.0057265, 19.1685012 ], [ 73.0057771, 19.1681566 ], [ 73.0057771, 19.1681566 ], [ 73.0057991, 19.1679712 ], [ 73.0057968, 19.1678652 ], [ 73.0058046, 19.1675994 ], [ 73.0058046, 19.1675994 ], [ 73.0060601, 19.1675989 ] ], [ [ 73.0060601, 19.1675989 ], [ 73.0060094, 19.1671905 ] ], [ [ 73.0060094, 19.1671905 ], [ 73.0062496, 19.1672034 ], [ 73.0063712, 19.1671955 ], [ 73.0063712, 19.1671955 ], [ 73.0065345, 19.1671849 ], [ 73.0066608, 19.16719 ] ], [ [ 73.0066608, 19.16719 ], [ 73.0069935, 19.1672457 ] ], [ [ 73.0069935, 19.1672457 ], [ 73.0073404, 19.1672916 ], [ 73.0074712, 19.167308 ], [ 73.0075365, 19.1673189 ], [ 73.0075901, 19.1673106 ], [ 73.0076277, 19.1672878 ], [ 73.0076532, 19.1672505 ], [ 73.0076646, 19.1672093 ], [ 73.0076632, 19.1671409 ], [ 73.0076693, 19.1670959 ], [ 73.0077155, 19.1670028 ], [ 73.0077598, 19.1669616 ], [ 73.0078107, 19.1668755 ], [ 73.0078268, 19.1668071 ], [ 73.0078356, 19.1667773 ] ], [ [ 73.0078356, 19.1667773 ], [ 73.0079757, 19.1667052 ], [ 73.0080951, 19.1666647 ], [ 73.0085604, 19.166554 ], [ 73.0093973, 19.1661993 ], [ 73.0098103, 19.1660169 ], [ 73.00999, 19.1658421 ] ], [ [ 73.00999, 19.1658421 ], [ 73.0100303, 19.1657243 ], [ 73.0101241, 19.1655912 ], [ 73.0103709, 19.1653556 ] ], [ [ 73.0103709, 19.1653556 ], [ 73.0101241, 19.1655912 ], [ 73.0100303, 19.1657243 ], [ 73.00999, 19.1658421 ], [ 73.00999, 19.1658421 ], [ 73.0101778, 19.1658801 ], [ 73.0104138, 19.1659282 ], [ 73.0105667, 19.1659434 ], [ 73.0106499, 19.1659282 ], [ 73.0107518, 19.1658801 ], [ 73.0108618, 19.1658243 ], [ 73.0109717, 19.165799 ], [ 73.011079, 19.1658218 ] ], [ [ 73.011079, 19.1658218 ], [ 73.0109717, 19.165799 ], [ 73.0108618, 19.1658243 ], [ 73.0107518, 19.1658801 ], [ 73.0106499, 19.1659282 ], [ 73.0105667, 19.1659434 ], [ 73.0104138, 19.1659282 ], [ 73.0101778, 19.1658801 ], [ 73.00999, 19.1658421 ] ], [ [ 73.00999, 19.1658421 ], [ 73.0098103, 19.1660169 ], [ 73.0093973, 19.1661993 ], [ 73.0085604, 19.166554 ], [ 73.0080951, 19.1666647 ], [ 73.0079757, 19.1667052 ], [ 73.0078356, 19.1667773 ], [ 73.0078356, 19.1667773 ], [ 73.0078282, 19.1667558 ], [ 73.0078148, 19.1667393 ], [ 73.0077768, 19.1667241 ], [ 73.0071901, 19.1666592 ], [ 73.006676, 19.1665599 ], [ 73.0064678, 19.1665131 ], [ 73.0064678, 19.1665131 ], [ 73.0063229, 19.1664805 ], [ 73.0061809, 19.1664551 ], [ 73.0061529, 19.1665467 ], [ 73.0061122, 19.1666736 ], [ 73.006105, 19.1666906 ], [ 73.006105, 19.1666906 ], [ 73.0052778, 19.1665986 ], [ 73.0052778, 19.1665986 ], [ 73.0052916, 19.166559 ] ], [ [ 73.0052916, 19.166559 ], [ 73.0053966, 19.1664313 ], [ 73.0054612, 19.166219 ] ], [ [ 73.0054612, 19.166219 ], [ 73.0054874, 19.1661367 ], [ 73.005602, 19.1660049 ] ], [ [ 73.005602, 19.1660049 ], [ 73.0058799, 19.1659873 ], [ 73.0061054, 19.1660226 ], [ 73.006282, 19.1660308 ] ], [ [ 73.006282, 19.1660308 ], [ 73.0063498, 19.1661058 ], [ 73.0066448, 19.1661869 ], [ 73.0067843, 19.1662882 ], [ 73.0073583, 19.1664048 ], [ 73.0073315, 19.1660754 ], [ 73.0070686, 19.1660146 ] ], [ [ 73.0070686, 19.1660146 ], [ 73.0073315, 19.1660754 ], [ 73.0073583, 19.1664048 ], [ 73.0067843, 19.1662882 ], [ 73.0066448, 19.1661869 ], [ 73.0063498, 19.1661058 ], [ 73.006282, 19.1660308 ], [ 73.006282, 19.1660308 ], [ 73.0063457, 19.1656824 ], [ 73.0063779, 19.164897 ], [ 73.0062754, 19.1648846 ] ] ] } },
{ "type": "Feature", "properties": { "point_ids": [ 43, 3142, 4916, 7671, 4972, 2851, 7725, 9060, 4821, 4255, 4809, 9145, 6992, 1424, 9217, 270, 8636, 2730, 6260, 5377, 1973, 6645, 6787, 8013, 5446, 4037, 8717, 646, 9156, 5566, 4439, 9506, 3587, 2584, 7269, 8793, 5961, 4393, 7090, 196, 248, 847, 1227, 1972, 2147, 2327, 2553, 3006, 3360, 3501, 3717, 4380, 4617, 5572, 5884, 6379, 6683, 6909, 7284, 7357, 7362, 7761, 8134, 8788, 9146, 9785, 4383, 182, 903, 5026, 5103, 5565, 5782, 6871, 9773, 9690, 6936, 4533, 1753, 670, 3788, 2687, 1209, 6603, 5212, 9610, 5905, 6210, 5465, 3839, 3396, 7670, 6440, 208, 2472, 6820, 6460, 5881, 9473, 4008, 4049, 2668, 1719, 9209, 7486, 4502, 4111, 1524, 4682, 4259, 2804, 1914, 3908, 2189, 1718, 78, 4328, 98, 2294, 5904, 5530, 5203, 797, 5550, 4656, 6960, 7976, 2097, 2086, 3112, 9768, 9302, 6945, 6244, 4365, 2391, 1199, 335, 6571, 9360, 4583, 3749, 9849, 6443, 6128, 5298, 4835, 7175, 7251, 1222, 3751, 964, 8832, 8443, 3932, 1880, 3539, 9270, 3794, 7520, 2669, 4560, 3083, 2242, 581, 8069, 3038, 804, 9876, 4146, 502, 6178, 3471, 8769, 8604, 2314, 4974, 9627, 6892, 5173, 744, 189, 959, 7944, 8265, 8697, 8703, 8929, 3990, 240, 9809, 5078, 4408, 1999, 7539, 6578, 4794, 4227, 2315, 1600, 9889, 7439, 1426, 954, 8659, 6845, 6371, 5262, 4982, 4650, 4344, 3176, 6492, 611, 2923, 6163, 2926, 7443, 3188, 2217, 1148, 4006, 5148, 6766, 9550, 6406, 5358, 3968, 8701, 9953, 831, 2071, 532, 1224, 6742, 4417, 7858, 108, 2125, 5320, 6801, 8480, 1097, 3238, 3601, 3914, 4005, 7472, 1930, 9793, 9790, 8746, 6937, 5683, 3996, 3944, 1314, 6494, 8377, 8687, 9499, 820, 1017, 2286, 5193, 5753, 2523, 6405, 95, 5865, 9854, 7908, 6996, 368, 2107, 1649, 3640, 8528, 9141, 9795, 8585, 3561, 3296, 1858, 4856, 1546, 4100, 2440, 9353, 9927, 3308, 4298, 854, 919, 2064, 4882, 2431, 5430, 9359, 7469, 8937, 9160, 3332, 985, 6170, 2927, 982, 4083, 2037, 2646, 2029, 2335, 2841, 4906, 9126, 2929, 9786, 7007, 3887, 2316, 251, 8043, 372, 5945, 669, 1624, 878, 5552, 8173, 7354, 7335, 5918, 5315, 1819, 3123, 3457, 6399, 8393, 8213, 416, 4228, 681, 2729, 9753, 7719, 5819, 4047, 2853, 9679, 9957, 8808, 1111, 1033, 8257, 4010, 5714, 6416, 8853, 5949, 4590, 1025, 6261, 4684, 4490, 4487, 3963, 3535, 2699, 2354, 4030, 210, 7543, 3421, 4983, 5502, 6514, 8548, 1685, 2643, 5375, 7732, 8705, 9224, 9812, 9998 ], "length_m": 19962.375098256969, "travel_time_min": 44.46835835458463, "n_points": 385, "route_id": 39, "cluster_id": 11 }, "geometry": { "type": "MultiLineString", "coordinates": [ [ [ 73.0229375, 19.0297003 ], [ 73.0229981, 19.0294536 ] ], [ [ 73.0229981, 19.0294536 ], [ 73.0227349, 19.0293763 ], [ 73.0224915, 19.029251 ] ], [ [ 73.0224915, 19.029251 ], [ 73.0223372, 19.029102 ], [ 73.0222291, 19.0289223 ] ], [ [ 73.0222291, 19.0289223 ], [ 73.0217995, 19.0291838 ] ], [ [ 73.0217995, 19.0291838 ], [ 73.0220179, 19.0294565 ], [ 73.0222609, 19.0296802 ], [ 73.0222609, 19.0296802 ], [ 73.0221363, 19.0299118 ] ], [ [ 73.0221363, 19.0299118 ], [ 73.0216862, 19.0307493 ] ], [ [ 73.0216862, 19.0307493 ], [ 73.0214771, 19.031149 ], [ 73.0214771, 19.031149 ], [ 73.0214492, 19.0312037 ], [ 73.0214492, 19.0312037 ], [ 73.0212233, 19.0316053 ], [ 73.0211791, 19.0317489 ], [ 73.0211584, 19.0319088 ], [ 73.0211685, 19.0320641 ], [ 73.0211925, 19.0321846 ], [ 73.0212321, 19.0322744 ], [ 73.0212404, 19.0322933 ], [ 73.0213137, 19.0323917 ] ], [ [ 73.0213137, 19.0323917 ], [ 73.0212404, 19.0322933 ], [ 73.0212321, 19.0322744 ], [ 73.0211925, 19.0321846 ], [ 73.0211685, 19.0320641 ], [ 73.0211584, 19.0319088 ], [ 73.0211791, 19.0317489 ], [ 73.0212233, 19.0316053 ], [ 73.0214492, 19.0312037 ] ], [ [ 73.0214492, 19.0312037 ], [ 73.021703, 19.0312737 ], [ 73.021703, 19.0312737 ], [ 73.0217512, 19.031317 ], [ 73.0217778, 19.0313463 ], [ 73.0218017, 19.0313839 ], [ 73.021814, 19.0314249 ], [ 73.0218167, 19.0314684 ], [ 73.0218102, 19.0315115 ], [ 73.0217966, 19.0315545 ] ], [ [ 73.0217966, 19.0315545 ], [ 73.021752, 19.0316066 ], [ 73.0216965, 19.0317229 ], [ 73.0216703, 19.0318404 ], [ 73.0216726, 19.0319471 ], [ 73.0216922, 19.0320505 ], [ 73.0217345, 19.0321519 ], [ 73.0218096, 19.0322491 ], [ 73.0222161, 19.0326937 ] ], [ [ 73.0222161, 19.0326937 ], [ 73.0222675, 19.0327447 ] ], [ [ 73.0222675, 19.0327447 ], [ 73.022565, 19.0330398 ], [ 73.022565, 19.0330398 ], [ 73.0228353, 19.033308 ] ], [ [ 73.0228353, 19.033308 ], [ 73.0231014, 19.0335719 ] ], [ [ 73.0231014, 19.0335719 ], [ 73.0233448, 19.0338134 ] ], [ [ 73.0233448, 19.0338134 ], [ 73.0236238, 19.0340901 ] ], [ [ 73.0236238, 19.0340901 ], [ 73.0238968, 19.0343609 ] ], [ [ 73.0238968, 19.0343609 ], [ 73.0241541, 19.0346162 ] ], [ [ 73.0241541, 19.0346162 ], [ 73.0244377, 19.0348974 ] ], [ [ 73.0244377, 19.0348974 ], [ 73.0247341, 19.0351915 ] ], [ [ 73.0247341, 19.0351915 ], [ 73.0247903, 19.0351416 ] ], [ [ 73.0247903, 19.0351416 ], [ 73.0249, 19.0350442 ], [ 73.0249272, 19.03502 ], [ 73.0252251, 19.0347556 ], [ 73.0254996, 19.0345119 ] ], [ [ 73.0254996, 19.0345119 ], [ 73.0257262, 19.0343108 ], [ 73.0259028, 19.034154 ], [ 73.0263152, 19.0345867 ] ], [ [ 73.0263152, 19.0345867 ], [ 73.0268839, 19.0351833 ], [ 73.0271303, 19.0354418 ], [ 73.0271727, 19.0354754 ], [ 73.0272375, 19.0354992 ], [ 73.0273534, 19.0355167 ], [ 73.0276602, 19.0355271 ], [ 73.0280589, 19.0355406 ], [ 73.0280589, 19.0355406 ], [ 73.0289846, 19.0355721 ] ], [ [ 73.0289846, 19.0355721 ], [ 73.0280589, 19.0355406 ] ], [ [ 73.0280589, 19.0355406 ], [ 73.0276602, 19.0355271 ], [ 73.0273534, 19.0355167 ], [ 73.0272375, 19.0354992 ], [ 73.0271727, 19.0354754 ], [ 73.0271303, 19.0354418 ], [ 73.0268839, 19.0351833 ], [ 73.0263152, 19.0345867 ] ], [ [ 73.0263152, 19.0345867 ], [ 73.0259028, 19.034154 ], [ 73.0257262, 19.0343108 ], [ 73.0254996, 19.0345119 ], [ 73.0254996, 19.0345119 ], [ 73.024621, 19.033606 ], [ 73.0245931, 19.0335664 ], [ 73.0245868, 19.0335213 ], [ 73.0245715, 19.0332875 ] ], [ [ 73.0245715, 19.0332875 ], [ 73.0241974, 19.0332953 ] ], [ [ 73.0241974, 19.0332953 ], [ 73.0240851, 19.0332992 ], [ 73.0238978, 19.0333058 ] ], [ [ 73.0238978, 19.0333058 ], [ 73.0233991, 19.0337635 ], [ 73.0233991, 19.0337635 ], [ 73.0233448, 19.0338134 ], [ 73.0233448, 19.0338134 ], [ 73.0229724, 19.0341551 ], [ 73.0224417, 19.0346421 ] ], [ [ 73.0224417, 19.0346421 ], [ 73.0225627, 19.0347645 ], [ 73.0226093, 19.0348117 ], [ 73.0227163, 19.03492 ] ], [ [ 73.0227163, 19.03492 ], [ 73.0229865, 19.0351935 ] ], [ [ 73.0229865, 19.0351935 ], [ 73.0227163, 19.03492 ], [ 73.0227163, 19.03492 ], [ 73.0226093, 19.0348117 ], [ 73.0225627, 19.0347645 ], [ 73.0224417, 19.0346421 ], [ 73.0224417, 19.0346421 ], [ 73.0221936, 19.034391 ], [ 73.0221936, 19.034391 ], [ 73.0219319, 19.0341262 ] ], [ [ 73.0219319, 19.0341262 ], [ 73.0228353, 19.033308 ], [ 73.0228353, 19.033308 ], [ 73.0231014, 19.0335719 ], [ 73.0231014, 19.0335719 ], [ 73.0233448, 19.0338134 ], [ 73.0233448, 19.0338134 ], [ 73.0233991, 19.0337635 ], [ 73.0233991, 19.0337635 ], [ 73.0222971, 19.0326718 ] ], [ [ 73.0222971, 19.0326718 ], [ 73.0221522, 19.0325136 ], [ 73.0218661, 19.0322012 ], [ 73.0218019, 19.0321188 ], [ 73.0217662, 19.0320346 ], [ 73.0217484, 19.0319428 ], [ 73.0217453, 19.0318516 ], [ 73.0217674, 19.0317486 ], [ 73.021817, 19.0316437 ], [ 73.0220286, 19.0313943 ] ], [ [ 73.0220286, 19.0313943 ], [ 73.0220413, 19.0313255 ] ], [ [ 73.0220413, 19.0313255 ], [ 73.0214771, 19.031149 ], [ 73.0214771, 19.031149 ], [ 73.0216862, 19.0307493 ] ], [ [ 73.0216862, 19.0307493 ], [ 73.0214147, 19.0305851 ], [ 73.0211435, 19.0303803 ] ], [ [ 73.0211435, 19.0303803 ], [ 73.0208836, 19.0301504 ], [ 73.0206587, 19.0298783 ], [ 73.0206587, 19.0298783 ], [ 73.0202209, 19.0301449 ] ], [ [ 73.0202209, 19.0301449 ], [ 73.0206587, 19.0298783 ], [ 73.0206587, 19.0298783 ], [ 73.0204529, 19.0295933 ], [ 73.0203143, 19.0292762 ] ], [ [ 73.0203143, 19.0292762 ], [ 73.0202329, 19.0289403 ], [ 73.0201945, 19.0285942 ] ], [ [ 73.0201945, 19.0285942 ], [ 73.0196863, 19.0286059 ] ], [ [ 73.0196863, 19.0286059 ], [ 73.0196995, 19.0281879 ], [ 73.0197556, 19.0277598 ] ], [ [ 73.0197556, 19.0277598 ], [ 73.0202515, 19.0278797 ] ], [ [ 73.0202515, 19.0278797 ], [ 73.0203759, 19.0275752 ], [ 73.0205217, 19.027291 ] ], [ [ 73.0205217, 19.027291 ], [ 73.0200812, 19.0270622 ] ], [ [ 73.0200812, 19.0270622 ], [ 73.0202279, 19.0268686 ], [ 73.0204126, 19.0266704 ], [ 73.0206003, 19.0264688 ] ], [ [ 73.0206003, 19.0264688 ], [ 73.02069, 19.0264346 ], [ 73.02069, 19.0264346 ], [ 73.0209927, 19.0267253 ] ], [ [ 73.0209927, 19.0267253 ], [ 73.0215486, 19.026379 ] ], [ [ 73.0215486, 19.026379 ], [ 73.0213131, 19.0260038 ], [ 73.0213131, 19.0260038 ], [ 73.0212732, 19.0259403 ] ], [ [ 73.0212732, 19.0259403 ], [ 73.0209888, 19.0261055 ], [ 73.0209888, 19.0261055 ], [ 73.0208505, 19.0258762 ] ], [ [ 73.0208505, 19.0258762 ], [ 73.0209888, 19.0261055 ], [ 73.0209888, 19.0261055 ], [ 73.0207667, 19.0262673 ], [ 73.020644, 19.0263904 ] ], [ [ 73.020644, 19.0263904 ], [ 73.02069, 19.0264346 ], [ 73.02069, 19.0264346 ], [ 73.0208183, 19.0263193 ], [ 73.0210309, 19.026162 ], [ 73.0213131, 19.0260038 ], [ 73.0213131, 19.0260038 ], [ 73.0218362, 19.0257445 ], [ 73.0218362, 19.0257445 ], [ 73.0218335, 19.0256672 ], [ 73.0218335, 19.0256672 ], [ 73.0213664, 19.0249902 ], [ 73.0211606, 19.0246889 ] ], [ [ 73.0211606, 19.0246889 ], [ 73.0211823, 19.0246514 ], [ 73.0211912, 19.0246095 ], [ 73.0211912, 19.0246095 ], [ 73.0211891, 19.0245784 ], [ 73.0211799, 19.0245485 ], [ 73.0211639, 19.0245212 ], [ 73.0211639, 19.0245212 ], [ 73.0211389, 19.0244952 ], [ 73.0211078, 19.0244759 ], [ 73.0210726, 19.0244644 ], [ 73.0210355, 19.0244614 ], [ 73.0209988, 19.0244672 ], [ 73.0209988, 19.0244672 ], [ 73.0209543, 19.0244879 ], [ 73.0209194, 19.0245211 ] ], [ [ 73.0209194, 19.0245211 ], [ 73.0208978, 19.0245633 ], [ 73.020892, 19.0246099 ], [ 73.0209027, 19.0246558 ], [ 73.0209286, 19.0246958 ], [ 73.0209286, 19.0246958 ], [ 73.0207911, 19.0249486 ] ], [ [ 73.0207911, 19.0249486 ], [ 73.0204912, 19.0255002 ], [ 73.0199905, 19.0264372 ], [ 73.0198476, 19.0266918 ], [ 73.0197357, 19.0268971 ], [ 73.0196017, 19.0272069 ], [ 73.0194911, 19.0275255 ], [ 73.0193393, 19.0282329 ], [ 73.0192707, 19.0285839 ], [ 73.0192707, 19.0285839 ], [ 73.0191493, 19.0288247 ], [ 73.0189141, 19.0290708 ], [ 73.0189141, 19.0290708 ], [ 73.0189054, 19.0290799 ], [ 73.0186066, 19.0293296 ], [ 73.0184762, 19.0294648 ] ], [ [ 73.0184762, 19.0294648 ], [ 73.0184361, 19.0294338 ], [ 73.0184041, 19.0293921 ], [ 73.0183638, 19.0291014 ], [ 73.0183638, 19.0291014 ], [ 73.0181535, 19.0291777 ] ], [ [ 73.0181535, 19.0291777 ], [ 73.0179055, 19.0285893 ] ], [ [ 73.0179055, 19.0285893 ], [ 73.0177223, 19.0280348 ], [ 73.0177223, 19.0280348 ], [ 73.0182848, 19.0278599 ] ], [ [ 73.0182848, 19.0278599 ], [ 73.0181948, 19.0276607 ] ], [ [ 73.0181948, 19.0276607 ], [ 73.0181421, 19.027544 ], [ 73.0180912, 19.0273982 ], [ 73.0180697, 19.0272701 ], [ 73.018063, 19.027047 ] ], [ [ 73.018063, 19.027047 ], [ 73.0181254, 19.0267012 ] ], [ [ 73.0181254, 19.0267012 ], [ 73.0181341, 19.0266527 ], [ 73.0181716, 19.0265094 ], [ 73.018228, 19.0263953 ], [ 73.0183366, 19.0262419 ], [ 73.0186263, 19.0259072 ], [ 73.018925, 19.0255405 ], [ 73.018925, 19.0255405 ], [ 73.0195289, 19.0261647 ], [ 73.0196643, 19.0263015 ], [ 73.0196831, 19.0263294 ], [ 73.0196824, 19.0263655 ], [ 73.0196737, 19.0264004 ], [ 73.0196509, 19.0264251 ], [ 73.019555, 19.0265113 ], [ 73.0194685, 19.0266235 ] ], [ [ 73.0194685, 19.0266235 ], [ 73.019555, 19.0265113 ], [ 73.0196509, 19.0264251 ], [ 73.0196737, 19.0264004 ], [ 73.0196824, 19.0263655 ], [ 73.0196831, 19.0263294 ], [ 73.0196643, 19.0263015 ], [ 73.0195289, 19.0261647 ], [ 73.018925, 19.0255405 ] ], [ [ 73.018925, 19.0255405 ], [ 73.0193077, 19.0251579 ] ], [ [ 73.0193077, 19.0251579 ], [ 73.0193267, 19.0251421 ], [ 73.0194314, 19.025055 ], [ 73.0197179, 19.0248165 ], [ 73.0198285, 19.0247248 ] ], [ [ 73.0198285, 19.0247248 ], [ 73.0191151, 19.0239425 ] ], [ [ 73.0191151, 19.0239425 ], [ 73.0195679, 19.0235414 ] ], [ [ 73.0195679, 19.0235414 ], [ 73.0198591, 19.0232835 ], [ 73.0198591, 19.0232835 ], [ 73.0199376, 19.0232964 ], [ 73.0199376, 19.0232964 ], [ 73.0200133, 19.0232311 ] ], [ [ 73.0200133, 19.0232311 ], [ 73.0200421, 19.0232054 ], [ 73.0205583, 19.0227443 ] ], [ [ 73.0205583, 19.0227443 ], [ 73.0209658, 19.0231375 ], [ 73.0209658, 19.0231375 ], [ 73.0210202, 19.0231955 ] ], [ [ 73.0210202, 19.0231955 ], [ 73.0215555, 19.0237184 ], [ 73.0215555, 19.0237184 ], [ 73.0215771, 19.0236243 ] ], [ [ 73.0215771, 19.0236243 ], [ 73.0210843, 19.0231408 ] ], [ [ 73.0210843, 19.0231408 ], [ 73.0210245, 19.0230821 ] ], [ [ 73.0210245, 19.0230821 ], [ 73.0206192, 19.0226844 ] ], [ [ 73.0206192, 19.0226844 ], [ 73.0206995, 19.0225851 ], [ 73.0207577, 19.0225014 ], [ 73.0207954, 19.0224186 ], [ 73.020992, 19.0218428 ], [ 73.0210286, 19.0217741 ], [ 73.0210822, 19.0217114 ], [ 73.0214536, 19.0213716 ], [ 73.0214914, 19.0213115 ] ], [ [ 73.0214914, 19.0213115 ], [ 73.0217187, 19.0211127 ] ], [ [ 73.0217187, 19.0211127 ], [ 73.0222155, 19.0206682 ], [ 73.0223089, 19.0205847 ], [ 73.0223545, 19.0205382 ], [ 73.0227905, 19.0200931 ] ], [ [ 73.0227905, 19.0200931 ], [ 73.0230249, 19.0198763 ], [ 73.0232493, 19.0196824 ] ], [ [ 73.0232493, 19.0196824 ], [ 73.0232707, 19.0197046 ], [ 73.0235245, 19.0200112 ], [ 73.0235621, 19.0200697 ], [ 73.023575, 19.0201257 ], [ 73.0236232, 19.0203385 ], [ 73.0236449, 19.0204676 ] ], [ [ 73.0236449, 19.0204676 ], [ 73.0236868, 19.020604 ], [ 73.0237477, 19.0207947 ], [ 73.0238592, 19.0210475 ], [ 73.0240227, 19.021409 ] ], [ [ 73.0240227, 19.021409 ], [ 73.0242933, 19.0217258 ], [ 73.0243439, 19.0217851 ], [ 73.0243716, 19.0218242 ], [ 73.0243906, 19.0218585 ], [ 73.0243906, 19.0218585 ], [ 73.0245931, 19.0222231 ], [ 73.024626, 19.0222823 ], [ 73.0247953, 19.0226 ] ], [ [ 73.0247953, 19.0226 ], [ 73.0245503, 19.0227133 ], [ 73.0245503, 19.0227133 ], [ 73.024725, 19.0230755 ] ], [ [ 73.024725, 19.0230755 ], [ 73.0245503, 19.0227133 ], [ 73.0245503, 19.0227133 ], [ 73.0244832, 19.022742 ], [ 73.0244832, 19.022742 ], [ 73.0243826, 19.0227878 ] ], [ [ 73.0243826, 19.0227878 ], [ 73.0244832, 19.022742 ], [ 73.0244832, 19.022742 ], [ 73.0245503, 19.0227133 ], [ 73.0245503, 19.0227133 ], [ 73.0247953, 19.0226 ], [ 73.0247953, 19.0226 ], [ 73.025198, 19.0223071 ] ], [ [ 73.025198, 19.0223071 ], [ 73.0247953, 19.0226 ], [ 73.0247953, 19.0226 ], [ 73.0248882, 19.0227748 ], [ 73.0249271, 19.0228479 ], [ 73.0250105, 19.0230048 ], [ 73.0250234, 19.023029 ], [ 73.0251899, 19.0233423 ], [ 73.0252032, 19.0233684 ] ], [ [ 73.0252032, 19.0233684 ], [ 73.0249903, 19.0234706 ], [ 73.0247778, 19.0235552 ], [ 73.0242167, 19.0236996 ], [ 73.0242167, 19.0236996 ], [ 73.0239297, 19.023779 ], [ 73.0239297, 19.023779 ], [ 73.023383, 19.0239232 ], [ 73.0233062, 19.0239432 ], [ 73.0231735, 19.0239833 ] ], [ [ 73.0231735, 19.0239833 ], [ 73.0231586, 19.0239382 ], [ 73.0231298, 19.0238423 ] ], [ [ 73.0231298, 19.0238423 ], [ 73.0231395, 19.0237721 ], [ 73.0231625, 19.0236043 ], [ 73.0230193, 19.0231076 ], [ 73.0229005, 19.0227412 ], [ 73.0228454, 19.0225878 ], [ 73.0227366, 19.0223173 ] ], [ [ 73.0227366, 19.0223173 ], [ 73.0233649, 19.0217993 ] ], [ [ 73.0233649, 19.0217993 ], [ 73.0239297, 19.023779 ], [ 73.0239297, 19.023779 ], [ 73.023383, 19.0239232 ], [ 73.0233062, 19.0239432 ], [ 73.0231735, 19.0239833 ], [ 73.0231735, 19.0239833 ], [ 73.023049, 19.0240176 ], [ 73.023049, 19.0240176 ], [ 73.0230763, 19.0241057 ], [ 73.0230763, 19.0241057 ], [ 73.023197, 19.0240722 ], [ 73.023197, 19.0240722 ], [ 73.0235158, 19.0239863 ], [ 73.0239555, 19.0238702 ] ], [ [ 73.0239555, 19.0238702 ], [ 73.0242728, 19.0237864 ], [ 73.0243149, 19.0237753 ] ], [ [ 73.0243149, 19.0237753 ], [ 73.0243384, 19.0238667 ], [ 73.0243456, 19.0238948 ], [ 73.0244525, 19.0243099 ], [ 73.024111, 19.0262539 ], [ 73.0240514, 19.0265936 ], [ 73.0240412, 19.0266517 ] ], [ [ 73.0240412, 19.0266517 ], [ 73.0236883, 19.0266585 ], [ 73.0236883, 19.0266585 ], [ 73.0234263, 19.0266907 ], [ 73.0234263, 19.0266907 ], [ 73.023332, 19.0267119 ], [ 73.0226801, 19.0269405 ] ], [ [ 73.0226801, 19.0269405 ], [ 73.0227714, 19.0271582 ], [ 73.0228514, 19.027381 ], [ 73.022911, 19.0275707 ] ], [ [ 73.022911, 19.0275707 ], [ 73.0226698, 19.0276623 ], [ 73.0224399, 19.0277993 ] ], [ [ 73.0224399, 19.0277993 ], [ 73.0221748, 19.0273769 ] ], [ [ 73.0221748, 19.0273769 ], [ 73.0224399, 19.0277993 ] ], [ [ 73.0224399, 19.0277993 ], [ 73.0223053, 19.0279687 ], [ 73.0221873, 19.0281562 ] ], [ [ 73.0221873, 19.0281562 ], [ 73.0217542, 19.0279312 ] ], [ [ 73.0217542, 19.0279312 ], [ 73.0214854, 19.0277916 ] ], [ [ 73.0214854, 19.0277916 ], [ 73.0217187, 19.0274226 ] ], [ [ 73.0217187, 19.0274226 ], [ 73.0214854, 19.0277916 ], [ 73.0214854, 19.0277916 ], [ 73.0213652, 19.028149 ], [ 73.0213652, 19.028149 ], [ 73.0213076, 19.0285685 ] ], [ [ 73.0213076, 19.0285685 ], [ 73.0214015, 19.0289692 ], [ 73.0214015, 19.0289692 ], [ 73.0215554, 19.0293325 ] ], [ [ 73.0215554, 19.0293325 ], [ 73.0218352, 19.0296582 ] ], [ [ 73.0218352, 19.0296582 ], [ 73.0221363, 19.0299118 ], [ 73.0221363, 19.0299118 ], [ 73.0222609, 19.0296802 ] ], [ [ 73.0222609, 19.0296802 ], [ 73.0224915, 19.029251 ], [ 73.0224915, 19.029251 ], [ 73.0227349, 19.0293763 ], [ 73.0229981, 19.0294536 ], [ 73.0229981, 19.0294536 ], [ 73.0229375, 19.0297003 ] ], [ [ 73.0229375, 19.0297003 ], [ 73.0236562, 19.0298271 ] ], [ [ 73.0236562, 19.0298271 ], [ 73.0233563, 19.0305386 ] ], [ [ 73.0233563, 19.0305386 ], [ 73.0237077, 19.0307097 ], [ 73.0238029, 19.0307338 ], [ 73.0238941, 19.0307452 ], [ 73.0240274, 19.0307488 ] ], [ [ 73.0240274, 19.0307488 ], [ 73.0239675, 19.0298517 ], [ 73.0239675, 19.0298517 ], [ 73.0243096, 19.0298476 ], [ 73.0243458, 19.0298472 ] ], [ [ 73.0243458, 19.0298472 ], [ 73.0251675, 19.0298372 ] ], [ [ 73.0251675, 19.0298372 ], [ 73.0243458, 19.0298472 ] ], [ [ 73.0243458, 19.0298472 ], [ 73.0243096, 19.0298476 ], [ 73.0239675, 19.0298517 ] ], [ [ 73.0239675, 19.0298517 ], [ 73.0236562, 19.0298271 ], [ 73.0236562, 19.0298271 ], [ 73.0236805, 19.0297293 ], [ 73.0236828, 19.0296602 ], [ 73.0236048, 19.0287694 ] ], [ [ 73.0236048, 19.0287694 ], [ 73.0236828, 19.0296602 ], [ 73.0236805, 19.0297293 ], [ 73.0236562, 19.0298271 ] ], [ [ 73.0236562, 19.0298271 ], [ 73.0229375, 19.0297003 ] ], [ [ 73.0229375, 19.0297003 ], [ 73.0227825, 19.0300884 ], [ 73.0226113, 19.0304304 ], [ 73.0224477, 19.0307383 ], [ 73.0223527, 19.0308952 ], [ 73.0222516, 19.0310462 ], [ 73.0221395, 19.0312022 ], [ 73.0220413, 19.0313255 ], [ 73.0220413, 19.0313255 ], [ 73.0219565, 19.0313676 ], [ 73.0219565, 19.0313676 ], [ 73.0217966, 19.0315545 ], [ 73.0217966, 19.0315545 ], [ 73.021752, 19.0316066 ], [ 73.0216965, 19.0317229 ], [ 73.0216703, 19.0318404 ], [ 73.0216726, 19.0319471 ], [ 73.0216922, 19.0320505 ], [ 73.0217345, 19.0321519 ], [ 73.0218096, 19.0322491 ], [ 73.0222161, 19.0326937 ] ], [ [ 73.0222161, 19.0326937 ], [ 73.0220346, 19.0328536 ], [ 73.0215324, 19.0332962 ], [ 73.0210516, 19.0337199 ], [ 73.0210516, 19.0337199 ], [ 73.0210316, 19.0337185 ], [ 73.021012, 19.0337229 ], [ 73.0209947, 19.0337325 ], [ 73.0209812, 19.0337466 ], [ 73.0209728, 19.0337638 ], [ 73.0209728, 19.0337638 ], [ 73.0209701, 19.0337814 ], [ 73.0209728, 19.033799 ], [ 73.0209805, 19.0338152 ], [ 73.0209927, 19.0338287 ], [ 73.0209927, 19.0338287 ], [ 73.0210071, 19.0338378 ], [ 73.0210235, 19.0338432 ], [ 73.0210235, 19.0338432 ], [ 73.0210446, 19.033844 ], [ 73.0210649, 19.0338386 ], [ 73.0210824, 19.0338275 ], [ 73.0210953, 19.0338118 ], [ 73.0211024, 19.033793 ] ], [ [ 73.0211024, 19.033793 ], [ 73.0211035, 19.0337785 ], [ 73.021101, 19.0337642 ] ], [ [ 73.021101, 19.0337642 ], [ 73.0210939, 19.0337487 ], [ 73.0210827, 19.0337356 ], [ 73.0210683, 19.0337258 ], [ 73.0210516, 19.0337199 ], [ 73.0210516, 19.0337199 ], [ 73.0210316, 19.0337185 ], [ 73.021012, 19.0337229 ], [ 73.0209947, 19.0337325 ], [ 73.0209812, 19.0337466 ], [ 73.0209728, 19.0337638 ], [ 73.0209728, 19.0337638 ], [ 73.0209701, 19.0337814 ], [ 73.0209728, 19.033799 ], [ 73.0209805, 19.0338152 ], [ 73.0209927, 19.0338287 ], [ 73.0209927, 19.0338287 ], [ 73.0210071, 19.0338378 ], [ 73.0210235, 19.0338432 ], [ 73.0210235, 19.0338432 ], [ 73.021375, 19.0341937 ], [ 73.0217092, 19.0345269 ], [ 73.0217092, 19.0345269 ], [ 73.0213425, 19.0348768 ] ], [ [ 73.0213425, 19.0348768 ], [ 73.0217092, 19.0345269 ], [ 73.0217092, 19.0345269 ], [ 73.021775, 19.0344643 ] ], [ [ 73.021775, 19.0344643 ], [ 73.0217092, 19.0345269 ] ], [ [ 73.0217092, 19.0345269 ], [ 73.0221501, 19.0349665 ], [ 73.022265, 19.0350811 ], [ 73.0229206, 19.0357347 ], [ 73.0229206, 19.0357347 ], [ 73.0234866, 19.036299 ] ], [ [ 73.0234866, 19.036299 ], [ 73.0238566, 19.0366678 ], [ 73.0240735, 19.0368841 ], [ 73.0243645, 19.0371743 ], [ 73.0245748, 19.037384 ], [ 73.0257737, 19.0385793 ], [ 73.0257807, 19.0386291 ] ], [ [ 73.0257807, 19.0386291 ], [ 73.0258849, 19.0386287 ], [ 73.0258849, 19.0386287 ], [ 73.0258671, 19.0385479 ], [ 73.024643, 19.0373264 ], [ 73.0244322, 19.037116 ], [ 73.0241386, 19.036823 ], [ 73.0239237, 19.0366085 ], [ 73.0235538, 19.0362394 ], [ 73.0235538, 19.0362394 ], [ 73.0229863, 19.0356731 ] ], [ [ 73.0229863, 19.0356731 ], [ 73.0229206, 19.0357347 ] ], [ [ 73.0229206, 19.0357347 ], [ 73.0222985, 19.0363178 ], [ 73.0221714, 19.0364369 ], [ 73.0221714, 19.0364369 ], [ 73.0218487, 19.0367317 ] ], [ [ 73.0218487, 19.0367317 ], [ 73.0221714, 19.0364369 ], [ 73.0221714, 19.0364369 ], [ 73.0215879, 19.0358801 ] ], [ [ 73.0215879, 19.0358801 ], [ 73.0214029, 19.0357035 ] ], [ [ 73.0214029, 19.0357035 ], [ 73.0211982, 19.0357151 ] ], [ [ 73.0211982, 19.0357151 ], [ 73.0202554, 19.0357686 ], [ 73.0202554, 19.0357686 ], [ 73.0202784, 19.0361038 ], [ 73.0202784, 19.0361038 ], [ 73.0203018, 19.0364463 ], [ 73.0203018, 19.0364463 ], [ 73.0203232, 19.0367586 ], [ 73.0203232, 19.0367586 ], [ 73.0208188, 19.0367361 ] ], [ [ 73.0208188, 19.0367361 ], [ 73.0203232, 19.0367586 ], [ 73.0203232, 19.0367586 ], [ 73.0203018, 19.0364463 ] ], [ [ 73.0203018, 19.0364463 ], [ 73.0202784, 19.0361038 ] ], [ [ 73.0202784, 19.0361038 ], [ 73.0202554, 19.0357686 ] ], [ [ 73.0202554, 19.0357686 ], [ 73.0197976, 19.0357946 ] ], [ [ 73.0197976, 19.0357946 ], [ 73.0197393, 19.0349684 ] ], [ [ 73.0197393, 19.0349684 ], [ 73.0196394, 19.0349741 ] ], [ [ 73.0196394, 19.0349741 ], [ 73.0197393, 19.0349684 ], [ 73.0197393, 19.0349684 ], [ 73.0202489, 19.0349397 ] ], [ [ 73.0202489, 19.0349397 ], [ 73.0201709, 19.034121 ], [ 73.0202333, 19.0341172 ], [ 73.0203388, 19.0341109 ], [ 73.020457, 19.034079 ], [ 73.0205288, 19.034057 ], [ 73.0205208, 19.0339662 ] ], [ [ 73.0205208, 19.0339662 ], [ 73.0205288, 19.034057 ], [ 73.020457, 19.034079 ], [ 73.0203388, 19.0341109 ], [ 73.0202333, 19.0341172 ], [ 73.0201709, 19.034121 ], [ 73.0202489, 19.0349397 ], [ 73.0202489, 19.0349397 ], [ 73.0197393, 19.0349684 ], [ 73.0197393, 19.0349684 ], [ 73.0196637, 19.0339396 ] ], [ [ 73.0196637, 19.0339396 ], [ 73.0196796, 19.0339206 ] ], [ [ 73.0196796, 19.0339206 ], [ 73.0196881, 19.0338977 ], [ 73.0196882, 19.0338734 ], [ 73.0196799, 19.0338504 ], [ 73.0196799, 19.0338504 ], [ 73.0196641, 19.0338313 ] ], [ [ 73.0196641, 19.0338313 ], [ 73.0196429, 19.0338182 ], [ 73.0196183, 19.0338123 ], [ 73.019593, 19.0338142 ], [ 73.0195697, 19.0338237 ], [ 73.019551, 19.0338399 ], [ 73.019551, 19.0338399 ], [ 73.0195387, 19.0338608 ], [ 73.0195387, 19.0338608 ], [ 73.0191244, 19.0338829 ], [ 73.0190019, 19.0338894 ], [ 73.0189853, 19.033891 ], [ 73.0189672, 19.0338945 ], [ 73.0189544, 19.0339024 ], [ 73.0189442, 19.0339156 ] ], [ [ 73.0189442, 19.0339156 ], [ 73.0189542, 19.0339241 ], [ 73.0189675, 19.033929 ], [ 73.0189817, 19.0339319 ], [ 73.0190041, 19.0339334 ], [ 73.0191257, 19.0339276 ], [ 73.0191628, 19.0339258 ], [ 73.0195381, 19.0339081 ], [ 73.0195381, 19.0339081 ], [ 73.0195498, 19.0339293 ], [ 73.0195682, 19.0339459 ] ], [ [ 73.0195682, 19.0339459 ], [ 73.0195916, 19.033956 ], [ 73.0196171, 19.0339584 ], [ 73.0196421, 19.0339527 ], [ 73.0196637, 19.0339396 ], [ 73.0196637, 19.0339396 ], [ 73.0196796, 19.0339206 ], [ 73.0196796, 19.0339206 ], [ 73.0196881, 19.0338977 ], [ 73.0196882, 19.0338734 ], [ 73.0196799, 19.0338504 ], [ 73.0196799, 19.0338504 ], [ 73.0196641, 19.0338313 ] ], [ [ 73.0196641, 19.0338313 ], [ 73.0196351, 19.0334871 ], [ 73.0195726, 19.0331423 ], [ 73.0193994, 19.0326566 ], [ 73.0193606, 19.0325853 ] ], [ [ 73.0193606, 19.0325853 ], [ 73.0192685, 19.0326312 ] ], [ [ 73.0192685, 19.0326312 ], [ 73.0193606, 19.0325853 ], [ 73.0193606, 19.0325853 ], [ 73.0197993, 19.0323671 ], [ 73.0198639, 19.0323419 ], [ 73.0199356, 19.0323313 ], [ 73.0203306, 19.0323193 ], [ 73.0204439, 19.0323159 ], [ 73.0204104, 19.0316925 ], [ 73.020409, 19.0316657 ] ], [ [ 73.020409, 19.0316657 ], [ 73.0204104, 19.0316925 ], [ 73.0204439, 19.0323159 ], [ 73.0203306, 19.0323193 ], [ 73.0199356, 19.0323313 ], [ 73.0198639, 19.0323419 ], [ 73.0197993, 19.0323671 ], [ 73.0193606, 19.0325853 ], [ 73.0193606, 19.0325853 ], [ 73.0192658, 19.0324376 ], [ 73.0191667, 19.0322953 ], [ 73.0188453, 19.0318341 ], [ 73.0187052, 19.0315957 ], [ 73.01863, 19.0314183 ], [ 73.0185696, 19.0311782 ], [ 73.0185378, 19.0309381 ], [ 73.0184862, 19.0305251 ], [ 73.0184579, 19.0303092 ] ], [ [ 73.0184579, 19.0303092 ], [ 73.0184203, 19.0300218 ], [ 73.0184253, 19.0298418 ], [ 73.0184709, 19.0296694 ], [ 73.0185543, 19.0295251 ] ], [ [ 73.0185543, 19.0295251 ], [ 73.0184762, 19.0294648 ] ], [ [ 73.0184762, 19.0294648 ], [ 73.0184361, 19.0294338 ], [ 73.0184041, 19.0293921 ], [ 73.0183638, 19.0291014 ], [ 73.0183638, 19.0291014 ], [ 73.0181535, 19.0291777 ], [ 73.0181535, 19.0291777 ], [ 73.0179055, 19.0285893 ], [ 73.0179055, 19.0285893 ], [ 73.0177223, 19.0280348 ] ], [ [ 73.0177223, 19.0280348 ], [ 73.0175775, 19.0278571 ], [ 73.0174407, 19.0276543 ], [ 73.0173549, 19.0274717 ], [ 73.0171682, 19.0269206 ], [ 73.0170423, 19.0264836 ], [ 73.0169518, 19.0260266 ] ], [ [ 73.0169518, 19.0260266 ], [ 73.0172438, 19.0252117 ] ], [ [ 73.0172438, 19.0252117 ], [ 73.0175371, 19.0245608 ], [ 73.0175371, 19.0245608 ], [ 73.0172394, 19.0242796 ] ], [ [ 73.0172394, 19.0242796 ], [ 73.0174397, 19.0239837 ] ], [ [ 73.0174397, 19.0239837 ], [ 73.0176395, 19.0237391 ], [ 73.0178619, 19.0239712 ] ], [ [ 73.0178619, 19.0239712 ], [ 73.0183914, 19.0245234 ], [ 73.0184225, 19.0245559 ], [ 73.0184225, 19.0245559 ], [ 73.0182033, 19.0247501 ] ], [ [ 73.0182033, 19.0247501 ], [ 73.017949, 19.0249753 ] ], [ [ 73.017949, 19.0249753 ], [ 73.0182064, 19.0251932 ], [ 73.018841, 19.024641 ] ], [ [ 73.018841, 19.024641 ], [ 73.0186126, 19.0243875 ], [ 73.0186126, 19.0243875 ], [ 73.01907, 19.0239825 ], [ 73.0191151, 19.0239425 ] ], [ [ 73.0191151, 19.0239425 ], [ 73.0195679, 19.0235414 ], [ 73.0195679, 19.0235414 ], [ 73.0198591, 19.0232835 ], [ 73.0198591, 19.0232835 ], [ 73.0199376, 19.0232964 ], [ 73.0199376, 19.0232964 ], [ 73.0205878, 19.0241077 ], [ 73.0207453, 19.0243042 ] ], [ [ 73.0207453, 19.0243042 ], [ 73.0209194, 19.0245211 ], [ 73.0209194, 19.0245211 ], [ 73.0208978, 19.0245633 ], [ 73.020892, 19.0246099 ], [ 73.0209027, 19.0246558 ], [ 73.0209286, 19.0246958 ], [ 73.0209286, 19.0246958 ], [ 73.0209553, 19.0247186 ], [ 73.020987, 19.0247347 ], [ 73.0210218, 19.0247433 ], [ 73.0210218, 19.0247433 ], [ 73.0210607, 19.0247434 ], [ 73.0210982, 19.024734 ] ], [ [ 73.0210982, 19.024734 ], [ 73.0213492, 19.0251007 ], [ 73.0214809, 19.0252933 ], [ 73.0217615, 19.0257033 ] ], [ [ 73.0217615, 19.0257033 ], [ 73.0218362, 19.0257445 ] ], [ [ 73.0218362, 19.0257445 ], [ 73.0219829, 19.0259178 ], [ 73.0221993, 19.0261996 ], [ 73.0224187, 19.0265105 ], [ 73.0226801, 19.0269405 ], [ 73.0226801, 19.0269405 ], [ 73.023332, 19.0267119 ], [ 73.0234263, 19.0266907 ], [ 73.0234263, 19.0266907 ], [ 73.023541, 19.0279332 ] ], [ [ 73.023541, 19.0279332 ], [ 73.0234263, 19.0266907 ], [ 73.0234263, 19.0266907 ], [ 73.0236883, 19.0266585 ], [ 73.0236883, 19.0266585 ], [ 73.0240412, 19.0266517 ] ], [ [ 73.0240412, 19.0266517 ], [ 73.0244532, 19.0266424 ], [ 73.0245915, 19.0266393 ], [ 73.0253481, 19.0266224 ], [ 73.0267816, 19.0265903 ], [ 73.027861, 19.0265661 ], [ 73.0279142, 19.0265649 ] ], [ [ 73.0279142, 19.0265649 ], [ 73.0280115, 19.0265627 ], [ 73.0280723, 19.0265613 ], [ 73.028124, 19.0265602 ], [ 73.028124, 19.0265602 ], [ 73.0282501, 19.0270675 ] ], [ [ 73.0282501, 19.0270675 ], [ 73.0289138, 19.0297555 ] ], [ [ 73.0289138, 19.0297555 ], [ 73.0290195, 19.0303016 ], [ 73.0290377, 19.0304741 ], [ 73.0290273, 19.0306542 ], [ 73.0289116, 19.031136 ] ], [ [ 73.0289116, 19.031136 ], [ 73.0288492, 19.0311196 ], [ 73.0286604, 19.0310698 ], [ 73.0286604, 19.0310698 ], [ 73.0287425, 19.03078 ], [ 73.0287703, 19.0305541 ], [ 73.0287703, 19.0303083 ], [ 73.0286629, 19.0297971 ] ], [ [ 73.0286629, 19.0297971 ], [ 73.0287703, 19.0303083 ], [ 73.0287703, 19.0305541 ], [ 73.0287425, 19.03078 ], [ 73.0286604, 19.0310698 ] ], [ [ 73.0286604, 19.0310698 ], [ 73.0288492, 19.0311196 ], [ 73.0289116, 19.031136 ], [ 73.0289116, 19.031136 ], [ 73.0290252, 19.0311675 ] ], [ [ 73.0290252, 19.0311675 ], [ 73.0289116, 19.031136 ] ] ] } },
{ "type": "Feature", "properties": { "point_ids": [ 3153, 7046, 1948, 5482, 5658, 8648, 5561, 7529, 7282, 6658, 2378, 2319, 2166, 9713, 8160, 5248, 8130, 7562, 6102, 6082, 4244, 4202, 2222, 1834, 361, 1777, 5386, 7629, 8212, 9009, 9307, 8979, 8886, 790, 8280, 6099, 3337, 1956, 1060, 1469, 7458, 219, 2538, 9453, 7720, 4980, 665, 6811, 1465, 1034, 4081, 9861, 8743, 8397, 8090, 698, 725, 2530, 2993, 2350, 1935, 3251, 9418, 5781, 5112, 708, 4978, 5764, 3534, 6408, 8959, 2736, 2692, 3720, 4461, 5620, 2508, 2753, 2181, 2629, 3861, 7095, 9402, 6872 ], "length_m": 19878.029280814982, "travel_time_min": 25.582815311778145, "n_points": 84, "route_id": 40, "cluster_id": 11 }, "geometry": { "type": "MultiLineString", "coordinates": [ [ [ 73.0289116, 19.031136 ], [ 73.0287948, 19.0316039 ], [ 73.0287861, 19.0318134 ], [ 73.0288194, 19.0320097 ], [ 73.0289041, 19.0321857 ], [ 73.0289645, 19.0322752 ], [ 73.0291042, 19.0324635 ] ], [ [ 73.0291042, 19.0324635 ], [ 73.0287846, 19.0327071 ] ], [ [ 73.0287846, 19.0327071 ], [ 73.0291042, 19.0324635 ] ], [ [ 73.0291042, 19.0324635 ], [ 73.029301, 19.0327289 ], [ 73.029301, 19.0327289 ], [ 73.0295035, 19.0329203 ], [ 73.029559, 19.0329635 ] ], [ [ 73.029559, 19.0329635 ], [ 73.0295282, 19.0331738 ] ], [ [ 73.0295282, 19.0331738 ], [ 73.02881, 19.0380805 ], [ 73.0288152, 19.0385131 ] ], [ [ 73.0288152, 19.0385131 ], [ 73.0283983, 19.0419479 ], [ 73.0283372, 19.0422144 ], [ 73.0282488, 19.0424738 ], [ 73.0281338, 19.0427238 ], [ 73.0279934, 19.0429618 ], [ 73.027829, 19.0431857 ], [ 73.0276394, 19.0433962 ], [ 73.0268267, 19.0442778 ], [ 73.0268267, 19.0442778 ], [ 73.0264154, 19.0446246 ], [ 73.0248713, 19.0463964 ], [ 73.0248713, 19.0463964 ], [ 73.0247654, 19.0465179 ], [ 73.0247654, 19.0465179 ], [ 73.0247211, 19.0465687 ], [ 73.0247211, 19.0465687 ], [ 73.0246295, 19.0466738 ], [ 73.0246295, 19.0466738 ], [ 73.0246289, 19.0467072 ], [ 73.0246353, 19.0467436 ], [ 73.0246483, 19.0467784 ], [ 73.0246676, 19.0468105 ], [ 73.0246925, 19.0468389 ], [ 73.0247224, 19.0468626 ], [ 73.0247563, 19.046881 ], [ 73.024793, 19.0468934 ], [ 73.0248315, 19.0468996 ], [ 73.024864, 19.0468993 ], [ 73.024864, 19.0468993 ], [ 73.0249065, 19.0468505 ], [ 73.0249065, 19.0468505 ], [ 73.0249529, 19.0467972 ], [ 73.0249529, 19.0467972 ], [ 73.0266722, 19.0448245 ], [ 73.0269699, 19.0443958 ], [ 73.0269699, 19.0443958 ], [ 73.0270368, 19.0443233 ], [ 73.0277834, 19.0435134 ], [ 73.0279798, 19.0432954 ], [ 73.0281549, 19.043057 ], [ 73.0283044, 19.0428035 ], [ 73.0284268, 19.0425373 ], [ 73.028521, 19.0422611 ], [ 73.0285859, 19.0419776 ], [ 73.0290039, 19.0385343 ] ], [ [ 73.0290039, 19.0385343 ], [ 73.0291395, 19.0381235 ], [ 73.0298779, 19.0330755 ], [ 73.0298779, 19.0330755 ], [ 73.0299755, 19.0331286 ], [ 73.0299994, 19.0331418 ] ], [ [ 73.0299994, 19.0331418 ], [ 73.0298988, 19.0329483 ] ], [ [ 73.0298988, 19.0329483 ], [ 73.0299095, 19.0328597 ], [ 73.0299816, 19.0324522 ], [ 73.0302346, 19.0306363 ], [ 73.0302572, 19.0305469 ], [ 73.030289, 19.0304601 ], [ 73.0303297, 19.0303768 ], [ 73.0303789, 19.0302976 ], [ 73.0304361, 19.0302234 ], [ 73.0305007, 19.0301549 ], [ 73.0305661, 19.0300801 ], [ 73.0306412, 19.03001 ], [ 73.0307158, 19.0299576 ], [ 73.0307961, 19.0299122 ], [ 73.0308923, 19.0298716 ], [ 73.03099, 19.0298432 ], [ 73.0310897, 19.0298202 ], [ 73.0311987, 19.0298037 ] ], [ [ 73.0311987, 19.0298037 ], [ 73.0313027, 19.0298146 ], [ 73.0314058, 19.0298289 ], [ 73.0315105, 19.0298535 ], [ 73.0321818, 19.0300259 ], [ 73.0323235, 19.0300623 ], [ 73.032473, 19.0300862 ], [ 73.0326242, 19.0300962 ], [ 73.0327757, 19.0300922 ], [ 73.032926, 19.0300741 ], [ 73.0330738, 19.0300423 ], [ 73.0332176, 19.029997 ], [ 73.033356, 19.0299386 ], [ 73.0334877, 19.0298677 ], [ 73.0336114, 19.029785 ], [ 73.0336766, 19.0297316 ], [ 73.0337273, 19.0296901 ], [ 73.0342482, 19.029133 ], [ 73.0345205, 19.0288627 ], [ 73.0348187, 19.0285764 ], [ 73.0371847, 19.0265043 ], [ 73.0373977, 19.0263148 ], [ 73.0379067, 19.025862 ], [ 73.0379067, 19.025862 ], [ 73.038079, 19.0256422 ], [ 73.0389362, 19.0249378 ], [ 73.039045, 19.0248489 ], [ 73.0402094, 19.0239116 ], [ 73.0402511, 19.0238921 ], [ 73.0403024, 19.0238821 ], [ 73.0403616, 19.023878 ], [ 73.04043, 19.0238772 ], [ 73.04043, 19.0238772 ], [ 73.0404786, 19.0239039 ], [ 73.0405119, 19.0239156 ], [ 73.0405119, 19.0239156 ], [ 73.040547, 19.0239198 ], [ 73.0405823, 19.0239163 ], [ 73.0406158, 19.0239053 ], [ 73.0406458, 19.0238874 ], [ 73.0406707, 19.0238635 ], [ 73.0406891, 19.0238348 ], [ 73.0407002, 19.023803 ], [ 73.0407002, 19.023803 ], [ 73.0406966, 19.0237528 ], [ 73.040684, 19.0237039 ], [ 73.040684, 19.0237039 ], [ 73.0406626, 19.0236578 ], [ 73.0406331, 19.0236159 ], [ 73.0406097, 19.0235927 ], [ 73.0406097, 19.0235927 ], [ 73.0405965, 19.0235795 ], [ 73.0405537, 19.0235495 ], [ 73.0405061, 19.023527 ], [ 73.0404695, 19.0235151 ], [ 73.040431, 19.0235123 ], [ 73.040431, 19.0235123 ], [ 73.0403929, 19.0235187 ], [ 73.0403578, 19.023534 ], [ 73.0403279, 19.0235571 ], [ 73.0403051, 19.0235867 ], [ 73.0402909, 19.0236207 ], [ 73.0402862, 19.023657 ], [ 73.0402862, 19.023657 ], [ 73.0402987, 19.0237088 ], [ 73.0402987, 19.0237088 ], [ 73.0402366, 19.0237862 ], [ 73.040188, 19.0238298 ], [ 73.0401546, 19.0238597 ], [ 73.0399579, 19.0240184 ], [ 73.0399579, 19.0240184 ], [ 73.038997, 19.0247931 ], [ 73.0388872, 19.0248829 ], [ 73.0380295, 19.0255877 ], [ 73.037783, 19.0257377 ], [ 73.037783, 19.0257377 ], [ 73.0372745, 19.02619 ], [ 73.037061, 19.02638 ], [ 73.0362675, 19.0270709 ], [ 73.0348427, 19.0283113 ], [ 73.034695, 19.0284399 ], [ 73.0343871, 19.0287347 ], [ 73.0341083, 19.0290114 ], [ 73.0335933, 19.0295621 ], [ 73.0334941, 19.0296433 ], [ 73.0333856, 19.0297159 ], [ 73.03327, 19.0297781 ], [ 73.0331486, 19.0298293 ], [ 73.0330225, 19.0298691 ], [ 73.0328929, 19.029897 ], [ 73.032761, 19.0299128 ], [ 73.0326281, 19.0299164 ], [ 73.0325385, 19.0299105 ], [ 73.0324955, 19.0299076 ], [ 73.0323644, 19.0298866 ], [ 73.0322316, 19.0298525 ], [ 73.0316117, 19.0296933 ], [ 73.0315584, 19.0296796 ], [ 73.0314426, 19.0296524 ], [ 73.031321, 19.0296356 ], [ 73.0311981, 19.0296301 ], [ 73.0311981, 19.0296301 ], [ 73.0310681, 19.0296219 ], [ 73.0309559, 19.0296298 ], [ 73.0308222, 19.0296545 ], [ 73.0307043, 19.0296876 ], [ 73.030588, 19.0297334 ], [ 73.0304634, 19.0297891 ], [ 73.0303604, 19.0298577 ], [ 73.0302635, 19.0299339 ], [ 73.030177, 19.0300257 ], [ 73.0301004, 19.030125 ], [ 73.0300346, 19.030231 ], [ 73.0299801, 19.0303426 ], [ 73.0299376, 19.0304587 ], [ 73.0299074, 19.0305781 ], [ 73.0296611, 19.0322645 ] ], [ [ 73.0296611, 19.0322645 ], [ 73.0296214, 19.0323478 ], [ 73.0295927, 19.032397 ], [ 73.0295791, 19.0324203 ], [ 73.0295599, 19.0324422 ], [ 73.0295374, 19.0324592 ], [ 73.0295088, 19.0324684 ], [ 73.0294802, 19.0324725 ], [ 73.0294478, 19.0324714 ], [ 73.0293961, 19.0324604 ], [ 73.0293447, 19.0324449 ], [ 73.0292897, 19.0324239 ], [ 73.0292007, 19.0323906 ] ], [ [ 73.0292007, 19.0323906 ], [ 73.0290701, 19.0322164 ], [ 73.0290097, 19.0321358 ], [ 73.028935, 19.0319788 ], [ 73.028903, 19.0318023 ], [ 73.0289131, 19.0316148 ], [ 73.0290252, 19.0311675 ] ], [ [ 73.0290252, 19.0311675 ], [ 73.0291504, 19.0306675 ], [ 73.0291576, 19.0304832 ], [ 73.0291486, 19.0303027 ], [ 73.0290312, 19.0297352 ] ], [ [ 73.0290312, 19.0297352 ], [ 73.0283637, 19.027046 ], [ 73.0283637, 19.027046 ], [ 73.0281102, 19.0260025 ], [ 73.0277115, 19.0244157 ], [ 73.0276919, 19.024286 ], [ 73.0276919, 19.0241586 ], [ 73.0277285, 19.0238722 ], [ 73.0277471, 19.0237271 ] ], [ [ 73.0277471, 19.0237271 ], [ 73.0279071, 19.0225217 ], [ 73.0279943, 19.0218844 ], [ 73.0280018, 19.0218296 ], [ 73.0280018, 19.0218296 ], [ 73.0283067, 19.0218425 ] ], [ [ 73.0283067, 19.0218425 ], [ 73.0283171, 19.0217402 ], [ 73.0283171, 19.0217402 ], [ 73.0283554, 19.021375 ], [ 73.0283918, 19.0210327 ], [ 73.0283961, 19.0209928 ], [ 73.0283961, 19.0209928 ], [ 73.0285371, 19.0207199 ], [ 73.0288889, 19.0199694 ], [ 73.0289519, 19.0198322 ], [ 73.0290229, 19.0197264 ], [ 73.0290941, 19.0196633 ], [ 73.0291208, 19.0196396 ], [ 73.0292502, 19.0196141 ], [ 73.0293931, 19.0196357 ], [ 73.0294494, 19.0196766 ], [ 73.0294825, 19.0197007 ], [ 73.0295553, 19.0198209 ], [ 73.0295798, 19.0199368 ], [ 73.0296287, 19.0203964 ], [ 73.0296935, 19.0210051 ], [ 73.0296935, 19.0210051 ], [ 73.0296958, 19.0213107 ], [ 73.0296769, 19.0216296 ], [ 73.0296533, 19.0218392 ], [ 73.0295314, 19.0221477 ], [ 73.0294258, 19.0224058 ], [ 73.0293614, 19.0225631 ], [ 73.0293336, 19.0226311 ], [ 73.0293041, 19.0227756 ], [ 73.0293084, 19.0228049 ], [ 73.0293229, 19.0229024 ], [ 73.0293912, 19.0230396 ], [ 73.0296207, 19.0232967 ], [ 73.0300213, 19.0237641 ], [ 73.0300713, 19.0238165 ], [ 73.0301437, 19.0238495 ], [ 73.0302344, 19.0238527 ], [ 73.030326, 19.0237997 ], [ 73.0303542, 19.0237202 ], [ 73.0303583, 19.023653 ], [ 73.0302895, 19.023379 ], [ 73.0302368, 19.0231965 ], [ 73.0301759, 19.023014 ], [ 73.0301571, 19.0228365 ], [ 73.0301754, 19.0226936 ], [ 73.0302243, 19.0225595 ], [ 73.0302629, 19.0224536 ], [ 73.0303073, 19.0223319 ], [ 73.0304305, 19.0221122 ], [ 73.0305688, 19.0220184 ], [ 73.0307475, 19.0219913 ], [ 73.0309349, 19.0220463 ], [ 73.0310776, 19.0221437 ], [ 73.0312648, 19.0223366 ], [ 73.0313839, 19.0225581 ], [ 73.0314075, 19.022691 ], [ 73.0315599, 19.0234121 ] ], [ [ 73.0315599, 19.0234121 ], [ 73.0317881, 19.0241236 ] ], [ [ 73.0317881, 19.0241236 ], [ 73.0311072, 19.0243346 ] ], [ [ 73.0311072, 19.0243346 ], [ 73.0317881, 19.0241236 ] ], [ [ 73.0317881, 19.0241236 ], [ 73.0315599, 19.0234121 ], [ 73.0315599, 19.0234121 ], [ 73.0314895, 19.0235198 ], [ 73.0314295, 19.0235905 ], [ 73.0313099, 19.0236968 ], [ 73.0311949, 19.0237747 ], [ 73.0311435, 19.0237881 ], [ 73.0310945, 19.0237796 ], [ 73.0310568, 19.0237588 ], [ 73.03104, 19.0237205 ], [ 73.0310124, 19.0227021 ] ], [ [ 73.0310124, 19.0227021 ], [ 73.03104, 19.0237205 ], [ 73.0310568, 19.0237588 ], [ 73.0310945, 19.0237796 ], [ 73.0311435, 19.0237881 ], [ 73.0311949, 19.0237747 ], [ 73.0313099, 19.0236968 ], [ 73.0314295, 19.0235905 ], [ 73.0314895, 19.0235198 ], [ 73.0315599, 19.0234121 ], [ 73.0315599, 19.0234121 ], [ 73.0314075, 19.022691 ], [ 73.0313839, 19.0225581 ], [ 73.0312648, 19.0223366 ], [ 73.0310776, 19.0221437 ], [ 73.0309349, 19.0220463 ], [ 73.0307475, 19.0219913 ], [ 73.0305688, 19.0220184 ], [ 73.0304305, 19.0221122 ], [ 73.0303073, 19.0223319 ], [ 73.0302629, 19.0224536 ], [ 73.0302243, 19.0225595 ], [ 73.0301754, 19.0226936 ], [ 73.0301571, 19.0228365 ], [ 73.0301759, 19.023014 ], [ 73.0302368, 19.0231965 ], [ 73.0302895, 19.023379 ], [ 73.0303583, 19.023653 ], [ 73.0303542, 19.0237202 ], [ 73.030326, 19.0237997 ], [ 73.0302344, 19.0238527 ], [ 73.0301437, 19.0238495 ], [ 73.0300713, 19.0238165 ], [ 73.0300213, 19.0237641 ], [ 73.0296207, 19.0232967 ], [ 73.0293912, 19.0230396 ], [ 73.0293229, 19.0229024 ], [ 73.0293084, 19.0228049 ], [ 73.0293041, 19.0227756 ], [ 73.0293336, 19.0226311 ], [ 73.0293614, 19.0225631 ], [ 73.0294258, 19.0224058 ], [ 73.0295314, 19.0221477 ], [ 73.0296533, 19.0218392 ], [ 73.0296769, 19.0216296 ], [ 73.0296958, 19.0213107 ], [ 73.0296935, 19.0210051 ], [ 73.0296935, 19.0210051 ], [ 73.0296287, 19.0203964 ], [ 73.0295798, 19.0199368 ], [ 73.0295553, 19.0198209 ], [ 73.0294825, 19.0197007 ], [ 73.0294494, 19.0196766 ], [ 73.0293931, 19.0196357 ], [ 73.0292502, 19.0196141 ], [ 73.0291208, 19.0196396 ], [ 73.0290941, 19.0196633 ], [ 73.0290229, 19.0197264 ], [ 73.0289519, 19.0198322 ], [ 73.0288889, 19.0199694 ], [ 73.0285371, 19.0207199 ], [ 73.0283961, 19.0209928 ], [ 73.0283961, 19.0209928 ], [ 73.028339, 19.0210955 ], [ 73.0283215, 19.021127 ], [ 73.0282765, 19.021208 ], [ 73.028249, 19.0213097 ], [ 73.0282454, 19.0213362 ], [ 73.0282347, 19.0214159 ], [ 73.0282151, 19.0215205 ], [ 73.0281894, 19.0215652 ], [ 73.0281711, 19.0215967 ], [ 73.0281061, 19.0216594 ], [ 73.0280539, 19.021702 ], [ 73.0280151, 19.0217272 ], [ 73.0280151, 19.0217272 ], [ 73.027886, 19.021722 ], [ 73.027886, 19.021722 ], [ 73.027828, 19.0217198 ], [ 73.0275764, 19.0217082 ], [ 73.0275236, 19.0217082 ], [ 73.0274797, 19.021715 ], [ 73.0274358, 19.0217328 ], [ 73.0274358, 19.0217328 ], [ 73.0273612, 19.0217818 ], [ 73.0265068, 19.0224219 ], [ 73.0255627, 19.0231381 ], [ 73.025366, 19.0232776 ], [ 73.0252032, 19.0233684 ] ], [ [ 73.0252032, 19.0233684 ], [ 73.0249903, 19.0234706 ], [ 73.0247778, 19.0235552 ], [ 73.0242167, 19.0236996 ], [ 73.0242167, 19.0236996 ], [ 73.0239297, 19.023779 ], [ 73.0239297, 19.023779 ], [ 73.023383, 19.0239232 ], [ 73.0233062, 19.0239432 ], [ 73.0231735, 19.0239833 ], [ 73.0231735, 19.0239833 ], [ 73.0231586, 19.0239382 ], [ 73.0231298, 19.0238423 ], [ 73.0231298, 19.0238423 ], [ 73.0230704, 19.0236638 ], [ 73.0229264, 19.0231367 ], [ 73.0228073, 19.0227694 ], [ 73.0227544, 19.0226216 ], [ 73.0226477, 19.0223562 ], [ 73.0225913, 19.0222497 ], [ 73.0225196, 19.0221308 ], [ 73.0224833, 19.0220733 ], [ 73.0224468, 19.0220196 ], [ 73.0224013, 19.0219586 ], [ 73.0223588, 19.0219081 ], [ 73.0216472, 19.0211752 ], [ 73.0184314, 19.0178964 ], [ 73.0177805, 19.0172336 ], [ 73.017648, 19.0170687 ], [ 73.017648, 19.0170687 ], [ 73.0176424, 19.0170458 ], [ 73.0176424, 19.0170458 ], [ 73.0176309, 19.0170249 ], [ 73.0176309, 19.0170249 ], [ 73.0176116, 19.0170053 ], [ 73.017587, 19.0169916 ], [ 73.0175583, 19.016985 ], [ 73.017531, 19.0169864 ], [ 73.017531, 19.0169864 ], [ 73.0175015, 19.0169966 ], [ 73.0174768, 19.017015 ], [ 73.0174596, 19.0170399 ], [ 73.0174515, 19.0170686 ], [ 73.0174515, 19.0170686 ], [ 73.0174525, 19.0170942 ], [ 73.0174608, 19.0171186 ], [ 73.0174758, 19.0171399 ], [ 73.0174964, 19.0171566 ], [ 73.0174964, 19.0171566 ], [ 73.0175117, 19.0171642 ], [ 73.0175117, 19.0171642 ], [ 73.017625, 19.0173688 ], [ 73.017625, 19.0173688 ], [ 73.0184579, 19.018224 ], [ 73.0184579, 19.018224 ], [ 73.0191475, 19.0189321 ], [ 73.0191475, 19.0189321 ], [ 73.0199371, 19.0197429 ], [ 73.0199371, 19.0197429 ], [ 73.0198853, 19.0197884 ], [ 73.0197444, 19.0199022 ], [ 73.0197113, 19.0199243 ], [ 73.0196781, 19.01994 ], [ 73.0196376, 19.0199508 ], [ 73.0195993, 19.0199559 ], [ 73.0189536, 19.0199681 ], [ 73.0188543, 19.0199782 ], [ 73.0187548, 19.0199998 ], [ 73.0186668, 19.020048 ], [ 73.0185885, 19.0201073 ], [ 73.0183215, 19.0203499 ], [ 73.0182687, 19.020398 ], [ 73.0180886, 19.0205616 ], [ 73.0179827, 19.0206578 ], [ 73.0177137, 19.0209024 ], [ 73.0177137, 19.0209024 ], [ 73.017657, 19.0209539 ], [ 73.017657, 19.0209539 ], [ 73.0171892, 19.0213792 ], [ 73.0162079, 19.022271 ], [ 73.0162079, 19.022271 ], [ 73.0153598, 19.0230881 ], [ 73.0153598, 19.0230881 ], [ 73.0152826, 19.0231621 ], [ 73.0152826, 19.0231621 ], [ 73.0148998, 19.02351 ], [ 73.0138748, 19.0244416 ], [ 73.0138748, 19.0244416 ], [ 73.0139107, 19.0245252 ], [ 73.0139107, 19.0245252 ], [ 73.013996, 19.0246132 ], [ 73.0148911, 19.0255055 ], [ 73.0151311, 19.0257439 ], [ 73.0151311, 19.0257439 ], [ 73.0152485, 19.0258726 ], [ 73.0156495, 19.026312 ], [ 73.0157314, 19.0264128 ], [ 73.0158108, 19.026523 ], [ 73.0158904, 19.0266538 ], [ 73.0159811, 19.0268126 ], [ 73.0160671, 19.0269749 ], [ 73.0161334, 19.0271192 ], [ 73.0161957, 19.0272685 ], [ 73.0162654, 19.0274475 ], [ 73.0164505, 19.0279226 ], [ 73.0166298, 19.0283829 ], [ 73.0166298, 19.0283829 ], [ 73.0166969, 19.0283593 ] ], [ [ 73.0166969, 19.0283593 ], [ 73.0166298, 19.0283829 ], [ 73.0166298, 19.0283829 ], [ 73.0166461, 19.0284247 ], [ 73.0169151, 19.029115 ], [ 73.0169555, 19.0292272 ], [ 73.0169934, 19.0293414 ], [ 73.0170115, 19.0294389 ], [ 73.0170245, 19.0295339 ], [ 73.0170261, 19.0296142 ], [ 73.0170179, 19.0299485 ], [ 73.016977, 19.0316062 ], [ 73.0169813, 19.0318895 ], [ 73.0169813, 19.0318895 ], [ 73.017025, 19.0325978 ], [ 73.017025, 19.0325978 ], [ 73.017096, 19.0325927 ] ], [ [ 73.017096, 19.0325927 ], [ 73.0170663, 19.0321105 ], [ 73.0170526, 19.0318888 ] ], [ [ 73.0170526, 19.0318888 ], [ 73.0169813, 19.0318895 ] ], [ [ 73.0169813, 19.0318895 ], [ 73.0165391, 19.0319235 ], [ 73.0161358, 19.0319572 ], [ 73.0160683, 19.0319653 ], [ 73.0159846, 19.0319754 ], [ 73.0159846, 19.0319754 ], [ 73.0159146, 19.0319839 ], [ 73.0158488, 19.0320054 ], [ 73.0157831, 19.0321094 ], [ 73.0156998, 19.0326102 ], [ 73.0156998, 19.0326102 ], [ 73.0156745, 19.0328219 ], [ 73.0156584, 19.0328662 ], [ 73.0156302, 19.0328954 ], [ 73.0155861, 19.0329157 ], [ 73.0155861, 19.0329157 ], [ 73.0155596, 19.0328646 ], [ 73.0155296, 19.032817 ], [ 73.0154866, 19.0327766 ], [ 73.0154288, 19.0327563 ], [ 73.015376, 19.0327618 ], [ 73.015332, 19.03278 ], [ 73.0147591, 19.0331442 ], [ 73.0147357, 19.0331591 ], [ 73.0146901, 19.0331762 ], [ 73.0146392, 19.0331788 ], [ 73.0145862, 19.0331591 ], [ 73.0145533, 19.0331242 ], [ 73.0145439, 19.0330691 ], [ 73.0145497, 19.0326278 ], [ 73.0145497, 19.0326278 ], [ 73.0145526, 19.0323809 ], [ 73.0145654, 19.0312969 ], [ 73.0145666, 19.0309286 ], [ 73.0145666, 19.0309286 ], [ 73.014591, 19.0299126 ], [ 73.014598, 19.0298379 ], [ 73.0146175, 19.0297757 ], [ 73.0146552, 19.029724 ], [ 73.0147029, 19.0296817 ], [ 73.0147489, 19.0296327 ], [ 73.0147927, 19.0295755 ], [ 73.0148193, 19.0295165 ], [ 73.0148384, 19.0294478 ], [ 73.0148455, 19.0293986 ], [ 73.0148485, 19.0293456 ], [ 73.0148495, 19.0292761 ], [ 73.0148352, 19.0292117 ], [ 73.0148047, 19.0291512 ], [ 73.0147273, 19.0290571 ], [ 73.0145885, 19.0289615 ] ], [ [ 73.0145885, 19.0289615 ], [ 73.013994, 19.0283633 ], [ 73.013994, 19.0283633 ], [ 73.013059, 19.0273749 ], [ 73.0129987, 19.027311 ], [ 73.0129541, 19.0272692 ], [ 73.012907, 19.0272392 ], [ 73.0128568, 19.027222 ], [ 73.0127948, 19.0272098 ], [ 73.0127232, 19.0272025 ], [ 73.0120245, 19.0272455 ] ], [ [ 73.0120245, 19.0272455 ], [ 73.0119924, 19.0264469 ], [ 73.0120218, 19.0263007 ] ], [ [ 73.0120218, 19.0263007 ], [ 73.0120742, 19.0261937 ], [ 73.0121688, 19.0260678 ], [ 73.0122543, 19.0259745 ], [ 73.0139107, 19.0245252 ] ], [ [ 73.0139107, 19.0245252 ], [ 73.013996, 19.0246132 ], [ 73.0148911, 19.0255055 ], [ 73.0151311, 19.0257439 ] ], [ [ 73.0151311, 19.0257439 ], [ 73.0151843, 19.0256954 ] ], [ [ 73.0151843, 19.0256954 ], [ 73.0140493, 19.0245647 ], [ 73.0139624, 19.0244781 ], [ 73.0139624, 19.0244781 ], [ 73.0151626, 19.0233855 ], [ 73.0153836, 19.0231843 ], [ 73.0153836, 19.0231843 ], [ 73.0162811, 19.0223435 ], [ 73.0162811, 19.0223435 ], [ 73.0164632, 19.0221781 ], [ 73.0166374, 19.0220198 ], [ 73.016655, 19.0220038 ], [ 73.0171678, 19.021538 ], [ 73.0177293, 19.021028 ], [ 73.0177293, 19.021028 ], [ 73.017786, 19.0209765 ], [ 73.017786, 19.0209765 ], [ 73.0182502, 19.0205549 ], [ 73.0183431, 19.0204705 ], [ 73.0184576, 19.0203665 ], [ 73.0186611, 19.0201817 ], [ 73.0187221, 19.0201347 ], [ 73.018792, 19.0200948 ], [ 73.0188799, 19.0200765 ], [ 73.0189223, 19.0200724 ], [ 73.0189555, 19.0200693 ], [ 73.019052, 19.0200677 ], [ 73.0194914, 19.0200592 ], [ 73.0196011, 19.0200571 ], [ 73.0196608, 19.0200496 ], [ 73.0197157, 19.0200348 ], [ 73.0197157, 19.0200348 ], [ 73.0197639, 19.0200124 ], [ 73.0198154, 19.0199779 ], [ 73.0199625, 19.0198669 ], [ 73.0200143, 19.0198214 ], [ 73.0200143, 19.0198214 ], [ 73.020131, 19.0197188 ], [ 73.0202476, 19.0196162 ], [ 73.0202476, 19.0196162 ], [ 73.0201704, 19.0195378 ], [ 73.0201704, 19.0195378 ], [ 73.0178527, 19.0171715 ], [ 73.0178527, 19.0171715 ], [ 73.0176424, 19.0170458 ], [ 73.0176424, 19.0170458 ], [ 73.0176309, 19.0170249 ], [ 73.0176309, 19.0170249 ], [ 73.0176116, 19.0170053 ], [ 73.017587, 19.0169916 ], [ 73.0175583, 19.016985 ], [ 73.017531, 19.0169864 ], [ 73.017531, 19.0169864 ], [ 73.0175015, 19.0169966 ], [ 73.0174768, 19.017015 ], [ 73.0174596, 19.0170399 ], [ 73.0174515, 19.0170686 ], [ 73.0174515, 19.0170686 ], [ 73.0174525, 19.0170942 ], [ 73.0174608, 19.0171186 ], [ 73.0174758, 19.0171399 ], [ 73.0174964, 19.0171566 ], [ 73.0174964, 19.0171566 ], [ 73.0175117, 19.0171642 ], [ 73.0175117, 19.0171642 ], [ 73.0175282, 19.0171691 ], [ 73.0175282, 19.0171691 ], [ 73.0176949, 19.0173087 ], [ 73.0183435, 19.0179691 ], [ 73.0201657, 19.0198246 ], [ 73.0213723, 19.0210555 ], [ 73.0215612, 19.0212496 ], [ 73.0222691, 19.0219787 ], [ 73.0223099, 19.022027 ], [ 73.0223502, 19.0220813 ], [ 73.0223852, 19.022133 ], [ 73.02242, 19.0221881 ], [ 73.0224882, 19.0223013 ], [ 73.0225418, 19.0224023 ], [ 73.0226457, 19.0226617 ], [ 73.0226962, 19.0228029 ], [ 73.0228157, 19.0231712 ], [ 73.02296, 19.0237004 ], [ 73.0229914, 19.0238196 ], [ 73.0230315, 19.0239641 ], [ 73.023049, 19.0240176 ], [ 73.023049, 19.0240176 ], [ 73.0230763, 19.0241057 ] ], [ [ 73.0230763, 19.0241057 ], [ 73.023197, 19.0240722 ], [ 73.023197, 19.0240722 ], [ 73.0231735, 19.0239833 ], [ 73.0231735, 19.0239833 ], [ 73.0231586, 19.0239382 ], [ 73.0231298, 19.0238423 ] ] ] } },
{ "type": "Feature", "properties": { "point_ids": [ 6263, 9992, 8052, 7153, 5326, 3694, 3615, 3056, 4608, 3841, 4389, 5244, 8852, 271, 1608, 6483, 6557, 8666, 7297, 1479, 9115, 7821 ], "length_m": 4125.1631543840567, "travel_time_min": 7.9916078948052647, "n_points": 22, "route_id": 41, "cluster_id": 11 }, "geometry": { "type": "MultiLineString", "coordinates": [ [ [ 73.0231298, 19.0238423 ], [ 73.0231395, 19.0237721 ], [ 73.0231625, 19.0236043 ], [ 73.0230193, 19.0231076 ], [ 73.0229005, 19.0227412 ], [ 73.0228454, 19.0225878 ], [ 73.0227366, 19.0223173 ], [ 73.0227366, 19.0223173 ], [ 73.0233649, 19.0217993 ] ], [ [ 73.0233649, 19.0217993 ], [ 73.0230373, 19.0206507 ], [ 73.0229709, 19.0204387 ], [ 73.0229111, 19.0202847 ], [ 73.022836, 19.0201465 ], [ 73.0228103, 19.0201164 ], [ 73.0227905, 19.0200931 ], [ 73.0227905, 19.0200931 ], [ 73.0230249, 19.0198763 ], [ 73.0232493, 19.0196824 ], [ 73.0232493, 19.0196824 ], [ 73.0239913, 19.0190321 ] ], [ [ 73.0239913, 19.0190321 ], [ 73.0240079, 19.0190507 ], [ 73.0243054, 19.0193833 ], [ 73.0246151, 19.0197295 ] ], [ [ 73.0246151, 19.0197295 ], [ 73.0236449, 19.0204676 ], [ 73.0236449, 19.0204676 ], [ 73.0236868, 19.020604 ], [ 73.0237477, 19.0207947 ], [ 73.0238592, 19.0210475 ], [ 73.0240227, 19.021409 ] ], [ [ 73.0240227, 19.021409 ], [ 73.0242933, 19.0217258 ], [ 73.0243439, 19.0217851 ], [ 73.0243716, 19.0218242 ], [ 73.0243906, 19.0218585 ], [ 73.0243906, 19.0218585 ], [ 73.0245931, 19.0222231 ], [ 73.024626, 19.0222823 ], [ 73.0247953, 19.0226 ], [ 73.0247953, 19.0226 ], [ 73.0248882, 19.0227748 ], [ 73.0249271, 19.0228479 ], [ 73.0250105, 19.0230048 ], [ 73.0250234, 19.023029 ], [ 73.0251899, 19.0233423 ], [ 73.0252032, 19.0233684 ], [ 73.0252032, 19.0233684 ], [ 73.0249903, 19.0234706 ], [ 73.0247778, 19.0235552 ], [ 73.0242167, 19.0236996 ], [ 73.0242167, 19.0236996 ], [ 73.023348, 19.0206284 ] ], [ [ 73.023348, 19.0206284 ], [ 73.0242167, 19.0236996 ] ], [ [ 73.0242167, 19.0236996 ], [ 73.0239297, 19.023779 ], [ 73.0239297, 19.023779 ], [ 73.023383, 19.0239232 ], [ 73.0233062, 19.0239432 ], [ 73.0231735, 19.0239833 ], [ 73.0231735, 19.0239833 ], [ 73.023049, 19.0240176 ], [ 73.023049, 19.0240176 ], [ 73.0230763, 19.0241057 ], [ 73.0230763, 19.0241057 ], [ 73.023197, 19.0240722 ], [ 73.023197, 19.0240722 ], [ 73.0235158, 19.0239863 ], [ 73.0239555, 19.0238702 ] ], [ [ 73.0239555, 19.0238702 ], [ 73.0242728, 19.0237864 ], [ 73.0243149, 19.0237753 ] ], [ [ 73.0243149, 19.0237753 ], [ 73.0247377, 19.0236637 ], [ 73.0248046, 19.0236461 ], [ 73.02503, 19.0235572 ], [ 73.0252487, 19.0234577 ], [ 73.0252487, 19.0234577 ], [ 73.0254236, 19.0233602 ], [ 73.0256268, 19.0232161 ], [ 73.0272822, 19.0219632 ] ], [ [ 73.0272822, 19.0219632 ], [ 73.027363, 19.0219453 ], [ 73.0274304, 19.021935 ], [ 73.0275131, 19.021936 ], [ 73.0275823, 19.0219523 ], [ 73.0276494, 19.0219884 ], [ 73.0277172, 19.0220438 ], [ 73.0277542, 19.0221015 ], [ 73.0277658, 19.022118 ], [ 73.0278164, 19.0222341 ] ], [ [ 73.0278164, 19.0222341 ], [ 73.0277764, 19.0225419 ], [ 73.0275731, 19.0241518 ], [ 73.0275731, 19.0242939 ], [ 73.0275947, 19.0244365 ], [ 73.027991, 19.0260251 ], [ 73.028124, 19.0265602 ], [ 73.028124, 19.0265602 ], [ 73.0280723, 19.0265613 ], [ 73.0280115, 19.0265627 ], [ 73.0279142, 19.0265649 ], [ 73.0279142, 19.0265649 ], [ 73.027861, 19.0265661 ], [ 73.0267816, 19.0265903 ], [ 73.0253481, 19.0266224 ], [ 73.0245915, 19.0266393 ], [ 73.0244532, 19.0266424 ], [ 73.0240412, 19.0266517 ], [ 73.0240412, 19.0266517 ], [ 73.0236883, 19.0266585 ], [ 73.0236883, 19.0266585 ], [ 73.0234263, 19.0266907 ], [ 73.0234263, 19.0266907 ], [ 73.023332, 19.0267119 ], [ 73.0226801, 19.0269405 ] ], [ [ 73.0226801, 19.0269405 ], [ 73.0227714, 19.0271582 ], [ 73.0228514, 19.027381 ], [ 73.022911, 19.0275707 ], [ 73.022911, 19.0275707 ], [ 73.0230099, 19.0279966 ], [ 73.0230667, 19.0284404 ], [ 73.0230605, 19.0289514 ], [ 73.0229981, 19.0294536 ] ] ] } }
]
}
