filename,filepath,folder_name,relative_folder_path,frame_number,frame_time_seconds,frame_time_hhmmss,video_name,video_fps,video_duration,source_video_path
Test_drive_3_frame00000_t000000_000.jpg,video_frames/Test_drive_3_frame00000_t000000_000.jpg,,video_frames,0,0.0,00:00:00.000,Test_drive_3,29.97002997002997,714.0800333333333,../vids/Test_drive_3.MP4
Test_drive_3_frame01000_t000033_366.jpg,video_frames/Test_drive_3_frame01000_t000033_366.jpg,,video_frames,1000,33.36666666666667,00:00:33.366,Test_drive_3,29.97002997002997,714.0800333333333,../vids/Test_drive_3.MP4
Test_drive_3_frame02000_t000106_733.jpg,video_frames/Test_drive_3_frame02000_t000106_733.jpg,,video_frames,2000,66.73333333333333,00:01:06.733,Test_drive_3,29.97002997002997,714.0800333333333,../vids/Test_drive_3.MP4
Test_drive_3_frame03000_t000140_100.jpg,video_frames/Test_drive_3_frame03000_t000140_100.jpg,,video_frames,3000,100.1,00:01:40.100,Test_drive_3,29.97002997002997,714.0800333333333,../vids/Test_drive_3.MP4
Test_drive_3_frame04000_t000213_466.jpg,video_frames/Test_drive_3_frame04000_t000213_466.jpg,,video_frames,4000,133.46666666666667,00:02:13.466,Test_drive_3,29.97002997002997,714.0800333333333,../vids/Test_drive_3.MP4
Test_drive_3_frame05000_t000246_833.jpg,video_frames/Test_drive_3_frame05000_t000246_833.jpg,,video_frames,5000,166.83333333333334,00:02:46.833,Test_drive_3,29.97002997002997,714.0800333333333,../vids/Test_drive_3.MP4
Test_drive_3_frame06000_t000320_200.jpg,video_frames/Test_drive_3_frame06000_t000320_200.jpg,,video_frames,6000,200.2,00:03:20.200,Test_drive_3,29.97002997002997,714.0800333333333,../vids/Test_drive_3.MP4
Test_drive_3_frame07000_t000353_566.jpg,video_frames/Test_drive_3_frame07000_t000353_566.jpg,,video_frames,7000,233.56666666666663,00:03:53.566,Test_drive_3,29.97002997002997,714.0800333333333,../vids/Test_drive_3.MP4
Test_drive_3_frame08000_t000426_933.jpg,video_frames/Test_drive_3_frame08000_t000426_933.jpg,,video_frames,8000,266.93333333333334,00:04:26.933,Test_drive_3,29.97002997002997,714.0800333333333,../vids/Test_drive_3.MP4
Test_drive_3_frame09000_t000500_300.jpg,video_frames/Test_drive_3_frame09000_t000500_300.jpg,,video_frames,9000,300.3,00:05:00.300,Test_drive_3,29.97002997002997,714.0800333333333,../vids/Test_drive_3.MP4
Test_drive_3_frame10000_t000533_666.jpg,video_frames/Test_drive_3_frame10000_t000533_666.jpg,,video_frames,10000,333.6666666666667,00:05:33.666,Test_drive_3,29.97002997002997,714.0800333333333,../vids/Test_drive_3.MP4
Test_drive_3_frame11000_t000607_033.jpg,video_frames/Test_drive_3_frame11000_t000607_033.jpg,,video_frames,11000,367.03333333333336,00:06:07.033,Test_drive_3,29.97002997002997,714.0800333333333,../vids/Test_drive_3.MP4
Test_drive_3_frame12000_t000640_400.jpg,video_frames/Test_drive_3_frame12000_t000640_400.jpg,,video_frames,12000,400.4,00:06:40.400,Test_drive_3,29.97002997002997,714.0800333333333,../vids/Test_drive_3.MP4
Test_drive_3_frame13000_t000713_766.jpg,video_frames/Test_drive_3_frame13000_t000713_766.jpg,,video_frames,13000,433.76666666666665,00:07:13.766,Test_drive_3,29.97002997002997,714.0800333333333,../vids/Test_drive_3.MP4
Test_drive_3_frame14000_t000747_133.jpg,video_frames/Test_drive_3_frame14000_t000747_133.jpg,,video_frames,14000,467.1333333333333,00:07:47.133,Test_drive_3,29.97002997002997,714.0800333333333,../vids/Test_drive_3.MP4
Test_drive_3_frame15000_t000820_500.jpg,video_frames/Test_drive_3_frame15000_t000820_500.jpg,,video_frames,15000,500.5,00:08:20.500,Test_drive_3,29.97002997002997,714.0800333333333,../vids/Test_drive_3.MP4
Test_drive_3_frame16000_t000853_866.jpg,video_frames/Test_drive_3_frame16000_t000853_866.jpg,,video_frames,16000,533.8666666666667,00:08:53.866,Test_drive_3,29.97002997002997,714.0800333333333,../vids/Test_drive_3.MP4
Test_drive_3_frame17000_t000927_233.jpg,video_frames/Test_drive_3_frame17000_t000927_233.jpg,,video_frames,17000,567.2333333333333,00:09:27.233,Test_drive_3,29.97002997002997,714.0800333333333,../vids/Test_drive_3.MP4
Test_drive_3_frame18000_t001000_600.jpg,video_frames/Test_drive_3_frame18000_t001000_600.jpg,,video_frames,18000,600.6,00:10:00.600,Test_drive_3,29.97002997002997,714.0800333333333,../vids/Test_drive_3.MP4
Test_drive_3_frame19000_t001033_966.jpg,video_frames/Test_drive_3_frame19000_t001033_966.jpg,,video_frames,19000,633.9666666666667,00:10:33.966,Test_drive_3,29.97002997002997,714.0800333333333,../vids/Test_drive_3.MP4
Test_drive_3_frame20000_t001107_333.jpg,video_frames/Test_drive_3_frame20000_t001107_333.jpg,,video_frames,20000,667.3333333333334,00:11:07.333,Test_drive_3,29.97002997002997,714.0800333333333,../vids/Test_drive_3.MP4
Test_drive_3_frame21000_t001140_700.jpg,video_frames/Test_drive_3_frame21000_t001140_700.jpg,,video_frames,21000,700.7,00:11:40.700,Test_drive_3,29.97002997002997,714.0800333333333,../vids/Test_drive_3.MP4
itinerary_1_1_frame00000_t000000_000.jpg,video_frames/day1_3_27/itinerary_1_1_frame00000_t000000_000.jpg,day1_3_27,video_frames/day1_3_27,0,0.0,00:00:00.000,itinerary_1_1,29.97002997002997,602.1348666666667,../vids/day1_3_27/itinerary_1_1.MP4
itinerary_1_1_frame01000_t000033_366.jpg,video_frames/day1_3_27/itinerary_1_1_frame01000_t000033_366.jpg,day1_3_27,video_frames/day1_3_27,1000,33.36666666666667,00:00:33.366,itinerary_1_1,29.97002997002997,602.1348666666667,../vids/day1_3_27/itinerary_1_1.MP4
itinerary_1_1_frame02000_t000106_733.jpg,video_frames/day1_3_27/itinerary_1_1_frame02000_t000106_733.jpg,day1_3_27,video_frames/day1_3_27,2000,66.73333333333333,00:01:06.733,itinerary_1_1,29.97002997002997,602.1348666666667,../vids/day1_3_27/itinerary_1_1.MP4
itinerary_1_1_frame03000_t000140_100.jpg,video_frames/day1_3_27/itinerary_1_1_frame03000_t000140_100.jpg,day1_3_27,video_frames/day1_3_27,3000,100.1,00:01:40.100,itinerary_1_1,29.97002997002997,602.1348666666667,../vids/day1_3_27/itinerary_1_1.MP4
itinerary_1_1_frame04000_t000213_466.jpg,video_frames/day1_3_27/itinerary_1_1_frame04000_t000213_466.jpg,day1_3_27,video_frames/day1_3_27,4000,133.46666666666667,00:02:13.466,itinerary_1_1,29.97002997002997,602.1348666666667,../vids/day1_3_27/itinerary_1_1.MP4
itinerary_1_1_frame05000_t000246_833.jpg,video_frames/day1_3_27/itinerary_1_1_frame05000_t000246_833.jpg,day1_3_27,video_frames/day1_3_27,5000,166.83333333333334,00:02:46.833,itinerary_1_1,29.97002997002997,602.1348666666667,../vids/day1_3_27/itinerary_1_1.MP4
itinerary_1_1_frame06000_t000320_200.jpg,video_frames/day1_3_27/itinerary_1_1_frame06000_t000320_200.jpg,day1_3_27,video_frames/day1_3_27,6000,200.2,00:03:20.200,itinerary_1_1,29.97002997002997,602.1348666666667,../vids/day1_3_27/itinerary_1_1.MP4
itinerary_1_1_frame07000_t000353_566.jpg,video_frames/day1_3_27/itinerary_1_1_frame07000_t000353_566.jpg,day1_3_27,video_frames/day1_3_27,7000,233.56666666666663,00:03:53.566,itinerary_1_1,29.97002997002997,602.1348666666667,../vids/day1_3_27/itinerary_1_1.MP4
itinerary_1_1_frame08000_t000426_933.jpg,video_frames/day1_3_27/itinerary_1_1_frame08000_t000426_933.jpg,day1_3_27,video_frames/day1_3_27,8000,266.93333333333334,00:04:26.933,itinerary_1_1,29.97002997002997,602.1348666666667,../vids/day1_3_27/itinerary_1_1.MP4
itinerary_1_1_frame09000_t000500_300.jpg,video_frames/day1_3_27/itinerary_1_1_frame09000_t000500_300.jpg,day1_3_27,video_frames/day1_3_27,9000,300.3,00:05:00.300,itinerary_1_1,29.97002997002997,602.1348666666667,../vids/day1_3_27/itinerary_1_1.MP4
itinerary_1_1_frame10000_t000533_666.jpg,video_frames/day1_3_27/itinerary_1_1_frame10000_t000533_666.jpg,day1_3_27,video_frames/day1_3_27,10000,333.6666666666667,00:05:33.666,itinerary_1_1,29.97002997002997,602.1348666666667,../vids/day1_3_27/itinerary_1_1.MP4
itinerary_1_1_frame11000_t000607_033.jpg,video_frames/day1_3_27/itinerary_1_1_frame11000_t000607_033.jpg,day1_3_27,video_frames/day1_3_27,11000,367.03333333333336,00:06:07.033,itinerary_1_1,29.97002997002997,602.1348666666667,../vids/day1_3_27/itinerary_1_1.MP4
itinerary_1_1_frame12000_t000640_400.jpg,video_frames/day1_3_27/itinerary_1_1_frame12000_t000640_400.jpg,day1_3_27,video_frames/day1_3_27,12000,400.4,00:06:40.400,itinerary_1_1,29.97002997002997,602.1348666666667,../vids/day1_3_27/itinerary_1_1.MP4
itinerary_1_1_frame13000_t000713_766.jpg,video_frames/day1_3_27/itinerary_1_1_frame13000_t000713_766.jpg,day1_3_27,video_frames/day1_3_27,13000,433.76666666666665,00:07:13.766,itinerary_1_1,29.97002997002997,602.1348666666667,../vids/day1_3_27/itinerary_1_1.MP4
itinerary_1_1_frame14000_t000747_133.jpg,video_frames/day1_3_27/itinerary_1_1_frame14000_t000747_133.jpg,day1_3_27,video_frames/day1_3_27,14000,467.1333333333333,00:07:47.133,itinerary_1_1,29.97002997002997,602.1348666666667,../vids/day1_3_27/itinerary_1_1.MP4
itinerary_1_1_frame15000_t000820_500.jpg,video_frames/day1_3_27/itinerary_1_1_frame15000_t000820_500.jpg,day1_3_27,video_frames/day1_3_27,15000,500.5,00:08:20.500,itinerary_1_1,29.97002997002997,602.1348666666667,../vids/day1_3_27/itinerary_1_1.MP4
itinerary_1_1_frame16000_t000853_866.jpg,video_frames/day1_3_27/itinerary_1_1_frame16000_t000853_866.jpg,day1_3_27,video_frames/day1_3_27,16000,533.8666666666667,00:08:53.866,itinerary_1_1,29.97002997002997,602.1348666666667,../vids/day1_3_27/itinerary_1_1.MP4
itinerary_1_1_frame17000_t000927_233.jpg,video_frames/day1_3_27/itinerary_1_1_frame17000_t000927_233.jpg,day1_3_27,video_frames/day1_3_27,17000,567.2333333333333,00:09:27.233,itinerary_1_1,29.97002997002997,602.1348666666667,../vids/day1_3_27/itinerary_1_1.MP4
itinerary_1_1_frame18000_t001000_600.jpg,video_frames/day1_3_27/itinerary_1_1_frame18000_t001000_600.jpg,day1_3_27,video_frames/day1_3_27,18000,600.6,00:10:00.600,itinerary_1_1,29.97002997002997,602.1348666666667,../vids/day1_3_27/itinerary_1_1.MP4
itinerary_1_2_frame00000_t000000_000.jpg,video_frames/day1_3_27/itinerary_1_2_frame00000_t000000_000.jpg,day1_3_27,video_frames/day1_3_27,0,0.0,00:00:00.000,itinerary_1_2,29.97002997002997,478.6448333333333,../vids/day1_3_27/itinerary_1_2.MP4
itinerary_1_2_frame01000_t000033_366.jpg,video_frames/day1_3_27/itinerary_1_2_frame01000_t000033_366.jpg,day1_3_27,video_frames/day1_3_27,1000,33.36666666666667,00:00:33.366,itinerary_1_2,29.97002997002997,478.6448333333333,../vids/day1_3_27/itinerary_1_2.MP4
itinerary_1_2_frame02000_t000106_733.jpg,video_frames/day1_3_27/itinerary_1_2_frame02000_t000106_733.jpg,day1_3_27,video_frames/day1_3_27,2000,66.73333333333333,00:01:06.733,itinerary_1_2,29.97002997002997,478.6448333333333,../vids/day1_3_27/itinerary_1_2.MP4
itinerary_1_2_frame03000_t000140_100.jpg,video_frames/day1_3_27/itinerary_1_2_frame03000_t000140_100.jpg,day1_3_27,video_frames/day1_3_27,3000,100.1,00:01:40.100,itinerary_1_2,29.97002997002997,478.6448333333333,../vids/day1_3_27/itinerary_1_2.MP4
itinerary_1_2_frame04000_t000213_466.jpg,video_frames/day1_3_27/itinerary_1_2_frame04000_t000213_466.jpg,day1_3_27,video_frames/day1_3_27,4000,133.46666666666667,00:02:13.466,itinerary_1_2,29.97002997002997,478.6448333333333,../vids/day1_3_27/itinerary_1_2.MP4
itinerary_1_2_frame05000_t000246_833.jpg,video_frames/day1_3_27/itinerary_1_2_frame05000_t000246_833.jpg,day1_3_27,video_frames/day1_3_27,5000,166.83333333333334,00:02:46.833,itinerary_1_2,29.97002997002997,478.6448333333333,../vids/day1_3_27/itinerary_1_2.MP4
itinerary_1_2_frame06000_t000320_200.jpg,video_frames/day1_3_27/itinerary_1_2_frame06000_t000320_200.jpg,day1_3_27,video_frames/day1_3_27,6000,200.2,00:03:20.200,itinerary_1_2,29.97002997002997,478.6448333333333,../vids/day1_3_27/itinerary_1_2.MP4
itinerary_1_2_frame07000_t000353_566.jpg,video_frames/day1_3_27/itinerary_1_2_frame07000_t000353_566.jpg,day1_3_27,video_frames/day1_3_27,7000,233.56666666666663,00:03:53.566,itinerary_1_2,29.97002997002997,478.6448333333333,../vids/day1_3_27/itinerary_1_2.MP4
itinerary_1_2_frame08000_t000426_933.jpg,video_frames/day1_3_27/itinerary_1_2_frame08000_t000426_933.jpg,day1_3_27,video_frames/day1_3_27,8000,266.93333333333334,00:04:26.933,itinerary_1_2,29.97002997002997,478.6448333333333,../vids/day1_3_27/itinerary_1_2.MP4
itinerary_1_2_frame09000_t000500_300.jpg,video_frames/day1_3_27/itinerary_1_2_frame09000_t000500_300.jpg,day1_3_27,video_frames/day1_3_27,9000,300.3,00:05:00.300,itinerary_1_2,29.97002997002997,478.6448333333333,../vids/day1_3_27/itinerary_1_2.MP4
itinerary_1_2_frame10000_t000533_666.jpg,video_frames/day1_3_27/itinerary_1_2_frame10000_t000533_666.jpg,day1_3_27,video_frames/day1_3_27,10000,333.6666666666667,00:05:33.666,itinerary_1_2,29.97002997002997,478.6448333333333,../vids/day1_3_27/itinerary_1_2.MP4
itinerary_1_2_frame11000_t000607_033.jpg,video_frames/day1_3_27/itinerary_1_2_frame11000_t000607_033.jpg,day1_3_27,video_frames/day1_3_27,11000,367.03333333333336,00:06:07.033,itinerary_1_2,29.97002997002997,478.6448333333333,../vids/day1_3_27/itinerary_1_2.MP4
itinerary_1_2_frame12000_t000640_400.jpg,video_frames/day1_3_27/itinerary_1_2_frame12000_t000640_400.jpg,day1_3_27,video_frames/day1_3_27,12000,400.4,00:06:40.400,itinerary_1_2,29.97002997002997,478.6448333333333,../vids/day1_3_27/itinerary_1_2.MP4
itinerary_1_2_frame13000_t000713_766.jpg,video_frames/day1_3_27/itinerary_1_2_frame13000_t000713_766.jpg,day1_3_27,video_frames/day1_3_27,13000,433.76666666666665,00:07:13.766,itinerary_1_2,29.97002997002997,478.6448333333333,../vids/day1_3_27/itinerary_1_2.MP4
itinerary_1_2_frame14000_t000747_133.jpg,video_frames/day1_3_27/itinerary_1_2_frame14000_t000747_133.jpg,day1_3_27,video_frames/day1_3_27,14000,467.1333333333333,00:07:47.133,itinerary_1_2,29.97002997002997,478.6448333333333,../vids/day1_3_27/itinerary_1_2.MP4
itinerary_2_1_frame00000_t000000_000.jpg,video_frames/day1_3_27/itinerary_2_1_frame00000_t000000_000.jpg,day1_3_27,video_frames/day1_3_27,0,0.0,00:00:00.000,itinerary_2_1,29.97002997002997,914.4135,../vids/day1_3_27/itinerary_2_1.MP4
itinerary_2_1_frame01000_t000033_366.jpg,video_frames/day1_3_27/itinerary_2_1_frame01000_t000033_366.jpg,day1_3_27,video_frames/day1_3_27,1000,33.36666666666667,00:00:33.366,itinerary_2_1,29.97002997002997,914.4135,../vids/day1_3_27/itinerary_2_1.MP4
itinerary_2_1_frame02000_t000106_733.jpg,video_frames/day1_3_27/itinerary_2_1_frame02000_t000106_733.jpg,day1_3_27,video_frames/day1_3_27,2000,66.73333333333333,00:01:06.733,itinerary_2_1,29.97002997002997,914.4135,../vids/day1_3_27/itinerary_2_1.MP4
itinerary_2_1_frame03000_t000140_100.jpg,video_frames/day1_3_27/itinerary_2_1_frame03000_t000140_100.jpg,day1_3_27,video_frames/day1_3_27,3000,100.1,00:01:40.100,itinerary_2_1,29.97002997002997,914.4135,../vids/day1_3_27/itinerary_2_1.MP4
itinerary_2_1_frame04000_t000213_466.jpg,video_frames/day1_3_27/itinerary_2_1_frame04000_t000213_466.jpg,day1_3_27,video_frames/day1_3_27,4000,133.46666666666667,00:02:13.466,itinerary_2_1,29.97002997002997,914.4135,../vids/day1_3_27/itinerary_2_1.MP4
itinerary_2_1_frame05000_t000246_833.jpg,video_frames/day1_3_27/itinerary_2_1_frame05000_t000246_833.jpg,day1_3_27,video_frames/day1_3_27,5000,166.83333333333334,00:02:46.833,itinerary_2_1,29.97002997002997,914.4135,../vids/day1_3_27/itinerary_2_1.MP4
itinerary_2_1_frame06000_t000320_200.jpg,video_frames/day1_3_27/itinerary_2_1_frame06000_t000320_200.jpg,day1_3_27,video_frames/day1_3_27,6000,200.2,00:03:20.200,itinerary_2_1,29.97002997002997,914.4135,../vids/day1_3_27/itinerary_2_1.MP4
itinerary_2_1_frame07000_t000353_566.jpg,video_frames/day1_3_27/itinerary_2_1_frame07000_t000353_566.jpg,day1_3_27,video_frames/day1_3_27,7000,233.56666666666663,00:03:53.566,itinerary_2_1,29.97002997002997,914.4135,../vids/day1_3_27/itinerary_2_1.MP4
itinerary_2_1_frame08000_t000426_933.jpg,video_frames/day1_3_27/itinerary_2_1_frame08000_t000426_933.jpg,day1_3_27,video_frames/day1_3_27,8000,266.93333333333334,00:04:26.933,itinerary_2_1,29.97002997002997,914.4135,../vids/day1_3_27/itinerary_2_1.MP4
itinerary_2_1_frame09000_t000500_300.jpg,video_frames/day1_3_27/itinerary_2_1_frame09000_t000500_300.jpg,day1_3_27,video_frames/day1_3_27,9000,300.3,00:05:00.300,itinerary_2_1,29.97002997002997,914.4135,../vids/day1_3_27/itinerary_2_1.MP4
itinerary_2_1_frame10000_t000533_666.jpg,video_frames/day1_3_27/itinerary_2_1_frame10000_t000533_666.jpg,day1_3_27,video_frames/day1_3_27,10000,333.6666666666667,00:05:33.666,itinerary_2_1,29.97002997002997,914.4135,../vids/day1_3_27/itinerary_2_1.MP4
itinerary_2_1_frame11000_t000607_033.jpg,video_frames/day1_3_27/itinerary_2_1_frame11000_t000607_033.jpg,day1_3_27,video_frames/day1_3_27,11000,367.03333333333336,00:06:07.033,itinerary_2_1,29.97002997002997,914.4135,../vids/day1_3_27/itinerary_2_1.MP4
itinerary_2_1_frame12000_t000640_400.jpg,video_frames/day1_3_27/itinerary_2_1_frame12000_t000640_400.jpg,day1_3_27,video_frames/day1_3_27,12000,400.4,00:06:40.400,itinerary_2_1,29.97002997002997,914.4135,../vids/day1_3_27/itinerary_2_1.MP4
itinerary_2_1_frame13000_t000713_766.jpg,video_frames/day1_3_27/itinerary_2_1_frame13000_t000713_766.jpg,day1_3_27,video_frames/day1_3_27,13000,433.76666666666665,00:07:13.766,itinerary_2_1,29.97002997002997,914.4135,../vids/day1_3_27/itinerary_2_1.MP4
itinerary_2_1_frame14000_t000747_133.jpg,video_frames/day1_3_27/itinerary_2_1_frame14000_t000747_133.jpg,day1_3_27,video_frames/day1_3_27,14000,467.1333333333333,00:07:47.133,itinerary_2_1,29.97002997002997,914.4135,../vids/day1_3_27/itinerary_2_1.MP4
itinerary_2_1_frame15000_t000820_500.jpg,video_frames/day1_3_27/itinerary_2_1_frame15000_t000820_500.jpg,day1_3_27,video_frames/day1_3_27,15000,500.5,00:08:20.500,itinerary_2_1,29.97002997002997,914.4135,../vids/day1_3_27/itinerary_2_1.MP4
itinerary_2_1_frame16000_t000853_866.jpg,video_frames/day1_3_27/itinerary_2_1_frame16000_t000853_866.jpg,day1_3_27,video_frames/day1_3_27,16000,533.8666666666667,00:08:53.866,itinerary_2_1,29.97002997002997,914.4135,../vids/day1_3_27/itinerary_2_1.MP4
itinerary_2_1_frame17000_t000927_233.jpg,video_frames/day1_3_27/itinerary_2_1_frame17000_t000927_233.jpg,day1_3_27,video_frames/day1_3_27,17000,567.2333333333333,00:09:27.233,itinerary_2_1,29.97002997002997,914.4135,../vids/day1_3_27/itinerary_2_1.MP4
itinerary_2_1_frame18000_t001000_600.jpg,video_frames/day1_3_27/itinerary_2_1_frame18000_t001000_600.jpg,day1_3_27,video_frames/day1_3_27,18000,600.6,00:10:00.600,itinerary_2_1,29.97002997002997,914.4135,../vids/day1_3_27/itinerary_2_1.MP4
itinerary_2_1_frame19000_t001033_966.jpg,video_frames/day1_3_27/itinerary_2_1_frame19000_t001033_966.jpg,day1_3_27,video_frames/day1_3_27,19000,633.9666666666667,00:10:33.966,itinerary_2_1,29.97002997002997,914.4135,../vids/day1_3_27/itinerary_2_1.MP4
itinerary_2_1_frame20000_t001107_333.jpg,video_frames/day1_3_27/itinerary_2_1_frame20000_t001107_333.jpg,day1_3_27,video_frames/day1_3_27,20000,667.3333333333334,00:11:07.333,itinerary_2_1,29.97002997002997,914.4135,../vids/day1_3_27/itinerary_2_1.MP4
itinerary_2_1_frame21000_t001140_700.jpg,video_frames/day1_3_27/itinerary_2_1_frame21000_t001140_700.jpg,day1_3_27,video_frames/day1_3_27,21000,700.7,00:11:40.700,itinerary_2_1,29.97002997002997,914.4135,../vids/day1_3_27/itinerary_2_1.MP4
itinerary_2_1_frame22000_t001214_066.jpg,video_frames/day1_3_27/itinerary_2_1_frame22000_t001214_066.jpg,day1_3_27,video_frames/day1_3_27,22000,734.0666666666667,00:12:14.066,itinerary_2_1,29.97002997002997,914.4135,../vids/day1_3_27/itinerary_2_1.MP4
itinerary_2_1_frame23000_t001247_433.jpg,video_frames/day1_3_27/itinerary_2_1_frame23000_t001247_433.jpg,day1_3_27,video_frames/day1_3_27,23000,767.4333333333334,00:12:47.433,itinerary_2_1,29.97002997002997,914.4135,../vids/day1_3_27/itinerary_2_1.MP4
itinerary_2_1_frame24000_t001320_800.jpg,video_frames/day1_3_27/itinerary_2_1_frame24000_t001320_800.jpg,day1_3_27,video_frames/day1_3_27,24000,800.8000000000001,00:13:20.800,itinerary_2_1,29.97002997002997,914.4135,../vids/day1_3_27/itinerary_2_1.MP4
itinerary_2_1_frame25000_t001354_166.jpg,video_frames/day1_3_27/itinerary_2_1_frame25000_t001354_166.jpg,day1_3_27,video_frames/day1_3_27,25000,834.1666666666666,00:13:54.166,itinerary_2_1,29.97002997002997,914.4135,../vids/day1_3_27/itinerary_2_1.MP4
itinerary_2_1_frame26000_t001427_533.jpg,video_frames/day1_3_27/itinerary_2_1_frame26000_t001427_533.jpg,day1_3_27,video_frames/day1_3_27,26000,867.5333333333333,00:14:27.533,itinerary_2_1,29.97002997002997,914.4135,../vids/day1_3_27/itinerary_2_1.MP4
itinerary_2_1_frame27000_t001500_900.jpg,video_frames/day1_3_27/itinerary_2_1_frame27000_t001500_900.jpg,day1_3_27,video_frames/day1_3_27,27000,900.9,00:15:00.900,itinerary_2_1,29.97002997002997,914.4135,../vids/day1_3_27/itinerary_2_1.MP4
itinerary_2_2_frame000_t000000_000.jpg,video_frames/day1_3_27/itinerary_2_2_frame000_t000000_000.jpg,day1_3_27,video_frames/day1_3_27,0,0.0,00:00:00.000,itinerary_2_2,29.97002997002997,12.078733333333334,../vids/day1_3_27/itinerary_2_2.MP4
itinerary_2_3_frame0000_t000000_000.jpg,video_frames/day1_3_27/itinerary_2_3_frame0000_t000000_000.jpg,day1_3_27,video_frames/day1_3_27,0,0.0,00:00:00.000,itinerary_2_3,29.97002997002997,157.09026666666668,../vids/day1_3_27/itinerary_2_3.MP4
itinerary_2_3_frame1000_t000033_366.jpg,video_frames/day1_3_27/itinerary_2_3_frame1000_t000033_366.jpg,day1_3_27,video_frames/day1_3_27,1000,33.36666666666667,00:00:33.366,itinerary_2_3,29.97002997002997,157.09026666666668,../vids/day1_3_27/itinerary_2_3.MP4
itinerary_2_3_frame2000_t000106_733.jpg,video_frames/day1_3_27/itinerary_2_3_frame2000_t000106_733.jpg,day1_3_27,video_frames/day1_3_27,2000,66.73333333333333,00:01:06.733,itinerary_2_3,29.97002997002997,157.09026666666668,../vids/day1_3_27/itinerary_2_3.MP4
itinerary_2_3_frame3000_t000140_100.jpg,video_frames/day1_3_27/itinerary_2_3_frame3000_t000140_100.jpg,day1_3_27,video_frames/day1_3_27,3000,100.1,00:01:40.100,itinerary_2_3,29.97002997002997,157.09026666666668,../vids/day1_3_27/itinerary_2_3.MP4
itinerary_2_3_frame4000_t000213_466.jpg,video_frames/day1_3_27/itinerary_2_3_frame4000_t000213_466.jpg,day1_3_27,video_frames/day1_3_27,4000,133.46666666666667,00:02:13.466,itinerary_2_3,29.97002997002997,157.09026666666668,../vids/day1_3_27/itinerary_2_3.MP4
itinerary_3_frame00000_t000000_000.jpg,video_frames/day1_3_27/itinerary_3_frame00000_t000000_000.jpg,day1_3_27,video_frames/day1_3_27,0,0.0,00:00:00.000,itinerary_3,29.97002997002997,1037.3029333333334,../vids/day1_3_27/itinerary_3.MP4
itinerary_3_frame01000_t000033_366.jpg,video_frames/day1_3_27/itinerary_3_frame01000_t000033_366.jpg,day1_3_27,video_frames/day1_3_27,1000,33.36666666666667,00:00:33.366,itinerary_3,29.97002997002997,1037.3029333333334,../vids/day1_3_27/itinerary_3.MP4
itinerary_3_frame02000_t000106_733.jpg,video_frames/day1_3_27/itinerary_3_frame02000_t000106_733.jpg,day1_3_27,video_frames/day1_3_27,2000,66.73333333333333,00:01:06.733,itinerary_3,29.97002997002997,1037.3029333333334,../vids/day1_3_27/itinerary_3.MP4
itinerary_3_frame03000_t000140_100.jpg,video_frames/day1_3_27/itinerary_3_frame03000_t000140_100.jpg,day1_3_27,video_frames/day1_3_27,3000,100.1,00:01:40.100,itinerary_3,29.97002997002997,1037.3029333333334,../vids/day1_3_27/itinerary_3.MP4
itinerary_3_frame04000_t000213_466.jpg,video_frames/day1_3_27/itinerary_3_frame04000_t000213_466.jpg,day1_3_27,video_frames/day1_3_27,4000,133.46666666666667,00:02:13.466,itinerary_3,29.97002997002997,1037.3029333333334,../vids/day1_3_27/itinerary_3.MP4
itinerary_3_frame05000_t000246_833.jpg,video_frames/day1_3_27/itinerary_3_frame05000_t000246_833.jpg,day1_3_27,video_frames/day1_3_27,5000,166.83333333333334,00:02:46.833,itinerary_3,29.97002997002997,1037.3029333333334,../vids/day1_3_27/itinerary_3.MP4
itinerary_3_frame06000_t000320_200.jpg,video_frames/day1_3_27/itinerary_3_frame06000_t000320_200.jpg,day1_3_27,video_frames/day1_3_27,6000,200.2,00:03:20.200,itinerary_3,29.97002997002997,1037.3029333333334,../vids/day1_3_27/itinerary_3.MP4
itinerary_3_frame07000_t000353_566.jpg,video_frames/day1_3_27/itinerary_3_frame07000_t000353_566.jpg,day1_3_27,video_frames/day1_3_27,7000,233.56666666666663,00:03:53.566,itinerary_3,29.97002997002997,1037.3029333333334,../vids/day1_3_27/itinerary_3.MP4
itinerary_3_frame08000_t000426_933.jpg,video_frames/day1_3_27/itinerary_3_frame08000_t000426_933.jpg,day1_3_27,video_frames/day1_3_27,8000,266.93333333333334,00:04:26.933,itinerary_3,29.97002997002997,1037.3029333333334,../vids/day1_3_27/itinerary_3.MP4
itinerary_3_frame09000_t000500_300.jpg,video_frames/day1_3_27/itinerary_3_frame09000_t000500_300.jpg,day1_3_27,video_frames/day1_3_27,9000,300.3,00:05:00.300,itinerary_3,29.97002997002997,1037.3029333333334,../vids/day1_3_27/itinerary_3.MP4
itinerary_3_frame10000_t000533_666.jpg,video_frames/day1_3_27/itinerary_3_frame10000_t000533_666.jpg,day1_3_27,video_frames/day1_3_27,10000,333.6666666666667,00:05:33.666,itinerary_3,29.97002997002997,1037.3029333333334,../vids/day1_3_27/itinerary_3.MP4
itinerary_3_frame11000_t000607_033.jpg,video_frames/day1_3_27/itinerary_3_frame11000_t000607_033.jpg,day1_3_27,video_frames/day1_3_27,11000,367.03333333333336,00:06:07.033,itinerary_3,29.97002997002997,1037.3029333333334,../vids/day1_3_27/itinerary_3.MP4
itinerary_3_frame12000_t000640_400.jpg,video_frames/day1_3_27/itinerary_3_frame12000_t000640_400.jpg,day1_3_27,video_frames/day1_3_27,12000,400.4,00:06:40.400,itinerary_3,29.97002997002997,1037.3029333333334,../vids/day1_3_27/itinerary_3.MP4
itinerary_3_frame13000_t000713_766.jpg,video_frames/day1_3_27/itinerary_3_frame13000_t000713_766.jpg,day1_3_27,video_frames/day1_3_27,13000,433.76666666666665,00:07:13.766,itinerary_3,29.97002997002997,1037.3029333333334,../vids/day1_3_27/itinerary_3.MP4
itinerary_3_frame14000_t000747_133.jpg,video_frames/day1_3_27/itinerary_3_frame14000_t000747_133.jpg,day1_3_27,video_frames/day1_3_27,14000,467.1333333333333,00:07:47.133,itinerary_3,29.97002997002997,1037.3029333333334,../vids/day1_3_27/itinerary_3.MP4
itinerary_3_frame15000_t000820_500.jpg,video_frames/day1_3_27/itinerary_3_frame15000_t000820_500.jpg,day1_3_27,video_frames/day1_3_27,15000,500.5,00:08:20.500,itinerary_3,29.97002997002997,1037.3029333333334,../vids/day1_3_27/itinerary_3.MP4
itinerary_3_frame16000_t000853_866.jpg,video_frames/day1_3_27/itinerary_3_frame16000_t000853_866.jpg,day1_3_27,video_frames/day1_3_27,16000,533.8666666666667,00:08:53.866,itinerary_3,29.97002997002997,1037.3029333333334,../vids/day1_3_27/itinerary_3.MP4
itinerary_3_frame17000_t000927_233.jpg,video_frames/day1_3_27/itinerary_3_frame17000_t000927_233.jpg,day1_3_27,video_frames/day1_3_27,17000,567.2333333333333,00:09:27.233,itinerary_3,29.97002997002997,1037.3029333333334,../vids/day1_3_27/itinerary_3.MP4
itinerary_3_frame18000_t001000_600.jpg,video_frames/day1_3_27/itinerary_3_frame18000_t001000_600.jpg,day1_3_27,video_frames/day1_3_27,18000,600.6,00:10:00.600,itinerary_3,29.97002997002997,1037.3029333333334,../vids/day1_3_27/itinerary_3.MP4
itinerary_3_frame19000_t001033_966.jpg,video_frames/day1_3_27/itinerary_3_frame19000_t001033_966.jpg,day1_3_27,video_frames/day1_3_27,19000,633.9666666666667,00:10:33.966,itinerary_3,29.97002997002997,1037.3029333333334,../vids/day1_3_27/itinerary_3.MP4
itinerary_3_frame20000_t001107_333.jpg,video_frames/day1_3_27/itinerary_3_frame20000_t001107_333.jpg,day1_3_27,video_frames/day1_3_27,20000,667.3333333333334,00:11:07.333,itinerary_3,29.97002997002997,1037.3029333333334,../vids/day1_3_27/itinerary_3.MP4
itinerary_3_frame21000_t001140_700.jpg,video_frames/day1_3_27/itinerary_3_frame21000_t001140_700.jpg,day1_3_27,video_frames/day1_3_27,21000,700.7,00:11:40.700,itinerary_3,29.97002997002997,1037.3029333333334,../vids/day1_3_27/itinerary_3.MP4
itinerary_3_frame22000_t001214_066.jpg,video_frames/day1_3_27/itinerary_3_frame22000_t001214_066.jpg,day1_3_27,video_frames/day1_3_27,22000,734.0666666666667,00:12:14.066,itinerary_3,29.97002997002997,1037.3029333333334,../vids/day1_3_27/itinerary_3.MP4
itinerary_3_frame23000_t001247_433.jpg,video_frames/day1_3_27/itinerary_3_frame23000_t001247_433.jpg,day1_3_27,video_frames/day1_3_27,23000,767.4333333333334,00:12:47.433,itinerary_3,29.97002997002997,1037.3029333333334,../vids/day1_3_27/itinerary_3.MP4
itinerary_3_frame24000_t001320_800.jpg,video_frames/day1_3_27/itinerary_3_frame24000_t001320_800.jpg,day1_3_27,video_frames/day1_3_27,24000,800.8000000000001,00:13:20.800,itinerary_3,29.97002997002997,1037.3029333333334,../vids/day1_3_27/itinerary_3.MP4
itinerary_3_frame25000_t001354_166.jpg,video_frames/day1_3_27/itinerary_3_frame25000_t001354_166.jpg,day1_3_27,video_frames/day1_3_27,25000,834.1666666666666,00:13:54.166,itinerary_3,29.97002997002997,1037.3029333333334,../vids/day1_3_27/itinerary_3.MP4
itinerary_3_frame26000_t001427_533.jpg,video_frames/day1_3_27/itinerary_3_frame26000_t001427_533.jpg,day1_3_27,video_frames/day1_3_27,26000,867.5333333333333,00:14:27.533,itinerary_3,29.97002997002997,1037.3029333333334,../vids/day1_3_27/itinerary_3.MP4
itinerary_3_frame27000_t001500_900.jpg,video_frames/day1_3_27/itinerary_3_frame27000_t001500_900.jpg,day1_3_27,video_frames/day1_3_27,27000,900.9,00:15:00.900,itinerary_3,29.97002997002997,1037.3029333333334,../vids/day1_3_27/itinerary_3.MP4
itinerary_3_frame28000_t001534_266.jpg,video_frames/day1_3_27/itinerary_3_frame28000_t001534_266.jpg,day1_3_27,video_frames/day1_3_27,28000,934.2666666666668,00:15:34.266,itinerary_3,29.97002997002997,1037.3029333333334,../vids/day1_3_27/itinerary_3.MP4
itinerary_3_frame29000_t001607_633.jpg,video_frames/day1_3_27/itinerary_3_frame29000_t001607_633.jpg,day1_3_27,video_frames/day1_3_27,29000,967.6333333333332,00:16:07.633,itinerary_3,29.97002997002997,1037.3029333333334,../vids/day1_3_27/itinerary_3.MP4
itinerary_3_frame30000_t001641_000.jpg,video_frames/day1_3_27/itinerary_3_frame30000_t001641_000.jpg,day1_3_27,video_frames/day1_3_27,30000,1001.0,00:16:41.000,itinerary_3,29.97002997002997,1037.3029333333334,../vids/day1_3_27/itinerary_3.MP4
itinerary_3_frame31000_t001714_366.jpg,video_frames/day1_3_27/itinerary_3_frame31000_t001714_366.jpg,day1_3_27,video_frames/day1_3_27,31000,1034.3666666666668,00:17:14.366,itinerary_3,29.97002997002997,1037.3029333333334,../vids/day1_3_27/itinerary_3.MP4
itinerary_4_frame00000_t000000_000.jpg,video_frames/day1_3_27/itinerary_4_frame00000_t000000_000.jpg,day1_3_27,video_frames/day1_3_27,0,0.0,00:00:00.000,itinerary_4,29.97002997002997,1232.9984333333334,../vids/day1_3_27/itinerary_4.MP4
itinerary_4_frame01000_t000033_366.jpg,video_frames/day1_3_27/itinerary_4_frame01000_t000033_366.jpg,day1_3_27,video_frames/day1_3_27,1000,33.36666666666667,00:00:33.366,itinerary_4,29.97002997002997,1232.9984333333334,../vids/day1_3_27/itinerary_4.MP4
itinerary_4_frame02000_t000106_733.jpg,video_frames/day1_3_27/itinerary_4_frame02000_t000106_733.jpg,day1_3_27,video_frames/day1_3_27,2000,66.73333333333333,00:01:06.733,itinerary_4,29.97002997002997,1232.9984333333334,../vids/day1_3_27/itinerary_4.MP4
itinerary_4_frame03000_t000140_100.jpg,video_frames/day1_3_27/itinerary_4_frame03000_t000140_100.jpg,day1_3_27,video_frames/day1_3_27,3000,100.1,00:01:40.100,itinerary_4,29.97002997002997,1232.9984333333334,../vids/day1_3_27/itinerary_4.MP4
itinerary_4_frame04000_t000213_466.jpg,video_frames/day1_3_27/itinerary_4_frame04000_t000213_466.jpg,day1_3_27,video_frames/day1_3_27,4000,133.46666666666667,00:02:13.466,itinerary_4,29.97002997002997,1232.9984333333334,../vids/day1_3_27/itinerary_4.MP4
itinerary_4_frame05000_t000246_833.jpg,video_frames/day1_3_27/itinerary_4_frame05000_t000246_833.jpg,day1_3_27,video_frames/day1_3_27,5000,166.83333333333334,00:02:46.833,itinerary_4,29.97002997002997,1232.9984333333334,../vids/day1_3_27/itinerary_4.MP4
itinerary_4_frame06000_t000320_200.jpg,video_frames/day1_3_27/itinerary_4_frame06000_t000320_200.jpg,day1_3_27,video_frames/day1_3_27,6000,200.2,00:03:20.200,itinerary_4,29.97002997002997,1232.9984333333334,../vids/day1_3_27/itinerary_4.MP4
itinerary_4_frame07000_t000353_566.jpg,video_frames/day1_3_27/itinerary_4_frame07000_t000353_566.jpg,day1_3_27,video_frames/day1_3_27,7000,233.56666666666663,00:03:53.566,itinerary_4,29.97002997002997,1232.9984333333334,../vids/day1_3_27/itinerary_4.MP4
itinerary_4_frame08000_t000426_933.jpg,video_frames/day1_3_27/itinerary_4_frame08000_t000426_933.jpg,day1_3_27,video_frames/day1_3_27,8000,266.93333333333334,00:04:26.933,itinerary_4,29.97002997002997,1232.9984333333334,../vids/day1_3_27/itinerary_4.MP4
itinerary_4_frame09000_t000500_300.jpg,video_frames/day1_3_27/itinerary_4_frame09000_t000500_300.jpg,day1_3_27,video_frames/day1_3_27,9000,300.3,00:05:00.300,itinerary_4,29.97002997002997,1232.9984333333334,../vids/day1_3_27/itinerary_4.MP4
itinerary_4_frame10000_t000533_666.jpg,video_frames/day1_3_27/itinerary_4_frame10000_t000533_666.jpg,day1_3_27,video_frames/day1_3_27,10000,333.6666666666667,00:05:33.666,itinerary_4,29.97002997002997,1232.9984333333334,../vids/day1_3_27/itinerary_4.MP4
itinerary_4_frame11000_t000607_033.jpg,video_frames/day1_3_27/itinerary_4_frame11000_t000607_033.jpg,day1_3_27,video_frames/day1_3_27,11000,367.03333333333336,00:06:07.033,itinerary_4,29.97002997002997,1232.9984333333334,../vids/day1_3_27/itinerary_4.MP4
itinerary_4_frame12000_t000640_400.jpg,video_frames/day1_3_27/itinerary_4_frame12000_t000640_400.jpg,day1_3_27,video_frames/day1_3_27,12000,400.4,00:06:40.400,itinerary_4,29.97002997002997,1232.9984333333334,../vids/day1_3_27/itinerary_4.MP4
itinerary_4_frame13000_t000713_766.jpg,video_frames/day1_3_27/itinerary_4_frame13000_t000713_766.jpg,day1_3_27,video_frames/day1_3_27,13000,433.76666666666665,00:07:13.766,itinerary_4,29.97002997002997,1232.9984333333334,../vids/day1_3_27/itinerary_4.MP4
itinerary_4_frame14000_t000747_133.jpg,video_frames/day1_3_27/itinerary_4_frame14000_t000747_133.jpg,day1_3_27,video_frames/day1_3_27,14000,467.1333333333333,00:07:47.133,itinerary_4,29.97002997002997,1232.9984333333334,../vids/day1_3_27/itinerary_4.MP4
itinerary_4_frame15000_t000820_500.jpg,video_frames/day1_3_27/itinerary_4_frame15000_t000820_500.jpg,day1_3_27,video_frames/day1_3_27,15000,500.5,00:08:20.500,itinerary_4,29.97002997002997,1232.9984333333334,../vids/day1_3_27/itinerary_4.MP4
itinerary_4_frame16000_t000853_866.jpg,video_frames/day1_3_27/itinerary_4_frame16000_t000853_866.jpg,day1_3_27,video_frames/day1_3_27,16000,533.8666666666667,00:08:53.866,itinerary_4,29.97002997002997,1232.9984333333334,../vids/day1_3_27/itinerary_4.MP4
itinerary_4_frame17000_t000927_233.jpg,video_frames/day1_3_27/itinerary_4_frame17000_t000927_233.jpg,day1_3_27,video_frames/day1_3_27,17000,567.2333333333333,00:09:27.233,itinerary_4,29.97002997002997,1232.9984333333334,../vids/day1_3_27/itinerary_4.MP4
itinerary_4_frame18000_t001000_600.jpg,video_frames/day1_3_27/itinerary_4_frame18000_t001000_600.jpg,day1_3_27,video_frames/day1_3_27,18000,600.6,00:10:00.600,itinerary_4,29.97002997002997,1232.9984333333334,../vids/day1_3_27/itinerary_4.MP4
itinerary_4_frame19000_t001033_966.jpg,video_frames/day1_3_27/itinerary_4_frame19000_t001033_966.jpg,day1_3_27,video_frames/day1_3_27,19000,633.9666666666667,00:10:33.966,itinerary_4,29.97002997002997,1232.9984333333334,../vids/day1_3_27/itinerary_4.MP4
itinerary_4_frame20000_t001107_333.jpg,video_frames/day1_3_27/itinerary_4_frame20000_t001107_333.jpg,day1_3_27,video_frames/day1_3_27,20000,667.3333333333334,00:11:07.333,itinerary_4,29.97002997002997,1232.9984333333334,../vids/day1_3_27/itinerary_4.MP4
itinerary_4_frame21000_t001140_700.jpg,video_frames/day1_3_27/itinerary_4_frame21000_t001140_700.jpg,day1_3_27,video_frames/day1_3_27,21000,700.7,00:11:40.700,itinerary_4,29.97002997002997,1232.9984333333334,../vids/day1_3_27/itinerary_4.MP4
itinerary_4_frame22000_t001214_066.jpg,video_frames/day1_3_27/itinerary_4_frame22000_t001214_066.jpg,day1_3_27,video_frames/day1_3_27,22000,734.0666666666667,00:12:14.066,itinerary_4,29.97002997002997,1232.9984333333334,../vids/day1_3_27/itinerary_4.MP4
itinerary_4_frame23000_t001247_433.jpg,video_frames/day1_3_27/itinerary_4_frame23000_t001247_433.jpg,day1_3_27,video_frames/day1_3_27,23000,767.4333333333334,00:12:47.433,itinerary_4,29.97002997002997,1232.9984333333334,../vids/day1_3_27/itinerary_4.MP4
itinerary_4_frame24000_t001320_800.jpg,video_frames/day1_3_27/itinerary_4_frame24000_t001320_800.jpg,day1_3_27,video_frames/day1_3_27,24000,800.8000000000001,00:13:20.800,itinerary_4,29.97002997002997,1232.9984333333334,../vids/day1_3_27/itinerary_4.MP4
itinerary_4_frame25000_t001354_166.jpg,video_frames/day1_3_27/itinerary_4_frame25000_t001354_166.jpg,day1_3_27,video_frames/day1_3_27,25000,834.1666666666666,00:13:54.166,itinerary_4,29.97002997002997,1232.9984333333334,../vids/day1_3_27/itinerary_4.MP4
itinerary_4_frame26000_t001427_533.jpg,video_frames/day1_3_27/itinerary_4_frame26000_t001427_533.jpg,day1_3_27,video_frames/day1_3_27,26000,867.5333333333333,00:14:27.533,itinerary_4,29.97002997002997,1232.9984333333334,../vids/day1_3_27/itinerary_4.MP4
itinerary_4_frame27000_t001500_900.jpg,video_frames/day1_3_27/itinerary_4_frame27000_t001500_900.jpg,day1_3_27,video_frames/day1_3_27,27000,900.9,00:15:00.900,itinerary_4,29.97002997002997,1232.9984333333334,../vids/day1_3_27/itinerary_4.MP4
itinerary_4_frame28000_t001534_266.jpg,video_frames/day1_3_27/itinerary_4_frame28000_t001534_266.jpg,day1_3_27,video_frames/day1_3_27,28000,934.2666666666668,00:15:34.266,itinerary_4,29.97002997002997,1232.9984333333334,../vids/day1_3_27/itinerary_4.MP4
itinerary_4_frame29000_t001607_633.jpg,video_frames/day1_3_27/itinerary_4_frame29000_t001607_633.jpg,day1_3_27,video_frames/day1_3_27,29000,967.6333333333332,00:16:07.633,itinerary_4,29.97002997002997,1232.9984333333334,../vids/day1_3_27/itinerary_4.MP4
itinerary_4_frame30000_t001641_000.jpg,video_frames/day1_3_27/itinerary_4_frame30000_t001641_000.jpg,day1_3_27,video_frames/day1_3_27,30000,1001.0,00:16:41.000,itinerary_4,29.97002997002997,1232.9984333333334,../vids/day1_3_27/itinerary_4.MP4
itinerary_4_frame31000_t001714_366.jpg,video_frames/day1_3_27/itinerary_4_frame31000_t001714_366.jpg,day1_3_27,video_frames/day1_3_27,31000,1034.3666666666668,00:17:14.366,itinerary_4,29.97002997002997,1232.9984333333334,../vids/day1_3_27/itinerary_4.MP4
itinerary_4_frame32000_t001747_733.jpg,video_frames/day1_3_27/itinerary_4_frame32000_t001747_733.jpg,day1_3_27,video_frames/day1_3_27,32000,1067.7333333333331,00:17:47.733,itinerary_4,29.97002997002997,1232.9984333333334,../vids/day1_3_27/itinerary_4.MP4
itinerary_4_frame33000_t001821_100.jpg,video_frames/day1_3_27/itinerary_4_frame33000_t001821_100.jpg,day1_3_27,video_frames/day1_3_27,33000,1101.1,00:18:21.100,itinerary_4,29.97002997002997,1232.9984333333334,../vids/day1_3_27/itinerary_4.MP4
itinerary_4_frame34000_t001854_466.jpg,video_frames/day1_3_27/itinerary_4_frame34000_t001854_466.jpg,day1_3_27,video_frames/day1_3_27,34000,1134.4666666666667,00:18:54.466,itinerary_4,29.97002997002997,1232.9984333333334,../vids/day1_3_27/itinerary_4.MP4
itinerary_4_frame35000_t001927_833.jpg,video_frames/day1_3_27/itinerary_4_frame35000_t001927_833.jpg,day1_3_27,video_frames/day1_3_27,35000,1167.8333333333333,00:19:27.833,itinerary_4,29.97002997002997,1232.9984333333334,../vids/day1_3_27/itinerary_4.MP4
itinerary_4_frame36000_t002001_200.jpg,video_frames/day1_3_27/itinerary_4_frame36000_t002001_200.jpg,day1_3_27,video_frames/day1_3_27,36000,1201.2,00:20:01.200,itinerary_4,29.97002997002997,1232.9984333333334,../vids/day1_3_27/itinerary_4.MP4
itinerary_5_frame00000_t000000_000.jpg,video_frames/day1_3_27/itinerary_5_frame00000_t000000_000.jpg,day1_3_27,video_frames/day1_3_27,0,0.0,00:00:00.000,itinerary_5,29.97002997002997,1178.5440333333331,../vids/day1_3_27/itinerary_5.MP4
itinerary_5_frame01000_t000033_366.jpg,video_frames/day1_3_27/itinerary_5_frame01000_t000033_366.jpg,day1_3_27,video_frames/day1_3_27,1000,33.36666666666667,00:00:33.366,itinerary_5,29.97002997002997,1178.5440333333331,../vids/day1_3_27/itinerary_5.MP4
itinerary_5_frame02000_t000106_733.jpg,video_frames/day1_3_27/itinerary_5_frame02000_t000106_733.jpg,day1_3_27,video_frames/day1_3_27,2000,66.73333333333333,00:01:06.733,itinerary_5,29.97002997002997,1178.5440333333331,../vids/day1_3_27/itinerary_5.MP4
itinerary_5_frame03000_t000140_100.jpg,video_frames/day1_3_27/itinerary_5_frame03000_t000140_100.jpg,day1_3_27,video_frames/day1_3_27,3000,100.1,00:01:40.100,itinerary_5,29.97002997002997,1178.5440333333331,../vids/day1_3_27/itinerary_5.MP4
itinerary_5_frame04000_t000213_466.jpg,video_frames/day1_3_27/itinerary_5_frame04000_t000213_466.jpg,day1_3_27,video_frames/day1_3_27,4000,133.46666666666667,00:02:13.466,itinerary_5,29.97002997002997,1178.5440333333331,../vids/day1_3_27/itinerary_5.MP4
itinerary_5_frame05000_t000246_833.jpg,video_frames/day1_3_27/itinerary_5_frame05000_t000246_833.jpg,day1_3_27,video_frames/day1_3_27,5000,166.83333333333334,00:02:46.833,itinerary_5,29.97002997002997,1178.5440333333331,../vids/day1_3_27/itinerary_5.MP4
itinerary_5_frame06000_t000320_200.jpg,video_frames/day1_3_27/itinerary_5_frame06000_t000320_200.jpg,day1_3_27,video_frames/day1_3_27,6000,200.2,00:03:20.200,itinerary_5,29.97002997002997,1178.5440333333331,../vids/day1_3_27/itinerary_5.MP4
itinerary_5_frame07000_t000353_566.jpg,video_frames/day1_3_27/itinerary_5_frame07000_t000353_566.jpg,day1_3_27,video_frames/day1_3_27,7000,233.56666666666663,00:03:53.566,itinerary_5,29.97002997002997,1178.5440333333331,../vids/day1_3_27/itinerary_5.MP4
itinerary_5_frame08000_t000426_933.jpg,video_frames/day1_3_27/itinerary_5_frame08000_t000426_933.jpg,day1_3_27,video_frames/day1_3_27,8000,266.93333333333334,00:04:26.933,itinerary_5,29.97002997002997,1178.5440333333331,../vids/day1_3_27/itinerary_5.MP4
itinerary_5_frame09000_t000500_300.jpg,video_frames/day1_3_27/itinerary_5_frame09000_t000500_300.jpg,day1_3_27,video_frames/day1_3_27,9000,300.3,00:05:00.300,itinerary_5,29.97002997002997,1178.5440333333331,../vids/day1_3_27/itinerary_5.MP4
itinerary_5_frame10000_t000533_666.jpg,video_frames/day1_3_27/itinerary_5_frame10000_t000533_666.jpg,day1_3_27,video_frames/day1_3_27,10000,333.6666666666667,00:05:33.666,itinerary_5,29.97002997002997,1178.5440333333331,../vids/day1_3_27/itinerary_5.MP4
itinerary_5_frame11000_t000607_033.jpg,video_frames/day1_3_27/itinerary_5_frame11000_t000607_033.jpg,day1_3_27,video_frames/day1_3_27,11000,367.03333333333336,00:06:07.033,itinerary_5,29.97002997002997,1178.5440333333331,../vids/day1_3_27/itinerary_5.MP4
itinerary_5_frame12000_t000640_400.jpg,video_frames/day1_3_27/itinerary_5_frame12000_t000640_400.jpg,day1_3_27,video_frames/day1_3_27,12000,400.4,00:06:40.400,itinerary_5,29.97002997002997,1178.5440333333331,../vids/day1_3_27/itinerary_5.MP4
itinerary_5_frame13000_t000713_766.jpg,video_frames/day1_3_27/itinerary_5_frame13000_t000713_766.jpg,day1_3_27,video_frames/day1_3_27,13000,433.76666666666665,00:07:13.766,itinerary_5,29.97002997002997,1178.5440333333331,../vids/day1_3_27/itinerary_5.MP4
itinerary_5_frame14000_t000747_133.jpg,video_frames/day1_3_27/itinerary_5_frame14000_t000747_133.jpg,day1_3_27,video_frames/day1_3_27,14000,467.1333333333333,00:07:47.133,itinerary_5,29.97002997002997,1178.5440333333331,../vids/day1_3_27/itinerary_5.MP4
itinerary_5_frame15000_t000820_500.jpg,video_frames/day1_3_27/itinerary_5_frame15000_t000820_500.jpg,day1_3_27,video_frames/day1_3_27,15000,500.5,00:08:20.500,itinerary_5,29.97002997002997,1178.5440333333331,../vids/day1_3_27/itinerary_5.MP4
itinerary_5_frame16000_t000853_866.jpg,video_frames/day1_3_27/itinerary_5_frame16000_t000853_866.jpg,day1_3_27,video_frames/day1_3_27,16000,533.8666666666667,00:08:53.866,itinerary_5,29.97002997002997,1178.5440333333331,../vids/day1_3_27/itinerary_5.MP4
itinerary_5_frame17000_t000927_233.jpg,video_frames/day1_3_27/itinerary_5_frame17000_t000927_233.jpg,day1_3_27,video_frames/day1_3_27,17000,567.2333333333333,00:09:27.233,itinerary_5,29.97002997002997,1178.5440333333331,../vids/day1_3_27/itinerary_5.MP4
itinerary_5_frame18000_t001000_600.jpg,video_frames/day1_3_27/itinerary_5_frame18000_t001000_600.jpg,day1_3_27,video_frames/day1_3_27,18000,600.6,00:10:00.600,itinerary_5,29.97002997002997,1178.5440333333331,../vids/day1_3_27/itinerary_5.MP4
itinerary_5_frame19000_t001033_966.jpg,video_frames/day1_3_27/itinerary_5_frame19000_t001033_966.jpg,day1_3_27,video_frames/day1_3_27,19000,633.9666666666667,00:10:33.966,itinerary_5,29.97002997002997,1178.5440333333331,../vids/day1_3_27/itinerary_5.MP4
itinerary_5_frame20000_t001107_333.jpg,video_frames/day1_3_27/itinerary_5_frame20000_t001107_333.jpg,day1_3_27,video_frames/day1_3_27,20000,667.3333333333334,00:11:07.333,itinerary_5,29.97002997002997,1178.5440333333331,../vids/day1_3_27/itinerary_5.MP4
itinerary_5_frame21000_t001140_700.jpg,video_frames/day1_3_27/itinerary_5_frame21000_t001140_700.jpg,day1_3_27,video_frames/day1_3_27,21000,700.7,00:11:40.700,itinerary_5,29.97002997002997,1178.5440333333331,../vids/day1_3_27/itinerary_5.MP4
itinerary_5_frame22000_t001214_066.jpg,video_frames/day1_3_27/itinerary_5_frame22000_t001214_066.jpg,day1_3_27,video_frames/day1_3_27,22000,734.0666666666667,00:12:14.066,itinerary_5,29.97002997002997,1178.5440333333331,../vids/day1_3_27/itinerary_5.MP4
itinerary_5_frame23000_t001247_433.jpg,video_frames/day1_3_27/itinerary_5_frame23000_t001247_433.jpg,day1_3_27,video_frames/day1_3_27,23000,767.4333333333334,00:12:47.433,itinerary_5,29.97002997002997,1178.5440333333331,../vids/day1_3_27/itinerary_5.MP4
itinerary_5_frame24000_t001320_800.jpg,video_frames/day1_3_27/itinerary_5_frame24000_t001320_800.jpg,day1_3_27,video_frames/day1_3_27,24000,800.8000000000001,00:13:20.800,itinerary_5,29.97002997002997,1178.5440333333331,../vids/day1_3_27/itinerary_5.MP4
itinerary_5_frame25000_t001354_166.jpg,video_frames/day1_3_27/itinerary_5_frame25000_t001354_166.jpg,day1_3_27,video_frames/day1_3_27,25000,834.1666666666666,00:13:54.166,itinerary_5,29.97002997002997,1178.5440333333331,../vids/day1_3_27/itinerary_5.MP4
itinerary_5_frame26000_t001427_533.jpg,video_frames/day1_3_27/itinerary_5_frame26000_t001427_533.jpg,day1_3_27,video_frames/day1_3_27,26000,867.5333333333333,00:14:27.533,itinerary_5,29.97002997002997,1178.5440333333331,../vids/day1_3_27/itinerary_5.MP4
itinerary_5_frame27000_t001500_900.jpg,video_frames/day1_3_27/itinerary_5_frame27000_t001500_900.jpg,day1_3_27,video_frames/day1_3_27,27000,900.9,00:15:00.900,itinerary_5,29.97002997002997,1178.5440333333331,../vids/day1_3_27/itinerary_5.MP4
itinerary_5_frame28000_t001534_266.jpg,video_frames/day1_3_27/itinerary_5_frame28000_t001534_266.jpg,day1_3_27,video_frames/day1_3_27,28000,934.2666666666668,00:15:34.266,itinerary_5,29.97002997002997,1178.5440333333331,../vids/day1_3_27/itinerary_5.MP4
itinerary_5_frame29000_t001607_633.jpg,video_frames/day1_3_27/itinerary_5_frame29000_t001607_633.jpg,day1_3_27,video_frames/day1_3_27,29000,967.6333333333332,00:16:07.633,itinerary_5,29.97002997002997,1178.5440333333331,../vids/day1_3_27/itinerary_5.MP4
itinerary_5_frame30000_t001641_000.jpg,video_frames/day1_3_27/itinerary_5_frame30000_t001641_000.jpg,day1_3_27,video_frames/day1_3_27,30000,1001.0,00:16:41.000,itinerary_5,29.97002997002997,1178.5440333333331,../vids/day1_3_27/itinerary_5.MP4
itinerary_5_frame31000_t001714_366.jpg,video_frames/day1_3_27/itinerary_5_frame31000_t001714_366.jpg,day1_3_27,video_frames/day1_3_27,31000,1034.3666666666668,00:17:14.366,itinerary_5,29.97002997002997,1178.5440333333331,../vids/day1_3_27/itinerary_5.MP4
itinerary_5_frame32000_t001747_733.jpg,video_frames/day1_3_27/itinerary_5_frame32000_t001747_733.jpg,day1_3_27,video_frames/day1_3_27,32000,1067.7333333333331,00:17:47.733,itinerary_5,29.97002997002997,1178.5440333333331,../vids/day1_3_27/itinerary_5.MP4
itinerary_5_frame33000_t001821_100.jpg,video_frames/day1_3_27/itinerary_5_frame33000_t001821_100.jpg,day1_3_27,video_frames/day1_3_27,33000,1101.1,00:18:21.100,itinerary_5,29.97002997002997,1178.5440333333331,../vids/day1_3_27/itinerary_5.MP4
itinerary_5_frame34000_t001854_466.jpg,video_frames/day1_3_27/itinerary_5_frame34000_t001854_466.jpg,day1_3_27,video_frames/day1_3_27,34000,1134.4666666666667,00:18:54.466,itinerary_5,29.97002997002997,1178.5440333333331,../vids/day1_3_27/itinerary_5.MP4
itinerary_5_frame35000_t001927_833.jpg,video_frames/day1_3_27/itinerary_5_frame35000_t001927_833.jpg,day1_3_27,video_frames/day1_3_27,35000,1167.8333333333333,00:19:27.833,itinerary_5,29.97002997002997,1178.5440333333331,../vids/day1_3_27/itinerary_5.MP4
itinerary_6_frame00000_t000000_000.jpg,video_frames/day1_3_27/itinerary_6_frame00000_t000000_000.jpg,day1_3_27,video_frames/day1_3_27,0,0.0,00:00:00.000,itinerary_6,29.97002997002997,1011.5772333333332,../vids/day1_3_27/itinerary_6.MP4
itinerary_6_frame01000_t000033_366.jpg,video_frames/day1_3_27/itinerary_6_frame01000_t000033_366.jpg,day1_3_27,video_frames/day1_3_27,1000,33.36666666666667,00:00:33.366,itinerary_6,29.97002997002997,1011.5772333333332,../vids/day1_3_27/itinerary_6.MP4
itinerary_6_frame02000_t000106_733.jpg,video_frames/day1_3_27/itinerary_6_frame02000_t000106_733.jpg,day1_3_27,video_frames/day1_3_27,2000,66.73333333333333,00:01:06.733,itinerary_6,29.97002997002997,1011.5772333333332,../vids/day1_3_27/itinerary_6.MP4
itinerary_6_frame03000_t000140_100.jpg,video_frames/day1_3_27/itinerary_6_frame03000_t000140_100.jpg,day1_3_27,video_frames/day1_3_27,3000,100.1,00:01:40.100,itinerary_6,29.97002997002997,1011.5772333333332,../vids/day1_3_27/itinerary_6.MP4
itinerary_6_frame04000_t000213_466.jpg,video_frames/day1_3_27/itinerary_6_frame04000_t000213_466.jpg,day1_3_27,video_frames/day1_3_27,4000,133.46666666666667,00:02:13.466,itinerary_6,29.97002997002997,1011.5772333333332,../vids/day1_3_27/itinerary_6.MP4
itinerary_6_frame05000_t000246_833.jpg,video_frames/day1_3_27/itinerary_6_frame05000_t000246_833.jpg,day1_3_27,video_frames/day1_3_27,5000,166.83333333333334,00:02:46.833,itinerary_6,29.97002997002997,1011.5772333333332,../vids/day1_3_27/itinerary_6.MP4
itinerary_6_frame06000_t000320_200.jpg,video_frames/day1_3_27/itinerary_6_frame06000_t000320_200.jpg,day1_3_27,video_frames/day1_3_27,6000,200.2,00:03:20.200,itinerary_6,29.97002997002997,1011.5772333333332,../vids/day1_3_27/itinerary_6.MP4
itinerary_6_frame07000_t000353_566.jpg,video_frames/day1_3_27/itinerary_6_frame07000_t000353_566.jpg,day1_3_27,video_frames/day1_3_27,7000,233.56666666666663,00:03:53.566,itinerary_6,29.97002997002997,1011.5772333333332,../vids/day1_3_27/itinerary_6.MP4
itinerary_6_frame08000_t000426_933.jpg,video_frames/day1_3_27/itinerary_6_frame08000_t000426_933.jpg,day1_3_27,video_frames/day1_3_27,8000,266.93333333333334,00:04:26.933,itinerary_6,29.97002997002997,1011.5772333333332,../vids/day1_3_27/itinerary_6.MP4
itinerary_6_frame09000_t000500_300.jpg,video_frames/day1_3_27/itinerary_6_frame09000_t000500_300.jpg,day1_3_27,video_frames/day1_3_27,9000,300.3,00:05:00.300,itinerary_6,29.97002997002997,1011.5772333333332,../vids/day1_3_27/itinerary_6.MP4
itinerary_6_frame10000_t000533_666.jpg,video_frames/day1_3_27/itinerary_6_frame10000_t000533_666.jpg,day1_3_27,video_frames/day1_3_27,10000,333.6666666666667,00:05:33.666,itinerary_6,29.97002997002997,1011.5772333333332,../vids/day1_3_27/itinerary_6.MP4
itinerary_6_frame11000_t000607_033.jpg,video_frames/day1_3_27/itinerary_6_frame11000_t000607_033.jpg,day1_3_27,video_frames/day1_3_27,11000,367.03333333333336,00:06:07.033,itinerary_6,29.97002997002997,1011.5772333333332,../vids/day1_3_27/itinerary_6.MP4
itinerary_6_frame12000_t000640_400.jpg,video_frames/day1_3_27/itinerary_6_frame12000_t000640_400.jpg,day1_3_27,video_frames/day1_3_27,12000,400.4,00:06:40.400,itinerary_6,29.97002997002997,1011.5772333333332,../vids/day1_3_27/itinerary_6.MP4
itinerary_6_frame13000_t000713_766.jpg,video_frames/day1_3_27/itinerary_6_frame13000_t000713_766.jpg,day1_3_27,video_frames/day1_3_27,13000,433.76666666666665,00:07:13.766,itinerary_6,29.97002997002997,1011.5772333333332,../vids/day1_3_27/itinerary_6.MP4
itinerary_6_frame14000_t000747_133.jpg,video_frames/day1_3_27/itinerary_6_frame14000_t000747_133.jpg,day1_3_27,video_frames/day1_3_27,14000,467.1333333333333,00:07:47.133,itinerary_6,29.97002997002997,1011.5772333333332,../vids/day1_3_27/itinerary_6.MP4
itinerary_6_frame15000_t000820_500.jpg,video_frames/day1_3_27/itinerary_6_frame15000_t000820_500.jpg,day1_3_27,video_frames/day1_3_27,15000,500.5,00:08:20.500,itinerary_6,29.97002997002997,1011.5772333333332,../vids/day1_3_27/itinerary_6.MP4
itinerary_6_frame16000_t000853_866.jpg,video_frames/day1_3_27/itinerary_6_frame16000_t000853_866.jpg,day1_3_27,video_frames/day1_3_27,16000,533.8666666666667,00:08:53.866,itinerary_6,29.97002997002997,1011.5772333333332,../vids/day1_3_27/itinerary_6.MP4
itinerary_6_frame17000_t000927_233.jpg,video_frames/day1_3_27/itinerary_6_frame17000_t000927_233.jpg,day1_3_27,video_frames/day1_3_27,17000,567.2333333333333,00:09:27.233,itinerary_6,29.97002997002997,1011.5772333333332,../vids/day1_3_27/itinerary_6.MP4
itinerary_6_frame18000_t001000_600.jpg,video_frames/day1_3_27/itinerary_6_frame18000_t001000_600.jpg,day1_3_27,video_frames/day1_3_27,18000,600.6,00:10:00.600,itinerary_6,29.97002997002997,1011.5772333333332,../vids/day1_3_27/itinerary_6.MP4
itinerary_6_frame19000_t001033_966.jpg,video_frames/day1_3_27/itinerary_6_frame19000_t001033_966.jpg,day1_3_27,video_frames/day1_3_27,19000,633.9666666666667,00:10:33.966,itinerary_6,29.97002997002997,1011.5772333333332,../vids/day1_3_27/itinerary_6.MP4
itinerary_6_frame20000_t001107_333.jpg,video_frames/day1_3_27/itinerary_6_frame20000_t001107_333.jpg,day1_3_27,video_frames/day1_3_27,20000,667.3333333333334,00:11:07.333,itinerary_6,29.97002997002997,1011.5772333333332,../vids/day1_3_27/itinerary_6.MP4
itinerary_6_frame21000_t001140_700.jpg,video_frames/day1_3_27/itinerary_6_frame21000_t001140_700.jpg,day1_3_27,video_frames/day1_3_27,21000,700.7,00:11:40.700,itinerary_6,29.97002997002997,1011.5772333333332,../vids/day1_3_27/itinerary_6.MP4
itinerary_6_frame22000_t001214_066.jpg,video_frames/day1_3_27/itinerary_6_frame22000_t001214_066.jpg,day1_3_27,video_frames/day1_3_27,22000,734.0666666666667,00:12:14.066,itinerary_6,29.97002997002997,1011.5772333333332,../vids/day1_3_27/itinerary_6.MP4
itinerary_6_frame23000_t001247_433.jpg,video_frames/day1_3_27/itinerary_6_frame23000_t001247_433.jpg,day1_3_27,video_frames/day1_3_27,23000,767.4333333333334,00:12:47.433,itinerary_6,29.97002997002997,1011.5772333333332,../vids/day1_3_27/itinerary_6.MP4
itinerary_6_frame24000_t001320_800.jpg,video_frames/day1_3_27/itinerary_6_frame24000_t001320_800.jpg,day1_3_27,video_frames/day1_3_27,24000,800.8000000000001,00:13:20.800,itinerary_6,29.97002997002997,1011.5772333333332,../vids/day1_3_27/itinerary_6.MP4
itinerary_6_frame25000_t001354_166.jpg,video_frames/day1_3_27/itinerary_6_frame25000_t001354_166.jpg,day1_3_27,video_frames/day1_3_27,25000,834.1666666666666,00:13:54.166,itinerary_6,29.97002997002997,1011.5772333333332,../vids/day1_3_27/itinerary_6.MP4
itinerary_6_frame26000_t001427_533.jpg,video_frames/day1_3_27/itinerary_6_frame26000_t001427_533.jpg,day1_3_27,video_frames/day1_3_27,26000,867.5333333333333,00:14:27.533,itinerary_6,29.97002997002997,1011.5772333333332,../vids/day1_3_27/itinerary_6.MP4
itinerary_6_frame27000_t001500_900.jpg,video_frames/day1_3_27/itinerary_6_frame27000_t001500_900.jpg,day1_3_27,video_frames/day1_3_27,27000,900.9,00:15:00.900,itinerary_6,29.97002997002997,1011.5772333333332,../vids/day1_3_27/itinerary_6.MP4
itinerary_6_frame28000_t001534_266.jpg,video_frames/day1_3_27/itinerary_6_frame28000_t001534_266.jpg,day1_3_27,video_frames/day1_3_27,28000,934.2666666666668,00:15:34.266,itinerary_6,29.97002997002997,1011.5772333333332,../vids/day1_3_27/itinerary_6.MP4
itinerary_6_frame29000_t001607_633.jpg,video_frames/day1_3_27/itinerary_6_frame29000_t001607_633.jpg,day1_3_27,video_frames/day1_3_27,29000,967.6333333333332,00:16:07.633,itinerary_6,29.97002997002997,1011.5772333333332,../vids/day1_3_27/itinerary_6.MP4
itinerary_6_frame30000_t001641_000.jpg,video_frames/day1_3_27/itinerary_6_frame30000_t001641_000.jpg,day1_3_27,video_frames/day1_3_27,30000,1001.0,00:16:41.000,itinerary_6,29.97002997002997,1011.5772333333332,../vids/day1_3_27/itinerary_6.MP4
itinerary_7_frame00000_t000000_000.jpg,video_frames/day1_3_27/itinerary_7_frame00000_t000000_000.jpg,day1_3_27,video_frames/day1_3_27,0,0.0,00:00:00.000,itinerary_7,29.97002997002997,780.3128666666667,../vids/day1_3_27/itinerary_7.MP4
itinerary_7_frame01000_t000033_366.jpg,video_frames/day1_3_27/itinerary_7_frame01000_t000033_366.jpg,day1_3_27,video_frames/day1_3_27,1000,33.36666666666667,00:00:33.366,itinerary_7,29.97002997002997,780.3128666666667,../vids/day1_3_27/itinerary_7.MP4
itinerary_7_frame02000_t000106_733.jpg,video_frames/day1_3_27/itinerary_7_frame02000_t000106_733.jpg,day1_3_27,video_frames/day1_3_27,2000,66.73333333333333,00:01:06.733,itinerary_7,29.97002997002997,780.3128666666667,../vids/day1_3_27/itinerary_7.MP4
itinerary_7_frame03000_t000140_100.jpg,video_frames/day1_3_27/itinerary_7_frame03000_t000140_100.jpg,day1_3_27,video_frames/day1_3_27,3000,100.1,00:01:40.100,itinerary_7,29.97002997002997,780.3128666666667,../vids/day1_3_27/itinerary_7.MP4
itinerary_7_frame04000_t000213_466.jpg,video_frames/day1_3_27/itinerary_7_frame04000_t000213_466.jpg,day1_3_27,video_frames/day1_3_27,4000,133.46666666666667,00:02:13.466,itinerary_7,29.97002997002997,780.3128666666667,../vids/day1_3_27/itinerary_7.MP4
itinerary_7_frame05000_t000246_833.jpg,video_frames/day1_3_27/itinerary_7_frame05000_t000246_833.jpg,day1_3_27,video_frames/day1_3_27,5000,166.83333333333334,00:02:46.833,itinerary_7,29.97002997002997,780.3128666666667,../vids/day1_3_27/itinerary_7.MP4
itinerary_7_frame06000_t000320_200.jpg,video_frames/day1_3_27/itinerary_7_frame06000_t000320_200.jpg,day1_3_27,video_frames/day1_3_27,6000,200.2,00:03:20.200,itinerary_7,29.97002997002997,780.3128666666667,../vids/day1_3_27/itinerary_7.MP4
itinerary_7_frame07000_t000353_566.jpg,video_frames/day1_3_27/itinerary_7_frame07000_t000353_566.jpg,day1_3_27,video_frames/day1_3_27,7000,233.56666666666663,00:03:53.566,itinerary_7,29.97002997002997,780.3128666666667,../vids/day1_3_27/itinerary_7.MP4
itinerary_7_frame08000_t000426_933.jpg,video_frames/day1_3_27/itinerary_7_frame08000_t000426_933.jpg,day1_3_27,video_frames/day1_3_27,8000,266.93333333333334,00:04:26.933,itinerary_7,29.97002997002997,780.3128666666667,../vids/day1_3_27/itinerary_7.MP4
itinerary_7_frame09000_t000500_300.jpg,video_frames/day1_3_27/itinerary_7_frame09000_t000500_300.jpg,day1_3_27,video_frames/day1_3_27,9000,300.3,00:05:00.300,itinerary_7,29.97002997002997,780.3128666666667,../vids/day1_3_27/itinerary_7.MP4
itinerary_7_frame10000_t000533_666.jpg,video_frames/day1_3_27/itinerary_7_frame10000_t000533_666.jpg,day1_3_27,video_frames/day1_3_27,10000,333.6666666666667,00:05:33.666,itinerary_7,29.97002997002997,780.3128666666667,../vids/day1_3_27/itinerary_7.MP4
itinerary_7_frame11000_t000607_033.jpg,video_frames/day1_3_27/itinerary_7_frame11000_t000607_033.jpg,day1_3_27,video_frames/day1_3_27,11000,367.03333333333336,00:06:07.033,itinerary_7,29.97002997002997,780.3128666666667,../vids/day1_3_27/itinerary_7.MP4
itinerary_7_frame12000_t000640_400.jpg,video_frames/day1_3_27/itinerary_7_frame12000_t000640_400.jpg,day1_3_27,video_frames/day1_3_27,12000,400.4,00:06:40.400,itinerary_7,29.97002997002997,780.3128666666667,../vids/day1_3_27/itinerary_7.MP4
itinerary_7_frame13000_t000713_766.jpg,video_frames/day1_3_27/itinerary_7_frame13000_t000713_766.jpg,day1_3_27,video_frames/day1_3_27,13000,433.76666666666665,00:07:13.766,itinerary_7,29.97002997002997,780.3128666666667,../vids/day1_3_27/itinerary_7.MP4
itinerary_7_frame14000_t000747_133.jpg,video_frames/day1_3_27/itinerary_7_frame14000_t000747_133.jpg,day1_3_27,video_frames/day1_3_27,14000,467.1333333333333,00:07:47.133,itinerary_7,29.97002997002997,780.3128666666667,../vids/day1_3_27/itinerary_7.MP4
itinerary_7_frame15000_t000820_500.jpg,video_frames/day1_3_27/itinerary_7_frame15000_t000820_500.jpg,day1_3_27,video_frames/day1_3_27,15000,500.5,00:08:20.500,itinerary_7,29.97002997002997,780.3128666666667,../vids/day1_3_27/itinerary_7.MP4
itinerary_7_frame16000_t000853_866.jpg,video_frames/day1_3_27/itinerary_7_frame16000_t000853_866.jpg,day1_3_27,video_frames/day1_3_27,16000,533.8666666666667,00:08:53.866,itinerary_7,29.97002997002997,780.3128666666667,../vids/day1_3_27/itinerary_7.MP4
itinerary_7_frame17000_t000927_233.jpg,video_frames/day1_3_27/itinerary_7_frame17000_t000927_233.jpg,day1_3_27,video_frames/day1_3_27,17000,567.2333333333333,00:09:27.233,itinerary_7,29.97002997002997,780.3128666666667,../vids/day1_3_27/itinerary_7.MP4
itinerary_7_frame18000_t001000_600.jpg,video_frames/day1_3_27/itinerary_7_frame18000_t001000_600.jpg,day1_3_27,video_frames/day1_3_27,18000,600.6,00:10:00.600,itinerary_7,29.97002997002997,780.3128666666667,../vids/day1_3_27/itinerary_7.MP4
itinerary_7_frame19000_t001033_966.jpg,video_frames/day1_3_27/itinerary_7_frame19000_t001033_966.jpg,day1_3_27,video_frames/day1_3_27,19000,633.9666666666667,00:10:33.966,itinerary_7,29.97002997002997,780.3128666666667,../vids/day1_3_27/itinerary_7.MP4
itinerary_7_frame20000_t001107_333.jpg,video_frames/day1_3_27/itinerary_7_frame20000_t001107_333.jpg,day1_3_27,video_frames/day1_3_27,20000,667.3333333333334,00:11:07.333,itinerary_7,29.97002997002997,780.3128666666667,../vids/day1_3_27/itinerary_7.MP4
itinerary_7_frame21000_t001140_700.jpg,video_frames/day1_3_27/itinerary_7_frame21000_t001140_700.jpg,day1_3_27,video_frames/day1_3_27,21000,700.7,00:11:40.700,itinerary_7,29.97002997002997,780.3128666666667,../vids/day1_3_27/itinerary_7.MP4
itinerary_7_frame22000_t001214_066.jpg,video_frames/day1_3_27/itinerary_7_frame22000_t001214_066.jpg,day1_3_27,video_frames/day1_3_27,22000,734.0666666666667,00:12:14.066,itinerary_7,29.97002997002997,780.3128666666667,../vids/day1_3_27/itinerary_7.MP4
itinerary_7_frame23000_t001247_433.jpg,video_frames/day1_3_27/itinerary_7_frame23000_t001247_433.jpg,day1_3_27,video_frames/day1_3_27,23000,767.4333333333334,00:12:47.433,itinerary_7,29.97002997002997,780.3128666666667,../vids/day1_3_27/itinerary_7.MP4
itinerary_8_1_frame0000_t000000_000.jpg,video_frames/day1_3_27/itinerary_8_1_frame0000_t000000_000.jpg,day1_3_27,video_frames/day1_3_27,0,0.0,00:00:00.000,itinerary_8_1,29.97002997002997,141.60813333333334,../vids/day1_3_27/itinerary_8_1.MP4
itinerary_8_1_frame1000_t000033_366.jpg,video_frames/day1_3_27/itinerary_8_1_frame1000_t000033_366.jpg,day1_3_27,video_frames/day1_3_27,1000,33.36666666666667,00:00:33.366,itinerary_8_1,29.97002997002997,141.60813333333334,../vids/day1_3_27/itinerary_8_1.MP4
itinerary_8_1_frame2000_t000106_733.jpg,video_frames/day1_3_27/itinerary_8_1_frame2000_t000106_733.jpg,day1_3_27,video_frames/day1_3_27,2000,66.73333333333333,00:01:06.733,itinerary_8_1,29.97002997002997,141.60813333333334,../vids/day1_3_27/itinerary_8_1.MP4
itinerary_8_1_frame3000_t000140_100.jpg,video_frames/day1_3_27/itinerary_8_1_frame3000_t000140_100.jpg,day1_3_27,video_frames/day1_3_27,3000,100.1,00:01:40.100,itinerary_8_1,29.97002997002997,141.60813333333334,../vids/day1_3_27/itinerary_8_1.MP4
itinerary_8_1_frame4000_t000213_466.jpg,video_frames/day1_3_27/itinerary_8_1_frame4000_t000213_466.jpg,day1_3_27,video_frames/day1_3_27,4000,133.46666666666667,00:02:13.466,itinerary_8_1,29.97002997002997,141.60813333333334,../vids/day1_3_27/itinerary_8_1.MP4
itinerary_8_2_frame00000_t000000_000.jpg,video_frames/day1_3_27/itinerary_8_2_frame00000_t000000_000.jpg,day1_3_27,video_frames/day1_3_27,0,0.0,00:00:00.000,itinerary_8_2,29.97002997002997,610.9436666666667,../vids/day1_3_27/itinerary_8_2.MP4
itinerary_8_2_frame01000_t000033_366.jpg,video_frames/day1_3_27/itinerary_8_2_frame01000_t000033_366.jpg,day1_3_27,video_frames/day1_3_27,1000,33.36666666666667,00:00:33.366,itinerary_8_2,29.97002997002997,610.9436666666667,../vids/day1_3_27/itinerary_8_2.MP4
itinerary_8_2_frame02000_t000106_733.jpg,video_frames/day1_3_27/itinerary_8_2_frame02000_t000106_733.jpg,day1_3_27,video_frames/day1_3_27,2000,66.73333333333333,00:01:06.733,itinerary_8_2,29.97002997002997,610.9436666666667,../vids/day1_3_27/itinerary_8_2.MP4
itinerary_8_2_frame03000_t000140_100.jpg,video_frames/day1_3_27/itinerary_8_2_frame03000_t000140_100.jpg,day1_3_27,video_frames/day1_3_27,3000,100.1,00:01:40.100,itinerary_8_2,29.97002997002997,610.9436666666667,../vids/day1_3_27/itinerary_8_2.MP4
itinerary_8_2_frame04000_t000213_466.jpg,video_frames/day1_3_27/itinerary_8_2_frame04000_t000213_466.jpg,day1_3_27,video_frames/day1_3_27,4000,133.46666666666667,00:02:13.466,itinerary_8_2,29.97002997002997,610.9436666666667,../vids/day1_3_27/itinerary_8_2.MP4
itinerary_8_2_frame05000_t000246_833.jpg,video_frames/day1_3_27/itinerary_8_2_frame05000_t000246_833.jpg,day1_3_27,video_frames/day1_3_27,5000,166.83333333333334,00:02:46.833,itinerary_8_2,29.97002997002997,610.9436666666667,../vids/day1_3_27/itinerary_8_2.MP4
itinerary_8_2_frame06000_t000320_200.jpg,video_frames/day1_3_27/itinerary_8_2_frame06000_t000320_200.jpg,day1_3_27,video_frames/day1_3_27,6000,200.2,00:03:20.200,itinerary_8_2,29.97002997002997,610.9436666666667,../vids/day1_3_27/itinerary_8_2.MP4
itinerary_8_2_frame07000_t000353_566.jpg,video_frames/day1_3_27/itinerary_8_2_frame07000_t000353_566.jpg,day1_3_27,video_frames/day1_3_27,7000,233.56666666666663,00:03:53.566,itinerary_8_2,29.97002997002997,610.9436666666667,../vids/day1_3_27/itinerary_8_2.MP4
itinerary_8_2_frame08000_t000426_933.jpg,video_frames/day1_3_27/itinerary_8_2_frame08000_t000426_933.jpg,day1_3_27,video_frames/day1_3_27,8000,266.93333333333334,00:04:26.933,itinerary_8_2,29.97002997002997,610.9436666666667,../vids/day1_3_27/itinerary_8_2.MP4
itinerary_8_2_frame09000_t000500_300.jpg,video_frames/day1_3_27/itinerary_8_2_frame09000_t000500_300.jpg,day1_3_27,video_frames/day1_3_27,9000,300.3,00:05:00.300,itinerary_8_2,29.97002997002997,610.9436666666667,../vids/day1_3_27/itinerary_8_2.MP4
itinerary_8_2_frame10000_t000533_666.jpg,video_frames/day1_3_27/itinerary_8_2_frame10000_t000533_666.jpg,day1_3_27,video_frames/day1_3_27,10000,333.6666666666667,00:05:33.666,itinerary_8_2,29.97002997002997,610.9436666666667,../vids/day1_3_27/itinerary_8_2.MP4
itinerary_8_2_frame11000_t000607_033.jpg,video_frames/day1_3_27/itinerary_8_2_frame11000_t000607_033.jpg,day1_3_27,video_frames/day1_3_27,11000,367.03333333333336,00:06:07.033,itinerary_8_2,29.97002997002997,610.9436666666667,../vids/day1_3_27/itinerary_8_2.MP4
itinerary_8_2_frame12000_t000640_400.jpg,video_frames/day1_3_27/itinerary_8_2_frame12000_t000640_400.jpg,day1_3_27,video_frames/day1_3_27,12000,400.4,00:06:40.400,itinerary_8_2,29.97002997002997,610.9436666666667,../vids/day1_3_27/itinerary_8_2.MP4
itinerary_8_2_frame13000_t000713_766.jpg,video_frames/day1_3_27/itinerary_8_2_frame13000_t000713_766.jpg,day1_3_27,video_frames/day1_3_27,13000,433.76666666666665,00:07:13.766,itinerary_8_2,29.97002997002997,610.9436666666667,../vids/day1_3_27/itinerary_8_2.MP4
itinerary_8_2_frame14000_t000747_133.jpg,video_frames/day1_3_27/itinerary_8_2_frame14000_t000747_133.jpg,day1_3_27,video_frames/day1_3_27,14000,467.1333333333333,00:07:47.133,itinerary_8_2,29.97002997002997,610.9436666666667,../vids/day1_3_27/itinerary_8_2.MP4
itinerary_8_2_frame15000_t000820_500.jpg,video_frames/day1_3_27/itinerary_8_2_frame15000_t000820_500.jpg,day1_3_27,video_frames/day1_3_27,15000,500.5,00:08:20.500,itinerary_8_2,29.97002997002997,610.9436666666667,../vids/day1_3_27/itinerary_8_2.MP4
itinerary_8_2_frame16000_t000853_866.jpg,video_frames/day1_3_27/itinerary_8_2_frame16000_t000853_866.jpg,day1_3_27,video_frames/day1_3_27,16000,533.8666666666667,00:08:53.866,itinerary_8_2,29.97002997002997,610.9436666666667,../vids/day1_3_27/itinerary_8_2.MP4
itinerary_8_2_frame17000_t000927_233.jpg,video_frames/day1_3_27/itinerary_8_2_frame17000_t000927_233.jpg,day1_3_27,video_frames/day1_3_27,17000,567.2333333333333,00:09:27.233,itinerary_8_2,29.97002997002997,610.9436666666667,../vids/day1_3_27/itinerary_8_2.MP4
itinerary_8_2_frame18000_t001000_600.jpg,video_frames/day1_3_27/itinerary_8_2_frame18000_t001000_600.jpg,day1_3_27,video_frames/day1_3_27,18000,600.6,00:10:00.600,itinerary_8_2,29.97002997002997,610.9436666666667,../vids/day1_3_27/itinerary_8_2.MP4
itinerary_9_frame00000_t000000_000.jpg,video_frames/day1_3_27/itinerary_9_frame00000_t000000_000.jpg,day1_3_27,video_frames/day1_3_27,0,0.0,00:00:00.000,itinerary_9,29.97002997002997,1549.8483,../vids/day1_3_27/itinerary_9.MP4
itinerary_9_frame01000_t000033_366.jpg,video_frames/day1_3_27/itinerary_9_frame01000_t000033_366.jpg,day1_3_27,video_frames/day1_3_27,1000,33.36666666666667,00:00:33.366,itinerary_9,29.97002997002997,1549.8483,../vids/day1_3_27/itinerary_9.MP4
itinerary_9_frame02000_t000106_733.jpg,video_frames/day1_3_27/itinerary_9_frame02000_t000106_733.jpg,day1_3_27,video_frames/day1_3_27,2000,66.73333333333333,00:01:06.733,itinerary_9,29.97002997002997,1549.8483,../vids/day1_3_27/itinerary_9.MP4
itinerary_9_frame03000_t000140_100.jpg,video_frames/day1_3_27/itinerary_9_frame03000_t000140_100.jpg,day1_3_27,video_frames/day1_3_27,3000,100.1,00:01:40.100,itinerary_9,29.97002997002997,1549.8483,../vids/day1_3_27/itinerary_9.MP4
itinerary_9_frame04000_t000213_466.jpg,video_frames/day1_3_27/itinerary_9_frame04000_t000213_466.jpg,day1_3_27,video_frames/day1_3_27,4000,133.46666666666667,00:02:13.466,itinerary_9,29.97002997002997,1549.8483,../vids/day1_3_27/itinerary_9.MP4
itinerary_9_frame05000_t000246_833.jpg,video_frames/day1_3_27/itinerary_9_frame05000_t000246_833.jpg,day1_3_27,video_frames/day1_3_27,5000,166.83333333333334,00:02:46.833,itinerary_9,29.97002997002997,1549.8483,../vids/day1_3_27/itinerary_9.MP4
itinerary_9_frame06000_t000320_200.jpg,video_frames/day1_3_27/itinerary_9_frame06000_t000320_200.jpg,day1_3_27,video_frames/day1_3_27,6000,200.2,00:03:20.200,itinerary_9,29.97002997002997,1549.8483,../vids/day1_3_27/itinerary_9.MP4
itinerary_9_frame07000_t000353_566.jpg,video_frames/day1_3_27/itinerary_9_frame07000_t000353_566.jpg,day1_3_27,video_frames/day1_3_27,7000,233.56666666666663,00:03:53.566,itinerary_9,29.97002997002997,1549.8483,../vids/day1_3_27/itinerary_9.MP4
itinerary_9_frame08000_t000426_933.jpg,video_frames/day1_3_27/itinerary_9_frame08000_t000426_933.jpg,day1_3_27,video_frames/day1_3_27,8000,266.93333333333334,00:04:26.933,itinerary_9,29.97002997002997,1549.8483,../vids/day1_3_27/itinerary_9.MP4
itinerary_9_frame09000_t000500_300.jpg,video_frames/day1_3_27/itinerary_9_frame09000_t000500_300.jpg,day1_3_27,video_frames/day1_3_27,9000,300.3,00:05:00.300,itinerary_9,29.97002997002997,1549.8483,../vids/day1_3_27/itinerary_9.MP4
itinerary_9_frame10000_t000533_666.jpg,video_frames/day1_3_27/itinerary_9_frame10000_t000533_666.jpg,day1_3_27,video_frames/day1_3_27,10000,333.6666666666667,00:05:33.666,itinerary_9,29.97002997002997,1549.8483,../vids/day1_3_27/itinerary_9.MP4
itinerary_9_frame11000_t000607_033.jpg,video_frames/day1_3_27/itinerary_9_frame11000_t000607_033.jpg,day1_3_27,video_frames/day1_3_27,11000,367.03333333333336,00:06:07.033,itinerary_9,29.97002997002997,1549.8483,../vids/day1_3_27/itinerary_9.MP4
itinerary_9_frame12000_t000640_400.jpg,video_frames/day1_3_27/itinerary_9_frame12000_t000640_400.jpg,day1_3_27,video_frames/day1_3_27,12000,400.4,00:06:40.400,itinerary_9,29.97002997002997,1549.8483,../vids/day1_3_27/itinerary_9.MP4
itinerary_9_frame13000_t000713_766.jpg,video_frames/day1_3_27/itinerary_9_frame13000_t000713_766.jpg,day1_3_27,video_frames/day1_3_27,13000,433.76666666666665,00:07:13.766,itinerary_9,29.97002997002997,1549.8483,../vids/day1_3_27/itinerary_9.MP4
itinerary_9_frame14000_t000747_133.jpg,video_frames/day1_3_27/itinerary_9_frame14000_t000747_133.jpg,day1_3_27,video_frames/day1_3_27,14000,467.1333333333333,00:07:47.133,itinerary_9,29.97002997002997,1549.8483,../vids/day1_3_27/itinerary_9.MP4
itinerary_9_frame15000_t000820_500.jpg,video_frames/day1_3_27/itinerary_9_frame15000_t000820_500.jpg,day1_3_27,video_frames/day1_3_27,15000,500.5,00:08:20.500,itinerary_9,29.97002997002997,1549.8483,../vids/day1_3_27/itinerary_9.MP4
itinerary_9_frame16000_t000853_866.jpg,video_frames/day1_3_27/itinerary_9_frame16000_t000853_866.jpg,day1_3_27,video_frames/day1_3_27,16000,533.8666666666667,00:08:53.866,itinerary_9,29.97002997002997,1549.8483,../vids/day1_3_27/itinerary_9.MP4
itinerary_9_frame17000_t000927_233.jpg,video_frames/day1_3_27/itinerary_9_frame17000_t000927_233.jpg,day1_3_27,video_frames/day1_3_27,17000,567.2333333333333,00:09:27.233,itinerary_9,29.97002997002997,1549.8483,../vids/day1_3_27/itinerary_9.MP4
itinerary_9_frame18000_t001000_600.jpg,video_frames/day1_3_27/itinerary_9_frame18000_t001000_600.jpg,day1_3_27,video_frames/day1_3_27,18000,600.6,00:10:00.600,itinerary_9,29.97002997002997,1549.8483,../vids/day1_3_27/itinerary_9.MP4
itinerary_9_frame19000_t001033_966.jpg,video_frames/day1_3_27/itinerary_9_frame19000_t001033_966.jpg,day1_3_27,video_frames/day1_3_27,19000,633.9666666666667,00:10:33.966,itinerary_9,29.97002997002997,1549.8483,../vids/day1_3_27/itinerary_9.MP4
itinerary_9_frame20000_t001107_333.jpg,video_frames/day1_3_27/itinerary_9_frame20000_t001107_333.jpg,day1_3_27,video_frames/day1_3_27,20000,667.3333333333334,00:11:07.333,itinerary_9,29.97002997002997,1549.8483,../vids/day1_3_27/itinerary_9.MP4
itinerary_9_frame21000_t001140_700.jpg,video_frames/day1_3_27/itinerary_9_frame21000_t001140_700.jpg,day1_3_27,video_frames/day1_3_27,21000,700.7,00:11:40.700,itinerary_9,29.97002997002997,1549.8483,../vids/day1_3_27/itinerary_9.MP4
itinerary_9_frame22000_t001214_066.jpg,video_frames/day1_3_27/itinerary_9_frame22000_t001214_066.jpg,day1_3_27,video_frames/day1_3_27,22000,734.0666666666667,00:12:14.066,itinerary_9,29.97002997002997,1549.8483,../vids/day1_3_27/itinerary_9.MP4
itinerary_9_frame23000_t001247_433.jpg,video_frames/day1_3_27/itinerary_9_frame23000_t001247_433.jpg,day1_3_27,video_frames/day1_3_27,23000,767.4333333333334,00:12:47.433,itinerary_9,29.97002997002997,1549.8483,../vids/day1_3_27/itinerary_9.MP4
itinerary_9_frame24000_t001320_800.jpg,video_frames/day1_3_27/itinerary_9_frame24000_t001320_800.jpg,day1_3_27,video_frames/day1_3_27,24000,800.8000000000001,00:13:20.800,itinerary_9,29.97002997002997,1549.8483,../vids/day1_3_27/itinerary_9.MP4
itinerary_9_frame25000_t001354_166.jpg,video_frames/day1_3_27/itinerary_9_frame25000_t001354_166.jpg,day1_3_27,video_frames/day1_3_27,25000,834.1666666666666,00:13:54.166,itinerary_9,29.97002997002997,1549.8483,../vids/day1_3_27/itinerary_9.MP4
itinerary_9_frame26000_t001427_533.jpg,video_frames/day1_3_27/itinerary_9_frame26000_t001427_533.jpg,day1_3_27,video_frames/day1_3_27,26000,867.5333333333333,00:14:27.533,itinerary_9,29.97002997002997,1549.8483,../vids/day1_3_27/itinerary_9.MP4
itinerary_9_frame27000_t001500_900.jpg,video_frames/day1_3_27/itinerary_9_frame27000_t001500_900.jpg,day1_3_27,video_frames/day1_3_27,27000,900.9,00:15:00.900,itinerary_9,29.97002997002997,1549.8483,../vids/day1_3_27/itinerary_9.MP4
itinerary_9_frame28000_t001534_266.jpg,video_frames/day1_3_27/itinerary_9_frame28000_t001534_266.jpg,day1_3_27,video_frames/day1_3_27,28000,934.2666666666668,00:15:34.266,itinerary_9,29.97002997002997,1549.8483,../vids/day1_3_27/itinerary_9.MP4
itinerary_9_frame29000_t001607_633.jpg,video_frames/day1_3_27/itinerary_9_frame29000_t001607_633.jpg,day1_3_27,video_frames/day1_3_27,29000,967.6333333333332,00:16:07.633,itinerary_9,29.97002997002997,1549.8483,../vids/day1_3_27/itinerary_9.MP4
itinerary_9_frame30000_t001641_000.jpg,video_frames/day1_3_27/itinerary_9_frame30000_t001641_000.jpg,day1_3_27,video_frames/day1_3_27,30000,1001.0,00:16:41.000,itinerary_9,29.97002997002997,1549.8483,../vids/day1_3_27/itinerary_9.MP4
itinerary_9_frame31000_t001714_366.jpg,video_frames/day1_3_27/itinerary_9_frame31000_t001714_366.jpg,day1_3_27,video_frames/day1_3_27,31000,1034.3666666666668,00:17:14.366,itinerary_9,29.97002997002997,1549.8483,../vids/day1_3_27/itinerary_9.MP4
itinerary_9_frame32000_t001747_733.jpg,video_frames/day1_3_27/itinerary_9_frame32000_t001747_733.jpg,day1_3_27,video_frames/day1_3_27,32000,1067.7333333333331,00:17:47.733,itinerary_9,29.97002997002997,1549.8483,../vids/day1_3_27/itinerary_9.MP4
itinerary_9_frame33000_t001821_100.jpg,video_frames/day1_3_27/itinerary_9_frame33000_t001821_100.jpg,day1_3_27,video_frames/day1_3_27,33000,1101.1,00:18:21.100,itinerary_9,29.97002997002997,1549.8483,../vids/day1_3_27/itinerary_9.MP4
itinerary_9_frame34000_t001854_466.jpg,video_frames/day1_3_27/itinerary_9_frame34000_t001854_466.jpg,day1_3_27,video_frames/day1_3_27,34000,1134.4666666666667,00:18:54.466,itinerary_9,29.97002997002997,1549.8483,../vids/day1_3_27/itinerary_9.MP4
itinerary_9_frame35000_t001927_833.jpg,video_frames/day1_3_27/itinerary_9_frame35000_t001927_833.jpg,day1_3_27,video_frames/day1_3_27,35000,1167.8333333333333,00:19:27.833,itinerary_9,29.97002997002997,1549.8483,../vids/day1_3_27/itinerary_9.MP4
itinerary_9_frame36000_t002001_200.jpg,video_frames/day1_3_27/itinerary_9_frame36000_t002001_200.jpg,day1_3_27,video_frames/day1_3_27,36000,1201.2,00:20:01.200,itinerary_9,29.97002997002997,1549.8483,../vids/day1_3_27/itinerary_9.MP4
itinerary_9_frame37000_t002034_566.jpg,video_frames/day1_3_27/itinerary_9_frame37000_t002034_566.jpg,day1_3_27,video_frames/day1_3_27,37000,1234.5666666666666,00:20:34.566,itinerary_9,29.97002997002997,1549.8483,../vids/day1_3_27/itinerary_9.MP4
itinerary_9_frame38000_t002107_933.jpg,video_frames/day1_3_27/itinerary_9_frame38000_t002107_933.jpg,day1_3_27,video_frames/day1_3_27,38000,1267.9333333333334,00:21:07.933,itinerary_9,29.97002997002997,1549.8483,../vids/day1_3_27/itinerary_9.MP4
itinerary_9_frame39000_t002141_300.jpg,video_frames/day1_3_27/itinerary_9_frame39000_t002141_300.jpg,day1_3_27,video_frames/day1_3_27,39000,1301.3,00:21:41.300,itinerary_9,29.97002997002997,1549.8483,../vids/day1_3_27/itinerary_9.MP4
itinerary_9_frame40000_t002214_666.jpg,video_frames/day1_3_27/itinerary_9_frame40000_t002214_666.jpg,day1_3_27,video_frames/day1_3_27,40000,1334.6666666666667,00:22:14.666,itinerary_9,29.97002997002997,1549.8483,../vids/day1_3_27/itinerary_9.MP4
itinerary_9_frame41000_t002248_033.jpg,video_frames/day1_3_27/itinerary_9_frame41000_t002248_033.jpg,day1_3_27,video_frames/day1_3_27,41000,1368.0333333333333,00:22:48.033,itinerary_9,29.97002997002997,1549.8483,../vids/day1_3_27/itinerary_9.MP4
itinerary_9_frame42000_t002321_400.jpg,video_frames/day1_3_27/itinerary_9_frame42000_t002321_400.jpg,day1_3_27,video_frames/day1_3_27,42000,1401.4,00:23:21.400,itinerary_9,29.97002997002997,1549.8483,../vids/day1_3_27/itinerary_9.MP4
itinerary_9_frame43000_t002354_766.jpg,video_frames/day1_3_27/itinerary_9_frame43000_t002354_766.jpg,day1_3_27,video_frames/day1_3_27,43000,1434.7666666666669,00:23:54.766,itinerary_9,29.97002997002997,1549.8483,../vids/day1_3_27/itinerary_9.MP4
itinerary_9_frame44000_t002428_133.jpg,video_frames/day1_3_27/itinerary_9_frame44000_t002428_133.jpg,day1_3_27,video_frames/day1_3_27,44000,1468.1333333333334,00:24:28.133,itinerary_9,29.97002997002997,1549.8483,../vids/day1_3_27/itinerary_9.MP4
itinerary_9_frame45000_t002501_500.jpg,video_frames/day1_3_27/itinerary_9_frame45000_t002501_500.jpg,day1_3_27,video_frames/day1_3_27,45000,1501.5,00:25:01.500,itinerary_9,29.97002997002997,1549.8483,../vids/day1_3_27/itinerary_9.MP4
itinerary_9_frame46000_t002534_866.jpg,video_frames/day1_3_27/itinerary_9_frame46000_t002534_866.jpg,day1_3_27,video_frames/day1_3_27,46000,1534.8666666666668,00:25:34.866,itinerary_9,29.97002997002997,1549.8483,../vids/day1_3_27/itinerary_9.MP4
gps_test_1_frame000_t000000_000.jpg,video_frames/gps_test_1_frame000_t000000_000.jpg,,video_frames,0,0.0,00:00:00.000,gps_test_1,29.97002997002997,20.653966666666665,../vids/gps_test_1.MP4
gps_test_2_frame000_t000000_000.jpg,video_frames/gps_test_2_frame000_t000000_000.jpg,,video_frames,0,0.0,00:00:00.000,gps_test_2,29.97002997002997,20.653966666666665,../vids/gps_test_2.MP4
gps_test_3_frame000_t000000_000.jpg,video_frames/gps_test_3_frame000_t000000_000.jpg,,video_frames,0,0.0,00:00:00.000,gps_test_3,29.97002997002997,21.154466666666668,../vids/gps_test_3.MP4
test_drive_4_frame00000_t000000_000.jpg,video_frames/test_drive_4_frame00000_t000000_000.jpg,,video_frames,0,0.0,00:00:00.000,test_drive_4,29.97002997002997,465.73193333333336,../vids/test_drive_4.MP4
test_drive_4_frame01000_t000033_366.jpg,video_frames/test_drive_4_frame01000_t000033_366.jpg,,video_frames,1000,33.36666666666667,00:00:33.366,test_drive_4,29.97002997002997,465.73193333333336,../vids/test_drive_4.MP4
test_drive_4_frame02000_t000106_733.jpg,video_frames/test_drive_4_frame02000_t000106_733.jpg,,video_frames,2000,66.73333333333333,00:01:06.733,test_drive_4,29.97002997002997,465.73193333333336,../vids/test_drive_4.MP4
test_drive_4_frame03000_t000140_100.jpg,video_frames/test_drive_4_frame03000_t000140_100.jpg,,video_frames,3000,100.1,00:01:40.100,test_drive_4,29.97002997002997,465.73193333333336,../vids/test_drive_4.MP4
test_drive_4_frame04000_t000213_466.jpg,video_frames/test_drive_4_frame04000_t000213_466.jpg,,video_frames,4000,133.46666666666667,00:02:13.466,test_drive_4,29.97002997002997,465.73193333333336,../vids/test_drive_4.MP4
test_drive_4_frame05000_t000246_833.jpg,video_frames/test_drive_4_frame05000_t000246_833.jpg,,video_frames,5000,166.83333333333334,00:02:46.833,test_drive_4,29.97002997002997,465.73193333333336,../vids/test_drive_4.MP4
test_drive_4_frame06000_t000320_200.jpg,video_frames/test_drive_4_frame06000_t000320_200.jpg,,video_frames,6000,200.2,00:03:20.200,test_drive_4,29.97002997002997,465.73193333333336,../vids/test_drive_4.MP4
test_drive_4_frame07000_t000353_566.jpg,video_frames/test_drive_4_frame07000_t000353_566.jpg,,video_frames,7000,233.56666666666663,00:03:53.566,test_drive_4,29.97002997002997,465.73193333333336,../vids/test_drive_4.MP4
test_drive_4_frame08000_t000426_933.jpg,video_frames/test_drive_4_frame08000_t000426_933.jpg,,video_frames,8000,266.93333333333334,00:04:26.933,test_drive_4,29.97002997002997,465.73193333333336,../vids/test_drive_4.MP4
test_drive_4_frame09000_t000500_300.jpg,video_frames/test_drive_4_frame09000_t000500_300.jpg,,video_frames,9000,300.3,00:05:00.300,test_drive_4,29.97002997002997,465.73193333333336,../vids/test_drive_4.MP4
test_drive_4_frame10000_t000533_666.jpg,video_frames/test_drive_4_frame10000_t000533_666.jpg,,video_frames,10000,333.6666666666667,00:05:33.666,test_drive_4,29.97002997002997,465.73193333333336,../vids/test_drive_4.MP4
test_drive_4_frame11000_t000607_033.jpg,video_frames/test_drive_4_frame11000_t000607_033.jpg,,video_frames,11000,367.03333333333336,00:06:07.033,test_drive_4,29.97002997002997,465.73193333333336,../vids/test_drive_4.MP4
test_drive_4_frame12000_t000640_400.jpg,video_frames/test_drive_4_frame12000_t000640_400.jpg,,video_frames,12000,400.4,00:06:40.400,test_drive_4,29.97002997002997,465.73193333333336,../vids/test_drive_4.MP4
test_drive_4_frame13000_t000713_766.jpg,video_frames/test_drive_4_frame13000_t000713_766.jpg,,video_frames,13000,433.76666666666665,00:07:13.766,test_drive_4,29.97002997002997,465.73193333333336,../vids/test_drive_4.MP4
test_drive_5_frame00000_t000000_000.jpg,video_frames/test_drive_5_frame00000_t000000_000.jpg,,video_frames,0,0.0,00:00:00.000,test_drive_5,29.97002997002997,449.98286666666667,../vids/test_drive_5.mp4
test_drive_5_frame01000_t000033_366.jpg,video_frames/test_drive_5_frame01000_t000033_366.jpg,,video_frames,1000,33.36666666666667,00:00:33.366,test_drive_5,29.97002997002997,449.98286666666667,../vids/test_drive_5.mp4
test_drive_5_frame02000_t000106_733.jpg,video_frames/test_drive_5_frame02000_t000106_733.jpg,,video_frames,2000,66.73333333333333,00:01:06.733,test_drive_5,29.97002997002997,449.98286666666667,../vids/test_drive_5.mp4
test_drive_5_frame03000_t000140_100.jpg,video_frames/test_drive_5_frame03000_t000140_100.jpg,,video_frames,3000,100.1,00:01:40.100,test_drive_5,29.97002997002997,449.98286666666667,../vids/test_drive_5.mp4
test_drive_5_frame04000_t000213_466.jpg,video_frames/test_drive_5_frame04000_t000213_466.jpg,,video_frames,4000,133.46666666666667,00:02:13.466,test_drive_5,29.97002997002997,449.98286666666667,../vids/test_drive_5.mp4
test_drive_5_frame05000_t000246_833.jpg,video_frames/test_drive_5_frame05000_t000246_833.jpg,,video_frames,5000,166.83333333333334,00:02:46.833,test_drive_5,29.97002997002997,449.98286666666667,../vids/test_drive_5.mp4
test_drive_5_frame06000_t000320_200.jpg,video_frames/test_drive_5_frame06000_t000320_200.jpg,,video_frames,6000,200.2,00:03:20.200,test_drive_5,29.97002997002997,449.98286666666667,../vids/test_drive_5.mp4
test_drive_5_frame07000_t000353_566.jpg,video_frames/test_drive_5_frame07000_t000353_566.jpg,,video_frames,7000,233.56666666666663,00:03:53.566,test_drive_5,29.97002997002997,449.98286666666667,../vids/test_drive_5.mp4
test_drive_5_frame08000_t000426_933.jpg,video_frames/test_drive_5_frame08000_t000426_933.jpg,,video_frames,8000,266.93333333333334,00:04:26.933,test_drive_5,29.97002997002997,449.98286666666667,../vids/test_drive_5.mp4
test_drive_5_frame09000_t000500_300.jpg,video_frames/test_drive_5_frame09000_t000500_300.jpg,,video_frames,9000,300.3,00:05:00.300,test_drive_5,29.97002997002997,449.98286666666667,../vids/test_drive_5.mp4
test_drive_5_frame10000_t000533_666.jpg,video_frames/test_drive_5_frame10000_t000533_666.jpg,,video_frames,10000,333.6666666666667,00:05:33.666,test_drive_5,29.97002997002997,449.98286666666667,../vids/test_drive_5.mp4
test_drive_5_frame11000_t000607_033.jpg,video_frames/test_drive_5_frame11000_t000607_033.jpg,,video_frames,11000,367.03333333333336,00:06:07.033,test_drive_5,29.97002997002997,449.98286666666667,../vids/test_drive_5.mp4
test_drive_5_frame12000_t000640_400.jpg,video_frames/test_drive_5_frame12000_t000640_400.jpg,,video_frames,12000,400.4,00:06:40.400,test_drive_5,29.97002997002997,449.98286666666667,../vids/test_drive_5.mp4
test_drive_5_frame13000_t000713_766.jpg,video_frames/test_drive_5_frame13000_t000713_766.jpg,,video_frames,13000,433.76666666666665,00:07:13.766,test_drive_5,29.97002997002997,449.98286666666667,../vids/test_drive_5.mp4
test_drive_6_frame00000_t000000_000.jpg,video_frames/test_drive_6_frame00000_t000000_000.jpg,,video_frames,0,0.0,00:00:00.000,test_drive_6,29.97002997002997,451.71793333333335,../vids/test_drive_6.mp4
test_drive_6_frame01000_t000033_366.jpg,video_frames/test_drive_6_frame01000_t000033_366.jpg,,video_frames,1000,33.36666666666667,00:00:33.366,test_drive_6,29.97002997002997,451.71793333333335,../vids/test_drive_6.mp4
test_drive_6_frame02000_t000106_733.jpg,video_frames/test_drive_6_frame02000_t000106_733.jpg,,video_frames,2000,66.73333333333333,00:01:06.733,test_drive_6,29.97002997002997,451.71793333333335,../vids/test_drive_6.mp4
test_drive_6_frame03000_t000140_100.jpg,video_frames/test_drive_6_frame03000_t000140_100.jpg,,video_frames,3000,100.1,00:01:40.100,test_drive_6,29.97002997002997,451.71793333333335,../vids/test_drive_6.mp4
test_drive_6_frame04000_t000213_466.jpg,video_frames/test_drive_6_frame04000_t000213_466.jpg,,video_frames,4000,133.46666666666667,00:02:13.466,test_drive_6,29.97002997002997,451.71793333333335,../vids/test_drive_6.mp4
test_drive_6_frame05000_t000246_833.jpg,video_frames/test_drive_6_frame05000_t000246_833.jpg,,video_frames,5000,166.83333333333334,00:02:46.833,test_drive_6,29.97002997002997,451.71793333333335,../vids/test_drive_6.mp4
test_drive_6_frame06000_t000320_200.jpg,video_frames/test_drive_6_frame06000_t000320_200.jpg,,video_frames,6000,200.2,00:03:20.200,test_drive_6,29.97002997002997,451.71793333333335,../vids/test_drive_6.mp4
test_drive_6_frame07000_t000353_566.jpg,video_frames/test_drive_6_frame07000_t000353_566.jpg,,video_frames,7000,233.56666666666663,00:03:53.566,test_drive_6,29.97002997002997,451.71793333333335,../vids/test_drive_6.mp4
test_drive_6_frame08000_t000426_933.jpg,video_frames/test_drive_6_frame08000_t000426_933.jpg,,video_frames,8000,266.93333333333334,00:04:26.933,test_drive_6,29.97002997002997,451.71793333333335,../vids/test_drive_6.mp4
test_drive_6_frame09000_t000500_300.jpg,video_frames/test_drive_6_frame09000_t000500_300.jpg,,video_frames,9000,300.3,00:05:00.300,test_drive_6,29.97002997002997,451.71793333333335,../vids/test_drive_6.mp4
test_drive_6_frame10000_t000533_666.jpg,video_frames/test_drive_6_frame10000_t000533_666.jpg,,video_frames,10000,333.6666666666667,00:05:33.666,test_drive_6,29.97002997002997,451.71793333333335,../vids/test_drive_6.mp4
test_drive_6_frame11000_t000607_033.jpg,video_frames/test_drive_6_frame11000_t000607_033.jpg,,video_frames,11000,367.03333333333336,00:06:07.033,test_drive_6,29.97002997002997,451.71793333333335,../vids/test_drive_6.mp4
test_drive_6_frame12000_t000640_400.jpg,video_frames/test_drive_6_frame12000_t000640_400.jpg,,video_frames,12000,400.4,00:06:40.400,test_drive_6,29.97002997002997,451.71793333333335,../vids/test_drive_6.mp4
test_drive_6_frame13000_t000713_766.jpg,video_frames/test_drive_6_frame13000_t000713_766.jpg,,video_frames,13000,433.76666666666665,00:07:13.766,test_drive_6,29.97002997002997,451.71793333333335,../vids/test_drive_6.mp4
test_drive_7_frame00000_t000000_000.jpg,video_frames/test_drive_7_frame00000_t000000_000.jpg,,video_frames,0,0.0,00:00:00.000,test_drive_7,29.97002997002997,383.0493333333333,../vids/test_drive_7.MP4
test_drive_7_frame01000_t000033_366.jpg,video_frames/test_drive_7_frame01000_t000033_366.jpg,,video_frames,1000,33.36666666666667,00:00:33.366,test_drive_7,29.97002997002997,383.0493333333333,../vids/test_drive_7.MP4
test_drive_7_frame02000_t000106_733.jpg,video_frames/test_drive_7_frame02000_t000106_733.jpg,,video_frames,2000,66.73333333333333,00:01:06.733,test_drive_7,29.97002997002997,383.0493333333333,../vids/test_drive_7.MP4
test_drive_7_frame03000_t000140_100.jpg,video_frames/test_drive_7_frame03000_t000140_100.jpg,,video_frames,3000,100.1,00:01:40.100,test_drive_7,29.97002997002997,383.0493333333333,../vids/test_drive_7.MP4
test_drive_7_frame04000_t000213_466.jpg,video_frames/test_drive_7_frame04000_t000213_466.jpg,,video_frames,4000,133.46666666666667,00:02:13.466,test_drive_7,29.97002997002997,383.0493333333333,../vids/test_drive_7.MP4
test_drive_7_frame05000_t000246_833.jpg,video_frames/test_drive_7_frame05000_t000246_833.jpg,,video_frames,5000,166.83333333333334,00:02:46.833,test_drive_7,29.97002997002997,383.0493333333333,../vids/test_drive_7.MP4
test_drive_7_frame06000_t000320_200.jpg,video_frames/test_drive_7_frame06000_t000320_200.jpg,,video_frames,6000,200.2,00:03:20.200,test_drive_7,29.97002997002997,383.0493333333333,../vids/test_drive_7.MP4
test_drive_7_frame07000_t000353_566.jpg,video_frames/test_drive_7_frame07000_t000353_566.jpg,,video_frames,7000,233.56666666666663,00:03:53.566,test_drive_7,29.97002997002997,383.0493333333333,../vids/test_drive_7.MP4
test_drive_7_frame08000_t000426_933.jpg,video_frames/test_drive_7_frame08000_t000426_933.jpg,,video_frames,8000,266.93333333333334,00:04:26.933,test_drive_7,29.97002997002997,383.0493333333333,../vids/test_drive_7.MP4
test_drive_7_frame09000_t000500_300.jpg,video_frames/test_drive_7_frame09000_t000500_300.jpg,,video_frames,9000,300.3,00:05:00.300,test_drive_7,29.97002997002997,383.0493333333333,../vids/test_drive_7.MP4
test_drive_7_frame10000_t000533_666.jpg,video_frames/test_drive_7_frame10000_t000533_666.jpg,,video_frames,10000,333.6666666666667,00:05:33.666,test_drive_7,29.97002997002997,383.0493333333333,../vids/test_drive_7.MP4
test_drive_7_frame11000_t000607_033.jpg,video_frames/test_drive_7_frame11000_t000607_033.jpg,,video_frames,11000,367.03333333333336,00:06:07.033,test_drive_7,29.97002997002997,383.0493333333333,../vids/test_drive_7.MP4
test_drive_8_frame00000_t000000_000.jpg,video_frames/test_drive_8_frame00000_t000000_000.jpg,,video_frames,0,0.0,00:00:00.000,test_drive_8,29.97002997002997,720.2528666666667,../vids/test_drive_8.mp4
test_drive_8_frame01000_t000033_366.jpg,video_frames/test_drive_8_frame01000_t000033_366.jpg,,video_frames,1000,33.36666666666667,00:00:33.366,test_drive_8,29.97002997002997,720.2528666666667,../vids/test_drive_8.mp4
test_drive_8_frame02000_t000106_733.jpg,video_frames/test_drive_8_frame02000_t000106_733.jpg,,video_frames,2000,66.73333333333333,00:01:06.733,test_drive_8,29.97002997002997,720.2528666666667,../vids/test_drive_8.mp4
test_drive_8_frame03000_t000140_100.jpg,video_frames/test_drive_8_frame03000_t000140_100.jpg,,video_frames,3000,100.1,00:01:40.100,test_drive_8,29.97002997002997,720.2528666666667,../vids/test_drive_8.mp4
test_drive_8_frame04000_t000213_466.jpg,video_frames/test_drive_8_frame04000_t000213_466.jpg,,video_frames,4000,133.46666666666667,00:02:13.466,test_drive_8,29.97002997002997,720.2528666666667,../vids/test_drive_8.mp4
test_drive_8_frame05000_t000246_833.jpg,video_frames/test_drive_8_frame05000_t000246_833.jpg,,video_frames,5000,166.83333333333334,00:02:46.833,test_drive_8,29.97002997002997,720.2528666666667,../vids/test_drive_8.mp4
test_drive_8_frame06000_t000320_200.jpg,video_frames/test_drive_8_frame06000_t000320_200.jpg,,video_frames,6000,200.2,00:03:20.200,test_drive_8,29.97002997002997,720.2528666666667,../vids/test_drive_8.mp4
test_drive_8_frame07000_t000353_566.jpg,video_frames/test_drive_8_frame07000_t000353_566.jpg,,video_frames,7000,233.56666666666663,00:03:53.566,test_drive_8,29.97002997002997,720.2528666666667,../vids/test_drive_8.mp4
test_drive_8_frame08000_t000426_933.jpg,video_frames/test_drive_8_frame08000_t000426_933.jpg,,video_frames,8000,266.93333333333334,00:04:26.933,test_drive_8,29.97002997002997,720.2528666666667,../vids/test_drive_8.mp4
test_drive_8_frame09000_t000500_300.jpg,video_frames/test_drive_8_frame09000_t000500_300.jpg,,video_frames,9000,300.3,00:05:00.300,test_drive_8,29.97002997002997,720.2528666666667,../vids/test_drive_8.mp4
test_drive_8_frame10000_t000533_666.jpg,video_frames/test_drive_8_frame10000_t000533_666.jpg,,video_frames,10000,333.6666666666667,00:05:33.666,test_drive_8,29.97002997002997,720.2528666666667,../vids/test_drive_8.mp4
test_drive_8_frame11000_t000607_033.jpg,video_frames/test_drive_8_frame11000_t000607_033.jpg,,video_frames,11000,367.03333333333336,00:06:07.033,test_drive_8,29.97002997002997,720.2528666666667,../vids/test_drive_8.mp4
test_drive_8_frame12000_t000640_400.jpg,video_frames/test_drive_8_frame12000_t000640_400.jpg,,video_frames,12000,400.4,00:06:40.400,test_drive_8,29.97002997002997,720.2528666666667,../vids/test_drive_8.mp4
test_drive_8_frame13000_t000713_766.jpg,video_frames/test_drive_8_frame13000_t000713_766.jpg,,video_frames,13000,433.76666666666665,00:07:13.766,test_drive_8,29.97002997002997,720.2528666666667,../vids/test_drive_8.mp4
test_drive_8_frame14000_t000747_133.jpg,video_frames/test_drive_8_frame14000_t000747_133.jpg,,video_frames,14000,467.1333333333333,00:07:47.133,test_drive_8,29.97002997002997,720.2528666666667,../vids/test_drive_8.mp4
test_drive_8_frame15000_t000820_500.jpg,video_frames/test_drive_8_frame15000_t000820_500.jpg,,video_frames,15000,500.5,00:08:20.500,test_drive_8,29.97002997002997,720.2528666666667,../vids/test_drive_8.mp4
test_drive_8_frame16000_t000853_866.jpg,video_frames/test_drive_8_frame16000_t000853_866.jpg,,video_frames,16000,533.8666666666667,00:08:53.866,test_drive_8,29.97002997002997,720.2528666666667,../vids/test_drive_8.mp4
test_drive_8_frame17000_t000927_233.jpg,video_frames/test_drive_8_frame17000_t000927_233.jpg,,video_frames,17000,567.2333333333333,00:09:27.233,test_drive_8,29.97002997002997,720.2528666666667,../vids/test_drive_8.mp4
test_drive_8_frame18000_t001000_600.jpg,video_frames/test_drive_8_frame18000_t001000_600.jpg,,video_frames,18000,600.6,00:10:00.600,test_drive_8,29.97002997002997,720.2528666666667,../vids/test_drive_8.mp4
test_drive_8_frame19000_t001033_966.jpg,video_frames/test_drive_8_frame19000_t001033_966.jpg,,video_frames,19000,633.9666666666667,00:10:33.966,test_drive_8,29.97002997002997,720.2528666666667,../vids/test_drive_8.mp4
test_drive_8_frame20000_t001107_333.jpg,video_frames/test_drive_8_frame20000_t001107_333.jpg,,video_frames,20000,667.3333333333334,00:11:07.333,test_drive_8,29.97002997002997,720.2528666666667,../vids/test_drive_8.mp4
test_drive_8_frame21000_t001140_700.jpg,video_frames/test_drive_8_frame21000_t001140_700.jpg,,video_frames,21000,700.7,00:11:40.700,test_drive_8,29.97002997002997,720.2528666666667,../vids/test_drive_8.mp4
itinerary_2_frame00000_t000000_000.jpg,video_frames/day4_4_01/itinerary_2_frame00000_t000000_000.jpg,day4_4_01,video_frames/day4_4_01,0,0.0,00:00:00.000,itinerary_2,29.97002997002997,638.9049333333334,../vids/day4_4_01/itinerary_2.MP4
itinerary_2_frame01000_t000033_366.jpg,video_frames/day4_4_01/itinerary_2_frame01000_t000033_366.jpg,day4_4_01,video_frames/day4_4_01,1000,33.36666666666667,00:00:33.366,itinerary_2,29.97002997002997,638.9049333333334,../vids/day4_4_01/itinerary_2.MP4
itinerary_2_frame02000_t000106_733.jpg,video_frames/day4_4_01/itinerary_2_frame02000_t000106_733.jpg,day4_4_01,video_frames/day4_4_01,2000,66.73333333333333,00:01:06.733,itinerary_2,29.97002997002997,638.9049333333334,../vids/day4_4_01/itinerary_2.MP4
itinerary_2_frame03000_t000140_100.jpg,video_frames/day4_4_01/itinerary_2_frame03000_t000140_100.jpg,day4_4_01,video_frames/day4_4_01,3000,100.1,00:01:40.100,itinerary_2,29.97002997002997,638.9049333333334,../vids/day4_4_01/itinerary_2.MP4
itinerary_2_frame04000_t000213_466.jpg,video_frames/day4_4_01/itinerary_2_frame04000_t000213_466.jpg,day4_4_01,video_frames/day4_4_01,4000,133.46666666666667,00:02:13.466,itinerary_2,29.97002997002997,638.9049333333334,../vids/day4_4_01/itinerary_2.MP4
itinerary_2_frame05000_t000246_833.jpg,video_frames/day4_4_01/itinerary_2_frame05000_t000246_833.jpg,day4_4_01,video_frames/day4_4_01,5000,166.83333333333334,00:02:46.833,itinerary_2,29.97002997002997,638.9049333333334,../vids/day4_4_01/itinerary_2.MP4
itinerary_2_frame06000_t000320_200.jpg,video_frames/day4_4_01/itinerary_2_frame06000_t000320_200.jpg,day4_4_01,video_frames/day4_4_01,6000,200.2,00:03:20.200,itinerary_2,29.97002997002997,638.9049333333334,../vids/day4_4_01/itinerary_2.MP4
itinerary_2_frame07000_t000353_566.jpg,video_frames/day4_4_01/itinerary_2_frame07000_t000353_566.jpg,day4_4_01,video_frames/day4_4_01,7000,233.56666666666663,00:03:53.566,itinerary_2,29.97002997002997,638.9049333333334,../vids/day4_4_01/itinerary_2.MP4
itinerary_2_frame08000_t000426_933.jpg,video_frames/day4_4_01/itinerary_2_frame08000_t000426_933.jpg,day4_4_01,video_frames/day4_4_01,8000,266.93333333333334,00:04:26.933,itinerary_2,29.97002997002997,638.9049333333334,../vids/day4_4_01/itinerary_2.MP4
itinerary_2_frame09000_t000500_300.jpg,video_frames/day4_4_01/itinerary_2_frame09000_t000500_300.jpg,day4_4_01,video_frames/day4_4_01,9000,300.3,00:05:00.300,itinerary_2,29.97002997002997,638.9049333333334,../vids/day4_4_01/itinerary_2.MP4
itinerary_2_frame10000_t000533_666.jpg,video_frames/day4_4_01/itinerary_2_frame10000_t000533_666.jpg,day4_4_01,video_frames/day4_4_01,10000,333.6666666666667,00:05:33.666,itinerary_2,29.97002997002997,638.9049333333334,../vids/day4_4_01/itinerary_2.MP4
itinerary_2_frame11000_t000607_033.jpg,video_frames/day4_4_01/itinerary_2_frame11000_t000607_033.jpg,day4_4_01,video_frames/day4_4_01,11000,367.03333333333336,00:06:07.033,itinerary_2,29.97002997002997,638.9049333333334,../vids/day4_4_01/itinerary_2.MP4
itinerary_2_frame12000_t000640_400.jpg,video_frames/day4_4_01/itinerary_2_frame12000_t000640_400.jpg,day4_4_01,video_frames/day4_4_01,12000,400.4,00:06:40.400,itinerary_2,29.97002997002997,638.9049333333334,../vids/day4_4_01/itinerary_2.MP4
itinerary_2_frame13000_t000713_766.jpg,video_frames/day4_4_01/itinerary_2_frame13000_t000713_766.jpg,day4_4_01,video_frames/day4_4_01,13000,433.76666666666665,00:07:13.766,itinerary_2,29.97002997002997,638.9049333333334,../vids/day4_4_01/itinerary_2.MP4
itinerary_2_frame14000_t000747_133.jpg,video_frames/day4_4_01/itinerary_2_frame14000_t000747_133.jpg,day4_4_01,video_frames/day4_4_01,14000,467.1333333333333,00:07:47.133,itinerary_2,29.97002997002997,638.9049333333334,../vids/day4_4_01/itinerary_2.MP4
itinerary_2_frame15000_t000820_500.jpg,video_frames/day4_4_01/itinerary_2_frame15000_t000820_500.jpg,day4_4_01,video_frames/day4_4_01,15000,500.5,00:08:20.500,itinerary_2,29.97002997002997,638.9049333333334,../vids/day4_4_01/itinerary_2.MP4
itinerary_2_frame16000_t000853_866.jpg,video_frames/day4_4_01/itinerary_2_frame16000_t000853_866.jpg,day4_4_01,video_frames/day4_4_01,16000,533.8666666666667,00:08:53.866,itinerary_2,29.97002997002997,638.9049333333334,../vids/day4_4_01/itinerary_2.MP4
itinerary_2_frame17000_t000927_233.jpg,video_frames/day4_4_01/itinerary_2_frame17000_t000927_233.jpg,day4_4_01,video_frames/day4_4_01,17000,567.2333333333333,00:09:27.233,itinerary_2,29.97002997002997,638.9049333333334,../vids/day4_4_01/itinerary_2.MP4
itinerary_2_frame18000_t001000_600.jpg,video_frames/day4_4_01/itinerary_2_frame18000_t001000_600.jpg,day4_4_01,video_frames/day4_4_01,18000,600.6,00:10:00.600,itinerary_2,29.97002997002997,638.9049333333334,../vids/day4_4_01/itinerary_2.MP4
itinerary_2_frame19000_t001033_966.jpg,video_frames/day4_4_01/itinerary_2_frame19000_t001033_966.jpg,day4_4_01,video_frames/day4_4_01,19000,633.9666666666667,00:10:33.966,itinerary_2,29.97002997002997,638.9049333333334,../vids/day4_4_01/itinerary_2.MP4
itinerary_1_frame00000_t000000_000.jpg,video_frames/day3_3_31/itinerary_1_frame00000_t000000_000.jpg,day3_3_31,video_frames/day3_3_31,0,0.0,00:00:00.000,itinerary_1,29.97002997002997,1024.5902333333331,../vids/day3_3_31/itinerary_1.MP4
itinerary_1_frame01000_t000033_366.jpg,video_frames/day3_3_31/itinerary_1_frame01000_t000033_366.jpg,day3_3_31,video_frames/day3_3_31,1000,33.36666666666667,00:00:33.366,itinerary_1,29.97002997002997,1024.5902333333331,../vids/day3_3_31/itinerary_1.MP4
itinerary_1_frame02000_t000106_733.jpg,video_frames/day3_3_31/itinerary_1_frame02000_t000106_733.jpg,day3_3_31,video_frames/day3_3_31,2000,66.73333333333333,00:01:06.733,itinerary_1,29.97002997002997,1024.5902333333331,../vids/day3_3_31/itinerary_1.MP4
itinerary_1_frame03000_t000140_100.jpg,video_frames/day3_3_31/itinerary_1_frame03000_t000140_100.jpg,day3_3_31,video_frames/day3_3_31,3000,100.1,00:01:40.100,itinerary_1,29.97002997002997,1024.5902333333331,../vids/day3_3_31/itinerary_1.MP4
itinerary_1_frame04000_t000213_466.jpg,video_frames/day3_3_31/itinerary_1_frame04000_t000213_466.jpg,day3_3_31,video_frames/day3_3_31,4000,133.46666666666667,00:02:13.466,itinerary_1,29.97002997002997,1024.5902333333331,../vids/day3_3_31/itinerary_1.MP4
itinerary_1_frame05000_t000246_833.jpg,video_frames/day3_3_31/itinerary_1_frame05000_t000246_833.jpg,day3_3_31,video_frames/day3_3_31,5000,166.83333333333334,00:02:46.833,itinerary_1,29.97002997002997,1024.5902333333331,../vids/day3_3_31/itinerary_1.MP4
itinerary_1_frame06000_t000320_200.jpg,video_frames/day3_3_31/itinerary_1_frame06000_t000320_200.jpg,day3_3_31,video_frames/day3_3_31,6000,200.2,00:03:20.200,itinerary_1,29.97002997002997,1024.5902333333331,../vids/day3_3_31/itinerary_1.MP4
itinerary_1_frame07000_t000353_566.jpg,video_frames/day3_3_31/itinerary_1_frame07000_t000353_566.jpg,day3_3_31,video_frames/day3_3_31,7000,233.56666666666663,00:03:53.566,itinerary_1,29.97002997002997,1024.5902333333331,../vids/day3_3_31/itinerary_1.MP4
itinerary_1_frame08000_t000426_933.jpg,video_frames/day3_3_31/itinerary_1_frame08000_t000426_933.jpg,day3_3_31,video_frames/day3_3_31,8000,266.93333333333334,00:04:26.933,itinerary_1,29.97002997002997,1024.5902333333331,../vids/day3_3_31/itinerary_1.MP4
itinerary_1_frame09000_t000500_300.jpg,video_frames/day3_3_31/itinerary_1_frame09000_t000500_300.jpg,day3_3_31,video_frames/day3_3_31,9000,300.3,00:05:00.300,itinerary_1,29.97002997002997,1024.5902333333331,../vids/day3_3_31/itinerary_1.MP4
itinerary_1_frame10000_t000533_666.jpg,video_frames/day3_3_31/itinerary_1_frame10000_t000533_666.jpg,day3_3_31,video_frames/day3_3_31,10000,333.6666666666667,00:05:33.666,itinerary_1,29.97002997002997,1024.5902333333331,../vids/day3_3_31/itinerary_1.MP4
itinerary_1_frame11000_t000607_033.jpg,video_frames/day3_3_31/itinerary_1_frame11000_t000607_033.jpg,day3_3_31,video_frames/day3_3_31,11000,367.03333333333336,00:06:07.033,itinerary_1,29.97002997002997,1024.5902333333331,../vids/day3_3_31/itinerary_1.MP4
itinerary_1_frame12000_t000640_400.jpg,video_frames/day3_3_31/itinerary_1_frame12000_t000640_400.jpg,day3_3_31,video_frames/day3_3_31,12000,400.4,00:06:40.400,itinerary_1,29.97002997002997,1024.5902333333331,../vids/day3_3_31/itinerary_1.MP4
itinerary_1_frame13000_t000713_766.jpg,video_frames/day3_3_31/itinerary_1_frame13000_t000713_766.jpg,day3_3_31,video_frames/day3_3_31,13000,433.76666666666665,00:07:13.766,itinerary_1,29.97002997002997,1024.5902333333331,../vids/day3_3_31/itinerary_1.MP4
itinerary_1_frame14000_t000747_133.jpg,video_frames/day3_3_31/itinerary_1_frame14000_t000747_133.jpg,day3_3_31,video_frames/day3_3_31,14000,467.1333333333333,00:07:47.133,itinerary_1,29.97002997002997,1024.5902333333331,../vids/day3_3_31/itinerary_1.MP4
itinerary_1_frame15000_t000820_500.jpg,video_frames/day3_3_31/itinerary_1_frame15000_t000820_500.jpg,day3_3_31,video_frames/day3_3_31,15000,500.5,00:08:20.500,itinerary_1,29.97002997002997,1024.5902333333331,../vids/day3_3_31/itinerary_1.MP4
itinerary_1_frame16000_t000853_866.jpg,video_frames/day3_3_31/itinerary_1_frame16000_t000853_866.jpg,day3_3_31,video_frames/day3_3_31,16000,533.8666666666667,00:08:53.866,itinerary_1,29.97002997002997,1024.5902333333331,../vids/day3_3_31/itinerary_1.MP4
itinerary_1_frame17000_t000927_233.jpg,video_frames/day3_3_31/itinerary_1_frame17000_t000927_233.jpg,day3_3_31,video_frames/day3_3_31,17000,567.2333333333333,00:09:27.233,itinerary_1,29.97002997002997,1024.5902333333331,../vids/day3_3_31/itinerary_1.MP4
itinerary_1_frame18000_t001000_600.jpg,video_frames/day3_3_31/itinerary_1_frame18000_t001000_600.jpg,day3_3_31,video_frames/day3_3_31,18000,600.6,00:10:00.600,itinerary_1,29.97002997002997,1024.5902333333331,../vids/day3_3_31/itinerary_1.MP4
itinerary_1_frame19000_t001033_966.jpg,video_frames/day3_3_31/itinerary_1_frame19000_t001033_966.jpg,day3_3_31,video_frames/day3_3_31,19000,633.9666666666667,00:10:33.966,itinerary_1,29.97002997002997,1024.5902333333331,../vids/day3_3_31/itinerary_1.MP4
itinerary_1_frame20000_t001107_333.jpg,video_frames/day3_3_31/itinerary_1_frame20000_t001107_333.jpg,day3_3_31,video_frames/day3_3_31,20000,667.3333333333334,00:11:07.333,itinerary_1,29.97002997002997,1024.5902333333331,../vids/day3_3_31/itinerary_1.MP4
itinerary_1_frame21000_t001140_700.jpg,video_frames/day3_3_31/itinerary_1_frame21000_t001140_700.jpg,day3_3_31,video_frames/day3_3_31,21000,700.7,00:11:40.700,itinerary_1,29.97002997002997,1024.5902333333331,../vids/day3_3_31/itinerary_1.MP4
itinerary_1_frame22000_t001214_066.jpg,video_frames/day3_3_31/itinerary_1_frame22000_t001214_066.jpg,day3_3_31,video_frames/day3_3_31,22000,734.0666666666667,00:12:14.066,itinerary_1,29.97002997002997,1024.5902333333331,../vids/day3_3_31/itinerary_1.MP4
itinerary_1_frame23000_t001247_433.jpg,video_frames/day3_3_31/itinerary_1_frame23000_t001247_433.jpg,day3_3_31,video_frames/day3_3_31,23000,767.4333333333334,00:12:47.433,itinerary_1,29.97002997002997,1024.5902333333331,../vids/day3_3_31/itinerary_1.MP4
itinerary_1_frame24000_t001320_800.jpg,video_frames/day3_3_31/itinerary_1_frame24000_t001320_800.jpg,day3_3_31,video_frames/day3_3_31,24000,800.8000000000001,00:13:20.800,itinerary_1,29.97002997002997,1024.5902333333331,../vids/day3_3_31/itinerary_1.MP4
itinerary_1_frame25000_t001354_166.jpg,video_frames/day3_3_31/itinerary_1_frame25000_t001354_166.jpg,day3_3_31,video_frames/day3_3_31,25000,834.1666666666666,00:13:54.166,itinerary_1,29.97002997002997,1024.5902333333331,../vids/day3_3_31/itinerary_1.MP4
itinerary_1_frame26000_t001427_533.jpg,video_frames/day3_3_31/itinerary_1_frame26000_t001427_533.jpg,day3_3_31,video_frames/day3_3_31,26000,867.5333333333333,00:14:27.533,itinerary_1,29.97002997002997,1024.5902333333331,../vids/day3_3_31/itinerary_1.MP4
itinerary_1_frame27000_t001500_900.jpg,video_frames/day3_3_31/itinerary_1_frame27000_t001500_900.jpg,day3_3_31,video_frames/day3_3_31,27000,900.9,00:15:00.900,itinerary_1,29.97002997002997,1024.5902333333331,../vids/day3_3_31/itinerary_1.MP4
itinerary_1_frame28000_t001534_266.jpg,video_frames/day3_3_31/itinerary_1_frame28000_t001534_266.jpg,day3_3_31,video_frames/day3_3_31,28000,934.2666666666668,00:15:34.266,itinerary_1,29.97002997002997,1024.5902333333331,../vids/day3_3_31/itinerary_1.MP4
itinerary_1_frame29000_t001607_633.jpg,video_frames/day3_3_31/itinerary_1_frame29000_t001607_633.jpg,day3_3_31,video_frames/day3_3_31,29000,967.6333333333332,00:16:07.633,itinerary_1,29.97002997002997,1024.5902333333331,../vids/day3_3_31/itinerary_1.MP4
itinerary_1_frame30000_t001641_000.jpg,video_frames/day3_3_31/itinerary_1_frame30000_t001641_000.jpg,day3_3_31,video_frames/day3_3_31,30000,1001.0,00:16:41.000,itinerary_1,29.97002997002997,1024.5902333333331,../vids/day3_3_31/itinerary_1.MP4
itinerary_2_frame00000_t000000_000.jpg,video_frames/day3_3_31/itinerary_2_frame00000_t000000_000.jpg,day3_3_31,video_frames/day3_3_31,0,0.0,00:00:00.000,itinerary_2,29.97002997002997,1273.9393333333333,../vids/day3_3_31/itinerary_2.MP4
itinerary_2_frame01000_t000033_366.jpg,video_frames/day3_3_31/itinerary_2_frame01000_t000033_366.jpg,day3_3_31,video_frames/day3_3_31,1000,33.36666666666667,00:00:33.366,itinerary_2,29.97002997002997,1273.9393333333333,../vids/day3_3_31/itinerary_2.MP4
itinerary_2_frame02000_t000106_733.jpg,video_frames/day3_3_31/itinerary_2_frame02000_t000106_733.jpg,day3_3_31,video_frames/day3_3_31,2000,66.73333333333333,00:01:06.733,itinerary_2,29.97002997002997,1273.9393333333333,../vids/day3_3_31/itinerary_2.MP4
itinerary_2_frame03000_t000140_100.jpg,video_frames/day3_3_31/itinerary_2_frame03000_t000140_100.jpg,day3_3_31,video_frames/day3_3_31,3000,100.1,00:01:40.100,itinerary_2,29.97002997002997,1273.9393333333333,../vids/day3_3_31/itinerary_2.MP4
itinerary_2_frame04000_t000213_466.jpg,video_frames/day3_3_31/itinerary_2_frame04000_t000213_466.jpg,day3_3_31,video_frames/day3_3_31,4000,133.46666666666667,00:02:13.466,itinerary_2,29.97002997002997,1273.9393333333333,../vids/day3_3_31/itinerary_2.MP4
itinerary_2_frame05000_t000246_833.jpg,video_frames/day3_3_31/itinerary_2_frame05000_t000246_833.jpg,day3_3_31,video_frames/day3_3_31,5000,166.83333333333334,00:02:46.833,itinerary_2,29.97002997002997,1273.9393333333333,../vids/day3_3_31/itinerary_2.MP4
itinerary_2_frame06000_t000320_200.jpg,video_frames/day3_3_31/itinerary_2_frame06000_t000320_200.jpg,day3_3_31,video_frames/day3_3_31,6000,200.2,00:03:20.200,itinerary_2,29.97002997002997,1273.9393333333333,../vids/day3_3_31/itinerary_2.MP4
itinerary_2_frame07000_t000353_566.jpg,video_frames/day3_3_31/itinerary_2_frame07000_t000353_566.jpg,day3_3_31,video_frames/day3_3_31,7000,233.56666666666663,00:03:53.566,itinerary_2,29.97002997002997,1273.9393333333333,../vids/day3_3_31/itinerary_2.MP4
itinerary_2_frame08000_t000426_933.jpg,video_frames/day3_3_31/itinerary_2_frame08000_t000426_933.jpg,day3_3_31,video_frames/day3_3_31,8000,266.93333333333334,00:04:26.933,itinerary_2,29.97002997002997,1273.9393333333333,../vids/day3_3_31/itinerary_2.MP4
itinerary_2_frame09000_t000500_300.jpg,video_frames/day3_3_31/itinerary_2_frame09000_t000500_300.jpg,day3_3_31,video_frames/day3_3_31,9000,300.3,00:05:00.300,itinerary_2,29.97002997002997,1273.9393333333333,../vids/day3_3_31/itinerary_2.MP4
itinerary_2_frame10000_t000533_666.jpg,video_frames/day3_3_31/itinerary_2_frame10000_t000533_666.jpg,day3_3_31,video_frames/day3_3_31,10000,333.6666666666667,00:05:33.666,itinerary_2,29.97002997002997,1273.9393333333333,../vids/day3_3_31/itinerary_2.MP4
itinerary_2_frame11000_t000607_033.jpg,video_frames/day3_3_31/itinerary_2_frame11000_t000607_033.jpg,day3_3_31,video_frames/day3_3_31,11000,367.03333333333336,00:06:07.033,itinerary_2,29.97002997002997,1273.9393333333333,../vids/day3_3_31/itinerary_2.MP4
itinerary_2_frame12000_t000640_400.jpg,video_frames/day3_3_31/itinerary_2_frame12000_t000640_400.jpg,day3_3_31,video_frames/day3_3_31,12000,400.4,00:06:40.400,itinerary_2,29.97002997002997,1273.9393333333333,../vids/day3_3_31/itinerary_2.MP4
itinerary_2_frame13000_t000713_766.jpg,video_frames/day3_3_31/itinerary_2_frame13000_t000713_766.jpg,day3_3_31,video_frames/day3_3_31,13000,433.76666666666665,00:07:13.766,itinerary_2,29.97002997002997,1273.9393333333333,../vids/day3_3_31/itinerary_2.MP4
itinerary_2_frame14000_t000747_133.jpg,video_frames/day3_3_31/itinerary_2_frame14000_t000747_133.jpg,day3_3_31,video_frames/day3_3_31,14000,467.1333333333333,00:07:47.133,itinerary_2,29.97002997002997,1273.9393333333333,../vids/day3_3_31/itinerary_2.MP4
itinerary_2_frame15000_t000820_500.jpg,video_frames/day3_3_31/itinerary_2_frame15000_t000820_500.jpg,day3_3_31,video_frames/day3_3_31,15000,500.5,00:08:20.500,itinerary_2,29.97002997002997,1273.9393333333333,../vids/day3_3_31/itinerary_2.MP4
itinerary_2_frame16000_t000853_866.jpg,video_frames/day3_3_31/itinerary_2_frame16000_t000853_866.jpg,day3_3_31,video_frames/day3_3_31,16000,533.8666666666667,00:08:53.866,itinerary_2,29.97002997002997,1273.9393333333333,../vids/day3_3_31/itinerary_2.MP4
itinerary_2_frame17000_t000927_233.jpg,video_frames/day3_3_31/itinerary_2_frame17000_t000927_233.jpg,day3_3_31,video_frames/day3_3_31,17000,567.2333333333333,00:09:27.233,itinerary_2,29.97002997002997,1273.9393333333333,../vids/day3_3_31/itinerary_2.MP4
itinerary_2_frame18000_t001000_600.jpg,video_frames/day3_3_31/itinerary_2_frame18000_t001000_600.jpg,day3_3_31,video_frames/day3_3_31,18000,600.6,00:10:00.600,itinerary_2,29.97002997002997,1273.9393333333333,../vids/day3_3_31/itinerary_2.MP4
itinerary_2_frame19000_t001033_966.jpg,video_frames/day3_3_31/itinerary_2_frame19000_t001033_966.jpg,day3_3_31,video_frames/day3_3_31,19000,633.9666666666667,00:10:33.966,itinerary_2,29.97002997002997,1273.9393333333333,../vids/day3_3_31/itinerary_2.MP4
itinerary_2_frame20000_t001107_333.jpg,video_frames/day3_3_31/itinerary_2_frame20000_t001107_333.jpg,day3_3_31,video_frames/day3_3_31,20000,667.3333333333334,00:11:07.333,itinerary_2,29.97002997002997,1273.9393333333333,../vids/day3_3_31/itinerary_2.MP4
itinerary_2_frame21000_t001140_700.jpg,video_frames/day3_3_31/itinerary_2_frame21000_t001140_700.jpg,day3_3_31,video_frames/day3_3_31,21000,700.7,00:11:40.700,itinerary_2,29.97002997002997,1273.9393333333333,../vids/day3_3_31/itinerary_2.MP4
itinerary_2_frame22000_t001214_066.jpg,video_frames/day3_3_31/itinerary_2_frame22000_t001214_066.jpg,day3_3_31,video_frames/day3_3_31,22000,734.0666666666667,00:12:14.066,itinerary_2,29.97002997002997,1273.9393333333333,../vids/day3_3_31/itinerary_2.MP4
itinerary_2_frame23000_t001247_433.jpg,video_frames/day3_3_31/itinerary_2_frame23000_t001247_433.jpg,day3_3_31,video_frames/day3_3_31,23000,767.4333333333334,00:12:47.433,itinerary_2,29.97002997002997,1273.9393333333333,../vids/day3_3_31/itinerary_2.MP4
itinerary_2_frame24000_t001320_800.jpg,video_frames/day3_3_31/itinerary_2_frame24000_t001320_800.jpg,day3_3_31,video_frames/day3_3_31,24000,800.8000000000001,00:13:20.800,itinerary_2,29.97002997002997,1273.9393333333333,../vids/day3_3_31/itinerary_2.MP4
itinerary_2_frame25000_t001354_166.jpg,video_frames/day3_3_31/itinerary_2_frame25000_t001354_166.jpg,day3_3_31,video_frames/day3_3_31,25000,834.1666666666666,00:13:54.166,itinerary_2,29.97002997002997,1273.9393333333333,../vids/day3_3_31/itinerary_2.MP4
itinerary_2_frame26000_t001427_533.jpg,video_frames/day3_3_31/itinerary_2_frame26000_t001427_533.jpg,day3_3_31,video_frames/day3_3_31,26000,867.5333333333333,00:14:27.533,itinerary_2,29.97002997002997,1273.9393333333333,../vids/day3_3_31/itinerary_2.MP4
itinerary_2_frame27000_t001500_900.jpg,video_frames/day3_3_31/itinerary_2_frame27000_t001500_900.jpg,day3_3_31,video_frames/day3_3_31,27000,900.9,00:15:00.900,itinerary_2,29.97002997002997,1273.9393333333333,../vids/day3_3_31/itinerary_2.MP4
itinerary_2_frame28000_t001534_266.jpg,video_frames/day3_3_31/itinerary_2_frame28000_t001534_266.jpg,day3_3_31,video_frames/day3_3_31,28000,934.2666666666668,00:15:34.266,itinerary_2,29.97002997002997,1273.9393333333333,../vids/day3_3_31/itinerary_2.MP4
itinerary_2_frame29000_t001607_633.jpg,video_frames/day3_3_31/itinerary_2_frame29000_t001607_633.jpg,day3_3_31,video_frames/day3_3_31,29000,967.6333333333332,00:16:07.633,itinerary_2,29.97002997002997,1273.9393333333333,../vids/day3_3_31/itinerary_2.MP4
itinerary_2_frame30000_t001641_000.jpg,video_frames/day3_3_31/itinerary_2_frame30000_t001641_000.jpg,day3_3_31,video_frames/day3_3_31,30000,1001.0,00:16:41.000,itinerary_2,29.97002997002997,1273.9393333333333,../vids/day3_3_31/itinerary_2.MP4
itinerary_2_frame31000_t001714_366.jpg,video_frames/day3_3_31/itinerary_2_frame31000_t001714_366.jpg,day3_3_31,video_frames/day3_3_31,31000,1034.3666666666668,00:17:14.366,itinerary_2,29.97002997002997,1273.9393333333333,../vids/day3_3_31/itinerary_2.MP4
itinerary_2_frame32000_t001747_733.jpg,video_frames/day3_3_31/itinerary_2_frame32000_t001747_733.jpg,day3_3_31,video_frames/day3_3_31,32000,1067.7333333333331,00:17:47.733,itinerary_2,29.97002997002997,1273.9393333333333,../vids/day3_3_31/itinerary_2.MP4
itinerary_2_frame33000_t001821_100.jpg,video_frames/day3_3_31/itinerary_2_frame33000_t001821_100.jpg,day3_3_31,video_frames/day3_3_31,33000,1101.1,00:18:21.100,itinerary_2,29.97002997002997,1273.9393333333333,../vids/day3_3_31/itinerary_2.MP4
itinerary_2_frame34000_t001854_466.jpg,video_frames/day3_3_31/itinerary_2_frame34000_t001854_466.jpg,day3_3_31,video_frames/day3_3_31,34000,1134.4666666666667,00:18:54.466,itinerary_2,29.97002997002997,1273.9393333333333,../vids/day3_3_31/itinerary_2.MP4
itinerary_2_frame35000_t001927_833.jpg,video_frames/day3_3_31/itinerary_2_frame35000_t001927_833.jpg,day3_3_31,video_frames/day3_3_31,35000,1167.8333333333333,00:19:27.833,itinerary_2,29.97002997002997,1273.9393333333333,../vids/day3_3_31/itinerary_2.MP4
itinerary_2_frame36000_t002001_200.jpg,video_frames/day3_3_31/itinerary_2_frame36000_t002001_200.jpg,day3_3_31,video_frames/day3_3_31,36000,1201.2,00:20:01.200,itinerary_2,29.97002997002997,1273.9393333333333,../vids/day3_3_31/itinerary_2.MP4
itinerary_2_frame37000_t002034_566.jpg,video_frames/day3_3_31/itinerary_2_frame37000_t002034_566.jpg,day3_3_31,video_frames/day3_3_31,37000,1234.5666666666666,00:20:34.566,itinerary_2,29.97002997002997,1273.9393333333333,../vids/day3_3_31/itinerary_2.MP4
itinerary_2_frame38000_t002107_933.jpg,video_frames/day3_3_31/itinerary_2_frame38000_t002107_933.jpg,day3_3_31,video_frames/day3_3_31,38000,1267.9333333333334,00:21:07.933,itinerary_2,29.97002997002997,1273.9393333333333,../vids/day3_3_31/itinerary_2.MP4
itinerary_8_day_2_frame00000_t000000_000.jpg,video_frames/day3_3_31/itinerary_8_day_2_frame00000_t000000_000.jpg,day3_3_31,video_frames/day3_3_31,0,0.0,00:00:00.000,itinerary_8_day_2,29.97002997002997,1538.3368,../vids/day3_3_31/itinerary_8_day_2.MP4
itinerary_8_day_2_frame01000_t000033_366.jpg,video_frames/day3_3_31/itinerary_8_day_2_frame01000_t000033_366.jpg,day3_3_31,video_frames/day3_3_31,1000,33.36666666666667,00:00:33.366,itinerary_8_day_2,29.97002997002997,1538.3368,../vids/day3_3_31/itinerary_8_day_2.MP4
itinerary_8_day_2_frame02000_t000106_733.jpg,video_frames/day3_3_31/itinerary_8_day_2_frame02000_t000106_733.jpg,day3_3_31,video_frames/day3_3_31,2000,66.73333333333333,00:01:06.733,itinerary_8_day_2,29.97002997002997,1538.3368,../vids/day3_3_31/itinerary_8_day_2.MP4
itinerary_8_day_2_frame03000_t000140_100.jpg,video_frames/day3_3_31/itinerary_8_day_2_frame03000_t000140_100.jpg,day3_3_31,video_frames/day3_3_31,3000,100.1,00:01:40.100,itinerary_8_day_2,29.97002997002997,1538.3368,../vids/day3_3_31/itinerary_8_day_2.MP4
itinerary_8_day_2_frame04000_t000213_466.jpg,video_frames/day3_3_31/itinerary_8_day_2_frame04000_t000213_466.jpg,day3_3_31,video_frames/day3_3_31,4000,133.46666666666667,00:02:13.466,itinerary_8_day_2,29.97002997002997,1538.3368,../vids/day3_3_31/itinerary_8_day_2.MP4
itinerary_8_day_2_frame05000_t000246_833.jpg,video_frames/day3_3_31/itinerary_8_day_2_frame05000_t000246_833.jpg,day3_3_31,video_frames/day3_3_31,5000,166.83333333333334,00:02:46.833,itinerary_8_day_2,29.97002997002997,1538.3368,../vids/day3_3_31/itinerary_8_day_2.MP4
itinerary_8_day_2_frame06000_t000320_200.jpg,video_frames/day3_3_31/itinerary_8_day_2_frame06000_t000320_200.jpg,day3_3_31,video_frames/day3_3_31,6000,200.2,00:03:20.200,itinerary_8_day_2,29.97002997002997,1538.3368,../vids/day3_3_31/itinerary_8_day_2.MP4
itinerary_8_day_2_frame07000_t000353_566.jpg,video_frames/day3_3_31/itinerary_8_day_2_frame07000_t000353_566.jpg,day3_3_31,video_frames/day3_3_31,7000,233.56666666666663,00:03:53.566,itinerary_8_day_2,29.97002997002997,1538.3368,../vids/day3_3_31/itinerary_8_day_2.MP4
itinerary_8_day_2_frame08000_t000426_933.jpg,video_frames/day3_3_31/itinerary_8_day_2_frame08000_t000426_933.jpg,day3_3_31,video_frames/day3_3_31,8000,266.93333333333334,00:04:26.933,itinerary_8_day_2,29.97002997002997,1538.3368,../vids/day3_3_31/itinerary_8_day_2.MP4
itinerary_8_day_2_frame09000_t000500_300.jpg,video_frames/day3_3_31/itinerary_8_day_2_frame09000_t000500_300.jpg,day3_3_31,video_frames/day3_3_31,9000,300.3,00:05:00.300,itinerary_8_day_2,29.97002997002997,1538.3368,../vids/day3_3_31/itinerary_8_day_2.MP4
itinerary_8_day_2_frame10000_t000533_666.jpg,video_frames/day3_3_31/itinerary_8_day_2_frame10000_t000533_666.jpg,day3_3_31,video_frames/day3_3_31,10000,333.6666666666667,00:05:33.666,itinerary_8_day_2,29.97002997002997,1538.3368,../vids/day3_3_31/itinerary_8_day_2.MP4
itinerary_8_day_2_frame11000_t000607_033.jpg,video_frames/day3_3_31/itinerary_8_day_2_frame11000_t000607_033.jpg,day3_3_31,video_frames/day3_3_31,11000,367.03333333333336,00:06:07.033,itinerary_8_day_2,29.97002997002997,1538.3368,../vids/day3_3_31/itinerary_8_day_2.MP4
itinerary_8_day_2_frame12000_t000640_400.jpg,video_frames/day3_3_31/itinerary_8_day_2_frame12000_t000640_400.jpg,day3_3_31,video_frames/day3_3_31,12000,400.4,00:06:40.400,itinerary_8_day_2,29.97002997002997,1538.3368,../vids/day3_3_31/itinerary_8_day_2.MP4
itinerary_8_day_2_frame13000_t000713_766.jpg,video_frames/day3_3_31/itinerary_8_day_2_frame13000_t000713_766.jpg,day3_3_31,video_frames/day3_3_31,13000,433.76666666666665,00:07:13.766,itinerary_8_day_2,29.97002997002997,1538.3368,../vids/day3_3_31/itinerary_8_day_2.MP4
itinerary_8_day_2_frame14000_t000747_133.jpg,video_frames/day3_3_31/itinerary_8_day_2_frame14000_t000747_133.jpg,day3_3_31,video_frames/day3_3_31,14000,467.1333333333333,00:07:47.133,itinerary_8_day_2,29.97002997002997,1538.3368,../vids/day3_3_31/itinerary_8_day_2.MP4
itinerary_8_day_2_frame15000_t000820_500.jpg,video_frames/day3_3_31/itinerary_8_day_2_frame15000_t000820_500.jpg,day3_3_31,video_frames/day3_3_31,15000,500.5,00:08:20.500,itinerary_8_day_2,29.97002997002997,1538.3368,../vids/day3_3_31/itinerary_8_day_2.MP4
itinerary_8_day_2_frame16000_t000853_866.jpg,video_frames/day3_3_31/itinerary_8_day_2_frame16000_t000853_866.jpg,day3_3_31,video_frames/day3_3_31,16000,533.8666666666667,00:08:53.866,itinerary_8_day_2,29.97002997002997,1538.3368,../vids/day3_3_31/itinerary_8_day_2.MP4
itinerary_8_day_2_frame17000_t000927_233.jpg,video_frames/day3_3_31/itinerary_8_day_2_frame17000_t000927_233.jpg,day3_3_31,video_frames/day3_3_31,17000,567.2333333333333,00:09:27.233,itinerary_8_day_2,29.97002997002997,1538.3368,../vids/day3_3_31/itinerary_8_day_2.MP4
itinerary_8_day_2_frame18000_t001000_600.jpg,video_frames/day3_3_31/itinerary_8_day_2_frame18000_t001000_600.jpg,day3_3_31,video_frames/day3_3_31,18000,600.6,00:10:00.600,itinerary_8_day_2,29.97002997002997,1538.3368,../vids/day3_3_31/itinerary_8_day_2.MP4
itinerary_8_day_2_frame19000_t001033_966.jpg,video_frames/day3_3_31/itinerary_8_day_2_frame19000_t001033_966.jpg,day3_3_31,video_frames/day3_3_31,19000,633.9666666666667,00:10:33.966,itinerary_8_day_2,29.97002997002997,1538.3368,../vids/day3_3_31/itinerary_8_day_2.MP4
itinerary_8_day_2_frame20000_t001107_333.jpg,video_frames/day3_3_31/itinerary_8_day_2_frame20000_t001107_333.jpg,day3_3_31,video_frames/day3_3_31,20000,667.3333333333334,00:11:07.333,itinerary_8_day_2,29.97002997002997,1538.3368,../vids/day3_3_31/itinerary_8_day_2.MP4
itinerary_8_day_2_frame21000_t001140_700.jpg,video_frames/day3_3_31/itinerary_8_day_2_frame21000_t001140_700.jpg,day3_3_31,video_frames/day3_3_31,21000,700.7,00:11:40.700,itinerary_8_day_2,29.97002997002997,1538.3368,../vids/day3_3_31/itinerary_8_day_2.MP4
itinerary_8_day_2_frame22000_t001214_066.jpg,video_frames/day3_3_31/itinerary_8_day_2_frame22000_t001214_066.jpg,day3_3_31,video_frames/day3_3_31,22000,734.0666666666667,00:12:14.066,itinerary_8_day_2,29.97002997002997,1538.3368,../vids/day3_3_31/itinerary_8_day_2.MP4
itinerary_8_day_2_frame23000_t001247_433.jpg,video_frames/day3_3_31/itinerary_8_day_2_frame23000_t001247_433.jpg,day3_3_31,video_frames/day3_3_31,23000,767.4333333333334,00:12:47.433,itinerary_8_day_2,29.97002997002997,1538.3368,../vids/day3_3_31/itinerary_8_day_2.MP4
itinerary_8_day_2_frame24000_t001320_800.jpg,video_frames/day3_3_31/itinerary_8_day_2_frame24000_t001320_800.jpg,day3_3_31,video_frames/day3_3_31,24000,800.8000000000001,00:13:20.800,itinerary_8_day_2,29.97002997002997,1538.3368,../vids/day3_3_31/itinerary_8_day_2.MP4
itinerary_8_day_2_frame25000_t001354_166.jpg,video_frames/day3_3_31/itinerary_8_day_2_frame25000_t001354_166.jpg,day3_3_31,video_frames/day3_3_31,25000,834.1666666666666,00:13:54.166,itinerary_8_day_2,29.97002997002997,1538.3368,../vids/day3_3_31/itinerary_8_day_2.MP4
itinerary_8_day_2_frame26000_t001427_533.jpg,video_frames/day3_3_31/itinerary_8_day_2_frame26000_t001427_533.jpg,day3_3_31,video_frames/day3_3_31,26000,867.5333333333333,00:14:27.533,itinerary_8_day_2,29.97002997002997,1538.3368,../vids/day3_3_31/itinerary_8_day_2.MP4
itinerary_8_day_2_frame27000_t001500_900.jpg,video_frames/day3_3_31/itinerary_8_day_2_frame27000_t001500_900.jpg,day3_3_31,video_frames/day3_3_31,27000,900.9,00:15:00.900,itinerary_8_day_2,29.97002997002997,1538.3368,../vids/day3_3_31/itinerary_8_day_2.MP4
itinerary_8_day_2_frame28000_t001534_266.jpg,video_frames/day3_3_31/itinerary_8_day_2_frame28000_t001534_266.jpg,day3_3_31,video_frames/day3_3_31,28000,934.2666666666668,00:15:34.266,itinerary_8_day_2,29.97002997002997,1538.3368,../vids/day3_3_31/itinerary_8_day_2.MP4
itinerary_8_day_2_frame29000_t001607_633.jpg,video_frames/day3_3_31/itinerary_8_day_2_frame29000_t001607_633.jpg,day3_3_31,video_frames/day3_3_31,29000,967.6333333333332,00:16:07.633,itinerary_8_day_2,29.97002997002997,1538.3368,../vids/day3_3_31/itinerary_8_day_2.MP4
itinerary_8_day_2_frame30000_t001641_000.jpg,video_frames/day3_3_31/itinerary_8_day_2_frame30000_t001641_000.jpg,day3_3_31,video_frames/day3_3_31,30000,1001.0,00:16:41.000,itinerary_8_day_2,29.97002997002997,1538.3368,../vids/day3_3_31/itinerary_8_day_2.MP4
itinerary_8_day_2_frame31000_t001714_366.jpg,video_frames/day3_3_31/itinerary_8_day_2_frame31000_t001714_366.jpg,day3_3_31,video_frames/day3_3_31,31000,1034.3666666666668,00:17:14.366,itinerary_8_day_2,29.97002997002997,1538.3368,../vids/day3_3_31/itinerary_8_day_2.MP4
itinerary_8_day_2_frame32000_t001747_733.jpg,video_frames/day3_3_31/itinerary_8_day_2_frame32000_t001747_733.jpg,day3_3_31,video_frames/day3_3_31,32000,1067.7333333333331,00:17:47.733,itinerary_8_day_2,29.97002997002997,1538.3368,../vids/day3_3_31/itinerary_8_day_2.MP4
itinerary_8_day_2_frame33000_t001821_100.jpg,video_frames/day3_3_31/itinerary_8_day_2_frame33000_t001821_100.jpg,day3_3_31,video_frames/day3_3_31,33000,1101.1,00:18:21.100,itinerary_8_day_2,29.97002997002997,1538.3368,../vids/day3_3_31/itinerary_8_day_2.MP4
itinerary_8_day_2_frame34000_t001854_466.jpg,video_frames/day3_3_31/itinerary_8_day_2_frame34000_t001854_466.jpg,day3_3_31,video_frames/day3_3_31,34000,1134.4666666666667,00:18:54.466,itinerary_8_day_2,29.97002997002997,1538.3368,../vids/day3_3_31/itinerary_8_day_2.MP4
itinerary_8_day_2_frame35000_t001927_833.jpg,video_frames/day3_3_31/itinerary_8_day_2_frame35000_t001927_833.jpg,day3_3_31,video_frames/day3_3_31,35000,1167.8333333333333,00:19:27.833,itinerary_8_day_2,29.97002997002997,1538.3368,../vids/day3_3_31/itinerary_8_day_2.MP4
itinerary_8_day_2_frame36000_t002001_200.jpg,video_frames/day3_3_31/itinerary_8_day_2_frame36000_t002001_200.jpg,day3_3_31,video_frames/day3_3_31,36000,1201.2,00:20:01.200,itinerary_8_day_2,29.97002997002997,1538.3368,../vids/day3_3_31/itinerary_8_day_2.MP4
itinerary_8_day_2_frame37000_t002034_566.jpg,video_frames/day3_3_31/itinerary_8_day_2_frame37000_t002034_566.jpg,day3_3_31,video_frames/day3_3_31,37000,1234.5666666666666,00:20:34.566,itinerary_8_day_2,29.97002997002997,1538.3368,../vids/day3_3_31/itinerary_8_day_2.MP4
itinerary_8_day_2_frame38000_t002107_933.jpg,video_frames/day3_3_31/itinerary_8_day_2_frame38000_t002107_933.jpg,day3_3_31,video_frames/day3_3_31,38000,1267.9333333333334,00:21:07.933,itinerary_8_day_2,29.97002997002997,1538.3368,../vids/day3_3_31/itinerary_8_day_2.MP4
itinerary_8_day_2_frame39000_t002141_300.jpg,video_frames/day3_3_31/itinerary_8_day_2_frame39000_t002141_300.jpg,day3_3_31,video_frames/day3_3_31,39000,1301.3,00:21:41.300,itinerary_8_day_2,29.97002997002997,1538.3368,../vids/day3_3_31/itinerary_8_day_2.MP4
itinerary_8_day_2_frame40000_t002214_666.jpg,video_frames/day3_3_31/itinerary_8_day_2_frame40000_t002214_666.jpg,day3_3_31,video_frames/day3_3_31,40000,1334.6666666666667,00:22:14.666,itinerary_8_day_2,29.97002997002997,1538.3368,../vids/day3_3_31/itinerary_8_day_2.MP4
itinerary_8_day_2_frame41000_t002248_033.jpg,video_frames/day3_3_31/itinerary_8_day_2_frame41000_t002248_033.jpg,day3_3_31,video_frames/day3_3_31,41000,1368.0333333333333,00:22:48.033,itinerary_8_day_2,29.97002997002997,1538.3368,../vids/day3_3_31/itinerary_8_day_2.MP4
itinerary_8_day_2_frame42000_t002321_400.jpg,video_frames/day3_3_31/itinerary_8_day_2_frame42000_t002321_400.jpg,day3_3_31,video_frames/day3_3_31,42000,1401.4,00:23:21.400,itinerary_8_day_2,29.97002997002997,1538.3368,../vids/day3_3_31/itinerary_8_day_2.MP4
itinerary_8_day_2_frame43000_t002354_766.jpg,video_frames/day3_3_31/itinerary_8_day_2_frame43000_t002354_766.jpg,day3_3_31,video_frames/day3_3_31,43000,1434.7666666666669,00:23:54.766,itinerary_8_day_2,29.97002997002997,1538.3368,../vids/day3_3_31/itinerary_8_day_2.MP4
itinerary_8_day_2_frame44000_t002428_133.jpg,video_frames/day3_3_31/itinerary_8_day_2_frame44000_t002428_133.jpg,day3_3_31,video_frames/day3_3_31,44000,1468.1333333333334,00:24:28.133,itinerary_8_day_2,29.97002997002997,1538.3368,../vids/day3_3_31/itinerary_8_day_2.MP4
itinerary_8_day_2_frame45000_t002501_500.jpg,video_frames/day3_3_31/itinerary_8_day_2_frame45000_t002501_500.jpg,day3_3_31,video_frames/day3_3_31,45000,1501.5,00:25:01.500,itinerary_8_day_2,29.97002997002997,1538.3368,../vids/day3_3_31/itinerary_8_day_2.MP4
itinerary_8_day_2_frame46000_t002534_866.jpg,video_frames/day3_3_31/itinerary_8_day_2_frame46000_t002534_866.jpg,day3_3_31,video_frames/day3_3_31,46000,1534.8666666666668,00:25:34.866,itinerary_8_day_2,29.97002997002997,1538.3368,../vids/day3_3_31/itinerary_8_day_2.MP4
itinerary_5_2_frame0000_t000000_000.jpg,video_frames/day2_3_29/itinerary_5_2_frame0000_t000000_000.jpg,day2_3_29,video_frames/day2_3_29,0,0.0,00:00:00.000,itinerary_5_2,29.97002997002997,288.92196666666666,../vids/day2_3_29/itinerary_5_2.MP4
itinerary_5_2_frame1000_t000033_366.jpg,video_frames/day2_3_29/itinerary_5_2_frame1000_t000033_366.jpg,day2_3_29,video_frames/day2_3_29,1000,33.36666666666667,00:00:33.366,itinerary_5_2,29.97002997002997,288.92196666666666,../vids/day2_3_29/itinerary_5_2.MP4
itinerary_5_2_frame2000_t000106_733.jpg,video_frames/day2_3_29/itinerary_5_2_frame2000_t000106_733.jpg,day2_3_29,video_frames/day2_3_29,2000,66.73333333333333,00:01:06.733,itinerary_5_2,29.97002997002997,288.92196666666666,../vids/day2_3_29/itinerary_5_2.MP4
itinerary_5_2_frame3000_t000140_100.jpg,video_frames/day2_3_29/itinerary_5_2_frame3000_t000140_100.jpg,day2_3_29,video_frames/day2_3_29,3000,100.1,00:01:40.100,itinerary_5_2,29.97002997002997,288.92196666666666,../vids/day2_3_29/itinerary_5_2.MP4
itinerary_5_2_frame4000_t000213_466.jpg,video_frames/day2_3_29/itinerary_5_2_frame4000_t000213_466.jpg,day2_3_29,video_frames/day2_3_29,4000,133.46666666666667,00:02:13.466,itinerary_5_2,29.97002997002997,288.92196666666666,../vids/day2_3_29/itinerary_5_2.MP4
itinerary_5_2_frame5000_t000246_833.jpg,video_frames/day2_3_29/itinerary_5_2_frame5000_t000246_833.jpg,day2_3_29,video_frames/day2_3_29,5000,166.83333333333334,00:02:46.833,itinerary_5_2,29.97002997002997,288.92196666666666,../vids/day2_3_29/itinerary_5_2.MP4
itinerary_5_2_frame6000_t000320_200.jpg,video_frames/day2_3_29/itinerary_5_2_frame6000_t000320_200.jpg,day2_3_29,video_frames/day2_3_29,6000,200.2,00:03:20.200,itinerary_5_2,29.97002997002997,288.92196666666666,../vids/day2_3_29/itinerary_5_2.MP4
itinerary_5_2_frame7000_t000353_566.jpg,video_frames/day2_3_29/itinerary_5_2_frame7000_t000353_566.jpg,day2_3_29,video_frames/day2_3_29,7000,233.56666666666663,00:03:53.566,itinerary_5_2,29.97002997002997,288.92196666666666,../vids/day2_3_29/itinerary_5_2.MP4
itinerary_5_2_frame8000_t000426_933.jpg,video_frames/day2_3_29/itinerary_5_2_frame8000_t000426_933.jpg,day2_3_29,video_frames/day2_3_29,8000,266.93333333333334,00:04:26.933,itinerary_5_2,29.97002997002997,288.92196666666666,../vids/day2_3_29/itinerary_5_2.MP4
dadar_flower_market_frame00000_t000000_000.jpg,video_frames/day2_3_29/dadar_flower_market_frame00000_t000000_000.jpg,day2_3_29,video_frames/day2_3_29,0,0.0,00:00:00.000,dadar_flower_market,29.97002997002997,586.6527333333333,../vids/day2_3_29/dadar_flower_market.MP4
dadar_flower_market_frame01000_t000033_366.jpg,video_frames/day2_3_29/dadar_flower_market_frame01000_t000033_366.jpg,day2_3_29,video_frames/day2_3_29,1000,33.36666666666667,00:00:33.366,dadar_flower_market,29.97002997002997,586.6527333333333,../vids/day2_3_29/dadar_flower_market.MP4
dadar_flower_market_frame02000_t000106_733.jpg,video_frames/day2_3_29/dadar_flower_market_frame02000_t000106_733.jpg,day2_3_29,video_frames/day2_3_29,2000,66.73333333333333,00:01:06.733,dadar_flower_market,29.97002997002997,586.6527333333333,../vids/day2_3_29/dadar_flower_market.MP4
dadar_flower_market_frame03000_t000140_100.jpg,video_frames/day2_3_29/dadar_flower_market_frame03000_t000140_100.jpg,day2_3_29,video_frames/day2_3_29,3000,100.10000000000001,00:01:40.100,dadar_flower_market,29.97002997002997,586.6527333333333,../vids/day2_3_29/dadar_flower_market.MP4
dadar_flower_market_frame04000_t000213_466.jpg,video_frames/day2_3_29/dadar_flower_market_frame04000_t000213_466.jpg,day2_3_29,video_frames/day2_3_29,4000,133.46666666666667,00:02:13.466,dadar_flower_market,29.97002997002997,586.6527333333333,../vids/day2_3_29/dadar_flower_market.MP4
dadar_flower_market_frame05000_t000246_833.jpg,video_frames/day2_3_29/dadar_flower_market_frame05000_t000246_833.jpg,day2_3_29,video_frames/day2_3_29,5000,166.83333333333334,00:02:46.833,dadar_flower_market,29.97002997002997,586.6527333333333,../vids/day2_3_29/dadar_flower_market.MP4
dadar_flower_market_frame06000_t000320_200.jpg,video_frames/day2_3_29/dadar_flower_market_frame06000_t000320_200.jpg,day2_3_29,video_frames/day2_3_29,6000,200.20000000000002,00:03:20.200,dadar_flower_market,29.97002997002997,586.6527333333333,../vids/day2_3_29/dadar_flower_market.MP4
dadar_flower_market_frame07000_t000353_566.jpg,video_frames/day2_3_29/dadar_flower_market_frame07000_t000353_566.jpg,day2_3_29,video_frames/day2_3_29,7000,233.56666666666666,00:03:53.566,dadar_flower_market,29.97002997002997,586.6527333333333,../vids/day2_3_29/dadar_flower_market.MP4
dadar_flower_market_frame08000_t000426_933.jpg,video_frames/day2_3_29/dadar_flower_market_frame08000_t000426_933.jpg,day2_3_29,video_frames/day2_3_29,8000,266.93333333333334,00:04:26.933,dadar_flower_market,29.97002997002997,586.6527333333333,../vids/day2_3_29/dadar_flower_market.MP4
dadar_flower_market_frame09000_t000500_300.jpg,video_frames/day2_3_29/dadar_flower_market_frame09000_t000500_300.jpg,day2_3_29,video_frames/day2_3_29,9000,300.3,00:05:00.300,dadar_flower_market,29.97002997002997,586.6527333333333,../vids/day2_3_29/dadar_flower_market.MP4
dadar_flower_market_frame10000_t000533_666.jpg,video_frames/day2_3_29/dadar_flower_market_frame10000_t000533_666.jpg,day2_3_29,video_frames/day2_3_29,10000,333.6666666666667,00:05:33.666,dadar_flower_market,29.97002997002997,586.6527333333333,../vids/day2_3_29/dadar_flower_market.MP4
dadar_flower_market_frame11000_t000607_033.jpg,video_frames/day2_3_29/dadar_flower_market_frame11000_t000607_033.jpg,day2_3_29,video_frames/day2_3_29,11000,367.03333333333336,00:06:07.033,dadar_flower_market,29.97002997002997,586.6527333333333,../vids/day2_3_29/dadar_flower_market.MP4
dadar_flower_market_frame12000_t000640_400.jpg,video_frames/day2_3_29/dadar_flower_market_frame12000_t000640_400.jpg,day2_3_29,video_frames/day2_3_29,12000,400.40000000000003,00:06:40.400,dadar_flower_market,29.97002997002997,586.6527333333333,../vids/day2_3_29/dadar_flower_market.MP4
dadar_flower_market_frame13000_t000713_766.jpg,video_frames/day2_3_29/dadar_flower_market_frame13000_t000713_766.jpg,day2_3_29,video_frames/day2_3_29,13000,433.76666666666665,00:07:13.766,dadar_flower_market,29.97002997002997,586.6527333333333,../vids/day2_3_29/dadar_flower_market.MP4
dadar_flower_market_frame14000_t000747_133.jpg,video_frames/day2_3_29/dadar_flower_market_frame14000_t000747_133.jpg,day2_3_29,video_frames/day2_3_29,14000,467.1333333333333,00:07:47.133,dadar_flower_market,29.97002997002997,586.6527333333333,../vids/day2_3_29/dadar_flower_market.MP4
dadar_flower_market_frame15000_t000820_500.jpg,video_frames/day2_3_29/dadar_flower_market_frame15000_t000820_500.jpg,day2_3_29,video_frames/day2_3_29,15000,500.5,00:08:20.500,dadar_flower_market,29.97002997002997,586.6527333333333,../vids/day2_3_29/dadar_flower_market.MP4
dadar_flower_market_frame16000_t000853_866.jpg,video_frames/day2_3_29/dadar_flower_market_frame16000_t000853_866.jpg,day2_3_29,video_frames/day2_3_29,16000,533.8666666666667,00:08:53.866,dadar_flower_market,29.97002997002997,586.6527333333333,../vids/day2_3_29/dadar_flower_market.MP4
dadar_flower_market_frame17000_t000927_233.jpg,video_frames/day2_3_29/dadar_flower_market_frame17000_t000927_233.jpg,day2_3_29,video_frames/day2_3_29,17000,567.2333333333333,00:09:27.233,dadar_flower_market,29.97002997002997,586.6527333333333,../vids/day2_3_29/dadar_flower_market.MP4
